{
    "type": "FeatureCollection",
    "features": [
        {
            "type": "Feature",
            "properties": {},
            "geometry": {
                "coordinates": [
                    [
                        [
                            19.720458984375,
                            42.66022161324799
                        ],
                        [
                            19.6820068359375,
                            42.63597933867727
                        ],
                        [
                            19.6600341796875,
                            42.63193804106213
                        ],
                        [
                            19.610595703124996,
                            42.581399679665054
                        ],
                        [
                            19.61883544921875,
                            42.53891577257117
                        ],
                        [
                            19.566650390625,
                            42.52069952914966
                        ],
                        [
                            19.4732666015625,
                            42.40317854182803
                        ],
                        [
                            19.43206787109375,
                            42.38086519582321
                        ],
                        [
                            19.412841796875,
                            42.35245491952622
                        ],
                        [
                            19.42108154296875,
                            42.33621470741859
                        ],
                        [
                            19.281005859375,
                            42.18375873465217
                        ],
                        [
                            19.40185546875,
                            42.10229818948117
                        ],
                        [
                            19.3853759765625,
                            42.08191667830631
                        ],
                        [
                            19.36614990234375,
                            42.039094188385945
                        ],
                        [
                            19.37713623046875,
                            41.97991089691236
                        ],
                        [
                            19.390869140625,
                            41.96153247330561
                        ],
                        [
                            19.346923828125,
                            41.96153247330561
                        ],
                        [
                            19.35516357421875,
                            41.94927724511655
                        ],
                        [
                            19.37713623046875,
                            41.920672548686824
                        ],
                        [
                            19.346923828125,
                            41.918628865183045
                        ],
                        [
                            19.382629394531246,
                            41.887965758804484
                        ],
                        [
                            19.37713623046875,
                            41.85115059465234
                        ],
                        [
                            19.43206787109375,
                            41.857287927691345
                        ],
                        [
                            19.4842529296875,
                            41.84705871212191
                        ],
                        [
                            19.5831298828125,
                            41.81021999190292
                        ],
                        [
                            19.5941162109375,
                            41.789744876718984
                        ],
                        [
                            19.56939697265625,
                            41.76516610331408
                        ],
                        [
                            19.5831298828125,
                            41.70777900286713
                        ],
                        [
                            19.5611572265625,
                            41.638025739250786
                        ],
                        [
                            19.58038330078125,
                            41.638025739250786
                        ],
                        [
                            19.599609375,
                            41.63186741069748
                        ],
                        [
                            19.599609375,
                            41.61749568924243
                        ],
                        [
                            19.5831298828125,
                            41.61749568924243
                        ],
                        [
                            19.5611572265625,
                            41.58463401188338
                        ],
                        [
                            19.50897216796875,
                            41.56819689811343
                        ],
                        [
                            19.45953369140625,
                            41.59285100004952
                        ],
                        [
                            19.4622802734375,
                            41.55381099217959
                        ],
                        [
                            19.500732421875,
                            41.541477666790286
                        ],
                        [
                            19.500732421875,
                            41.47566020027821
                        ],
                        [
                            19.4512939453125,
                            41.44066745847658
                        ],
                        [
                            19.429321289062496,
                            41.40771586770284
                        ],
                        [
                            19.396362304687496,
                            41.41595533303718
                        ],
                        [
                            19.4183349609375,
                            41.37886950966323
                        ],
                        [
                            19.41558837890625,
                            41.33145127732965
                        ],
                        [
                            19.43756103515625,
                            41.306697618181865
                        ],
                        [
                            19.47601318359375,
                            41.31082388091818
                        ],
                        [
                            19.4952392578125,
                            41.29844430929419
                        ],
                        [
                            19.51171875,
                            41.24064190269475
                        ],
                        [
                            19.47601318359375,
                            41.19932314127607
                        ],
                        [
                            19.4622802734375,
                            41.15384235711447
                        ],
                        [
                            19.43756103515625,
                            41.1491891333669
                        ],
                        [
                            19.458847045898438,
                            41.07883355387202
                        ],
                        [
                            19.4403076171875,
                            41.043627491573055
                        ],
                        [
                            19.445114135742188,
                            40.99959341455486
                        ],
                        [
                            19.471893310546875,
                            40.97626933808981
                        ],
                        [
                            19.4512939453125,
                            40.95501133048621
                        ],
                        [
                            19.4073486328125,
                            40.91973905106219
                        ],
                        [
                            19.396362304687496,
                            40.861602479810266
                        ],
                        [
                            19.35791015625,
                            40.826280356677124
                        ],
                        [
                            19.37164306640625,
                            40.811730481593585
                        ],
                        [
                            19.3634033203125,
                            40.730608477796636
                        ],
                        [
                            19.33868408203125,
                            40.686886382151116
                        ],
                        [
                            19.31121826171875,
                            40.66605624777337
                        ],
                        [
                            19.3634033203125,
                            40.58475654701271
                        ],
                        [
                            19.377822875976562,
                            40.53676418550201
                        ],
                        [
                            19.37816619873047,
                            40.535198637933945
                        ],
                        [
                            19.37885284423828,
                            40.53219790284562
                        ],
                        [
                            19.38812255859375,
                            40.527109392745444
                        ],
                        [
                            19.388465881347653,
                            40.52332537835503
                        ],
                        [
                            19.3853759765625,
                            40.52267294048898
                        ],
                        [
                            19.39361572265625,
                            40.51262459542652
                        ],
                        [
                            19.396362304687496,
                            40.50779563417473
                        ],
                        [
                            19.405288696289062,
                            40.49839773992187
                        ],
                        [
                            19.40803527832031,
                            40.5003557431389
                        ],
                        [
                            19.411640167236328,
                            40.50113892842449
                        ],
                        [
                            19.419879913330078,
                            40.499572548709736
                        ],
                        [
                            19.427433013916012,
                            40.493437209343654
                        ],
                        [
                            19.43035125732422,
                            40.48495124106226
                        ],
                        [
                            19.436187744140625,
                            40.48325391864341
                        ],
                        [
                            19.443054199218746,
                            40.47620304302563
                        ],
                        [
                            19.4512939453125,
                            40.47045733758853
                        ],
                        [
                            19.458332061767578,
                            40.463666324587685
                        ],
                        [
                            19.467601776123047,
                            40.456613392013615
                        ],
                        [
                            19.481163024902344,
                            40.45204165133458
                        ],
                        [
                            19.491634368896484,
                            40.44877593183776
                        ],
                        [
                            19.493865966796875,
                            40.43806325797747
                        ],
                        [
                            19.491291046142578,
                            40.42930895223287
                        ],
                        [
                            19.481163024902344,
                            40.415064437473674
                        ],
                        [
                            19.47772979736328,
                            40.396502839069655
                        ],
                        [
                            19.4842529296875,
                            40.38578183826235
                        ],
                        [
                            19.47772979736328,
                            40.37715150036452
                        ],
                        [
                            19.481849670410156,
                            40.37192045446118
                        ],
                        [
                            19.479103088378906,
                            40.362765146987606
                        ],
                        [
                            19.487686157226562,
                            40.35151549537612
                        ],
                        [
                            19.479103088378906,
                            40.34288076886874
                        ],
                        [
                            19.470863342285156,
                            40.34288076886874
                        ],
                        [
                            19.46949005126953,
                            40.340787335365974
                        ],
                        [
                            19.456100463867188,
                            40.32796363768658
                        ],
                        [
                            19.43584442138672,
                            40.32194351061819
                        ],
                        [
                            19.423828125,
                            40.32063471629669
                        ],
                        [
                            19.417991638183594,
                            40.32351403031129
                        ],
                        [
                            19.41970825195312,
                            40.32901056149954
                        ],
                        [
                            19.411811828613278,
                            40.33581517044043
                        ],
                        [
                            19.40803527832031,
                            40.34157238054234
                        ],
                        [
                            19.409408569335938,
                            40.34471246989346
                        ],
                        [
                            19.406661987304688,
                            40.347852413075444
                        ],
                        [
                            19.40837860107422,
                            40.349683979095545
                        ],
                        [
                            19.4073486328125,
                            40.35151549537612
                        ],
                        [
                            19.410438537597656,
                            40.353346961916664
                        ],
                        [
                            19.407691955566406,
                            40.35622488026969
                        ],
                        [
                            19.409751892089844,
                            40.358841063092946
                        ],
                        [
                            19.408721923828125,
                            40.364334716590214
                        ],
                        [
                            19.40357208251953,
                            40.37819766081352
                        ],
                        [
                            19.39189910888672,
                            40.39310368214129
                        ],
                        [
                            19.382972717285156,
                            40.39990182440178
                        ],
                        [
                            19.379539489746094,
                            40.40486926351788
                        ],
                        [
                            19.375076293945312,
                            40.40774498177989
                        ],
                        [
                            19.367523193359375,
                            40.413496049701955
                        ],
                        [
                            19.3634033203125,
                            40.41428024815739
                        ],
                        [
                            19.359970092773438,
                            40.420553506787094
                        ],
                        [
                            19.352760314941406,
                            40.42473535424809
                        ],
                        [
                            19.342117309570312,
                            40.4323142901375
                        ],
                        [
                            19.336280822753906,
                            40.433098269241526
                        ],
                        [
                            19.329757690429688,
                            40.43048497001667
                        ],
                        [
                            19.323577880859375,
                            40.44041496678215
                        ],
                        [
                            19.307098388671875,
                            40.434143560495514
                        ],
                        [
                            19.306068420410156,
                            40.42917828232078
                        ],
                        [
                            19.30126190185547,
                            40.425780775492626
                        ],
                        [
                            19.29370880126953,
                            40.42630348002172
                        ],
                        [
                            19.28821563720703,
                            40.419508004301605
                        ],
                        [
                            19.297828674316406,
                            40.415325831881475
                        ],
                        [
                            19.30572509765625,
                            40.41140480914068
                        ],
                        [
                            19.307098388671875,
                            40.40852924725476
                        ],
                        [
                            19.315338134765625,
                            40.40199342239122
                        ],
                        [
                            19.320831298828125,
                            40.39519549132734
                        ],
                        [
                            19.32872772216797,
                            40.39022733840729
                        ],
                        [
                            19.337310791015625,
                            40.38081299086783
                        ],
                        [
                            19.34795379638672,
                            40.36878163199601
                        ],
                        [
                            19.35619354248047,
                            40.354131860921655
                        ],
                        [
                            19.365119934082028,
                            40.347590756726525
                        ],
                        [
                            19.368553161621094,
                            40.33764706330718
                        ],
                        [
                            19.368896484374996,
                            40.33241295173677
                        ],
                        [
                            19.373016357421875,
                            40.32613148193778
                        ],
                        [
                            19.373016357421875,
                            40.3203729543876
                        ],
                        [
                            19.37816619873047,
                            40.3153992852818
                        ],
                        [
                            19.371299743652344,
                            40.313828576815176
                        ],
                        [
                            19.374732971191406,
                            40.303879908097805
                        ],
                        [
                            19.388465881347653,
                            40.28973980543153
                        ],
                        [
                            19.396705627441406,
                            40.28738283396792
                        ],
                        [
                            19.40597534179687,
                            40.275596743777676
                        ],
                        [
                            19.407691955566406,
                            40.27035782193439
                        ],
                        [
                            19.431381225585934,
                            40.24861195939696
                        ],
                        [
                            19.44133758544922,
                            40.23577075960226
                        ],
                        [
                            19.461936950683594,
                            40.22449994508436
                        ],
                        [
                            19.469833374023438,
                            40.21532464168917
                        ],
                        [
                            19.478588104248047,
                            40.213882695329
                        ],
                        [
                            19.499359130859375,
                            40.20300156544074
                        ],
                        [
                            19.503650665283203,
                            40.19723254717539
                        ],
                        [
                            19.51068878173828,
                            40.19487235276778
                        ],
                        [
                            19.51772689819336,
                            40.19434785396563
                        ],
                        [
                            19.52871322631836,
                            40.18962718219624
                        ],
                        [
                            19.532833099365234,
                            40.18503732517855
                        ],
                        [
                            19.54055786132812,
                            40.1838570260319
                        ],
                        [
                            19.548625946044922,
                            40.17952908680015
                        ],
                        [
                            19.55343246459961,
                            40.17900446934463
                        ],
                        [
                            19.56613540649414,
                            40.175594357011285
                        ],
                        [
                            19.576091766357422,
                            40.17362690655496
                        ],
                        [
                            19.57952499389648,
                            40.17205290512079
                        ],
                        [
                            19.59188461303711,
                            40.16129625164244
                        ],
                        [
                            19.594974517822266,
                            40.16064030300158
                        ],
                        [
                            19.602699279785156,
                            40.158541224764
                        ],
                        [
                            19.614028930664062,
                            40.15224360069389
                        ],
                        [
                            19.626903533935547,
                            40.1442395274115
                        ],
                        [
                            19.633255004882812,
                            40.144370749331785
                        ],
                        [
                            19.646987915039062,
                            40.135053363134084
                        ],
                        [
                            19.646644592285156,
                            40.133084737780756
                        ],
                        [
                            19.650421142578125,
                            40.13242851665704
                        ],
                        [
                            19.65007781982422,
                            40.129672318745726
                        ],
                        [
                            19.654369354248047,
                            40.12822855142359
                        ],
                        [
                            19.658832550048828,
                            40.12573469927212
                        ],
                        [
                            19.66827392578125,
                            40.12717851956392
                        ],
                        [
                            19.673595428466797,
                            40.12442210875925
                        ],
                        [
                            19.676170349121094,
                            40.12481588857424
                        ],
                        [
                            19.700546264648438,
                            40.12035291711016
                        ],
                        [
                            19.700889587402344,
                            40.118908951852795
                        ],
                        [
                            19.69900131225586,
                            40.11680858401039
                        ],
                        [
                            19.699687957763672,
                            40.114183032973855
                        ],
                        [
                            19.699172973632812,
                            40.112870219442065
                        ],
                        [
                            19.701061248779297,
                            40.1124763704408
                        ],
                        [
                            19.710330963134766,
                            40.11273893669507
                        ],
                        [
                            19.714107513427734,
                            40.11129480975238
                        ],
                        [
                            19.71324920654297,
                            40.1095880747414
                        ],
                        [
                            19.71719741821289,
                            40.108012589026615
                        ],
                        [
                            19.7178840637207,
                            40.11011322853707
                        ],
                        [
                            19.728870391845703,
                            40.104992806074634
                        ],
                        [
                            19.732990264892578,
                            40.09987199817747
                        ],
                        [
                            19.74020004272461,
                            40.09895283801339
                        ],
                        [
                            19.74191665649414,
                            40.10144767242808
                        ],
                        [
                            19.752044677734375,
                            40.09803366543276
                        ],
                        [
                            19.754104614257812,
                            40.092255724901655
                        ],
                        [
                            19.7479248046875,
                            40.08805327821117
                        ],
                        [
                            19.75067138671875,
                            40.084375924515186
                        ],
                        [
                            19.749298095703125,
                            40.080172991335
                        ],
                        [
                            19.766464233398438,
                            40.080698372171426
                        ],
                        [
                            19.76715087890625,
                            40.06913905733146
                        ],
                        [
                            19.771270751953125,
                            40.060731050581396
                        ],
                        [
                            19.777450561523438,
                            40.057052221322
                        ],
                        [
                            19.77813720703125,
                            40.07229179232391
                        ],
                        [
                            19.80354309082031,
                            40.052847601823984
                        ],
                        [
                            19.793930053710934,
                            40.05337319344778
                        ],
                        [
                            19.792556762695312,
                            40.050219582906315
                        ],
                        [
                            19.80010986328125,
                            40.044963241082975
                        ],
                        [
                            19.80354309082031,
                            40.047591462658794
                        ],
                        [
                            19.810409545898438,
                            40.046014541872594
                        ],
                        [
                            19.811782836914062,
                            40.052322006146916
                        ],
                        [
                            19.83100891113281,
                            40.0507451947963
                        ],
                        [
                            19.84954833984375,
                            40.04548889350432
                        ],
                        [
                            19.87152099609375,
                            40.028666005765274
                        ],
                        [
                            19.8907470703125,
                            40.005001798743315
                        ],
                        [
                            19.89143371582031,
                            39.99395569397331
                        ],
                        [
                            19.905853271484375,
                            39.983960059494684
                        ],
                        [
                            19.912719726562496,
                            39.96606948425234
                        ],
                        [
                            19.934005737304688,
                            39.94712141785606
                        ],
                        [
                            19.935379028320312,
                            39.93553945960995
                        ],
                        [
                            19.93743896484375,
                            39.92764154592116
                        ],
                        [
                            19.927825927734375,
                            39.92711498594037
                        ],
                        [
                            19.916839599609375,
                            39.915002988576155
                        ],
                        [
                            19.918899536132812,
                            39.9113163032711
                        ],
                        [
                            19.906539916992188,
                            39.91078961774283
                        ],
                        [
                            19.91546630859375,
                            39.899728286187894
                        ],
                        [
                            19.931259155273438,
                            39.90130858574735
                        ],
                        [
                            19.9346923828125,
                            39.89498716884207
                        ],
                        [
                            19.95185852050781,
                            39.89551397585566
                        ],
                        [
                            19.960098266601562,
                            39.88181567751361
                        ],
                        [
                            19.975204467773434,
                            39.876546372401194
                        ],
                        [
                            19.977951049804688,
                            39.87233063679467
                        ],
                        [
                            19.999237060546875,
                            39.86811464206973
                        ],
                        [
                            20.012969970703125,
                            39.87496550191461
                        ],
                        [
                            20.018463134765625,
                            39.84755795735592
                        ],
                        [
                            20.009536743164062,
                            39.8401771327549
                        ],
                        [
                            20.01022338867187,
                            39.81750249665375
                        ],
                        [
                            20.004730224609375,
                            39.8101184420615
                        ],
                        [
                            19.993743896484375,
                            39.79798577319723
                        ],
                        [
                            20.001296997070312,
                            39.791127230787914
                        ],
                        [
                            20.007476806640625,
                            39.7784635096575
                        ],
                        [
                            19.99786376953125,
                            39.771075262669285
                        ],
                        [
                            19.993743896484375,
                            39.769491963709
                        ],
                        [
                            19.986190795898438,
                            39.76896418929674
                        ],
                        [
                            19.973831176757812,
                            39.757879992021756
                        ],
                        [
                            19.972457885742188,
                            39.7499616158896
                        ],
                        [
                            19.97646554178246,
                            39.74077172177133
                        ],
                        [
                            19.984387167252322,
                            39.73985907072742
                        ],
                        [
                            19.98927119361346,
                            39.738507974316775
                        ],
                        [
                            19.99219228914373,
                            39.736726834472954
                        ],
                        [
                            19.987960199090224,
                            39.728570522743986
                        ],
                        [
                            19.983632890103337,
                            39.72243454717957
                        ],
                        [
                            19.978874640314046,
                            39.70408083677481
                        ],
                        [
                            19.980010986328125,
                            39.69662085337441
                        ],
                        [
                            19.979023124689377,
                            39.68827636083233
                        ],
                        [
                            19.986321588147916,
                            39.68388529235731
                        ],
                        [
                            19.999332018546326,
                            39.683224967848346
                        ],
                        [
                            20.009276508659156,
                            39.691492098906735
                        ],
                        [
                            20.033569335937496,
                            39.69662085337441
                        ],
                        [
                            20.072021484375,
                            39.68605343225986
                        ],
                        [
                            20.10498046875,
                            39.67125632523974
                        ],
                        [
                            20.14068603515625,
                            39.65434146406167
                        ],
                        [
                            20.1873779296875,
                            39.64799732373418
                        ],
                        [
                            20.2203369140625,
                            39.64799732373418
                        ],
                        [
                            20.225830078125,
                            39.6606850221923
                        ],
                        [
                            20.228576660156246,
                            39.675484393594814
                        ],
                        [
                            20.2423095703125,
                            39.68393975392731
                        ],
                        [
                            20.26702880859375,
                            39.675484393594814
                        ],
                        [
                            20.27252197265625,
                            39.71141252523694
                        ],
                        [
                            20.2972412109375,
                            39.70929962338767
                        ],
                        [
                            20.32196044921875,
                            39.73676229957947
                        ],
                        [
                            20.302734375,
                            39.74943369178247
                        ],
                        [
                            20.29998779296875,
                            39.7789912112384
                        ],
                        [
                            20.289001464843746,
                            39.80431612840032
                        ],
                        [
                            20.3082275390625,
                            39.81486542536203
                        ],
                        [
                            20.3466796875,
                            39.80431612840032
                        ],
                        [
                            20.37139892578125,
                            39.787433886224406
                        ],
                        [
                            20.39886474609375,
                            39.80009595634838
                        ],
                        [
                            20.40435791015625,
                            39.81908469086112
                        ],
                        [
                            20.39886474609375,
                            39.85282948915942
                        ],
                        [
                            20.3631591796875,
                            39.91394967016644
                        ],
                        [
                            20.3466796875,
                            39.93711893299021
                        ],
                        [
                            20.32470703125,
                            39.97291055131899
                        ],
                        [
                            20.31097412109375,
                            40.000267972646796
                        ],
                        [
                            20.3466796875,
                            39.991851471423466
                        ],
                        [
                            20.390625,
                            39.998163944585805
                        ],
                        [
                            20.41534423828125,
                            40.027614437486655
                        ],
                        [
                            20.41259765625,
                            40.0507451947963
                        ],
                        [
                            20.445556640625,
                            40.069664523297774
                        ],
                        [
                            20.49774169921875,
                            40.06756263511062
                        ],
                        [
                            20.5224609375,
                            40.08647729380881
                        ],
                        [
                            20.54718017578125,
                            40.06756263511062
                        ],
                        [
                            20.6103515625,
                            40.0759697987031
                        ],
                        [
                            20.64056396484375,
                            40.09067983779908
                        ],
                        [
                            20.67626953125,
                            40.10118506258701
                        ],
                        [
                            20.684509277343746,
                            40.16208338164617
                        ],
                        [
                            20.6817626953125,
                            40.19356109815612
                        ],
                        [
                            20.70648193359375,
                            40.20195268954057
                        ],
                        [
                            20.72021484375,
                            40.225024210604964
                        ],
                        [
                            20.711975097656246,
                            40.25228042623786
                        ],
                        [
                            20.711975097656246,
                            40.283716270542584
                        ],
                        [
                            20.72021484375,
                            40.29628651711716
                        ],
                        [
                            20.758666992187496,
                            40.32351403031129
                        ],
                        [
                            20.79437255859375,
                            40.36747374615593
                        ],
                        [
                            20.7861328125,
                            40.4323142901375
                        ],
                        [
                            20.8465576171875,
                            40.47620304302563
                        ],
                        [
                            20.89874267578125,
                            40.474113752478836
                        ],
                        [
                            20.94268798828125,
                            40.46575594018434
                        ],
                        [
                            20.98114013671875,
                            40.48664852056083
                        ],
                        [
                            20.9783935546875,
                            40.526326510744006
                        ],
                        [
                            21.0223388671875,
                            40.55763465737646
                        ],
                        [
                            21.04156494140625,
                            40.56389453066509
                        ],
                        [
                            21.0498046875,
                            40.59935608796518
                        ],
                        [
                            21.060791015624996,
                            40.62020704520565
                        ],
                        [
                            21.047058105468746,
                            40.670222795307346
                        ],
                        [
                            20.99212646484375,
                            40.730608477796636
                        ],
                        [
                            20.98114013671875,
                            40.76182096906601
                        ],
                        [
                            20.95916748046875,
                            40.772221877329024
                        ],
                        [
                            20.986633300781246,
                            40.7909394098518
                        ],
                        [
                            20.98279730253654,
                            40.855510842324534
                        ],
                        [
                            20.9564208984375,
                            40.91973905106219
                        ],
                        [
                            20.83831787109375,
                            40.932190241465634
                        ],
                        [
                            20.82733154296875,
                            40.896905775860006
                        ],
                        [
                            20.72296142578125,
                            40.90936126702326
                        ],
                        [
                            20.67172372369123,
                            41.083933290799095
                        ],
                        [
                            20.591125488281246,
                            41.08763212467916
                        ],
                        [
                            20.58563232421875,
                            41.106260503564485
                        ],
                        [
                            20.5938720703125,
                            41.1290213474951
                        ],
                        [
                            20.5609130859375,
                            41.18072118284585
                        ],
                        [
                            20.53619384765625,
                            41.18898937242474
                        ],
                        [
                            20.51422119140625,
                            41.23444575262552
                        ],
                        [
                            20.50048828125,
                            41.31907562295139
                        ],
                        [
                            20.4949951171875,
                            41.34176252711261
                        ],
                        [
                            20.530700683593746,
                            41.33970040774419
                        ],
                        [
                            20.533447265625,
                            41.35619553438905
                        ],
                        [
                            20.55267333984375,
                            41.3850519497068
                        ],
                        [
                            20.55267333984375,
                            41.41183573100123
                        ],
                        [
                            20.54718017578125,
                            41.43449030894922
                        ],
                        [
                            20.50872802734375,
                            41.43654942411456
                        ],
                        [
                            20.49224853515625,
                            41.47771800887871
                        ],
                        [
                            20.470275878906246,
                            41.50446357504803
                        ],
                        [
                            20.445556640625,
                            41.51474739095224
                        ],
                        [
                            20.48126220703125,
                            41.529141988723104
                        ],
                        [
                            20.467529296875,
                            41.5579215778042
                        ],
                        [
                            20.516967773437496,
                            41.56203190200195
                        ],
                        [
                            20.555419921875,
                            41.58463401188338
                        ],
                        [
                            20.55816650390625,
                            41.62776153144345
                        ],
                        [
                            20.516967773437496,
                            41.66060124302088
                        ],
                        [
                            20.533447265625,
                            41.69547509615208
                        ],
                        [
                            20.51422119140625,
                            41.73237975329554
                        ],
                        [
                            20.5279541015625,
                            41.76721469421018
                        ],
                        [
                            20.54718017578125,
                            41.785649068644375
                        ],
                        [
                            20.56640625,
                            41.79179268262892
                        ],
                        [
                            20.5609130859375,
                            41.87365126992505
                        ],
                        [
                            20.5938720703125,
                            41.87703268128893
                        ],
                        [
                            20.58013916015625,
                            41.918628865183045
                        ],
                        [
                            20.6048583984375,
                            41.934976500546604
                        ],
                        [
                            20.6268310546875,
                            41.94927724511655
                        ],
                        [
                            20.61309814453125,
                            41.98603585974727
                        ],
                        [
                            20.591125488281246,
                            42.039094188385945
                        ],
                        [
                            20.5609130859375,
                            42.07783959017503
                        ],
                        [
                            20.56640625,
                            42.120635949743644
                        ],
                        [
                            20.54443359375,
                            42.1817234984124
                        ],
                        [
                            20.51422119140625,
                            42.22851735620852
                        ],
                        [
                            20.45928955078125,
                            42.26714700815231
                        ],
                        [
                            20.3631591796875,
                            42.30575300304638
                        ],
                        [
                            20.33294677734375,
                            42.32606244456202
                        ],
                        [
                            20.31097412109375,
                            42.31184652369511
                        ],
                        [
                            20.25054931640625,
                            42.32606244456202
                        ],
                        [
                            20.2532958984375,
                            42.370720143531976
                        ],
                        [
                            20.21209716796875,
                            42.39912215986002
                        ],
                        [
                            20.228576660156246,
                            42.41940144722477
                        ],
                        [
                            20.19012451171875,
                            42.494377798972465
                        ],
                        [
                            20.1434326171875,
                            42.52069952914966
                        ],
                        [
                            20.093994140624996,
                            42.549033612225145
                        ],
                        [
                            20.077377428015296,
                            42.55611333033347
                        ],
                        [
                            20.06103515625,
                            42.559149812115876
                        ],
                        [
                            20.01434326171875,
                            42.54093947168063
                        ],
                        [
                            20.00885009765625,
                            42.50450285299051
                        ],
                        [
                            19.93743896484375,
                            42.52069952914966
                        ],
                        [
                            19.91546630859375,
                            42.512601715736665
                        ],
                        [
                            19.89898681640625,
                            42.49032731830467
                        ],
                        [
                            19.88525390625,
                            42.494377798972465
                        ],
                        [
                            19.866027832031246,
                            42.48222557002593
                        ],
                        [
                            19.8138427734375,
                            42.46399280017058
                        ],
                        [
                            19.77264404296875,
                            42.494377798972465
                        ],
                        [
                            19.7479248046875,
                            42.54093947168063
                        ],
                        [
                            19.7698974609375,
                            42.58544425738491
                        ],
                        [
                            19.764404296875,
                            42.63799988907408
                        ],
                        [
                            19.720458984375,
                            42.66022161324799
                        ]
                    ]
                ],
                "type": "Polygon"
            }
        },
        {
            "type": "Feature",
            "properties": {},
            "geometry": {
                "coordinates": [
                    [
                        [
                            19.270191192626953,
                            40.514582183358925
                        ],
                        [
                            19.26572799682617,
                            40.512950864050744
                        ],
                        [
                            19.26564216613769,
                            40.50942707889701
                        ],
                        [
                            19.263582229614258,
                            40.506425189937644
                        ],
                        [
                            19.264097213745117,
                            40.50224842526032
                        ],
                        [
                            19.265127182006836,
                            40.50139998815443
                        ],
                        [
                            19.26555633544922,
                            40.49839773992187
                        ],
                        [
                            19.266586303710938,
                            40.49794086428179
                        ],
                        [
                            19.267873764038086,
                            40.492653934148
                        ],
                        [
                            19.27027702331543,
                            40.49213174560469
                        ],
                        [
                            19.27104949951172,
                            40.49160955299775
                        ],
                        [
                            19.272165298461914,
                            40.49134845517042
                        ],
                        [
                            19.27225112915039,
                            40.490499880215545
                        ],
                        [
                            19.273366928100586,
                            40.48952074193398
                        ],
                        [
                            19.274139404296875,
                            40.49036932927009
                        ],
                        [
                            19.275941848754883,
                            40.48305807098706
                        ],
                        [
                            19.276628494262695,
                            40.4805772845474
                        ],
                        [
                            19.277658462524414,
                            40.48018557304463
                        ],
                        [
                            19.27851676940918,
                            40.4787492779796
                        ],
                        [
                            19.278173446655273,
                            40.47770468044968
                        ],
                        [
                            19.27903175354004,
                            40.47711708719659
                        ],
                        [
                            19.278087615966797,
                            40.47652948880089
                        ],
                        [
                            19.279117584228516,
                            40.474766662758405
                        ],
                        [
                            19.286670684814453,
                            40.47378729495827
                        ],
                        [
                            19.288816452026367,
                            40.476137753680106
                        ],
                        [
                            19.288043975830078,
                            40.47770468044968
                        ],
                        [
                            19.28701400756836,
                            40.48103427841183
                        ],
                        [
                            19.289331436157227,
                            40.48292750556537
                        ],
                        [
                            19.29001808166504,
                            40.48573460616416
                        ],
                        [
                            19.29121971130371,
                            40.48606100559154
                        ],
                        [
                            19.29327964782715,
                            40.490826256468054
                        ],
                        [
                            19.2919921875,
                            40.49702710366766
                        ],
                        [
                            19.290618896484375,
                            40.49722291056121
                        ],
                        [
                            19.289588928222656,
                            40.5001599453888
                        ],
                        [
                            19.286928176879883,
                            40.50153051763842
                        ],
                        [
                            19.28349494934082,
                            40.50113892842449
                        ],
                        [
                            19.28229331970215,
                            40.50211789717326
                        ],
                        [
                            19.286155700683594,
                            40.50303158844877
                        ],
                        [
                            19.2824649810791,
                            40.503162114757885
                        ],
                        [
                            19.281005859375,
                            40.50290106188567
                        ],
                        [
                            19.278860092163086,
                            40.50446736387935
                        ],
                        [
                            19.276885986328125,
                            40.50557680566235
                        ],
                        [
                            19.275856018066406,
                            40.507926151213
                        ],
                        [
                            19.276371002197266,
                            40.50929656477973
                        ],
                        [
                            19.27542686462402,
                            40.51073220609976
                        ],
                        [
                            19.273109436035156,
                            40.51164578002856
                        ],
                        [
                            19.270191192626953,
                            40.514582183358925
                        ]
                    ]
                ],
                "type": "Polygon"
            }
        }
    ]
}