{
    "type": "FeatureCollection",
    "features": [
        {
            "type": "Feature",
            "properties": {},
            "geometry": {
                "coordinates": [
                    [
                        [
                            1.5493264563854439,
                            42.65502382963115
                        ],
                        [
                            1.5298461914062498,
                            42.64961678064491
                        ],
                        [
                            1.5241747633581042,
                            42.64862733732521
                        ],
                        [
                            1.5195465087890625,
                            42.645576368740564
                        ],
                        [
                            1.498260498046875,
                            42.6486067022724
                        ],
                        [
                            1.493378052716082,
                            42.6519743721153
                        ],
                        [
                            1.4783477783203125,
                            42.651131867449024
                        ],
                        [
                            1.4769744873046873,
                            42.643556064374536
                        ],
                        [
                            1.468048095703125,
                            42.632443217615524
                        ],
                        [
                            1.4783477783203125,
                            42.61526491450722
                        ],
                        [
                            1.462554931640625,
                            42.60667398549725
                        ],
                        [
                            1.4598083496093748,
                            42.6026307853624
                        ],
                        [
                            1.443056124076861,
                            42.60232847879484
                        ],
                        [
                            1.44195556640625,
                            42.596060025486615
                        ],
                        [
                            1.435089111328125,
                            42.59151063198149
                        ],
                        [
                            1.4275360107421875,
                            42.58594981115061
                        ],
                        [
                            1.4316558837890623,
                            42.57684921609549
                        ],
                        [
                            1.44195556640625,
                            42.57381538922686
                        ],
                        [
                            1.4440155029296875,
                            42.56977005715177
                        ],
                        [
                            1.44195556640625,
                            42.56471302308875
                        ],
                        [
                            1.4330291748046875,
                            42.56370156708076
                        ],
                        [
                            1.4234161376953125,
                            42.55813826591757
                        ],
                        [
                            1.4179229736328125,
                            42.54448078729858
                        ],
                        [
                            1.4151763916015625,
                            42.53588010092859
                        ],
                        [
                            1.426849365234375,
                            42.539421703497474
                        ],
                        [
                            1.440582275390625,
                            42.54448078729858
                        ],
                        [
                            1.4508819580078125,
                            42.53891577257117
                        ],
                        [
                            1.4556884765625,
                            42.52677220056902
                        ],
                        [
                            1.4673614501953123,
                            42.50956476517422
                        ],
                        [
                            1.4543151855468748,
                            42.50247797334869
                        ],
                        [
                            1.440582275390625,
                            42.495390378152244
                        ],
                        [
                            1.42547607421875,
                            42.49285889946235
                        ],
                        [
                            1.4179229736328125,
                            42.48323834594139
                        ],
                        [
                            1.43096923828125,
                            42.48019996901214
                        ],
                        [
                            1.440582275390625,
                            42.476148570254516
                        ],
                        [
                            1.4385223388671875,
                            42.462979712772025
                        ],
                        [
                            1.446075439453125,
                            42.46044692255491
                        ],
                        [
                            1.4412689208984375,
                            42.454874423427874
                        ],
                        [
                            1.4453887939453125,
                            42.445754718858524
                        ],
                        [
                            1.4447021484374998,
                            42.441194368650635
                        ],
                        [
                            1.4577484130859375,
                            42.43714044535348
                        ],
                        [
                            1.4742279052734375,
                            42.43460661010741
                        ],
                        [
                            1.5003204345703125,
                            42.43257946814707
                        ],
                        [
                            1.517486572265625,
                            42.43004544849287
                        ],
                        [
                            1.5264129638671875,
                            42.43207267241209
                        ],
                        [
                            1.5538787841796875,
                            42.43308625978409
                        ],
                        [
                            1.553192138671875,
                            42.44474133638783
                        ],
                        [
                            1.56280517578125,
                            42.44828810331811
                        ],
                        [
                            1.5600585937499998,
                            42.45690084412248
                        ],
                        [
                            1.5655517578125,
                            42.45842061661176
                        ],
                        [
                            1.580657958984375,
                            42.449301428414955
                        ],
                        [
                            1.580657958984375,
                            42.45386118849115
                        ],
                        [
                            1.5854644775390625,
                            42.46095348879498
                        ],
                        [
                            1.59576416015625,
                            42.46652544694582
                        ],
                        [
                            1.6019439697265625,
                            42.46399280017058
                        ],
                        [
                            1.6184234619140625,
                            42.465512400530805
                        ],
                        [
                            1.6300964355468748,
                            42.464499337722344
                        ],
                        [
                            1.6362762451171875,
                            42.465512400530805
                        ],
                        [
                            1.6458892822265625,
                            42.46753847696729
                        ],
                        [
                            1.6534423828125,
                            42.465512400530805
                        ],
                        [
                            1.6603088378906248,
                            42.47310984904908
                        ],
                        [
                            1.66168212890625,
                            42.478680725216975
                        ],
                        [
                            1.6623687744140625,
                            42.489820989777066
                        ],
                        [
                            1.6678619384765623,
                            42.500959270579585
                        ],
                        [
                            1.6719818115234375,
                            42.50399663922834
                        ],
                        [
                            1.67816162109375,
                            42.49690921618133
                        ],
                        [
                            1.6864013671875,
                            42.49336520339777
                        ],
                        [
                            1.7056274414062498,
                            42.49032731830467
                        ],
                        [
                            1.7118072509765625,
                            42.49184627929537
                        ],
                        [
                            1.71661376953125,
                            42.49792175437361
                        ],
                        [
                            1.725835112816128,
                            42.50437643740926
                        ],
                        [
                            1.7255401611328125,
                            42.508552415528634
                        ],
                        [
                            1.723480224609375,
                            42.5171568649003
                        ],
                        [
                            1.7324066162109375,
                            42.52069952914966
                        ],
                        [
                            1.734466552734375,
                            42.53031431963861
                        ],
                        [
                            1.7310333251953125,
                            42.54043355305221
                        ],
                        [
                            1.7365264892578125,
                            42.551056983385934
                        ],
                        [
                            1.7447662353515625,
                            42.5626900946744
                        ],
                        [
                            1.7708587646484375,
                            42.56370156708076
                        ],
                        [
                            1.7873382568359375,
                            42.5733097370664
                        ],
                        [
                            1.77703857421875,
                            42.581399679665054
                        ],
                        [
                            1.7612457275390625,
                            42.5808940890009
                        ],
                        [
                            1.7454528808593748,
                            42.58645536081647
                        ],
                        [
                            1.72760009765625,
                            42.59151063198149
                        ],
                        [
                            1.7282867431640623,
                            42.59858732282379
                        ],
                        [
                            1.7358398437499998,
                            42.60717936706371
                        ],
                        [
                            1.7351531982421875,
                            42.61728613736068
                        ],
                        [
                            1.731719970703125,
                            42.61577022637093
                        ],
                        [
                            1.7173004150390625,
                            42.614254278479216
                        ],
                        [
                            1.7063140869140625,
                            42.6203178486337
                        ],
                        [
                            1.6973876953125,
                            42.621328386255925
                        ],
                        [
                            1.685028076171875,
                            42.62486513877457
                        ],
                        [
                            1.658935546875,
                            42.6203178486337
                        ],
                        [
                            1.6541290283203125,
                            42.62537037273313
                        ],
                        [
                            1.63421630859375,
                            42.62991729384455
                        ],
                        [
                            1.61773681640625,
                            42.628401690377316
                        ],
                        [
                            1.5998840332031248,
                            42.627896481020855
                        ],
                        [
                            1.594390869140625,
                            42.632948390068464
                        ],
                        [
                            1.580657958984375,
                            42.63496903887609
                        ],
                        [
                            1.5785980224609375,
                            42.64456622475866
                        ],
                        [
                            1.56288110255727,
                            42.65249760012832
                        ],
                        [
                            1.5493264563854439,
                            42.65502382963115
                        ]
                    ]
                ],
                "type": "Polygon"
            }
        }
    ]
}