{
    "type": "FeatureCollection",
    "features": [
        {
            "type": "Feature",
            "properties": {},
            "geometry": {
                "type": "Polygon",
                "coordinates": [
                    [
                        [
                            -61.82487487792969,
                            17.175562931398197
                        ],
                        [
                            -61.83053970336913,
                            17.1750709126423
                        ],
                        [
                            -61.83483123779296,
                            17.17261079927515
                        ],
                        [
                            -61.83843612670898,
                            17.171298725465025
                        ],
                        [
                            -61.8423843383789,
                            17.169166585721698
                        ],
                        [
                            -61.84959411621094,
                            17.16719843496957
                        ],
                        [
                            -61.84804916381835,
                            17.164246169681164
                        ],
                        [
                            -61.84822082519531,
                            17.161293857406807
                        ],
                        [
                            -61.8526840209961,
                            17.15620920948017
                        ],
                        [
                            -61.85680389404297,
                            17.154897019658286
                        ],
                        [
                            -61.8562889099121,
                            17.15063233867285
                        ],
                        [
                            -61.859378814697266,
                            17.145219333270852
                        ],
                        [
                            -61.860580444335945,
                            17.138001747320303
                        ],
                        [
                            -61.86384201049804,
                            17.133900721294896
                        ],
                        [
                            -61.86538696289062,
                            17.129635558230763
                        ],
                        [
                            -61.85903549194336,
                            17.125534347614046
                        ],
                        [
                            -61.85577392578125,
                            17.12143304654029
                        ],
                        [
                            -61.861610412597656,
                            17.120448720824687
                        ],
                        [
                            -61.86624526977539,
                            17.123237630155824
                        ],
                        [
                            -61.870708465576165,
                            17.12783103670494
                        ],
                        [
                            -61.8753433227539,
                            17.12651864641245
                        ],
                        [
                            -61.87980651855469,
                            17.12914341773353
                        ],
                        [
                            -61.889419555664055,
                            17.13029174353376
                        ],
                        [
                            -61.89697265624999,
                            17.123729786284773
                        ],
                        [
                            -61.903839111328125,
                            17.111917679786494
                        ],
                        [
                            -61.907272338867195,
                            17.10141740012099
                        ],
                        [
                            -61.89697265624999,
                            17.09419811437547
                        ],
                        [
                            -61.885986328125,
                            17.089603877785297
                        ],
                        [
                            -61.9024658203125,
                            17.086978548880538
                        ],
                        [
                            -61.90813064575195,
                            17.08369683574994
                        ],
                        [
                            -61.91705703735351,
                            17.07992279423434
                        ],
                        [
                            -61.91053390502929,
                            17.077953698772372
                        ],
                        [
                            -61.90486907958984,
                            17.07778960654538
                        ],
                        [
                            -61.8998908996582,
                            17.07778960654538
                        ],
                        [
                            -61.89800262451171,
                            17.073359061846375
                        ],
                        [
                            -61.89147949218751,
                            17.065974586856083
                        ],
                        [
                            -61.89422607421875,
                            17.055471719172267
                        ],
                        [
                            -61.89697265624999,
                            17.0469377042241
                        ],
                        [
                            -61.89216613769531,
                            17.025929237974147
                        ],
                        [
                            -61.87705993652344,
                            17.023303013762366
                        ],
                        [
                            -61.862640380859375,
                            17.01739387453587
                        ],
                        [
                            -61.84822082519531,
                            17.014767530557833
                        ],
                        [
                            -61.834487915039055,
                            17.00951473208515
                        ],
                        [
                            -61.832427978515625,
                            17.00229189364401
                        ],
                        [
                            -61.80839538574219,
                            17.010827945516336
                        ],
                        [
                            -61.79878234863281,
                            17.010827945516336
                        ],
                        [
                            -61.78298950195313,
                            17.00426178629037
                        ],
                        [
                            -61.767196655273445,
                            17.00491841257003
                        ],
                        [
                            -61.752777099609375,
                            16.994412115985366
                        ],
                        [
                            -61.732864379882805,
                            17.00032198028822
                        ],
                        [
                            -61.72805786132813,
                            17.02067675269381
                        ],
                        [
                            -61.74041748046875,
                            17.041685808972293
                        ],
                        [
                            -61.714324951171875,
                            17.028555425324136
                        ],
                        [
                            -61.67175292968749,
                            17.040372812100433
                        ],
                        [
                            -61.66488647460937,
                            17.054815270326007
                        ],
                        [
                            -61.66488647460937,
                            17.063348925329638
                        ],
                        [
                            -61.65321350097656,
                            17.073194965577297
                        ],
                        [
                            -61.67449951171875,
                            17.07582048856053
                        ],
                        [
                            -61.69097900390625,
                            17.073851349787525
                        ],
                        [
                            -61.69509887695312,
                            17.07713323619368
                        ],
                        [
                            -61.68205261230469,
                            17.08369683574994
                        ],
                        [
                            -61.67724609375,
                            17.092885486908433
                        ],
                        [
                            -61.67518615722656,
                            17.104698801134454
                        ],
                        [
                            -61.69166564941406,
                            17.10207368494966
                        ],
                        [
                            -61.702651977539055,
                            17.11126142965971
                        ],
                        [
                            -61.710891723632805,
                            17.114542657151997
                        ],
                        [
                            -61.71844482421874,
                            17.114542657151997
                        ],
                        [
                            -61.72805786132813,
                            17.117823826784395
                        ],
                        [
                            -61.71501159667969,
                            17.128323180676293
                        ],
                        [
                            -61.72119140625,
                            17.133572635303196
                        ],
                        [
                            -61.72325134277344,
                            17.14079039331665
                        ],
                        [
                            -61.72325134277344,
                            17.149976225210278
                        ],
                        [
                            -61.72943115234375,
                            17.146695623119985
                        ],
                        [
                            -61.73423767089843,
                            17.13554114256562
                        ],
                        [
                            -61.73835754394531,
                            17.125698397775615
                        ],
                        [
                            -61.747283935546875,
                            17.127010793857707
                        ],
                        [
                            -61.74522399902344,
                            17.13816578647873
                        ],
                        [
                            -61.75483703613281,
                            17.13619730701942
                        ],
                        [
                            -61.76513671874999,
                            17.125698397775615
                        ],
                        [
                            -61.7706298828125,
                            17.119136278434432
                        ],
                        [
                            -61.774063110351555,
                            17.127666988424984
                        ],
                        [
                            -61.76033020019531,
                            17.140134245083235
                        ],
                        [
                            -61.75346374511719,
                            17.148663991329425
                        ],
                        [
                            -61.74316406249999,
                            17.15784943371118
                        ],
                        [
                            -61.758956909179695,
                            17.164410185652127
                        ],
                        [
                            -61.763763427734375,
                            17.155881162894424
                        ],
                        [
                            -61.77131652832031,
                            17.142758824111493
                        ],
                        [
                            -61.78024291992187,
                            17.14472723404664
                        ],
                        [
                            -61.78848266601562,
                            17.159161602658134
                        ],
                        [
                            -61.79740905761718,
                            17.171626744788
                        ],
                        [
                            -61.81526184082031,
                            17.169658620146077
                        ],
                        [
                            -61.82487487792969,
                            17.175562931398197
                        ]
                    ]
                ]
            }
        },
        {
            "type": "Feature",
            "properties": {},
            "geometry": {
                "type": "Polygon",
                "coordinates": [
                    [
                        [
                            -61.86710357666015,
                            17.16211394886238
                        ],
                        [
                            -61.869678497314446,
                            17.16178591271515
                        ],
                        [
                            -61.86933517456054,
                            17.160309742875263
                        ],
                        [
                            -61.86676025390624,
                            17.160309742875263
                        ],
                        [
                            -61.86710357666015,
                            17.16211394886238
                        ]
                    ]
                ]
            }
        },
        {
            "type": "Feature",
            "properties": {},
            "geometry": {
                "type": "Polygon",
                "coordinates": [
                    [
                        [
                            -61.925811767578125,
                            17.135869225082146
                        ],
                        [
                            -61.93181991577148,
                            17.132260285544838
                        ],
                        [
                            -61.93010330200195,
                            17.131440062240436
                        ],
                        [
                            -61.92529678344726,
                            17.133900721294896
                        ],
                        [
                            -61.925811767578125,
                            17.135869225082146
                        ]
                    ]
                ]
            }
        },
        {
            "type": "Feature",
            "properties": {},
            "geometry": {
                "type": "Polygon",
                "coordinates": [
                    [
                        [
                            -61.79689407348633,
                            17.177120982176277
                        ],
                        [
                            -61.798009872436516,
                            17.176792972574475
                        ],
                        [
                            -61.79878234863281,
                            17.175644934397223
                        ],
                        [
                            -61.79740905761718,
                            17.17523491903936
                        ],
                        [
                            -61.79689407348633,
                            17.177120982176277
                        ]
                    ]
                ]
            }
        },
        {
            "type": "Feature",
            "properties": {},
            "geometry": {
                "type": "Polygon",
                "coordinates": [
                    [
                        [
                            -61.842727661132805,
                            17.730047733513146
                        ],
                        [
                            -61.85474395751953,
                            17.729393701165005
                        ],
                        [
                            -61.85749053955078,
                            17.722853246418527
                        ],
                        [
                            -61.860580444335945,
                            17.719255894595467
                        ],
                        [
                            -61.869163513183594,
                            17.719255894595467
                        ],
                        [
                            -61.87294006347656,
                            17.71500438576399
                        ],
                        [
                            -61.88255310058593,
                            17.703230450823924
                        ],
                        [
                            -61.88976287841796,
                            17.697016118192607
                        ],
                        [
                            -61.88770294189453,
                            17.692436998627272
                        ],
                        [
                            -61.875686645507805,
                            17.687203576173054
                        ],
                        [
                            -61.86847686767579,
                            17.677063386394032
                        ],
                        [
                            -61.86676025390624,
                            17.664632696083594
                        ],
                        [
                            -61.85749053955078,
                            17.656781291201945
                        ],
                        [
                            -61.8526840209961,
                            17.631261860738853
                        ],
                        [
                            -61.85474395751953,
                            17.611301839598706
                        ],
                        [
                            -61.860237121582024,
                            17.594284996533677
                        ],
                        [
                            -61.86126708984375,
                            17.583485014697512
                        ],
                        [
                            -61.85680389404297,
                            17.575302780737246
                        ],
                        [
                            -61.8475341796875,
                            17.582503166169897
                        ],
                        [
                            -61.83689117431641,
                            17.59003053527409
                        ],
                        [
                            -61.82865142822265,
                            17.59166687838161
                        ],
                        [
                            -61.81938171386718,
                            17.586103251369654
                        ],
                        [
                            -61.800498962402344,
                            17.573666289525264
                        ],
                        [
                            -61.79191589355469,
                            17.57137517695832
                        ],
                        [
                            -61.78092956542968,
                            17.567447487918926
                        ],
                        [
                            -61.76651000976562,
                            17.55140853981795
                        ],
                        [
                            -61.767196655273445,
                            17.540278639114394
                        ],
                        [
                            -61.762733459472656,
                            17.550099175217877
                        ],
                        [
                            -61.75586700439453,
                            17.553372568972875
                        ],
                        [
                            -61.74282073974609,
                            17.55140853981795
                        ],
                        [
                            -61.732864379882805,
                            17.54191543208696
                        ],
                        [
                            -61.732864379882805,
                            17.547480417628165
                        ],
                        [
                            -61.737327575683594,
                            17.56090115009745
                        ],
                        [
                            -61.73561096191407,
                            17.56548361143177
                        ],
                        [
                            -61.73561096191407,
                            17.58152131231058
                        ],
                        [
                            -61.72943115234375,
                            17.59166687838161
                        ],
                        [
                            -61.73011779785156,
                            17.611301839598706
                        ],
                        [
                            -61.73664093017578,
                            17.629298677919767
                        ],
                        [
                            -61.74659729003906,
                            17.648929543835703
                        ],
                        [
                            -61.7596435546875,
                            17.666268362313797
                        ],
                        [
                            -61.78161621093749,
                            17.687530669542966
                        ],
                        [
                            -61.78813934326171,
                            17.698324416621844
                        ],
                        [
                            -61.797065734863274,
                            17.702903386048423
                        ],
                        [
                            -61.804275512695305,
                            17.699959776252662
                        ],
                        [
                            -61.810455322265625,
                            17.706174006984476
                        ],
                        [
                            -61.82109832763671,
                            17.70388457858706
                        ],
                        [
                            -61.842727661132805,
                            17.730047733513146
                        ]
                    ]
                ]
            }
        }
    ]
}