{
    "type": "FeatureCollection",
    "features": [
        {
            "type": "Feature",
            "properties": {},
            "geometry": {
                "coordinates": [
                    [
                        [
                            44.81597900390625,
                            41.297412572239566
                        ],
                        [
                            44.8077392578125,
                            41.2602591693733
                        ],
                        [
                            44.811859130859375,
                            41.24890252240322
                        ],
                        [
                            44.82147216796875,
                            41.237543901082574
                        ],
                        [
                            44.847564697265625,
                            41.235478485093836
                        ],
                        [
                            44.87365722656249,
                            41.223084618644435
                        ],
                        [
                            44.902496337890625,
                            41.221018745822505
                        ],
                        [
                            44.90112304687499,
                            41.20242295382758
                        ],
                        [
                            44.86541748046875,
                            41.20242295382758
                        ],
                        [
                            44.842071533203125,
                            41.21172151054787
                        ],
                        [
                            44.813232421875,
                            41.20758898181025
                        ],
                        [
                            44.798126220703125,
                            41.22205169039092
                        ],
                        [
                            44.7857666015625,
                            41.21998578493921
                        ],
                        [
                            44.751434326171875,
                            41.21791981422846
                        ],
                        [
                            44.726715087890625,
                            41.20138969929042
                        ],
                        [
                            44.71710205078125,
                            41.21895280774118
                        ],
                        [
                            44.693756103515625,
                            41.21688680440109
                        ],
                        [
                            44.677276611328125,
                            41.23341300384136
                        ],
                        [
                            44.60861206054687,
                            41.23134745732574
                        ],
                        [
                            44.605865478515625,
                            41.221018745822505
                        ],
                        [
                            44.60449218749999,
                            41.19932314127607
                        ],
                        [
                            44.593505859375,
                            41.19105625669688
                        ],
                        [
                            44.57427978515625,
                            41.20345619205131
                        ],
                        [
                            44.5440673828125,
                            41.192089674364105
                        ],
                        [
                            44.539947509765625,
                            41.20345619205131
                        ],
                        [
                            44.531707763671875,
                            41.21895280774118
                        ],
                        [
                            44.51934814453125,
                            41.21068840283448
                        ],
                        [
                            44.49737548828125,
                            41.18692242290296
                        ],
                        [
                            44.474029541015625,
                            41.1817547636353
                        ],
                        [
                            44.446563720703125,
                            41.18898937242474
                        ],
                        [
                            44.410858154296875,
                            41.20345619205131
                        ],
                        [
                            44.373779296875,
                            41.21791981422846
                        ],
                        [
                            44.3572998046875,
                            41.229281845547625
                        ],
                        [
                            44.34356689453124,
                            41.22721616850761
                        ],
                        [
                            44.33944702148437,
                            41.20035642843989
                        ],
                        [
                            44.31610107421874,
                            41.20758898181025
                        ],
                        [
                            44.295501708984375,
                            41.20552261955812
                        ],
                        [
                            44.259796142578125,
                            41.21585377825921
                        ],
                        [
                            44.235076904296875,
                            41.235478485093836
                        ],
                        [
                            44.21173095703125,
                            41.23238023874139
                        ],
                        [
                            44.180145263671875,
                            41.24787000204815
                        ],
                        [
                            44.18975830078125,
                            41.229281845547625
                        ],
                        [
                            44.1705322265625,
                            41.19932314127607
                        ],
                        [
                            44.147186279296875,
                            41.192089674364105
                        ],
                        [
                            44.100494384765625,
                            41.18898937242474
                        ],
                        [
                            44.089508056640625,
                            41.20035642843989
                        ],
                        [
                            44.062042236328125,
                            41.194156460760546
                        ],
                        [
                            44.02496337890625,
                            41.18485540813213
                        ],
                        [
                            43.96453857421875,
                            41.16728314823924
                        ],
                        [
                            43.952178955078125,
                            41.16521551363405
                        ],
                        [
                            43.943939208984375,
                            41.17451935556443
                        ],
                        [
                            43.886260986328125,
                            41.16314781378642
                        ],
                        [
                            43.83544921875,
                            41.15280833593456
                        ],
                        [
                            43.748931884765625,
                            41.11143411567732
                        ],
                        [
                            43.707733154296875,
                            41.12074559016745
                        ],
                        [
                            43.66790771484375,
                            41.13212448741625
                        ],
                        [
                            43.606109619140625,
                            41.12798693490564
                        ],
                        [
                            43.59100341796874,
                            41.13833032693901
                        ],
                        [
                            43.562164306640625,
                            41.14660386635527
                        ],
                        [
                            43.538818359375,
                            41.13729606112276
                        ],
                        [
                            43.4739420391364,
                            41.12340470958206
                        ],
                        [
                            43.45988496391297,
                            41.11966208149058
                        ],
                        [
                            43.447462838072795,
                            41.09980420616789
                        ],
                        [
                            43.4564208984375,
                            41.080386328434905
                        ],
                        [
                            43.471527099609375,
                            41.062786068733026
                        ],
                        [
                            43.47015380859374,
                            41.02860740940304
                        ],
                        [
                            43.49212646484375,
                            41.01617440487126
                        ],
                        [
                            43.523712158203125,
                            41.01513821521511
                        ],
                        [
                            43.55804443359375,
                            40.994410999439516
                        ],
                        [
                            43.59100341796874,
                            40.989228176893796
                        ],
                        [
                            43.681640625,
                            40.93011520598305
                        ],
                        [
                            43.67340087890625,
                            40.91247477328731
                        ],
                        [
                            43.680267333984375,
                            40.898981853950986
                        ],
                        [
                            43.67889404296875,
                            40.875103022165824
                        ],
                        [
                            43.67889404296875,
                            40.84706035607122
                        ],
                        [
                            43.70635986328125,
                            40.82835864973048
                        ],
                        [
                            43.748931884765625,
                            40.73164913017892
                        ],
                        [
                            43.7420654296875,
                            40.71603763556807
                        ],
                        [
                            43.74343872070312,
                            40.70250471166452
                        ],
                        [
                            43.75030517578125,
                            40.67334753512089
                        ],
                        [
                            43.726959228515625,
                            40.66293116628907
                        ],
                        [
                            43.71185302734374,
                            40.63167229840464
                        ],
                        [
                            43.65966796875,
                            40.56806745430726
                        ],
                        [
                            43.644561767578125,
                            40.55554790286311
                        ],
                        [
                            43.64181518554687,
                            40.534676780615406
                        ],
                        [
                            43.633575439453125,
                            40.538851525354666
                        ],
                        [
                            43.63494873046875,
                            40.52319489128985
                        ],
                        [
                            43.61846923828124,
                            40.51693121343741
                        ],
                        [
                            43.597869873046875,
                            40.50753459933616
                        ],
                        [
                            43.56765747070312,
                            40.496048060627885
                        ],
                        [
                            43.5552978515625,
                            40.470979694762356
                        ],
                        [
                            43.57177734374999,
                            40.457397087754444
                        ],
                        [
                            43.59512329101562,
                            40.44694705960048
                        ],
                        [
                            43.619842529296875,
                            40.421860362045194
                        ],
                        [
                            43.61572265625,
                            40.39362664052989
                        ],
                        [
                            43.600616455078125,
                            40.37584377696013
                        ],
                        [
                            43.59375,
                            40.351777136498654
                        ],
                        [
                            43.60748291015625,
                            40.32874883206875
                        ],
                        [
                            43.6322021484375,
                            40.298381330906686
                        ],
                        [
                            43.64181518554687,
                            40.27638254704875
                        ],
                        [
                            43.666534423828125,
                            40.26904802805884
                        ],
                        [
                            43.683013916015625,
                            40.245991504199026
                        ],
                        [
                            43.683013916015625,
                            40.22816971852209
                        ],
                        [
                            43.658294677734375,
                            40.222927124178
                        ],
                        [
                            43.6761474609375,
                            40.207196906764054
                        ],
                        [
                            43.68850708007812,
                            40.19356109815612
                        ],
                        [
                            43.71185302734374,
                            40.175725518346916
                        ],
                        [
                            43.71597290039062,
                            40.161033872946575
                        ],
                        [
                            43.694000244140625,
                            40.15998434802335
                        ],
                        [
                            43.66790771484375,
                            40.152637219308424
                        ],
                        [
                            43.652801513671875,
                            40.12954106843822
                        ],
                        [
                            43.66516113281249,
                            40.10538669840983
                        ],
                        [
                            43.691253662109375,
                            40.096983167279575
                        ],
                        [
                            43.721466064453125,
                            40.084375924515186
                        ],
                        [
                            43.7420654296875,
                            40.080172991335
                        ],
                        [
                            43.768157958984375,
                            40.087527954131154
                        ],
                        [
                            43.81622314453125,
                            40.06651166669528
                        ],
                        [
                            43.817596435546875,
                            40.0507451947963
                        ],
                        [
                            43.8409423828125,
                            40.04654018618778
                        ],
                        [
                            43.86566162109375,
                            40.03707796840224
                        ],
                        [
                            43.894500732421875,
                            40.02551125229787
                        ],
                        [
                            43.92608642578125,
                            40.024459635387906
                        ],
                        [
                            43.96728515625,
                            40.019201307686785
                        ],
                        [
                            43.993377685546875,
                            40.027614437486655
                        ],
                        [
                            44.023590087890625,
                            40.02656285299746
                        ],
                        [
                            44.070281982421875,
                            40.0360265298117
                        ],
                        [
                            44.111480712890625,
                            40.03182061333687
                        ],
                        [
                            44.180145263671875,
                            40.034975075009804
                        ],
                        [
                            44.215850830078125,
                            40.04443758460856
                        ],
                        [
                            44.251556396484375,
                            40.0517964064166
                        ],
                        [
                            44.281768798828125,
                            40.04654018618778
                        ],
                        [
                            44.311981201171875,
                            40.034975075009804
                        ],
                        [
                            44.350433349609375,
                            40.024459635387906
                        ],
                        [
                            44.380645751953125,
                            40.01394257474289
                        ],
                        [
                            44.42047119140625,
                            40.002371935876475
                        ],
                        [
                            44.452056884765625,
                            39.98238166771571
                        ],
                        [
                            44.46990966796875,
                            39.97501535728991
                        ],
                        [
                            44.504241943359375,
                            39.941330683786916
                        ],
                        [
                            44.53445434570312,
                            39.92237576385941
                        ],
                        [
                            44.556427001953125,
                            39.902362098539705
                        ],
                        [
                            44.55780029296874,
                            39.88128876522249
                        ],
                        [
                            44.5880126953125,
                            39.861263098008536
                        ],
                        [
                            44.603118896484375,
                            39.829631721333726
                        ],
                        [
                            44.61273193359374,
                            39.82435840847207
                        ],
                        [
                            44.633331298828125,
                            39.80959097923673
                        ],
                        [
                            44.66766357421875,
                            39.7958755252971
                        ],
                        [
                            44.693756103515625,
                            39.78954439311165
                        ],
                        [
                            44.68276977539062,
                            39.7758249410587
                        ],
                        [
                            44.7088623046875,
                            39.77160302089718
                        ],
                        [
                            44.71710205078125,
                            39.74626606218367
                        ],
                        [
                            44.73358154296874,
                            39.74837783143156
                        ],
                        [
                            44.743194580078125,
                            39.734650174341866
                        ],
                        [
                            44.74881627282741,
                            39.71600557543397
                        ],
                        [
                            44.766912605224434,
                            39.71447229645181
                        ],
                        [
                            44.78636846182434,
                            39.720953435055925
                        ],
                        [
                            44.814605712890625,
                            39.73042572969995
                        ],
                        [
                            44.8406982421875,
                            39.733594087452055
                        ],
                        [
                            44.872283935546875,
                            39.73887436009367
                        ],
                        [
                            44.880523681640625,
                            39.74521015328692
                        ],
                        [
                            44.902496337890625,
                            39.74204232950662
                        ],
                        [
                            44.9066162109375,
                            39.731481865131
                        ],
                        [
                            44.923095703125,
                            39.72831341029745
                        ],
                        [
                            44.946441650390625,
                            39.72831341029745
                        ],
                        [
                            44.97528076171874,
                            39.74521015328692
                        ],
                        [
                            45,
                            39.74626606218367
                        ],
                        [
                            45.01785278320312,
                            39.76738084178371
                        ],
                        [
                            45.03570556640625,
                            39.77160302089718
                        ],
                        [
                            45.04669189453125,
                            39.79482037706643
                        ],
                        [
                            45.06591796875,
                            39.78954439311165
                        ],
                        [
                            45.097503662109375,
                            39.7758249410587
                        ],
                        [
                            45.135955810546875,
                            39.74837783143156
                        ],
                        [
                            45.14282226562499,
                            39.72197606377427
                        ],
                        [
                            45.16616821289062,
                            39.701903957315274
                        ],
                        [
                            45.186767578125,
                            39.679712203159745
                        ],
                        [
                            45.174407958984375,
                            39.659627802935226
                        ],
                        [
                            45.186767578125,
                            39.64482503525421
                        ],
                        [
                            45.17303466796875,
                            39.614152077002664
                        ],
                        [
                            45.179901123046875,
                            39.6025139495577
                        ],
                        [
                            45.174407958984375,
                            39.58769895822252
                        ],
                        [
                            45.221099853515625,
                            39.58452390500424
                        ],
                        [
                            45.229339599609375,
                            39.606746222241476
                        ],
                        [
                            45.265045166015625,
                            39.61520999158382
                        ],
                        [
                            45.31585693359375,
                            39.6088622615816
                        ],
                        [
                            45.296630859375,
                            39.58558227224178
                        ],
                        [
                            45.32135009765625,
                            39.56017699732932
                        ],
                        [
                            45.340576171875,
                            39.55700068337126
                        ],
                        [
                            45.340576171875,
                            39.53899882354987
                        ],
                        [
                            45.38726806640625,
                            39.54111693181781
                        ],
                        [
                            45.43670654296875,
                            39.52522954427751
                        ],
                        [
                            45.449066162109375,
                            39.505100301007545
                        ],
                        [
                            45.460052490234375,
                            39.50615988027491
                        ],
                        [
                            45.48202514648437,
                            39.49662308526199
                        ],
                        [
                            45.495758056640625,
                            39.51039803578193
                        ],
                        [
                            45.520477294921875,
                            39.528407312645825
                        ],
                        [
                            45.53009033203125,
                            39.54852980171147
                        ],
                        [
                            45.558929443359375,
                            39.54217596171196
                        ],
                        [
                            45.56854248046875,
                            39.55700068337126
                        ],
                        [
                            45.586395263671875,
                            39.56970506644249
                        ],
                        [
                            45.62347412109375,
                            39.56547053068434
                        ],
                        [
                            45.6756591796875,
                            39.594048628201314
                        ],
                        [
                            45.690765380859375,
                            39.60463011823322
                        ],
                        [
                            45.740203857421875,
                            39.594048628201314
                        ],
                        [
                            45.77728271484375,
                            39.57817336212527
                        ],
                        [
                            45.806121826171875,
                            39.56017699732932
                        ],
                        [
                            45.819854736328125,
                            39.527348072681455
                        ],
                        [
                            45.822601318359375,
                            39.500861822379136
                        ],
                        [
                            45.81573486328125,
                            39.47966555205487
                        ],
                        [
                            45.845947265625,
                            39.45846282044343
                        ],
                        [
                            45.79925537109375,
                            39.42134249546523
                        ],
                        [
                            45.78964233398437,
                            39.38101803294523
                        ],
                        [
                            45.806121826171875,
                            39.366155775885254
                        ],
                        [
                            45.858306884765625,
                            39.36084706023964
                        ],
                        [
                            45.874786376953125,
                            39.34916646551957
                        ],
                        [
                            45.918731689453125,
                            39.32686172585973
                        ],
                        [
                            45.959930419921875,
                            39.30561250081088
                        ],
                        [
                            46.001129150390625,
                            39.29604824402406
                        ],
                        [
                            46.001129150390625,
                            39.25352462727606
                        ],
                        [
                            45.98602294921875,
                            39.2407625100131
                        ],
                        [
                            45.98602294921875,
                            39.21310328979648
                        ],
                        [
                            45.995635986328125,
                            39.19288388992811
                        ],
                        [
                            46.0162353515625,
                            39.16094667321639
                        ],
                        [
                            45.992889404296875,
                            39.1524276321479
                        ],
                        [
                            46.01348876953125,
                            39.143907559644944
                        ],
                        [
                            46.02996826171875,
                            39.12792964388499
                        ],
                        [
                            46.020355224609375,
                            39.10981695656077
                        ],
                        [
                            46.036834716796875,
                            39.09489712966929
                        ],
                        [
                            46.072540283203125,
                            39.081040177486095
                        ],
                        [
                            46.075286865234375,
                            39.033052785617514
                        ],
                        [
                            46.10137939453124,
                            39.02131757437681
                        ],
                        [
                            46.10137939453124,
                            38.99036995221769
                        ],
                        [
                            46.11236572265625,
                            38.976492485539396
                        ],
                        [
                            46.113739013671875,
                            38.95727304112803
                        ],
                        [
                            46.12472534179687,
                            38.94445718138944
                        ],
                        [
                            46.13296508789062,
                            38.9177500315307
                        ],
                        [
                            46.15219116210937,
                            38.91027022759443
                        ],
                        [
                            46.15081787109375,
                            38.88355020746342
                        ],
                        [
                            46.14028463698341,
                            38.84458968958612
                        ],
                        [
                            46.16016171061504,
                            38.840941525664945
                        ],
                        [
                            46.18540935069137,
                            38.84166941284349
                        ],
                        [
                            46.20025634765625,
                            38.85788953063659
                        ],
                        [
                            46.240081787109375,
                            38.880343129473644
                        ],
                        [
                            46.270294189453125,
                            38.89423942194029
                        ],
                        [
                            46.289520263671875,
                            38.904927027872844
                        ],
                        [
                            46.316986083984375,
                            38.90813299596705
                        ],
                        [
                            46.333465576171875,
                            38.92416066460569
                        ],
                        [
                            46.37603759765625,
                            38.91668153637508
                        ],
                        [
                            46.39801025390624,
                            38.904927027872844
                        ],
                        [
                            46.41998291015625,
                            38.885688179036094
                        ],
                        [
                            46.43096923828125,
                            38.89744587262311
                        ],
                        [
                            46.457061767578125,
                            38.90065217853345
                        ],
                        [
                            46.46942138671875,
                            38.887826086271176
                        ],
                        [
                            46.498260498046875,
                            38.88996392916758
                        ],
                        [
                            46.52308311271625,
                            38.888667750987054
                        ],
                        [
                            46.52502154185693,
                            38.87432338044981
                        ],
                        [
                            46.533662613042395,
                            38.867588635244296
                        ],
                        [
                            46.536712646484375,
                            38.90385833966778
                        ],
                        [
                            46.527099609375,
                            38.91988697357693
                        ],
                        [
                            46.50787353515625,
                            38.94445718138944
                        ],
                        [
                            46.5106201171875,
                            38.96474788913435
                        ],
                        [
                            46.51885986328124,
                            38.974357249228206
                        ],
                        [
                            46.51611328125,
                            38.99463939467871
                        ],
                        [
                            46.539459228515625,
                            39.00211029922515
                        ],
                        [
                            46.53533935546875,
                            39.02025064038437
                        ],
                        [
                            46.533966064453125,
                            39.04371946875431
                        ],
                        [
                            46.544952392578125,
                            39.05651736286005
                        ],
                        [
                            46.53533935546875,
                            39.058650119748236
                        ],
                        [
                            46.51336669921875,
                            39.060782812215805
                        ],
                        [
                            46.517486572265625,
                            39.07357761413151
                        ],
                        [
                            46.528472900390625,
                            39.08743603215884
                        ],
                        [
                            46.517486572265625,
                            39.09489712966929
                        ],
                        [
                            46.50238037109375,
                            39.10662011662115
                        ],
                        [
                            46.490020751953125,
                            39.12047204244696
                        ],
                        [
                            46.481781005859375,
                            39.138581990583525
                        ],
                        [
                            46.48590087890625,
                            39.1524276321479
                        ],
                        [
                            46.462554931640625,
                            39.14603767446419
                        ],
                        [
                            46.4556884765625,
                            39.15668728161543
                        ],
                        [
                            46.43646240234375,
                            39.16414104768742
                        ],
                        [
                            46.42135620117187,
                            39.19075519349455
                        ],
                        [
                            46.448822021484375,
                            39.198205348894795
                        ],
                        [
                            46.476287841796875,
                            39.19501252187821
                        ],
                        [
                            46.50238037109375,
                            39.18969082109678
                        ],
                        [
                            46.509246826171875,
                            39.196076813671695
                        ],
                        [
                            46.531219482421875,
                            39.193948213963665
                        ],
                        [
                            46.539459228515625,
                            39.15988184949157
                        ],
                        [
                            46.5435791015625,
                            39.17159402400064
                        ],
                        [
                            46.553192138671875,
                            39.182239762945684
                        ],
                        [
                            46.56829833984375,
                            39.193948213963665
                        ],
                        [
                            46.5765380859375,
                            39.20459056764485
                        ],
                        [
                            46.569671630859375,
                            39.216295294574024
                        ],
                        [
                            46.632843017578125,
                            39.230125638383925
                        ],
                        [
                            46.58203125,
                            39.234380580544276
                        ],
                        [
                            46.57379150390625,
                            39.24714385893248
                        ],
                        [
                            46.547698974609375,
                            39.25246120620435
                        ],
                        [
                            46.5216064453125,
                            39.29604824402406
                        ],
                        [
                            46.52984619140625,
                            39.308800296002914
                        ],
                        [
                            46.498260498046875,
                            39.34173234304089
                        ],
                        [
                            46.4886474609375,
                            39.33323523479627
                        ],
                        [
                            46.47216796874999,
                            39.33217302364838
                        ],
                        [
                            46.439208984375,
                            39.342794408952365
                        ],
                        [
                            46.407623291015625,
                            39.36934081158634
                        ],
                        [
                            46.385650634765625,
                            39.39269330108945
                        ],
                        [
                            46.38153076171875,
                            39.41179407178009
                        ],
                        [
                            46.38702392578125,
                            39.431950321168635
                        ],
                        [
                            46.396636962890625,
                            39.43831424149678
                        ],
                        [
                            46.38702392578125,
                            39.45528185347343
                        ],
                        [
                            46.4007568359375,
                            39.454221498848895
                        ],
                        [
                            46.42547607421875,
                            39.45846282044343
                        ],
                        [
                            46.454315185546875,
                            39.44891948347229
                        ],
                        [
                            46.465301513671875,
                            39.46270388362385
                        ],
                        [
                            46.479034423828125,
                            39.47966555205487
                        ],
                        [
                            46.501007080078125,
                            39.48284540453334
                        ],
                        [
                            46.528472900390625,
                            39.4733054109641
                        ],
                        [
                            46.539459228515625,
                            39.47436547486121
                        ],
                        [
                            46.511993408203125,
                            39.500861822379136
                        ],
                        [
                            46.4996337890625,
                            39.51357648276841
                        ],
                        [
                            46.5106201171875,
                            39.52099229357195
                        ],
                        [
                            46.539459228515625,
                            39.53793974517628
                        ],
                        [
                            46.56280517578125,
                            39.54323497544602
                        ],
                        [
                            46.59027099609375,
                            39.52946653645165
                        ],
                        [
                            46.57928466796875,
                            39.55594187972844
                        ],
                        [
                            46.550445556640625,
                            39.57076365997469
                        ],
                        [
                            46.5216064453125,
                            39.57817336212527
                        ],
                        [
                            46.490020751953125,
                            39.579231826349016
                        ],
                        [
                            46.4666748046875,
                            39.573939343591896
                        ],
                        [
                            46.446075439453125,
                            39.57288079854952
                        ],
                        [
                            46.43646240234375,
                            39.56758783088905
                        ],
                        [
                            46.418609619140625,
                            39.577114881737586
                        ],
                        [
                            46.41723632812499,
                            39.596165055536716
                        ],
                        [
                            46.418609619140625,
                            39.61944148822782
                        ],
                        [
                            46.402130126953125,
                            39.6268459848669
                        ],
                        [
                            46.38427734375,
                            39.61944148822782
                        ],
                        [
                            46.37466430664062,
                            39.6268459848669
                        ],
                        [
                            46.3623046875,
                            39.637422462817
                        ],
                        [
                            46.3348388671875,
                            39.63001909803368
                        ],
                        [
                            46.31561279296875,
                            39.62261494094297
                        ],
                        [
                            46.27166748046875,
                            39.607804249995105
                        ],
                        [
                            46.248321533203125,
                            39.59933957529531
                        ],
                        [
                            46.197509765625,
                            39.596165055536716
                        ],
                        [
                            46.1810302734375,
                            39.57817336212527
                        ],
                        [
                            46.168670654296875,
                            39.612036199336956
                        ],
                        [
                            46.16729736328125,
                            39.631076770083666
                        ],
                        [
                            46.15219116210937,
                            39.64905472088473
                        ],
                        [
                            46.13433837890625,
                            39.64905472088473
                        ],
                        [
                            46.11236572265625,
                            39.67125632523974
                        ],
                        [
                            46.0986328125,
                            39.687110247162934
                        ],
                        [
                            46.07803344726562,
                            39.679712203159745
                        ],
                        [
                            46.05743408203125,
                            39.69239407904182
                        ],
                        [
                            46.0711669921875,
                            39.70401708565211
                        ],
                        [
                            46.036834716796875,
                            39.72197606377427
                        ],
                        [
                            46.0272216796875,
                            39.743098286948275
                        ],
                        [
                            46.006622314453125,
                            39.7526011757416
                        ],
                        [
                            45.96954345703125,
                            39.791654835253425
                        ],
                        [
                            45.932464599609375,
                            39.78954439311165
                        ],
                        [
                            45.880279541015625,
                            39.806426117299374
                        ],
                        [
                            45.86380004882812,
                            39.81908469086112
                        ],
                        [
                            45.83221435546875,
                            39.823303697329386
                        ],
                        [
                            45.81298828124999,
                            39.87601941962116
                        ],
                        [
                            45.78964233398437,
                            39.89814795018363
                        ],
                        [
                            45.7965087890625,
                            39.915002988576155
                        ],
                        [
                            45.800628662109375,
                            39.93922484079194
                        ],
                        [
                            45.77178955078125,
                            39.946595007738985
                        ],
                        [
                            45.72235107421875,
                            39.953964380766394
                        ],
                        [
                            45.690765380859375,
                            39.9676482528045
                        ],
                        [
                            45.66879272460937,
                            39.969753220824714
                        ],
                        [
                            45.644073486328125,
                            39.97606773596748
                        ],
                        [
                            45.615234375,
                            39.97606773596748
                        ],
                        [
                            45.615234375,
                            39.986590631428534
                        ],
                        [
                            45.600128173828125,
                            39.99500778093748
                        ],
                        [
                            45.60287475585937,
                            40.0076315603083
                        ],
                        [
                            45.62622070312499,
                            40.02025300564682
                        ],
                        [
                            45.66879272460937,
                            40.02340800226773
                        ],
                        [
                            45.68115234375,
                            40.03392360399664
                        ],
                        [
                            45.70587158203125,
                            40.027614437486655
                        ],
                        [
                            45.731964111328125,
                            40.027614437486655
                        ],
                        [
                            45.792388916015625,
                            40.02340800226773
                        ],
                        [
                            45.80474853515625,
                            40.01604611654875
                        ],
                        [
                            45.81573486328125,
                            40.003423893179324
                        ],
                        [
                            45.839080810546875,
                            39.991851471423466
                        ],
                        [
                            45.852813720703125,
                            40.006579667838636
                        ],
                        [
                            45.86791992187499,
                            40.01709786313761
                        ],
                        [
                            45.883026123046875,
                            40.01709786313761
                        ],
                        [
                            45.904998779296875,
                            40.064409681221484
                        ],
                        [
                            45.90911865234375,
                            40.082274490356966
                        ],
                        [
                            45.90087890625,
                            40.10013461308659
                        ],
                        [
                            45.91461181640624,
                            40.107487419012415
                        ],
                        [
                            45.935211181640625,
                            40.11588965267845
                        ],
                        [
                            45.962677001953125,
                            40.123240755628686
                        ],
                        [
                            45.95855712890625,
                            40.147388783540485
                        ],
                        [
                            45.97503662109375,
                            40.17257757632168
                        ],
                        [
                            45.979156494140625,
                            40.19670806662855
                        ],
                        [
                            45.97503662109375,
                            40.219781372816215
                        ],
                        [
                            45.96542358398437,
                            40.23236350185715
                        ],
                        [
                            45.951690673828125,
                            40.247039698452085
                        ],
                        [
                            45.9393310546875,
                            40.25542466812209
                        ],
                        [
                            45.95855712890625,
                            40.25752074821524
                        ],
                        [
                            45.962677001953125,
                            40.26800017469522
                        ],
                        [
                            45.94757080078125,
                            40.282668644462895
                        ],
                        [
                            45.93109130859375,
                            40.29209669470104
                        ],
                        [
                            45.889892578125,
                            40.29104919850652
                        ],
                        [
                            45.877532958984375,
                            40.306759936589636
                        ],
                        [
                            45.77178955078125,
                            40.333983227838104
                        ],
                        [
                            45.726470947265625,
                            40.347590756726525
                        ],
                        [
                            45.699005126953125,
                            40.36956635131763
                        ],
                        [
                            45.66879272460937,
                            40.36852005685838
                        ],
                        [
                            45.646820068359375,
                            40.37793612222415
                        ],
                        [
                            45.646820068359375,
                            40.39362664052989
                        ],
                        [
                            45.615234375,
                            40.40513069752789
                        ],
                        [
                            45.597381591796875,
                            40.42290582797254
                        ],
                        [
                            45.580902099609375,
                            40.42708752919884
                        ],
                        [
                            45.542449951171875,
                            40.43963107298772
                        ],
                        [
                            45.523223876953125,
                            40.45217227681351
                        ],
                        [
                            45.506744384765625,
                            40.46471114051202
                        ],
                        [
                            45.47790527343749,
                            40.490826256468054
                        ],
                        [
                            45.462799072265625,
                            40.500225211369
                        ],
                        [
                            45.446319580078125,
                            40.51693121343741
                        ],
                        [
                            45.435333251953125,
                            40.54406959045767
                        ],
                        [
                            45.45455932617187,
                            40.54406959045767
                        ],
                        [
                            45.443572998046875,
                            40.561807971278185
                        ],
                        [
                            45.460052490234375,
                            40.58267063809529
                        ],
                        [
                            45.42572021484375,
                            40.60144147645398
                        ],
                        [
                            45.40786743164062,
                            40.60144147645398
                        ],
                        [
                            45.391387939453125,
                            40.61916465186328
                        ],
                        [
                            45.394134521484375,
                            40.635840993386466
                        ],
                        [
                            45.372161865234375,
                            40.65563874006118
                        ],
                        [
                            45.38040161132812,
                            40.67647212850004
                        ],
                        [
                            45.3790283203125,
                            40.69938133866613
                        ],
                        [
                            45.388641357421875,
                            40.69521661351714
                        ],
                        [
                            45.40924072265625,
                            40.70979201243495
                        ],
                        [
                            45.406494140625,
                            40.72332345541451
                        ],
                        [
                            45.4229736328125,
                            40.737892702684064
                        ],
                        [
                            45.465545654296875,
                            40.749337730454826
                        ],
                        [
                            45.494384765625,
                            40.75766014997032
                        ],
                        [
                            45.536956787109375,
                            40.77430186363723
                        ],
                        [
                            45.56304931640625,
                            40.78678041401646
                        ],
                        [
                            45.60699462890625,
                            40.84394377141789
                        ],
                        [
                            45.60699462890625,
                            40.866795321839284
                        ],
                        [
                            45.60287475585937,
                            40.88444793903562
                        ],
                        [
                            45.58502197265625,
                            40.89275342420696
                        ],
                        [
                            45.567169189453125,
                            40.88444793903562
                        ],
                        [
                            45.564422607421875,
                            40.896905775860006
                        ],
                        [
                            45.53558349609375,
                            40.90520969727358
                        ],
                        [
                            45.520477294921875,
                            40.91973905106219
                        ],
                        [
                            45.50262451171875,
                            40.924927332167655
                        ],
                        [
                            45.48614501953125,
                            40.92907766380368
                        ],
                        [
                            45.472412109375,
                            40.947750930283476
                        ],
                        [
                            45.46142578125,
                            40.9684928126151
                        ],
                        [
                            45.44219970703125,
                            40.97056664236637
                        ],
                        [
                            45.4229736328125,
                            40.96538194577488
                        ],
                        [
                            45.416107177734375,
                            40.97989806962013
                        ],
                        [
                            45.418853759765625,
                            40.989228176893796
                        ],
                        [
                            45.449066162109375,
                            41.0130657870063
                        ],
                        [
                            45.429840087890625,
                            41.01824673528659
                        ],
                        [
                            45.396881103515625,
                            41.025499378313754
                        ],
                        [
                            45.38726806640625,
                            41.017210578228436
                        ],
                        [
                            45.3680419921875,
                            41.0141020092601
                        ],
                        [
                            45.358428955078125,
                            40.99855696412671
                        ],
                        [
                            45.34332275390625,
                            41.00373905329032
                        ],
                        [
                            45.31585693359375,
                            41.00477542222947
                        ],
                        [
                            45.295257568359375,
                            41.023427276088945
                        ],
                        [
                            45.28289794921874,
                            41.03793062246529
                        ],
                        [
                            45.267791748046875,
                            41.027571415339786
                        ],
                        [
                            45.2581787109375,
                            41.01202954845378
                        ],
                        [
                            45.243072509765625,
                            41.01824673528659
                        ],
                        [
                            45.221099853515625,
                            41.027571415339786
                        ],
                        [
                            45.2252197265625,
                            41.03896645352545
                        ],
                        [
                            45.2032470703125,
                            41.04621681452063
                        ],
                        [
                            45.18539428710937,
                            41.054501963290505
                        ],
                        [
                            45.18402099609375,
                            41.047252515172424
                        ],
                        [
                            45.16754150390625,
                            41.06175061261111
                        ],
                        [
                            45.16616821289062,
                            41.08452688125755
                        ],
                        [
                            45.127716064453125,
                            41.0948771219984
                        ],
                        [
                            45.1263427734375,
                            41.071069130806414
                        ],
                        [
                            45.11947631835937,
                            41.06175061261111
                        ],
                        [
                            45.10986328125,
                            41.05139515476448
                        ],
                        [
                            45.097503662109375,
                            41.062786068733026
                        ],
                        [
                            45.0714111328125,
                            41.05864414643029
                        ],
                        [
                            45.07965087890625,
                            41.075210270566636
                        ],
                        [
                            45.081024169921875,
                            41.09591205639546
                        ],
                        [
                            45.086517333984375,
                            41.10005163093046
                        ],
                        [
                            45.09613037109374,
                            41.11660732012896
                        ],
                        [
                            45.11260986328125,
                            41.11143411567732
                        ],
                        [
                            45.149688720703125,
                            41.11039942586733
                        ],
                        [
                            45.16204833984374,
                            41.12281462734397
                        ],
                        [
                            45.182647705078125,
                            41.11350344637787
                        ],
                        [
                            45.190887451171875,
                            41.1290213474951
                        ],
                        [
                            45.207366943359375,
                            41.139364576446745
                        ],
                        [
                            45.2032470703125,
                            41.164181671865485
                        ],
                        [
                            45.17852783203125,
                            41.16728314823924
                        ],
                        [
                            45.152435302734375,
                            41.1817547636353
                        ],
                        [
                            45.127716064453125,
                            41.20758898181025
                        ],
                        [
                            45.10162353515625,
                            41.194156460760546
                        ],
                        [
                            45.0823974609375,
                            41.194156460760546
                        ],
                        [
                            45.0604248046875,
                            41.19518982948959
                        ],
                        [
                            45.048065185546875,
                            41.20655580884106
                        ],
                        [
                            45.03021240234375,
                            41.19932314127607
                        ],
                        [
                            45.037078857421875,
                            41.21688680440109
                        ],
                        [
                            45.05218505859375,
                            41.22721616850761
                        ],
                        [
                            45.0714111328125,
                            41.24993502644133
                        ],
                        [
                            45.04531860351562,
                            41.25716209782705
                        ],
                        [
                            45.014703984626344,
                            41.29714971909307
                        ],
                        [
                            44.99038696289062,
                            41.28296653985038
                        ],
                        [
                            44.973907470703125,
                            41.27058168052551
                        ],
                        [
                            44.951934814453125,
                            41.2602591693733
                        ],
                        [
                            44.92034912109374,
                            41.25922682850889
                        ],
                        [
                            44.89288330078125,
                            41.26851730884114
                        ],
                        [
                            44.86541748046875,
                            41.26851730884114
                        ],
                        [
                            44.847564697265625,
                            41.27780646738183
                        ],
                        [
                            44.81597900390625,
                            41.297412572239566
                        ]
                    ]
                ],
                "type": "Polygon"
            }
        }
    ]
}