{
    "type": "FeatureCollection",
    "features": [
        {
            "type": "Feature",
            "properties": {},
            "geometry": {
                "coordinates": [
                    [
                        [
                            15.065002441406248,
                            49.01625665778159
                        ],
                        [
                            14.996337890625,
                            49.01445529346132
                        ],
                        [
                            14.979858398437502,
                            48.94956275956837
                        ],
                        [
                            14.979858398437502,
                            48.91166975698412
                        ],
                        [
                            14.979858398437502,
                            48.84302835299516
                        ],
                        [
                            14.95513916015625,
                            48.7941995829296
                        ],
                        [
                            14.971618652343748,
                            48.785151998043155
                        ],
                        [
                            14.974365234375,
                            48.76886223397753
                        ],
                        [
                            14.95513916015625,
                            48.76343113791796
                        ],
                        [
                            14.9029541015625,
                            48.77067246880509
                        ],
                        [
                            14.85626220703125,
                            48.79058074474321
                        ],
                        [
                            14.809570312499998,
                            48.776102781718585
                        ],
                        [
                            14.804077148437498,
                            48.73083222613515
                        ],
                        [
                            14.738159179687502,
                            48.7000249460914
                        ],
                        [
                            14.71343994140625,
                            48.66012869453836
                        ],
                        [
                            14.71893310546875,
                            48.62383195130112
                        ],
                        [
                            14.716186523437498,
                            48.60204136700653
                        ],
                        [
                            14.7052001953125,
                            48.58932584966975
                        ],
                        [
                            14.6612548828125,
                            48.58205840283824
                        ],
                        [
                            14.650268554687498,
                            48.60748989475176
                        ],
                        [
                            14.628295898437498,
                            48.60748989475176
                        ],
                        [
                            14.603576660156252,
                            48.62564740882851
                        ],
                        [
                            14.556884765625002,
                            48.612937834706464
                        ],
                        [
                            14.496459960937502,
                            48.61656946813302
                        ],
                        [
                            14.47174072265625,
                            48.64924241413968
                        ],
                        [
                            14.447021484374998,
                            48.64561313162894
                        ],
                        [
                            14.447021484374998,
                            48.62564740882851
                        ],
                        [
                            14.447021484374998,
                            48.58932584966975
                        ],
                        [
                            14.389343261718752,
                            48.59114254808809
                        ],
                        [
                            14.386596679687498,
                            48.5729726246542
                        ],
                        [
                            14.361877441406248,
                            48.574789910928864
                        ],
                        [
                            14.337158203125,
                            48.55479616922359
                        ],
                        [
                            14.2437744140625,
                            48.58205840283824
                        ],
                        [
                            14.1339111328125,
                            48.592959181191695
                        ],
                        [
                            14.084472656249998,
                            48.59840868861914
                        ],
                        [
                            14.04327392578125,
                            48.61475368407372
                        ],
                        [
                            14.029541015625,
                            48.64924241413968
                        ],
                        [
                            14.05975341796875,
                            48.66194284607006
                        ],
                        [
                            14.024047851562498,
                            48.705462895790546
                        ],
                        [
                            13.9691162109375,
                            48.7181491602648
                        ],
                        [
                            13.90869140625,
                            48.75799945448164
                        ],
                        [
                            13.84552001953125,
                            48.77067246880509
                        ],
                        [
                            13.843975067138672,
                            48.77248263837077
                        ],
                        [
                            13.839561805339569,
                            48.771591968570526
                        ],
                        [
                            13.839683532714844,
                            48.76807023571851
                        ],
                        [
                            13.836936950683592,
                            48.763544291743514
                        ],
                        [
                            13.828182220458983,
                            48.75901793986824
                        ],
                        [
                            13.821659088134766,
                            48.75528339249263
                        ],
                        [
                            13.819770812988281,
                            48.738757518095376
                        ],
                        [
                            13.817882537841797,
                            48.732983500344034
                        ],
                        [
                            13.810157775878906,
                            48.72766175952657
                        ],
                        [
                            13.80105972290039,
                            48.71848892693363
                        ],
                        [
                            13.794364929199219,
                            48.71509115697363
                        ],
                        [
                            13.802947998046873,
                            48.708748039019284
                        ],
                        [
                            13.811016082763672,
                            48.70784181403163
                        ],
                        [
                            13.811187744140625,
                            48.704443324975855
                        ],
                        [
                            13.81204605102539,
                            48.70183766127341
                        ],
                        [
                            13.817882537841797,
                            48.7000249460914
                        ],
                        [
                            13.82680892944336,
                            48.70047813100718
                        ],
                        [
                            13.83779525756836,
                            48.700818017016374
                        ],
                        [
                            13.834190368652344,
                            48.69243349220036
                        ],
                        [
                            13.82577896118164,
                            48.6932266827277
                        ],
                        [
                            13.817710876464844,
                            48.69401986075905
                        ],
                        [
                            13.812732696533203,
                            48.691526973439345
                        ],
                        [
                            13.82354736328125,
                            48.68370757165364
                        ],
                        [
                            13.82080078125,
                            48.65287143545865
                        ],
                        [
                            13.83453369140625,
                            48.62383195130112
                        ],
                        [
                            13.78509521484375,
                            48.567520373908295
                        ],
                        [
                            13.75762939453125,
                            48.56388521347092
                        ],
                        [
                            13.74664306640625,
                            48.53661318127798
                        ],
                        [
                            13.73016357421875,
                            48.5147849720974
                        ],
                        [
                            13.68621826171875,
                            48.52933815687993
                        ],
                        [
                            13.64776611328125,
                            48.54752375797609
                        ],
                        [
                            13.590087890625,
                            48.569337856144415
                        ],
                        [
                            13.57086181640625,
                            48.567520373908295
                        ],
                        [
                            13.51043701171875,
                            48.59114254808809
                        ],
                        [
                            13.47198486328125,
                            48.56206753526866
                        ],
                        [
                            13.45001220703125,
                            48.558431982894355
                        ],
                        [
                            13.433532714843748,
                            48.542068763606466
                        ],
                        [
                            13.46099853515625,
                            48.51842366030161
                        ],
                        [
                            13.433532714843748,
                            48.469279317167164
                        ],
                        [
                            13.44451904296875,
                            48.44742209577055
                        ],
                        [
                            13.4307861328125,
                            48.41097247934197
                        ],
                        [
                            13.40057373046875,
                            48.372672242291294
                        ],
                        [
                            13.33740234375,
                            48.328865239704655
                        ],
                        [
                            13.265991210937498,
                            48.30146673770983
                        ],
                        [
                            13.194580078125,
                            48.295985271707636
                        ],
                        [
                            13.0517578125,
                            48.26125565204099
                        ],
                        [
                            12.97210693359375,
                            48.213692646648035
                        ],
                        [
                            12.87872314453125,
                            48.20820176205911
                        ],
                        [
                            12.85400390625,
                            48.180738507303836
                        ],
                        [
                            12.821044921875,
                            48.15509285476017
                        ],
                        [
                            12.79083251953125,
                            48.13493370228957
                        ],
                        [
                            12.76611328125,
                            48.12943437745315
                        ],
                        [
                            12.752380371093748,
                            48.11476663187632
                        ],
                        [
                            12.768859863281248,
                            48.065232067568
                        ],
                        [
                            12.83477783203125,
                            48.03769224746972
                        ],
                        [
                            12.8704833984375,
                            47.97153658265933
                        ],
                        [
                            12.90069580078125,
                            47.96050238891509
                        ],
                        [
                            12.9364013671875,
                            47.94394667836214
                        ],
                        [
                            12.996826171875,
                            47.85003078545827
                        ],
                        [
                            12.980346679687498,
                            47.81499895328108
                        ],
                        [
                            12.91717529296875,
                            47.77625204393233
                        ],
                        [
                            12.94189453125,
                            47.76517619125415
                        ],
                        [
                            12.91168212890625,
                            47.73193447949174
                        ],
                        [
                            12.90618896484375,
                            47.71530566159559
                        ],
                        [
                            12.94464111328125,
                            47.71345768748889
                        ],
                        [
                            13.00506591796875,
                            47.711609647845975
                        ],
                        [
                            13.0462646484375,
                            47.71345768748889
                        ],
                        [
                            13.08746337890625,
                            47.67648444221321
                        ],
                        [
                            13.08746337890625,
                            47.63023101663225
                        ],
                        [
                            13.06549072265625,
                            47.60986653003798
                        ],
                        [
                            13.062744140625,
                            47.589494110887394
                        ],
                        [
                            13.040771484374998,
                            47.57281986733871
                        ],
                        [
                            13.04351806640625,
                            47.543163654317304
                        ],
                        [
                            13.040771484374998,
                            47.51349065484327
                        ],
                        [
                            13.02978515625,
                            47.489368981370724
                        ],
                        [
                            13.00506591796875,
                            47.47266286861342
                        ],
                        [
                            12.980346679687498,
                            47.48008846346322
                        ],
                        [
                            12.952880859375,
                            47.48380086737799
                        ],
                        [
                            12.90069580078125,
                            47.50978034953473
                        ],
                        [
                            12.859497070312498,
                            47.5394554474239
                        ],
                        [
                            12.81829833984375,
                            47.55614031294337
                        ],
                        [
                            12.782592773437498,
                            47.570966845786124
                        ],
                        [
                            12.79083251953125,
                            47.60060732292067
                        ],
                        [
                            12.8375244140625,
                            47.60986653003798
                        ],
                        [
                            12.799072265624998,
                            47.63023101663225
                        ],
                        [
                            12.76336669921875,
                            47.646886969413
                        ],
                        [
                            12.777099609375,
                            47.669086647137576
                        ],
                        [
                            12.752380371093748,
                            47.67278567576541
                        ],
                        [
                            12.74139404296875,
                            47.68757916850813
                        ],
                        [
                            12.691955566406248,
                            47.68203210030427
                        ],
                        [
                            12.6123046875,
                            47.66168780332917
                        ],
                        [
                            12.56561279296875,
                            47.635783590864854
                        ],
                        [
                            12.50244140625,
                            47.63023101663225
                        ],
                        [
                            12.45574951171875,
                            47.66723703450518
                        ],
                        [
                            12.44476318359375,
                            47.69127688626756
                        ],
                        [
                            12.38433837890625,
                            47.68942806015855
                        ],
                        [
                            12.3486328125,
                            47.69127688626756
                        ],
                        [
                            12.29095458984375,
                            47.68942806015855
                        ],
                        [
                            12.25799560546875,
                            47.68388118858139
                        ],
                        [
                            12.25250244140625,
                            47.69682297134991
                        ],
                        [
                            12.25799560546875,
                            47.719001413201916
                        ],
                        [
                            12.268981933593748,
                            47.743017409121826
                        ],
                        [
                            12.25250244140625,
                            47.74117041801028
                        ],
                        [
                            12.205810546875,
                            47.71345768748889
                        ],
                        [
                            12.16461181640625,
                            47.702368466573716
                        ],
                        [
                            12.2003173828125,
                            47.635783590864854
                        ],
                        [
                            12.20306396484375,
                            47.6080148197327
                        ],
                        [
                            12.183837890625,
                            47.60616304386874
                        ],
                        [
                            12.1563720703125,
                            47.611718174784926
                        ],
                        [
                            12.10418701171875,
                            47.60986653003798
                        ],
                        [
                            12.06024169921875,
                            47.619124098197325
                        ],
                        [
                            12.0245361328125,
                            47.60986653003798
                        ],
                        [
                            12.00531005859375,
                            47.622826666563675
                        ],
                        [
                            11.854248046875,
                            47.59505101193038
                        ],
                        [
                            11.8487548828125,
                            47.5820839916191
                        ],
                        [
                            11.7938232421875,
                            47.589494110887394
                        ],
                        [
                            11.708679199218748,
                            47.5820839916191
                        ],
                        [
                            11.64276123046875,
                            47.58764167941513
                        ],
                        [
                            11.5850830078125,
                            47.56355410390806
                        ],
                        [
                            11.59332275390625,
                            47.517200697839414
                        ],
                        [
                            11.557617187499998,
                            47.5079250985124
                        ],
                        [
                            11.483459472656248,
                            47.50978034953473
                        ],
                        [
                            11.43951416015625,
                            47.5153457091302
                        ],
                        [
                            11.4202880859375,
                            47.506069781910846
                        ],
                        [
                            11.38458251953125,
                            47.48008846346322
                        ],
                        [
                            11.40106201171875,
                            47.46523622438362
                        ],
                        [
                            11.4312744140625,
                            47.44480754169437
                        ],
                        [
                            11.39007568359375,
                            47.44480754169437
                        ],
                        [
                            11.337890625,
                            47.43737696208075
                        ],
                        [
                            11.29119873046875,
                            47.42622912485741
                        ],
                        [
                            11.285705566406248,
                            47.402067376409036
                        ],
                        [
                            11.241760253906248,
                            47.39463076190644
                        ],
                        [
                            11.2445068359375,
                            47.429945332976125
                        ],
                        [
                            11.13739013671875,
                            47.41322033016902
                        ],
                        [
                            11.1181640625,
                            47.39834920035926
                        ],
                        [
                            11.0577392578125,
                            47.40392636603371
                        ],
                        [
                            10.9808349609375,
                            47.39277144427804
                        ],
                        [
                            10.986328125,
                            47.42251265435723
                        ],
                        [
                            10.92864990234375,
                            47.48194469821279
                        ],
                        [
                            10.87646484375,
                            47.487513008956554
                        ],
                        [
                            10.87646484375,
                            47.49864785970502
                        ],
                        [
                            10.9149169921875,
                            47.517200697839414
                        ],
                        [
                            10.89019775390625,
                            47.535746978239125
                        ],
                        [
                            10.8489990234375,
                            47.52091047852614
                        ],
                        [
                            10.777587890625,
                            47.519055620971265
                        ],
                        [
                            10.74462890625,
                            47.5394554474239
                        ],
                        [
                            10.70068359375,
                            47.55243302404593
                        ],
                        [
                            10.64849853515625,
                            47.55614031294337
                        ],
                        [
                            10.5963134765625,
                            47.56355410390806
                        ],
                        [
                            10.5743408203125,
                            47.537601245618134
                        ],
                        [
                            10.53314208984375,
                            47.537601245618134
                        ],
                        [
                            10.47821044921875,
                            47.54687159892238
                        ],
                        [
                            10.4644775390625,
                            47.56355410390806
                        ],
                        [
                            10.46722412109375,
                            47.585789182379905
                        ],
                        [
                            10.4315185546875,
                            47.57837853860192
                        ],
                        [
                            10.4425048828125,
                            47.557993859037765
                        ],
                        [
                            10.4425048828125,
                            47.54501765940571
                        ],
                        [
                            10.43701171875,
                            47.5264746577327
                        ],
                        [
                            10.43701171875,
                            47.49493650511712
                        ],
                        [
                            10.45623779296875,
                            47.49493650511712
                        ],
                        [
                            10.4644775390625,
                            47.48008846346322
                        ],
                        [
                            10.47821044921875,
                            47.43366127871628
                        ],
                        [
                            10.4425048828125,
                            47.41136166853917
                        ],
                        [
                            10.42327880859375,
                            47.381614160856806
                        ],
                        [
                            10.382080078125,
                            47.359292508710716
                        ],
                        [
                            10.35186767578125,
                            47.32579231609051
                        ],
                        [
                            10.316162109375,
                            47.301584511330795
                        ],
                        [
                            10.2777099609375,
                            47.27922900257082
                        ],
                        [
                            10.23651123046875,
                            47.27177506640828
                        ],
                        [
                            10.18707275390625,
                            47.266183925231
                        ],
                        [
                            10.18157958984375,
                            47.284818765649284
                        ],
                        [
                            10.198059082031248,
                            47.29599652002003
                        ],
                        [
                            10.20904541015625,
                            47.31648293428332
                        ],
                        [
                            10.22003173828125,
                            47.34812813983327
                        ],
                        [
                            10.228271484374998,
                            47.37975438400816
                        ],
                        [
                            10.18157958984375,
                            47.37975438400816
                        ],
                        [
                            10.167846679687498,
                            47.3704545156932
                        ],
                        [
                            10.1348876953125,
                            47.368594345213374
                        ],
                        [
                            10.09368896484375,
                            47.364873807434094
                        ],
                        [
                            10.077209472656248,
                            47.41136166853917
                        ],
                        [
                            10.09368896484375,
                            47.44666502261753
                        ],
                        [
                            10.07171630859375,
                            47.45780853075031
                        ],
                        [
                            10.046997070312498,
                            47.48194469821279
                        ],
                        [
                            10.016784667968748,
                            47.47823216312885
                        ],
                        [
                            9.98382568359375,
                            47.49679221520181
                        ],
                        [
                            9.964599609375,
                            47.53203824675999
                        ],
                        [
                            9.91790771484375,
                            47.53389264528655
                        ],
                        [
                            9.88494873046875,
                            47.5394554474239
                        ],
                        [
                            9.87396240234375,
                            47.5264746577327
                        ],
                        [
                            9.849243164062498,
                            47.53203824675999
                        ],
                        [
                            9.82452392578125,
                            47.55428670127958
                        ],
                        [
                            9.81353759765625,
                            47.58764167941513
                        ],
                        [
                            9.7998046875,
                            47.59505101193038
                        ],
                        [
                            9.77783203125,
                            47.5913464767971
                        ],
                        [
                            9.75311279296875,
                            47.56355410390806
                        ],
                        [
                            9.7393798828125,
                            47.5394554474239
                        ],
                        [
                            9.731420233613932,
                            47.534199301013466
                        ],
                        [
                            9.621715737041285,
                            47.51445635009642
                        ],
                        [
                            9.562781525776387,
                            47.50441909613149
                        ],
                        [
                            9.564446067904072,
                            47.49292226522306
                        ],
                        [
                            9.600794792641352,
                            47.46077044673981
                        ],
                        [
                            9.607702729989882,
                            47.46965036821205
                        ],
                        [
                            9.621223781373729,
                            47.45806916481525
                        ],
                        [
                            9.657625580206,
                            47.45078398579886
                        ],
                        [
                            9.656982421875,
                            47.41507892620101
                        ],
                        [
                            9.678955078125,
                            47.387193097780425
                        ],
                        [
                            9.66522216796875,
                            47.372314620566925
                        ],
                        [
                            9.6240234375,
                            47.36115300722623
                        ],
                        [
                            9.60205078125,
                            47.327653995607115
                        ],
                        [
                            9.5635986328125,
                            47.30530951077587
                        ],
                        [
                            9.530100610080837,
                            47.27065164618086
                        ],
                        [
                            9.56085205078125,
                            47.249406957888446
                        ],
                        [
                            9.567267316341287,
                            47.240671964947325
                        ],
                        [
                            9.55291738022035,
                            47.22494361739064
                        ],
                        [
                            9.570695613265045,
                            47.218608253521076
                        ],
                        [
                            9.584759745196264,
                            47.204360038403145
                        ],
                        [
                            9.573403201492226,
                            47.19087817862095
                        ],
                        [
                            9.573886961033878,
                            47.17662035659916
                        ],
                        [
                            9.565254290568134,
                            47.170395103031524
                        ],
                        [
                            9.579519364182827,
                            47.17117230940761
                        ],
                        [
                            9.597450134993153,
                            47.162829150852616
                        ],
                        [
                            9.60641552039911,
                            47.14867059285085
                        ],
                        [
                            9.612961847587293,
                            47.147829597818344
                        ],
                        [
                            9.620858756998174,
                            47.151581230358225
                        ],
                        [
                            9.625210388073064,
                            47.145458269904836
                        ],
                        [
                            9.624178570830477,
                            47.13171692964112
                        ],
                        [
                            9.63462670248424,
                            47.127278093292404
                        ],
                        [
                            9.620468297933627,
                            47.11056386817202
                        ],
                        [
                            9.634491942894599,
                            47.101173038829984
                        ],
                        [
                            9.6338280061793,
                            47.083736818963224
                        ],
                        [
                            9.624387003738313,
                            47.08307575994844
                        ],
                        [
                            9.618991211406385,
                            47.07872153482225
                        ],
                        [
                            9.61190719129543,
                            47.0785060656422
                        ],
                        [
                            9.613102023861991,
                            47.0664623376431
                        ],
                        [
                            9.607543945312498,
                            47.06062806303748
                        ],
                        [
                            9.626878495403105,
                            47.051362724946614
                        ],
                        [
                            9.64874267578125,
                            47.060767479833494
                        ],
                        [
                            9.70916748046875,
                            47.04954010021555
                        ],
                        [
                            9.80255126953125,
                            47.02707824931892
                        ],
                        [
                            9.86297607421875,
                            47.02333368818491
                        ],
                        [
                            9.876708984375,
                            47.010225655683485
                        ],
                        [
                            9.8876953125,
                            46.98962081759436
                        ],
                        [
                            9.8712158203125,
                            46.931509883369316
                        ],
                        [
                            9.942626953125,
                            46.914627144654055
                        ],
                        [
                            10.016784667968748,
                            46.89023157359399
                        ],
                        [
                            10.04974365234375,
                            46.869580496513265
                        ],
                        [
                            10.08270263671875,
                            46.862069043222895
                        ],
                        [
                            10.1019287109375,
                            46.84516443029276
                        ],
                        [
                            10.228271484374998,
                            46.87145819560722
                        ],
                        [
                            10.2447509765625,
                            46.92963428624288
                        ],
                        [
                            10.318908691406248,
                            46.92588289494367
                        ],
                        [
                            10.3216552734375,
                            46.95776134668866
                        ],
                        [
                            10.338134765625,
                            46.98399993718925
                        ],
                        [
                            10.36834716796875,
                            46.9933677428342
                        ],
                        [
                            10.41229248046875,
                            46.97837846572259
                        ],
                        [
                            10.43426513671875,
                            46.95588666908011
                        ],
                        [
                            10.49468994140625,
                            46.937136280659246
                        ],
                        [
                            10.47271728515625,
                            46.9052455464292
                        ],
                        [
                            10.469808251168445,
                            46.85496216372534
                        ],
                        [
                            10.5413818359375,
                            46.84516443029276
                        ],
                        [
                            10.57708740234375,
                            46.83577067935951
                        ],
                        [
                            10.681457519531248,
                            46.87709089874478
                        ],
                        [
                            10.71441650390625,
                            46.84516443029276
                        ],
                        [
                            10.76934814453125,
                            46.82073726164968
                        ],
                        [
                            10.733642578125,
                            46.77749276376827
                        ],
                        [
                            10.79681396484375,
                            46.78877728793222
                        ],
                        [
                            10.84625244140625,
                            46.7756117797763
                        ],
                        [
                            10.8819580078125,
                            46.76620587423741
                        ],
                        [
                            10.94512939453125,
                            46.76808718675661
                        ],
                        [
                            11.02752685546875,
                            46.77184961467733
                        ],
                        [
                            11.07696533203125,
                            46.8169782502437
                        ],
                        [
                            11.0687255859375,
                            46.84516443029276
                        ],
                        [
                            11.085205078125,
                            46.875213396722685
                        ],
                        [
                            11.1126708984375,
                            46.91087470241917
                        ],
                        [
                            11.15936279296875,
                            46.931509883369316
                        ],
                        [
                            11.1895751953125,
                            46.965259400349275
                        ],
                        [
                            11.2445068359375,
                            46.98025235521883
                        ],
                        [
                            11.33514404296875,
                            46.98025235521883
                        ],
                        [
                            11.37908935546875,
                            46.965259400349275
                        ],
                        [
                            11.44500732421875,
                            46.98212617904094
                        ],
                        [
                            11.483459472656248,
                            47.00835281693705
                        ],
                        [
                            11.5191650390625,
                            46.9989876381546
                        ],
                        [
                            11.55487060546875,
                            46.98774725646568
                        ],
                        [
                            11.62078857421875,
                            47.01209842876063
                        ],
                        [
                            11.7059326171875,
                            46.98962081759436
                        ],
                        [
                            11.744384765625,
                            46.970882250990755
                        ],
                        [
                            11.7608642578125,
                            46.98212617904094
                        ],
                        [
                            11.82952880859375,
                            46.9933677428342
                        ],
                        [
                            11.91741943359375,
                            47.02707824931892
                        ],
                        [
                            12.057495117187498,
                            47.05889641405164
                        ],
                        [
                            12.1234130859375,
                            47.08508535995386
                        ],
                        [
                            12.19207763671875,
                            47.092565552235705
                        ],
                        [
                            12.238769531249998,
                            47.07012182383309
                        ],
                        [
                            12.21954345703125,
                            47.05515408550348
                        ],
                        [
                            12.2113037109375,
                            47.03831035673275
                        ],
                        [
                            12.178344726562498,
                            47.02333368818491
                        ],
                        [
                            12.14263916015625,
                            47.01397113616876
                        ],
                        [
                            12.117919921874998,
                            46.98962081759436
                        ],
                        [
                            12.139892578125,
                            46.96338498544958
                        ],
                        [
                            12.1563720703125,
                            46.933385414813955
                        ],
                        [
                            12.161865234375,
                            46.90899838277448
                        ],
                        [
                            12.20306396484375,
                            46.89398546092549
                        ],
                        [
                            12.22503662109375,
                            46.882723010671945
                        ],
                        [
                            12.26348876953125,
                            46.878968335076856
                        ],
                        [
                            12.293701171875,
                            46.84704298339386
                        ],
                        [
                            12.29095458984375,
                            46.82073726164968
                        ],
                        [
                            12.29095458984375,
                            46.78313532151751
                        ],
                        [
                            12.3486328125,
                            46.779373682055635
                        ],
                        [
                            12.36785888671875,
                            46.74362499884437
                        ],
                        [
                            12.40081787109375,
                            46.70031853924921
                        ],
                        [
                            12.50244140625,
                            46.677710064644344
                        ],
                        [
                            12.5628662109375,
                            46.65697731621612
                        ],
                        [
                            12.691955566406248,
                            46.65320687122665
                        ],
                        [
                            12.733154296875,
                            46.64755071082884
                        ],
                        [
                            12.83477783203125,
                            46.62303384721474
                        ],
                        [
                            12.84576416015625,
                            46.60794102560568
                        ],
                        [
                            12.908935546875,
                            46.60228013300284
                        ],
                        [
                            13.04351806640625,
                            46.60605412713272
                        ],
                        [
                            13.23028564453125,
                            46.56263732086835
                        ],
                        [
                            13.30169677734375,
                            46.558860303117164
                        ],
                        [
                            13.3648681640625,
                            46.56641407568593
                        ],
                        [
                            13.42529296875,
                            46.555083022430495
                        ],
                        [
                            13.4967041015625,
                            46.56263732086835
                        ],
                        [
                            13.590087890625,
                            46.53997127029103
                        ],
                        [
                            13.713868402280298,
                            46.522514345820404
                        ],
                        [
                            13.80706787109375,
                            46.50784482789971
                        ],
                        [
                            13.90045166015625,
                            46.522965520307295
                        ],
                        [
                            14.0020751953125,
                            46.4851559004343
                        ],
                        [
                            14.02679443359375,
                            46.49082901981415
                        ],
                        [
                            14.1009521484375,
                            46.481373492133784
                        ],
                        [
                            14.15313720703125,
                            46.44164232762498
                        ],
                        [
                            14.21630859375,
                            46.43596408010131
                        ],
                        [
                            14.2767333984375,
                            46.445427497233844
                        ],
                        [
                            14.3316650390625,
                            46.43217825300941
                        ],
                        [
                            14.4305419921875,
                            46.443534945303284
                        ],
                        [
                            14.43878173828125,
                            46.42460580983505
                        ],
                        [
                            14.488220214843748,
                            46.41513877649199
                        ],
                        [
                            14.521179199218748,
                            46.42081919374916
                        ],
                        [
                            14.567871093749998,
                            46.375359286114566
                        ],
                        [
                            14.589843749999998,
                            46.39430551701068
                        ],
                        [
                            14.589843749999998,
                            46.43596408010131
                        ],
                        [
                            14.628295898437498,
                            46.443534945303284
                        ],
                        [
                            14.69146728515625,
                            46.45678142812658
                        ],
                        [
                            14.7052001953125,
                            46.49650154751426
                        ],
                        [
                            14.820556640625,
                            46.5116253954379
                        ],
                        [
                            14.82879638671875,
                            46.56263732086835
                        ],
                        [
                            14.87274169921875,
                            46.60228013300284
                        ],
                        [
                            14.9139404296875,
                            46.60605412713272
                        ],
                        [
                            14.957885742187498,
                            46.62869257083747
                        ],
                        [
                            14.985351562499998,
                            46.60039303734547
                        ],
                        [
                            15.018310546874998,
                            46.64189395892872
                        ],
                        [
                            15.128173828125,
                            46.6588624401289
                        ],
                        [
                            15.18310546875,
                            46.65320687122665
                        ],
                        [
                            15.23529052734375,
                            46.64377960861833
                        ],
                        [
                            15.314941406249998,
                            46.649436163350245
                        ],
                        [
                            15.400085449218748,
                            46.65320687122665
                        ],
                        [
                            15.43853759765625,
                            46.64566519258496
                        ],
                        [
                            15.468749999999998,
                            46.61548796222358
                        ],
                        [
                            15.496215820312498,
                            46.62303384721474
                        ],
                        [
                            15.523681640625002,
                            46.63057868059483
                        ],
                        [
                            15.5511474609375,
                            46.66263249079177
                        ],
                        [
                            15.57861328125,
                            46.68336307047754
                        ],
                        [
                            15.6390380859375,
                            46.685247274319565
                        ],
                        [
                            15.65277099609375,
                            46.70596917928676
                        ],
                        [
                            15.702209472656248,
                            46.694667307773116
                        ],
                        [
                            15.784606933593748,
                            46.702202151643455
                        ],
                        [
                            15.831298828124998,
                            46.721034661295676
                        ],
                        [
                            15.94940185546875,
                            46.68713141244413
                        ],
                        [
                            16.0015869140625,
                            46.67394106549699
                        ],
                        [
                            16.040039062499996,
                            46.66074749832068
                        ],
                        [
                            16.040039062499996,
                            46.68147880091785
                        ],
                        [
                            16.00982666015625,
                            46.70973594407157
                        ],
                        [
                            15.98236083984375,
                            46.74738913515841
                        ],
                        [
                            15.998840332031248,
                            46.82449601026205
                        ],
                        [
                            16.0345458984375,
                            46.837649560937464
                        ],
                        [
                            16.083984375,
                            46.86019101567027
                        ],
                        [
                            16.113210563601513,
                            46.869167053056486
                        ],
                        [
                            16.17462158203125,
                            46.9052455464292
                        ],
                        [
                            16.1993408203125,
                            46.931509883369316
                        ],
                        [
                            16.25152587890625,
                            46.95401192579361
                        ],
                        [
                            16.27899169921875,
                            46.97275640318636
                        ],
                        [
                            16.2982177734375,
                            47.00460694243501
                        ],
                        [
                            16.32568359375,
                            46.997114405385986
                        ],
                        [
                            16.3751220703125,
                            47.00273390667881
                        ],
                        [
                            16.46026611328125,
                            46.9933677428342
                        ],
                        [
                            16.49871826171875,
                            47.00647991252098
                        ],
                        [
                            16.46026611328125,
                            47.02333368818491
                        ],
                        [
                            16.44378662109375,
                            47.034566583590426
                        ],
                        [
                            16.51519775390625,
                            47.06263847995432
                        ],
                        [
                            16.47674560546875,
                            47.075733642316195
                        ],
                        [
                            16.47674560546875,
                            47.100044694025215
                        ],
                        [
                            16.5179443359375,
                            47.131819327544115
                        ],
                        [
                            16.509704589843746,
                            47.15236927446393
                        ],
                        [
                            16.449279785156246,
                            47.150501425705635
                        ],
                        [
                            16.446533203125,
                            47.187845928576344
                        ],
                        [
                            16.4300537109375,
                            47.191578934752954
                        ],
                        [
                            16.42181396484375,
                            47.21583707523794
                        ],
                        [
                            16.43829345703125,
                            47.2549998709802
                        ],
                        [
                            16.46575927734375,
                            47.25872815157009
                        ],
                        [
                            16.4849853515625,
                            47.297859249409825
                        ],
                        [
                            16.42181396484375,
                            47.34812813983327
                        ],
                        [
                            16.449279785156246,
                            47.3630134401339
                        ],
                        [
                            16.45477294921875,
                            47.38905261221537
                        ],
                        [
                            16.446533203125,
                            47.4057852900587
                        ],
                        [
                            16.47674560546875,
                            47.41136166853917
                        ],
                        [
                            16.490478515625,
                            47.39834920035926
                        ],
                        [
                            16.53717041015625,
                            47.40020832118433
                        ],
                        [
                            16.60308837890625,
                            47.42437092240519
                        ],
                        [
                            16.65802001953125,
                            47.46337939935778
                        ],
                        [
                            16.65802001953125,
                            47.502358951968574
                        ],
                        [
                            16.69647216796875,
                            47.537601245618134
                        ],
                        [
                            16.67449951171875,
                            47.56726060598141
                        ],
                        [
                            16.66900634765625,
                            47.59505101193038
                        ],
                        [
                            16.63330078125,
                            47.632081940263305
                        ],
                        [
                            16.5728759765625,
                            47.622826666563675
                        ],
                        [
                            16.5234375,
                            47.646886969413
                        ],
                        [
                            16.509704589843746,
                            47.635783590864854
                        ],
                        [
                            16.424560546875,
                            47.66723703450518
                        ],
                        [
                            16.44378662109375,
                            47.69497434186282
                        ],
                        [
                            16.4630126953125,
                            47.68388118858139
                        ],
                        [
                            16.48223876953125,
                            47.69867153529717
                        ],
                        [
                            16.5509033203125,
                            47.719001413201916
                        ],
                        [
                            16.53717041015625,
                            47.74486433470359
                        ],
                        [
                            16.600341796875,
                            47.759637380334595
                        ],
                        [
                            16.6387939453125,
                            47.75225138174104
                        ],
                        [
                            16.72393798828125,
                            47.73193447949174
                        ],
                        [
                            16.75689697265625,
                            47.68757916850813
                        ],
                        [
                            16.82830810546875,
                            47.68757916850813
                        ],
                        [
                            16.8365478515625,
                            47.70606513569572
                        ],
                        [
                            16.875,
                            47.720849190702324
                        ],
                        [
                            16.8804931640625,
                            47.68942806015855
                        ],
                        [
                            17.083740234375,
                            47.70791337194979
                        ],
                        [
                            17.07550048828125,
                            47.72269690266809
                        ],
                        [
                            17.053527832031246,
                            47.78917089079263
                        ],
                        [
                            17.06451416015625,
                            47.81315451752768
                        ],
                        [
                            17.01507568359375,
                            47.85924575819688
                        ],
                        [
                            17.0452880859375,
                            47.87582858242869
                        ],
                        [
                            17.0892333984375,
                            47.88503897004144
                        ],
                        [
                            17.105712890625,
                            47.92554522341879
                        ],
                        [
                            17.100219726562496,
                            47.936586882217306
                        ],
                        [
                            17.105712890625,
                            47.96050238891509
                        ],
                        [
                            17.0947265625,
                            47.97521412341618
                        ],
                        [
                            17.16135112789624,
                            48.0064921631696
                        ],
                        [
                            17.1331787109375,
                            48.019324184801185
                        ],
                        [
                            17.0782470703125,
                            48.03034580796616
                        ],
                        [
                            17.08648681640625,
                            48.09642606004488
                        ],
                        [
                            17.07275390625,
                            48.11293286919236
                        ],
                        [
                            17.05902099609375,
                            48.144097934938884
                        ],
                        [
                            17.0233154296875,
                            48.15326053170717
                        ],
                        [
                            16.98486328125,
                            48.167917284047974
                        ],
                        [
                            16.96563720703125,
                            48.204540845239244
                        ],
                        [
                            16.94915771484375,
                            48.244796538712365
                        ],
                        [
                            16.94366455078125,
                            48.270397314685724
                        ],
                        [
                            16.89697265625,
                            48.30329376225394
                        ],
                        [
                            16.89422607421875,
                            48.330691283387175
                        ],
                        [
                            16.85577392578125,
                            48.34712273417819
                        ],
                        [
                            16.83380126953125,
                            48.379969748170524
                        ],
                        [
                            16.85028076171875,
                            48.38544219115483
                        ],
                        [
                            16.85028076171875,
                            48.41826449418746
                        ],
                        [
                            16.858520507812496,
                            48.45653041501911
                        ],
                        [
                            16.951904296875,
                            48.542068763606466
                        ],
                        [
                            16.9354248046875,
                            48.56570282635063
                        ],
                        [
                            16.940110031563393,
                            48.616680567135035
                        ],
                        [
                            16.91966274783792,
                            48.621902168846844
                        ],
                        [
                            16.918945312499996,
                            48.68189420361741
                        ],
                        [
                            16.89971923828125,
                            48.719961222646276
                        ],
                        [
                            16.8475341796875,
                            48.71271258145237
                        ],
                        [
                            16.77337646484375,
                            48.721773219750666
                        ],
                        [
                            16.737670898437496,
                            48.73807825631017
                        ],
                        [
                            16.6937255859375,
                            48.73445537176822
                        ],
                        [
                            16.688232421875,
                            48.75437800586312
                        ],
                        [
                            16.65802001953125,
                            48.77972266402536
                        ],
                        [
                            16.622314453125,
                            48.78153250728974
                        ],
                        [
                            16.5838623046875,
                            48.7941995829296
                        ],
                        [
                            16.53717041015625,
                            48.814098527355746
                        ],
                        [
                            16.51519775390625,
                            48.801436476249386
                        ],
                        [
                            16.4630126953125,
                            48.814098527355746
                        ],
                        [
                            16.435546875,
                            48.76705193388751
                        ],
                        [
                            16.38336181640625,
                            48.741700879765396
                        ],
                        [
                            16.35040283203125,
                            48.73626684667533
                        ],
                        [
                            16.226806640625,
                            48.739889600673365
                        ],
                        [
                            16.1279296875,
                            48.739889600673365
                        ],
                        [
                            15.952148437499998,
                            48.7996273507997
                        ],
                        [
                            15.938415527343748,
                            48.83037360946773
                        ],
                        [
                            15.845031738281248,
                            48.87013489622034
                        ],
                        [
                            15.784606933593748,
                            48.87194147722911
                        ],
                        [
                            15.757141113281248,
                            48.85206549830757
                        ],
                        [
                            15.6939697265625,
                            48.85929404028653
                        ],
                        [
                            15.630798339843752,
                            48.89180956320587
                        ],
                        [
                            15.545654296875,
                            48.90625412315376
                        ],
                        [
                            15.5181884765625,
                            48.926108577622024
                        ],
                        [
                            15.482482910156248,
                            48.94595514118904
                        ],
                        [
                            15.4522705078125,
                            48.94595514118904
                        ],
                        [
                            15.400085449218748,
                            48.96218736991556
                        ],
                        [
                            15.35888671875,
                            48.982019588328214
                        ],
                        [
                            15.31768798828125,
                            48.982019588328214
                        ],
                        [
                            15.273742675781248,
                            48.99103162515999
                        ],
                        [
                            15.281982421875002,
                            48.97661158387714
                        ],
                        [
                            15.238037109375,
                            48.956777213851424
                        ],
                        [
                            15.161132812500002,
                            48.93693495409401
                        ],
                        [
                            15.16387939453125,
                            48.99463598353405
                        ],
                        [
                            15.08148193359375,
                            48.99463598353405
                        ],
                        [
                            15.065002441406248,
                            49.01625665778159
                        ]
                    ]
                ],
                "type": "Polygon"
            }
        }
    ]
}