{
    "type": "FeatureCollection",
    "features": [
        {
            "type": "Feature",
            "properties": {},
            "geometry": {
                "coordinates": [
                    [
                        [
                            -88.40286254882812,
                            18.492633354495656
                        ],
                        [
                            -88.43032836914062,
                            18.485470112719618
                        ],
                        [
                            -88.44612121582031,
                            18.47570157324906
                        ],
                        [
                            -88.45367431640624,
                            18.48612132889131
                        ],
                        [
                            -88.46878051757811,
                            18.490028573953296
                        ],
                        [
                            -88.48731994628906,
                            18.48742375381096
                        ],
                        [
                            -88.52165222167969,
                            18.45941943757901
                        ],
                        [
                            -88.52989196777344,
                            18.409260759286735
                        ],
                        [
                            -88.54843139648438,
                            18.37472745827403
                        ],
                        [
                            -88.5443115234375,
                            18.362997593747227
                        ],
                        [
                            -88.604736328125,
                            18.292601681349797
                        ],
                        [
                            -88.59855651855469,
                            18.28934191783106
                        ],
                        [
                            -88.60198974609375,
                            18.24435092563637
                        ],
                        [
                            -88.6164093017578,
                            18.22282937523598
                        ],
                        [
                            -88.62945556640625,
                            18.222177165476367
                        ],
                        [
                            -88.6328887939453,
                            18.196739079152003
                        ],
                        [
                            -88.64730834960938,
                            18.185649520265386
                        ],
                        [
                            -88.65005493164062,
                            18.162163421261205
                        ],
                        [
                            -88.66378784179686,
                            18.153029085094236
                        ],
                        [
                            -88.66653442382812,
                            18.134106441464507
                        ],
                        [
                            -88.68713378906249,
                            18.11909737194523
                        ],
                        [
                            -88.69537353515625,
                            18.078631734719927
                        ],
                        [
                            -88.71665954589844,
                            18.071451372294696
                        ],
                        [
                            -88.71528625488281,
                            18.060353871025246
                        ],
                        [
                            -88.76609802246094,
                            18.03423933901062
                        ],
                        [
                            -88.77227783203125,
                            18.00616189446879
                        ],
                        [
                            -88.78738403320312,
                            17.997672483883054
                        ],
                        [
                            -88.78326416015625,
                            17.985917240752073
                        ],
                        [
                            -88.81141662597655,
                            17.95391289081594
                        ],
                        [
                            -88.8299560546875,
                            17.946727444203237
                        ],
                        [
                            -88.85604858398438,
                            17.92843589962316
                        ],
                        [
                            -88.85673522949219,
                            17.89446087652962
                        ],
                        [
                            -88.86909484863281,
                            17.891847143590894
                        ],
                        [
                            -88.89244079589844,
                            17.904262032135396
                        ],
                        [
                            -88.90617370605469,
                            17.913409288694826
                        ],
                        [
                            -88.91853332519531,
                            17.914716001103248
                        ],
                        [
                            -88.93157958984375,
                            17.93496881111123
                        ],
                        [
                            -88.9453125,
                            17.95391289081594
                        ],
                        [
                            -88.98101806640625,
                            17.956525708106838
                        ],
                        [
                            -88.98719787597656,
                            17.94476772628429
                        ],
                        [
                            -88.99749755859375,
                            17.976773732490905
                        ],
                        [
                            -89.00779724121094,
                            17.99244802807996
                        ],
                        [
                            -89.02359008789062,
                            18.006814909120497
                        ],
                        [
                            -89.05792236328125,
                            18.000284653751503
                        ],
                        [
                            -89.09500122070312,
                            17.982651756454118
                        ],
                        [
                            -89.11285400390625,
                            17.96893606283577
                        ],
                        [
                            -89.12384033203124,
                            17.97612060663762
                        ],
                        [
                            -89.13139343261717,
                            17.974161214584193
                        ],
                        [
                            -89.13482666015625,
                            17.961098045448505
                        ],
                        [
                            -89.15336608886719,
                            17.95260646769184
                        ],
                        [
                            -89.15208954162266,
                            17.815216221346866
                        ],
                        [
                            -89.14924621582031,
                            17.523582506809756
                        ],
                        [
                            -89.14993286132812,
                            17.064661760709804
                        ],
                        [
                            -89.15542602539062,
                            16.968800551835564
                        ],
                        [
                            -89.19456481933594,
                            16.404470456702423
                        ],
                        [
                            -89.22752380371094,
                            15.901244284446545
                        ],
                        [
                            -89.22340393066406,
                            15.888696839136989
                        ],
                        [
                            -89.19387817382811,
                            15.901244284446545
                        ],
                        [
                            -89.17671203613281,
                            15.91379094700381
                        ],
                        [
                            -89.16023254394531,
                            15.903885752157375
                        ],
                        [
                            -89.13825988769531,
                            15.898602782043078
                        ],
                        [
                            -89.11216735839844,
                            15.906527185170441
                        ],
                        [
                            -89.07714843749999,
                            15.906527185170441
                        ],
                        [
                            -89.05105590820312,
                            15.912470282559344
                        ],
                        [
                            -89.01878356933594,
                            15.909168583480563
                        ],
                        [
                            -89.02015686035156,
                            15.89398006937341
                        ],
                        [
                            -88.99749755859375,
                            15.901904654626879
                        ],
                        [
                            -88.97483825683594,
                            15.890678066728546
                        ],
                        [
                            -88.92059326171874,
                            15.891338471591837
                        ],
                        [
                            -88.91029357910156,
                            15.899263160896083
                        ],
                        [
                            -88.91578674316406,
                            15.91709257014172
                        ],
                        [
                            -88.92402648925781,
                            15.948125174247378
                        ],
                        [
                            -88.934326171875,
                            15.976512499165409
                        ],
                        [
                            -88.9178466796875,
                            15.992354837216727
                        ],
                        [
                            -88.88008117675781,
                            16.014796000304674
                        ],
                        [
                            -88.84986877441406,
                            16.0345949318151
                        ],
                        [
                            -88.84506225585938,
                            16.05373203008907
                        ],
                        [
                            -88.82926940917969,
                            16.06956823789603
                        ],
                        [
                            -88.80729675292969,
                            16.078145657456567
                        ],
                        [
                            -88.79768371582031,
                            16.10651448462386
                        ],
                        [
                            -88.75442504882812,
                            16.130262012034756
                        ],
                        [
                            -88.73245239257812,
                            16.13553885395344
                        ],
                        [
                            -88.70773315429688,
                            16.15796386308706
                        ],
                        [
                            -88.63563537597656,
                            16.173791750607396
                        ],
                        [
                            -88.5882568359375,
                            16.21599324835452
                        ],
                        [
                            -88.58207702636719,
                            16.23643135093859
                        ],
                        [
                            -88.5662841796875,
                            16.261481612633045
                        ],
                        [
                            -88.54225158691406,
                            16.27136899476706
                        ],
                        [
                            -88.54087829589844,
                            16.285210493073016
                        ],
                        [
                            -88.52508544921875,
                            16.309595517742196
                        ],
                        [
                            -88.48800659179688,
                            16.34188452525275
                        ],
                        [
                            -88.46878051757811,
                            16.38273235769295
                        ],
                        [
                            -88.43376159667969,
                            16.403811762085002
                        ],
                        [
                            -88.41796875,
                            16.440036653336893
                        ],
                        [
                            -88.39874267578124,
                            16.47493788321538
                        ],
                        [
                            -88.35617065429688,
                            16.50719946582598
                        ],
                        [
                            -88.36372375488281,
                            16.520365912442116
                        ],
                        [
                            -88.35685729980469,
                            16.546037901796122
                        ],
                        [
                            -88.35960388183592,
                            16.582236181217482
                        ],
                        [
                            -88.35136413574217,
                            16.611847891605784
                        ],
                        [
                            -88.31497192382812,
                            16.63684978111646
                        ],
                        [
                            -88.30810546875,
                            16.675662043309767
                        ],
                        [
                            -88.29574584960938,
                            16.714466431446382
                        ],
                        [
                            -88.30947875976562,
                            16.748002850231376
                        ],
                        [
                            -88.28956604003905,
                            16.781533362973697
                        ],
                        [
                            -88.27033996582031,
                            16.79928241630398
                        ],
                        [
                            -88.24905395507812,
                            16.802569095932352
                        ],
                        [
                            -88.25729370117188,
                            16.825574258731486
                        ],
                        [
                            -88.26690673828125,
                            16.85251961129595
                        ],
                        [
                            -88.28681945800781,
                            16.87683285449198
                        ],
                        [
                            -88.28201293945311,
                            16.90771273124269
                        ],
                        [
                            -88.26759338378906,
                            16.9208515706518
                        ],
                        [
                            -88.22639465332031,
                            16.929391324813995
                        ],
                        [
                            -88.2147216796875,
                            16.958292232496554
                        ],
                        [
                            -88.22227478027344,
                            16.979308283127494
                        ],
                        [
                            -88.24150085449219,
                            17.07056940564234
                        ],
                        [
                            -88.26210021972656,
                            17.073851349787525
                        ],
                        [
                            -88.2806396484375,
                            17.080415064851085
                        ],
                        [
                            -88.2861328125,
                            17.104698801134454
                        ],
                        [
                            -88.29849243164062,
                            17.13029174353376
                        ],
                        [
                            -88.3026123046875,
                            17.19852235364461
                        ],
                        [
                            -88.29368591308594,
                            17.281808322053724
                        ],
                        [
                            -88.26278686523438,
                            17.40633903325532
                        ],
                        [
                            -88.24836730957031,
                            17.459402691946003
                        ],
                        [
                            -88.23051452636719,
                            17.480361856782192
                        ],
                        [
                            -88.21403503417969,
                            17.467262661516568
                        ],
                        [
                            -88.18931579589844,
                            17.47446733557919
                        ],
                        [
                            -88.17146301269531,
                            17.493460108989975
                        ],
                        [
                            -88.19068908691406,
                            17.519653781765818
                        ],
                        [
                            -88.20304870605469,
                            17.5262016095855
                        ],
                        [
                            -88.26141357421875,
                            17.555009243667573
                        ],
                        [
                            -88.28750610351562,
                            17.583812296355177
                        ],
                        [
                            -88.27857971191406,
                            17.632243444131635
                        ],
                        [
                            -88.25592041015625,
                            17.671502394306497
                        ],
                        [
                            -88.22502136230469,
                            17.721872157624553
                        ],
                        [
                            -88.19549560546874,
                            17.897727988564345
                        ],
                        [
                            -88.1494903564453,
                            17.959791675419225
                        ],
                        [
                            -88.14262390136719,
                            17.99963161491187
                        ],
                        [
                            -88.10073852539062,
                            18.100171059195425
                        ],
                        [
                            -88.09318542480469,
                            18.18173538993064
                        ],
                        [
                            -88.08975219726562,
                            18.21761162872689
                        ],
                        [
                            -88.08975219726562,
                            18.297165247277814
                        ],
                        [
                            -88.08700561523436,
                            18.34800827349917
                        ],
                        [
                            -88.09799194335938,
                            18.37472745827403
                        ],
                        [
                            -88.1378173828125,
                            18.361694226250485
                        ],
                        [
                            -88.17626953125,
                            18.344749553480487
                        ],
                        [
                            -88.20236206054688,
                            18.339535473622973
                        ],
                        [
                            -88.20098876953125,
                            18.351266932051026
                        ],
                        [
                            -88.23188781738281,
                            18.34083900833504
                        ],
                        [
                            -88.23463439941405,
                            18.361042538811702
                        ],
                        [
                            -88.28338623046875,
                            18.346704792867193
                        ],
                        [
                            -88.33969116210938,
                            18.330410455409986
                        ],
                        [
                            -88.31016540527344,
                            18.361694226250485
                        ],
                        [
                            -88.32183837890625,
                            18.367559302479318
                        ],
                        [
                            -88.37265014648438,
                            18.349963476006913
                        ],
                        [
                            -88.39050292968749,
                            18.35322209767414
                        ],
                        [
                            -88.38981628417969,
                            18.381895316197046
                        ],
                        [
                            -88.319091796875,
                            18.42359330348393
                        ],
                        [
                            -88.29437255859375,
                            18.458768120015126
                        ],
                        [
                            -88.31565856933594,
                            18.48481889407345
                        ],
                        [
                            -88.32595825195312,
                            18.48807496255878
                        ],
                        [
                            -88.3575439453125,
                            18.485470112719618
                        ],
                        [
                            -88.36921691894531,
                            18.478306571532077
                        ],
                        [
                            -88.38569641113281,
                            18.48481889407345
                        ],
                        [
                            -88.40286254882812,
                            18.492633354495656
                        ]
                    ]
                ],
                "type": "Polygon"
            }
        },
        {
            "type": "Feature",
            "properties": {},
            "geometry": {
                "coordinates": [
                    [
                        [
                            -88.02383422851562,
                            17.79903472172503
                        ],
                        [
                            -88.03550720214844,
                            17.75326433486089
                        ],
                        [
                            -88.04306030273438,
                            17.711406876502377
                        ],
                        [
                            -88.04786682128905,
                            17.67411935318314
                        ],
                        [
                            -88.03825378417969,
                            17.691128657307438
                        ],
                        [
                            -88.00872802734374,
                            17.79707337422801
                        ],
                        [
                            -88.02383422851562,
                            17.79903472172503
                        ]
                    ]
                ],
                "type": "Polygon"
            }
        },
        {
            "type": "Feature",
            "properties": {},
            "geometry": {
                "coordinates": [
                    [
                        [
                            -88.09112548828125,
                            17.72579648058704
                        ],
                        [
                            -88.10279846191405,
                            17.723834329843772
                        ],
                        [
                            -88.10829162597656,
                            17.712715070035767
                        ],
                        [
                            -88.12408447265625,
                            17.697670268598802
                        ],
                        [
                            -88.14605712890625,
                            17.687203576173054
                        ],
                        [
                            -88.16734313964844,
                            17.67739049821944
                        ],
                        [
                            -88.16871643066406,
                            17.662997014982857
                        ],
                        [
                            -88.17901611328125,
                            17.65121967218791
                        ],
                        [
                            -88.19618225097655,
                            17.65776273554449
                        ],
                        [
                            -88.20991516113281,
                            17.6453307118703
                        ],
                        [
                            -88.18313598632812,
                            17.63616972425169
                        ],
                        [
                            -88.15635681152344,
                            17.64663938635979
                        ],
                        [
                            -88.12545776367186,
                            17.630280272001478
                        ],
                        [
                            -88.10142517089844,
                            17.615228575620993
                        ],
                        [
                            -88.08906555175781,
                            17.591012342916574
                        ],
                        [
                            -88.08151245117188,
                            17.56417434860194
                        ],
                        [
                            -88.0938720703125,
                            17.541260716671534
                        ],
                        [
                            -88.07601928710938,
                            17.547153070268127
                        ],
                        [
                            -88.06365966796874,
                            17.570720568038833
                        ],
                        [
                            -88.06777954101562,
                            17.603448111283228
                        ],
                        [
                            -88.05885314941406,
                            17.640750276284912
                        ],
                        [
                            -88.07121276855467,
                            17.6459850503036
                        ],
                        [
                            -88.08357238769531,
                            17.627008270947076
                        ],
                        [
                            -88.09799194335938,
                            17.632243444131635
                        ],
                        [
                            -88.1158447265625,
                            17.644676371059997
                        ],
                        [
                            -88.14125061035155,
                            17.65645414189856
                        ],
                        [
                            -88.12339782714844,
                            17.67673627397344
                        ],
                        [
                            -88.09318542480469,
                            17.69897856226166
                        ],
                        [
                            -88.09112548828125,
                            17.722526217417048
                        ],
                        [
                            -88.09112548828125,
                            17.72579648058704
                        ]
                    ]
                ],
                "type": "Polygon"
            }
        },
        {
            "type": "Feature",
            "properties": {},
            "geometry": {
                "coordinates": [
                    [
                        [
                            -88.07052612304688,
                            17.503938031340173
                        ],
                        [
                            -88.08906555175781,
                            17.497389400663824
                        ],
                        [
                            -88.08631896972655,
                            17.48691110080686
                        ],
                        [
                            -88.05473327636719,
                            17.49280521878672
                        ],
                        [
                            -88.07052612304688,
                            17.503938031340173
                        ]
                    ]
                ],
                "type": "Polygon"
            }
        },
        {
            "type": "Feature",
            "properties": {},
            "geometry": {
                "coordinates": [
                    [
                        [
                            -88.06022644042969,
                            17.47381237699306
                        ],
                        [
                            -88.07327270507812,
                            17.456127604522266
                        ],
                        [
                            -88.07464599609375,
                            17.444991866993263
                        ],
                        [
                            -88.07807922363281,
                            17.423373494038206
                        ],
                        [
                            -88.077392578125,
                            17.402407778297736
                        ],
                        [
                            -88.07258605957031,
                            17.376197252136055
                        ],
                        [
                            -88.06159973144531,
                            17.36767802291435
                        ],
                        [
                            -88.05610656738281,
                            17.377507867609264
                        ],
                        [
                            -88.06159973144531,
                            17.403062993328923
                        ],
                        [
                            -88.06297302246092,
                            17.41616680065723
                        ],
                        [
                            -88.06022644042969,
                            17.452197421906515
                        ],
                        [
                            -88.05816650390625,
                            17.460057702365532
                        ],
                        [
                            -88.05335998535156,
                            17.47250245275028
                        ],
                        [
                            -88.06022644042969,
                            17.47381237699306
                        ]
                    ]
                ],
                "type": "Polygon"
            }
        },
        {
            "type": "Feature",
            "properties": {},
            "geometry": {
                "coordinates": [
                    [
                        [
                            -88.20442199707031,
                            17.58119402650602
                        ],
                        [
                            -88.21128845214842,
                            17.573993588952014
                        ],
                        [
                            -88.20167541503906,
                            17.56875672707108
                        ],
                        [
                            -88.19549560546874,
                            17.58053945311979
                        ],
                        [
                            -88.20442199707031,
                            17.58119402650602
                        ]
                    ]
                ],
                "type": "Polygon"
            }
        },
        {
            "type": "Feature",
            "properties": {},
            "geometry": {
                "coordinates": [
                    [
                        [
                            -88.16322326660156,
                            17.57137517695832
                        ],
                        [
                            -88.16390991210938,
                            17.56875672707108
                        ],
                        [
                            -88.17420959472656,
                            17.57006595675108
                        ],
                        [
                            -88.18450927734375,
                            17.555009243667573
                        ],
                        [
                            -88.18931579589844,
                            17.537987104123797
                        ],
                        [
                            -88.18313598632812,
                            17.5262016095855
                        ],
                        [
                            -88.17008972167969,
                            17.529475434886237
                        ],
                        [
                            -88.17558288574219,
                            17.539296556236707
                        ],
                        [
                            -88.17214965820311,
                            17.547153070268127
                        ],
                        [
                            -88.16322326660156,
                            17.57137517695832
                        ]
                    ]
                ],
                "type": "Polygon"
            }
        },
        {
            "type": "Feature",
            "properties": {},
            "geometry": {
                "coordinates": [
                    [
                        [
                            -88.15910339355469,
                            17.520308575179257
                        ],
                        [
                            -88.1597900390625,
                            17.511141252452802
                        ],
                        [
                            -88.15086364746094,
                            17.50131860739035
                        ],
                        [
                            -88.13369750976561,
                            17.497389400663824
                        ],
                        [
                            -88.11859130859375,
                            17.498044274351155
                        ],
                        [
                            -88.11721801757812,
                            17.505247729152874
                        ],
                        [
                            -88.13850402832031,
                            17.5078670964508
                        ],
                        [
                            -88.14193725585938,
                            17.519653781765818
                        ],
                        [
                            -88.15910339355469,
                            17.520308575179257
                        ]
                    ]
                ],
                "type": "Polygon"
            }
        },
        {
            "type": "Feature",
            "properties": {},
            "geometry": {
                "coordinates": [
                    [
                        [
                            -88.12751770019531,
                            17.46300522010602
                        ],
                        [
                            -88.13129425048828,
                            17.46300522010602
                        ],
                        [
                            -88.13369750976561,
                            17.459730197450167
                        ],
                        [
                            -88.12511444091797,
                            17.4587476791713
                        ],
                        [
                            -88.12751770019531,
                            17.46300522010602
                        ]
                    ]
                ],
                "type": "Polygon"
            }
        },
        {
            "type": "Feature",
            "properties": {},
            "geometry": {
                "coordinates": [
                    [
                        [
                            -88.19652557373047,
                            17.36538431657719
                        ],
                        [
                            -88.19446563720703,
                            17.360141451412183
                        ],
                        [
                            -88.19171905517578,
                            17.35588151302759
                        ],
                        [
                            -88.19377899169922,
                            17.347689045617106
                        ],
                        [
                            -88.17523956298828,
                            17.351949174349176
                        ],
                        [
                            -88.16802978515625,
                            17.35489843626487
                        ],
                        [
                            -88.16665649414062,
                            17.34539508915956
                        ],
                        [
                            -88.15670013427733,
                            17.339168491325275
                        ],
                        [
                            -88.16219329833984,
                            17.354570742839176
                        ],
                        [
                            -88.16734313964844,
                            17.364073614348946
                        ],
                        [
                            -88.19652557373047,
                            17.36538431657719
                        ]
                    ]
                ],
                "type": "Polygon"
            }
        },
        {
            "type": "Feature",
            "properties": {},
            "geometry": {
                "coordinates": [
                    [
                        [
                            -87.79312133789062,
                            17.58512141706122
                        ],
                        [
                            -87.83706665039061,
                            17.536677642553208
                        ],
                        [
                            -87.86865234374999,
                            17.493460108989975
                        ],
                        [
                            -87.9345703125,
                            17.397821207326782
                        ],
                        [
                            -87.93045043945311,
                            17.327042405074096
                        ],
                        [
                            -87.94967651367188,
                            17.26541641749757
                        ],
                        [
                            -87.93869018554686,
                            17.20376982191752
                        ],
                        [
                            -87.90985107421875,
                            17.159161602658134
                        ],
                        [
                            -87.85903930664062,
                            17.194586654814724
                        ],
                        [
                            -87.82470703125,
                            17.240497931237368
                        ],
                        [
                            -87.78213500976562,
                            17.300821103565585
                        ],
                        [
                            -87.7972412109375,
                            17.372920672410423
                        ],
                        [
                            -87.78762817382812,
                            17.438441115408605
                        ],
                        [
                            -87.75741577148438,
                            17.494769882318828
                        ],
                        [
                            -87.75192260742186,
                            17.539296556236707
                        ],
                        [
                            -87.79312133789062,
                            17.58512141706122
                        ]
                    ]
                ],
                "type": "Polygon"
            }
        },
        {
            "type": "Feature",
            "properties": {},
            "geometry": {
                "coordinates": [
                    [
                        [
                            -87.50473022460938,
                            17.468572623463153
                        ],
                        [
                            -87.51983642578125,
                            17.443681735501702
                        ],
                        [
                            -87.48825073242188,
                            17.42271835184761
                        ],
                        [
                            -87.48138427734375,
                            17.465952690145564
                        ],
                        [
                            -87.50473022460938,
                            17.468572623463153
                        ]
                    ]
                ],
                "type": "Polygon"
            }
        },
        {
            "type": "Feature",
            "properties": {},
            "geometry": {
                "coordinates": [
                    [
                        [
                            -87.5830078125,
                            17.228693263502908
                        ],
                        [
                            -87.60635375976562,
                            17.211640745316966
                        ],
                        [
                            -87.60635375976562,
                            17.184091048975866
                        ],
                        [
                            -87.58438110351562,
                            17.197210463331245
                        ],
                        [
                            -87.5830078125,
                            17.228693263502908
                        ]
                    ]
                ],
                "type": "Polygon"
            }
        },
        {
            "type": "Feature",
            "properties": {},
            "geometry": {
                "coordinates": [
                    [
                        [
                            -88.02383422851562,
                            17.10535507439779
                        ],
                        [
                            -88.05953979492188,
                            17.09485442464107
                        ],
                        [
                            -88.0609130859375,
                            17.069913009885475
                        ],
                        [
                            -88.03619384765625,
                            17.064661760709804
                        ],
                        [
                            -88.02383422851562,
                            17.10535507439779
                        ]
                    ]
                ],
                "type": "Polygon"
            }
        },
        {
            "type": "Feature",
            "properties": {},
            "geometry": {
                "coordinates": [
                    [
                        [
                            -88.01422119140625,
                            17.006888277600524
                        ],
                        [
                            -88.033447265625,
                            16.99638209145678
                        ],
                        [
                            -88.06777954101562,
                            16.976681405451455
                        ],
                        [
                            -88.04718017578125,
                            16.97011405041246
                        ],
                        [
                            -88.01422119140625,
                            17.006888277600524
                        ]
                    ]
                ],
                "type": "Polygon"
            }
        },
        {
            "type": "Feature",
            "properties": {},
            "geometry": {
                "coordinates": [
                    [
                        [
                            -88.07464599609375,
                            16.912311429252732
                        ],
                        [
                            -88.10623168945312,
                            16.901799954655466
                        ],
                        [
                            -88.1268310546875,
                            16.886031644106723
                        ],
                        [
                            -88.11859130859375,
                            16.828203242420393
                        ],
                        [
                            -88.077392578125,
                            16.808484975792403
                        ],
                        [
                            -88.08975219726562,
                            16.849233798068777
                        ],
                        [
                            -88.07464599609375,
                            16.912311429252732
                        ]
                    ]
                ],
                "type": "Polygon"
            }
        },
        {
            "type": "Feature",
            "properties": {},
            "geometry": {
                "coordinates": [
                    [
                        [
                            -87.86865234374999,
                            18.201957450999323
                        ],
                        [
                            -87.89955139160155,
                            18.161510984517324
                        ],
                        [
                            -87.90023803710938,
                            18.13345389999159
                        ],
                        [
                            -87.90916442871094,
                            18.11909737194523
                        ],
                        [
                            -87.923583984375,
                            18.091033487001273
                        ],
                        [
                            -87.93937683105469,
                            18.067534687203104
                        ],
                        [
                            -87.94075012207031,
                            18.035545157702643
                        ],
                        [
                            -87.96615600585938,
                            18.021833578254643
                        ],
                        [
                            -87.96821594238281,
                            17.98918266463051
                        ],
                        [
                            -87.98606872558594,
                            17.955219304287816
                        ],
                        [
                            -88.00186157226562,
                            17.921902747125646
                        ],
                        [
                            -88.01284790039062,
                            17.89968822690757
                        ],
                        [
                            -88.02177429199219,
                            17.891847143590894
                        ],
                        [
                            -88.03413391113281,
                            17.890540262686226
                        ],
                        [
                            -88.07533264160156,
                            17.86309354177697
                        ],
                        [
                            -88.07670593261719,
                            17.841525287708215
                        ],
                        [
                            -88.04580688476562,
                            17.847407798129574
                        ],
                        [
                            -88.02314758300781,
                            17.867014761506578
                        ],
                        [
                            -87.98538208007811,
                            17.878777901594702
                        ],
                        [
                            -87.96821594238281,
                            17.89968822690757
                        ],
                        [
                            -87.92701721191406,
                            17.959791675419225
                        ],
                        [
                            -87.90229797363281,
                            18.01465089622104
                        ],
                        [
                            -87.88032531738281,
                            18.06231230454674
                        ],
                        [
                            -87.857666015625,
                            18.09625501513539
                        ],
                        [
                            -87.82127380371092,
                            18.12105514965183
                        ],
                        [
                            -87.83157348632812,
                            18.157596312876674
                        ],
                        [
                            -87.84324645996094,
                            18.186954210858275
                        ],
                        [
                            -87.85697937011719,
                            18.18173538993064
                        ],
                        [
                            -87.8631591796875,
                            18.195434461776465
                        ],
                        [
                            -87.86865234374999,
                            18.201957450999323
                        ]
                    ]
                ],
                "type": "Polygon"
            }
        },
        {
            "type": "Feature",
            "properties": {},
            "geometry": {
                "coordinates": [
                    [
                        [
                            -87.94761657714844,
                            18.122360322627372
                        ],
                        [
                            -87.97027587890624,
                            18.109308155101445
                        ],
                        [
                            -87.98057556152344,
                            18.092338883610214
                        ],
                        [
                            -87.989501953125,
                            18.07275691457901
                        ],
                        [
                            -87.96340942382812,
                            18.07797898663566
                        ],
                        [
                            -87.93869018554686,
                            18.09690769521982
                        ],
                        [
                            -87.9345703125,
                            18.111918666421197
                        ],
                        [
                            -87.94761657714844,
                            18.122360322627372
                        ]
                    ]
                ],
                "type": "Polygon"
            }
        },
        {
            "type": "Feature",
            "properties": {},
            "geometry": {
                "coordinates": [
                    [
                        [
                            -88.00804138183594,
                            18.067534687203104
                        ],
                        [
                            -88.03688049316406,
                            18.021833578254643
                        ],
                        [
                            -88.02726745605469,
                            18.010732946224717
                        ],
                        [
                            -88.01834106445312,
                            18.040115446810525
                        ],
                        [
                            -88.00804138183594,
                            18.067534687203104
                        ]
                    ]
                ],
                "type": "Polygon"
            }
        }
    ]
}