{
    "type": "FeatureCollection",
    "features": [
        {
            "type": "Feature",
            "properties": {},
            "geometry": {
                "coordinates": [
                    [
                        [
                            2.841339111328125,
                            12.407742004767519
                        ],
                        [
                            2.791900634765625,
                            12.392988217568007
                        ],
                        [
                            2.769927978515625,
                            12.362807417197136
                        ],
                        [
                            2.7568817138671875,
                            12.350063365787124
                        ],
                        [
                            2.7335357666015625,
                            12.366161011703085
                        ],
                        [
                            2.6930236816406246,
                            12.281637337022117
                        ],
                        [
                            2.6758575439453125,
                            12.307131471736984
                        ],
                        [
                            2.6374053955078125,
                            12.294384713402073
                        ],
                        [
                            2.596893310546875,
                            12.296397400559249
                        ],
                        [
                            2.5824737548828125,
                            12.281637337022117
                        ],
                        [
                            2.550201416015625,
                            12.276269835896835
                        ],
                        [
                            2.5179290771484375,
                            12.291030200567242
                        ],
                        [
                            2.5014495849609375,
                            12.270902225352646
                        ],
                        [
                            2.4726104736328125,
                            12.270902225352646
                        ],
                        [
                            2.46917724609375,
                            12.257482720579121
                        ],
                        [
                            2.45269775390625,
                            12.260837660820478
                        ],
                        [
                            2.3819732666015625,
                            12.254798737655632
                        ],
                        [
                            2.3874664306640625,
                            12.240707379385771
                        ],
                        [
                            2.382659912109375,
                            12.189703804004086
                        ],
                        [
                            2.3902130126953125,
                            12.160170932131832
                        ],
                        [
                            2.3929595947265625,
                            12.113180059816095
                        ],
                        [
                            2.4121856689453125,
                            12.08229583736359
                        ],
                        [
                            2.4513244628906246,
                            12.019845118815587
                        ],
                        [
                            2.4629974365234375,
                            11.982233387831068
                        ],
                        [
                            2.454757690429687,
                            11.983576754272802
                        ],
                        [
                            2.4382781982421875,
                            11.977531552647788
                        ],
                        [
                            2.4362182617187496,
                            11.9580516494836
                        ],
                        [
                            2.4114990234375,
                            11.956036406986875
                        ],
                        [
                            2.3929595947265625,
                            11.933195943594898
                        ],
                        [
                            2.41424560546875,
                            11.906994218992697
                        ],
                        [
                            2.4021942255983504,
                            11.899203945050893
                        ],
                        [
                            2.3984527587890625,
                            11.89422836054339
                        ],
                        [
                            2.4039459228515625,
                            11.870710737617621
                        ],
                        [
                            2.3847198486328125,
                            11.860631134947859
                        ],
                        [
                            2.3737335205078125,
                            11.843158941607458
                        ],
                        [
                            2.3860931396484375,
                            11.83039009361855
                        ],
                        [
                            2.368927001953125,
                            11.820981087319332
                        ],
                        [
                            2.3668670654296875,
                            11.79409643102828
                        ],
                        [
                            2.3435211181640625,
                            11.786702688481432
                        ],
                        [
                            2.338714599609375,
                            11.771914606200369
                        ],
                        [
                            2.3201751708984375,
                            11.753764509036115
                        ],
                        [
                            2.3016357421875,
                            11.71947772936839
                        ],
                        [
                            2.30987548828125,
                            11.677790030006117
                        ],
                        [
                            2.2707366943359375,
                            11.654253881153602
                        ],
                        [
                            2.21649169921875,
                            11.60515778605222
                        ],
                        [
                            2.1869659423828125,
                            11.600449486739072
                        ],
                        [
                            2.0153045654296875,
                            11.428878967577688
                        ],
                        [
                            1.9727325439453125,
                            11.422148584626964
                        ],
                        [
                            1.9384002685546875,
                            11.430898051301307
                        ],
                        [
                            1.885528564453125,
                            11.438974242306147
                        ],
                        [
                            1.8395233154296873,
                            11.438301235184616
                        ],
                        [
                            1.746826171875,
                            11.425513796074753
                        ],
                        [
                            1.7035675048828125,
                            11.414071914243973
                        ],
                        [
                            1.676788330078125,
                            11.403975753036736
                        ],
                        [
                            1.6431427001953123,
                            11.400610286205671
                        ],
                        [
                            1.613616943359375,
                            11.397917884039344
                        ],
                        [
                            1.593017578125,
                            11.40868733961014
                        ],
                        [
                            1.5854644775390625,
                            11.430898051301307
                        ],
                        [
                            1.5772247314453123,
                            11.431571076012284
                        ],
                        [
                            1.5799713134765625,
                            11.452434048707556
                        ],
                        [
                            1.5703582763671875,
                            11.453107022219326
                        ],
                        [
                            1.571044921875,
                            11.464547326825468
                        ],
                        [
                            1.550445556640625,
                            11.475987168176685
                        ],
                        [
                            1.5401458740234375,
                            11.45512593314557
                        ],
                        [
                            1.506500244140625,
                            11.458490752653873
                        ],
                        [
                            1.503753662109375,
                            11.475987168176685
                        ],
                        [
                            1.4948272705078125,
                            11.457144829656395
                        ],
                        [
                            1.473541259765625,
                            11.469257905863257
                        ],
                        [
                            1.448822021484375,
                            11.480697556335342
                        ],
                        [
                            1.385650634765625,
                            11.440320251750387
                        ],
                        [
                            1.3897705078125,
                            11.40262957108852
                        ],
                        [
                            1.35955810546875,
                            11.389840524525674
                        ],
                        [
                            1.3162994384765623,
                            11.361567960696178
                        ],
                        [
                            1.3437652587890625,
                            11.319153860320416
                        ],
                        [
                            1.327972412109375,
                            11.292894361058085
                        ],
                        [
                            1.2579345703125,
                            11.320500436421426
                        ],
                        [
                            1.259307861328125,
                            11.288180863031288
                        ],
                        [
                            1.2785339355468748,
                            11.260571678401696
                        ],
                        [
                            1.2490081787109375,
                            11.248449735768261
                        ],
                        [
                            1.1789703369140625,
                            11.262591952545991
                        ],
                        [
                            1.1473846435546875,
                            11.272693110431502
                        ],
                        [
                            1.1295318603515625,
                            11.257204523310325
                        ],
                        [
                            1.1542510986328125,
                            11.224877832038523
                        ],
                        [
                            1.1501312255859375,
                            11.189179572173774
                        ],
                        [
                            1.153564453125,
                            11.163581884219079
                        ],
                        [
                            1.1309051513671875,
                            11.175033760761144
                        ],
                        [
                            1.09039306640625,
                            11.152129555952488
                        ],
                        [
                            1.0546875,
                            11.145392681430282
                        ],
                        [
                            1.056060791015625,
                            11.125854863092481
                        ],
                        [
                            1.07391357421875,
                            11.122486141228997
                        ],
                        [
                            1.089019775390625,
                            11.08071075852305
                        ],
                        [
                            1.1178588867187498,
                            11.042299094029365
                        ],
                        [
                            1.113739013671875,
                            11.032863880653734
                        ],
                        [
                            1.0608673095703125,
                            11.059820828563412
                        ],
                        [
                            1.0292816162109375,
                            11.04769050841533
                        ],
                        [
                            1.0086822509765625,
                            11.088122955930965
                        ],
                        [
                            0.9784698486328124,
                            11.092839710993548
                        ],
                        [
                            0.9674835205078125,
                            11.059146935052448
                        ],
                        [
                            0.9510040283203125,
                            11.03758152522604
                        ],
                        [
                            0.9228515625,
                            11.022754387287112
                        ],
                        [
                            0.9170935814556174,
                            10.9964522024045
                        ],
                        [
                            0.9104919433593749,
                            10.979616648556078
                        ],
                        [
                            0.891265869140625,
                            10.923663010955066
                        ],
                        [
                            0.904998779296875,
                            10.873767739353797
                        ],
                        [
                            0.888519287109375,
                            10.863652814178272
                        ],
                        [
                            0.87890625,
                            10.800932640687549
                        ],
                        [
                            0.83221435546875,
                            10.751016902876426
                        ],
                        [
                            0.806121826171875,
                            10.72335732832338
                        ],
                        [
                            0.802001953125,
                            10.685574312521242
                        ],
                        [
                            0.808868408203125,
                            10.573547092689159
                        ],
                        [
                            0.784149169921875,
                            10.524269137345923
                        ],
                        [
                            0.7779693603515625,
                            10.376388162866519
                        ],
                        [
                            0.9908294677734375,
                            10.225734322414597
                        ],
                        [
                            1.1020660400390625,
                            10.147338971518469
                        ],
                        [
                            1.3533782958984375,
                            9.995900626867186
                        ],
                        [
                            1.3629913330078125,
                            9.823418445809562
                        ],
                        [
                            1.3739776611328125,
                            9.80176723944146
                        ],
                        [
                            1.3629913330078125,
                            9.76725770881807
                        ],
                        [
                            1.3677978515625,
                            9.657615522114368
                        ],
                        [
                            1.3767242431640623,
                            9.652877088976386
                        ],
                        [
                            1.3671112060546875,
                            9.631891798594312
                        ],
                        [
                            1.3684844970703125,
                            9.597364774080114
                        ],
                        [
                            1.3368988037109375,
                            9.54184336329451
                        ],
                        [
                            1.349945068359375,
                            9.516110858860797
                        ],
                        [
                            1.360931396484375,
                            9.488344668146576
                        ],
                        [
                            1.3767242431640623,
                            9.488344668146576
                        ],
                        [
                            1.3897705078125,
                            9.49037641697809
                        ],
                        [
                            1.3938903808593748,
                            9.446352499964977
                        ],
                        [
                            1.4117431640625,
                            9.337284459988716
                        ],
                        [
                            1.43096923828125,
                            9.299339726202044
                        ],
                        [
                            1.4728546142578125,
                            9.262746263901297
                        ],
                        [
                            1.4934539794921875,
                            9.226148989595172
                        ],
                        [
                            1.5236663818359375,
                            9.20039307486152
                        ],
                        [
                            1.564178466796875,
                            9.174635284692604
                        ],
                        [
                            1.577911376953125,
                            9.135995094088257
                        ],
                        [
                            1.60400390625,
                            9.102774737363891
                        ],
                        [
                            1.6101837158203125,
                            9.07090741341433
                        ],
                        [
                            1.619110107421875,
                            9.054633645237482
                        ],
                        [
                            1.6225433349609373,
                            9.015980495833825
                        ],
                        [
                            1.6143035888671875,
                            8.97596673745915
                        ],
                        [
                            1.6225433349609373,
                            8.949514540351778
                        ],
                        [
                            1.619110107421875,
                            8.927808736732212
                        ],
                        [
                            1.6266632080078125,
                            8.88167961847885
                        ],
                        [
                            1.624603271484375,
                            8.55046682824691
                        ],
                        [
                            1.6603088378906248,
                            8.49750009121942
                        ],
                        [
                            1.6500091552734375,
                            8.468976507121637
                        ],
                        [
                            1.6314697265625,
                            8.453355552701467
                        ],
                        [
                            1.6259765625,
                            8.431620998188286
                        ],
                        [
                            1.6239166259765625,
                            8.390865416667367
                        ],
                        [
                            1.613616943359375,
                            8.368448022627353
                        ],
                        [
                            1.6335296630859375,
                            8.357578518416208
                        ],
                        [
                            1.6355895996093748,
                            8.173430580237778
                        ],
                        [
                            1.638336181640625,
                            7.853178844138427
                        ],
                        [
                            1.6458892822265625,
                            7.7783494918978935
                        ],
                        [
                            1.638336181640625,
                            7.762021309064894
                        ],
                        [
                            1.641082763671875,
                            7.635456484915743
                        ],
                        [
                            1.6500091552734375,
                            7.579647145954003
                        ],
                        [
                            1.654815673828125,
                            7.533360741154155
                        ],
                        [
                            1.641082763671875,
                            7.440773124769176
                        ],
                        [
                            1.6417694091796875,
                            6.995948399019012
                        ],
                        [
                            1.5579986572265625,
                            6.995266865249603
                        ],
                        [
                            1.5634918212890625,
                            6.972775693390873
                        ],
                        [
                            1.5744781494140625,
                            6.946875430788496
                        ],
                        [
                            1.5827178955078123,
                            6.916883871079278
                        ],
                        [
                            1.6019439697265625,
                            6.904614047238085
                        ],
                        [
                            1.6033172607421875,
                            6.888935476020927
                        ],
                        [
                            1.5964508056640625,
                            6.87666492821222
                        ],
                        [
                            1.5998840332031248,
                            6.833033750862032
                        ],
                        [
                            1.6115570068359375,
                            6.824852461082603
                        ],
                        [
                            1.5937042236328125,
                            6.8050804338725115
                        ],
                        [
                            1.61224365234375,
                            6.791444078484329
                        ],
                        [
                            1.6088104248046875,
                            6.773034385741664
                        ],
                        [
                            1.6239166259765625,
                            6.7634883424290635
                        ],
                        [
                            1.619110107421875,
                            6.7539421104890875
                        ],
                        [
                            1.621856689453125,
                            6.738258606353293
                        ],
                        [
                            1.613616943359375,
                            6.735530988605575
                        ],
                        [
                            1.5978240966796873,
                            6.723938442162685
                        ],
                        [
                            1.5964508056640625,
                            6.733485265230401
                        ],
                        [
                            1.5902709960937498,
                            6.706890077528039
                        ],
                        [
                            1.5765380859375,
                            6.688477173722685
                        ],
                        [
                            1.597137451171875,
                            6.671427569937014
                        ],
                        [
                            1.6184234619140625,
                            6.653013331326967
                        ],
                        [
                            1.60400390625,
                            6.6441469701177525
                        ],
                        [
                            1.6149902343749998,
                            6.616182785001683
                        ],
                        [
                            1.6534423828125,
                            6.5752567354397025
                        ],
                        [
                            1.6754150390624998,
                            6.564342552236089
                        ],
                        [
                            1.69189453125,
                            6.550699486838195
                        ],
                        [
                            1.698760986328125,
                            6.521365633956204
                        ],
                        [
                            1.6980743408203123,
                            6.504310278580456
                        ],
                        [
                            1.734466552734375,
                            6.487254344358068
                        ],
                        [
                            1.7540359497070312,
                            6.447682355981662
                        ],
                        [
                            1.7753219604492188,
                            6.42721287289345
                        ],
                        [
                            1.759185791015625,
                            6.409813164433628
                        ],
                        [
                            1.7821884155273438,
                            6.385930245405554
                        ],
                        [
                            1.78253173828125,
                            6.347032822761896
                        ],
                        [
                            1.7976379394531248,
                            6.326900545838889
                        ],
                        [
                            1.7900848388671875,
                            6.308132462593773
                        ],
                        [
                            1.8024444580078125,
                            6.280832219738084
                        ],
                        [
                            1.7842483520507812,
                            6.278102116604305
                        ],
                        [
                            1.753692626953125,
                            6.273324401686734
                        ],
                        [
                            1.6956710815429688,
                            6.261721197473609
                        ],
                        [
                            1.6761016845703125,
                            6.252847984958681
                        ],
                        [
                            1.658935546875,
                            6.2473874716363795
                        ],
                        [
                            1.6307830810546875,
                            6.2361249830392875
                        ],
                        [
                            1.631813049316406,
                            6.233394646324962
                        ],
                        [
                            1.7337799072265625,
                            6.255919498648191
                        ],
                        [
                            1.800384521484375,
                            6.269570452096863
                        ],
                        [
                            1.8814086914062498,
                            6.281173481623213
                        ],
                        [
                            1.99951171875,
                            6.30164878488327
                        ],
                        [
                            2.1917724609375,
                            6.330312851437491
                        ],
                        [
                            2.42523193359375,
                            6.333042679684732
                        ],
                        [
                            2.454071044921875,
                            6.350786211171341
                        ],
                        [
                            2.7090213633172766,
                            6.36989394572583
                        ],
                        [
                            2.706609444730219,
                            6.429351604099812
                        ],
                        [
                            2.7159599589109575,
                            6.482312323736063
                        ],
                        [
                            2.709503173828125,
                            6.515907983305362
                        ],
                        [
                            2.747955322265625,
                            6.5691175368491255
                        ],
                        [
                            2.725982666015625,
                            6.630506102399826
                        ],
                        [
                            2.780914306640625,
                            6.687795200984238
                        ],
                        [
                            2.7877807617187496,
                            6.764170208924263
                        ],
                        [
                            2.7630615234375,
                            6.761442737169514
                        ],
                        [
                            2.731475830078125,
                            6.7859894280621935
                        ],
                        [
                            2.74932861328125,
                            6.9182471651737405
                        ],
                        [
                            2.71087646484375,
                            6.952328236383665
                        ],
                        [
                            2.72735595703125,
                            7.0000375807410835
                        ],
                        [
                            2.76031494140625,
                            7.045016210142397
                        ],
                        [
                            2.745208740234375,
                            7.096804376787044
                        ],
                        [
                            2.76580810546875,
                            7.129509692825984
                        ],
                        [
                            2.74932861328125,
                            7.256220643638186
                        ],
                        [
                            2.742462158203125,
                            7.414218647839177
                        ],
                        [
                            2.794647216796875,
                            7.426474759623882
                        ],
                        [
                            2.7877807617187496,
                            7.508173412032532
                        ],
                        [
                            2.74658203125,
                            7.534041459479559
                        ],
                        [
                            2.72735595703125,
                            7.591217970942776
                        ],
                        [
                            2.709503173828125,
                            7.645664723491027
                        ],
                        [
                            2.734222412109375,
                            7.779029819064993
                        ],
                        [
                            2.6779174804687496,
                            7.89194876065124
                        ],
                        [
                            2.714996337890625,
                            8.021155456563914
                        ],
                        [
                            2.731475830078125,
                            8.102738577783168
                        ],
                        [
                            2.7534484863281246,
                            8.206053440215015
                        ],
                        [
                            2.728729248046875,
                            8.226441368214719
                        ],
                        [
                            2.6930236816406246,
                            8.28759884935513
                        ],
                        [
                            2.6930236816406246,
                            8.341953075466817
                        ],
                        [
                            2.7081298828124996,
                            8.375920630842437
                        ],
                        [
                            2.713623046875,
                            8.427545633059484
                        ],
                        [
                            2.736968994140625,
                            8.446563635892069
                        ],
                        [
                            2.7575683593749996,
                            8.509044748731696
                        ],
                        [
                            2.7575683593749996,
                            8.581021215641854
                        ],
                        [
                            2.745208740234375,
                            8.659772278875522
                        ],
                        [
                            2.750701904296875,
                            8.707286507557953
                        ],
                        [
                            2.734222412109375,
                            8.767010116265327
                        ],
                        [
                            2.742462158203125,
                            8.798225459016358
                        ],
                        [
                            2.758941650390625,
                            8.834866197978526
                        ],
                        [
                            2.76031494140625,
                            8.901353042223644
                        ],
                        [
                            2.779541015625,
                            8.967827805073359
                        ],
                        [
                            2.786407470703125,
                            9.058702156392139
                        ],
                        [
                            2.90313720703125,
                            9.058702156392139
                        ],
                        [
                            3.0926513671875,
                            9.10616471126723
                        ],
                        [
                            3.11737060546875,
                            9.186158738117852
                        ],
                        [
                            3.1201171874999996,
                            9.232248799418674
                        ],
                        [
                            3.15582275390625,
                            9.282398783281842
                        ],
                        [
                            3.129730224609375,
                            9.4422884696247
                        ],
                        [
                            3.1544494628906246,
                            9.489699168705691
                        ],
                        [
                            3.1956481933593746,
                            9.526268658127938
                        ],
                        [
                            3.242340087890625,
                            9.596687738388153
                        ],
                        [
                            3.2574462890625,
                            9.653554012077652
                        ],
                        [
                            3.3055114746093746,
                            9.656261690878177
                        ],
                        [
                            3.363189697265625,
                            9.700935243406999
                        ],
                        [
                            3.3206176757812496,
                            9.75778387784387
                        ],
                        [
                            3.343963623046875,
                            9.826801318919125
                        ],
                        [
                            3.4256744384765625,
                            9.851833503938185
                        ],
                        [
                            3.509445190429687,
                            9.864010637294104
                        ],
                        [
                            3.555450439453125,
                            9.899186492936368
                        ],
                        [
                            3.5540771484375,
                            9.91812577825515
                        ],
                        [
                            3.60076904296875,
                            9.966145483151626
                        ],
                        [
                            3.6028289794921875,
                            10.027681522014493
                        ],
                        [
                            3.615188598632812,
                            10.083797612420254
                        ],
                        [
                            3.66119384765625,
                            10.112189985988717
                        ],
                        [
                            3.673553466796875,
                            10.181132434056531
                        ],
                        [
                            3.6083221435546875,
                            10.210191949690834
                        ],
                        [
                            3.57879638671875,
                            10.270329948377986
                        ],
                        [
                            3.627548217773438,
                            10.398000726521353
                        ],
                        [
                            3.629608154296875,
                            10.427040252850256
                        ],
                        [
                            3.682479858398437,
                            10.46147897028201
                        ],
                        [
                            3.7834167480468746,
                            10.406105052399276
                        ],
                        [
                            3.803329467773437,
                            10.435819111709446
                        ],
                        [
                            3.810195922851562,
                            10.510766951875397
                        ],
                        [
                            3.840408325195312,
                            10.590421288241636
                        ],
                        [
                            3.834228515625,
                            10.6970446543633
                        ],
                        [
                            3.8150024414062496,
                            10.717960043111294
                        ],
                        [
                            3.78204345703125,
                            10.726055934826881
                        ],
                        [
                            3.7683105468749996,
                            10.792838759247182
                        ],
                        [
                            3.7442779541015625,
                            10.820491953341874
                        ],
                        [
                            3.766937255859375,
                            10.915572454452976
                        ],
                        [
                            3.758697509765625,
                            11.00455642379427
                        ],
                        [
                            3.7168121337890625,
                            11.030168049748383
                        ],
                        [
                            3.7154388427734375,
                            11.130571008260882
                        ],
                        [
                            3.558883666992187,
                            11.237000766020536
                        ],
                        [
                            3.494338989257812,
                            11.295587753738996
                        ],
                        [
                            3.5520172119140625,
                            11.603139953216893
                        ],
                        [
                            3.6115960577401154,
                            11.69488739528181
                        ],
                        [
                            3.5815429687499996,
                            11.712081983108504
                        ],
                        [
                            3.5520172119140625,
                            11.724856329545043
                        ],
                        [
                            3.560943603515625,
                            11.773931209736451
                        ],
                        [
                            3.528671264648437,
                            11.779980931570627
                        ],
                        [
                            3.525238037109375,
                            11.81089965027739
                        ],
                        [
                            3.47442626953125,
                            11.863991043899038
                        ],
                        [
                            3.4442138671875,
                            11.855927192900491
                        ],
                        [
                            3.4222412109375,
                            11.868694846891486
                        ],
                        [
                            3.3789825439453125,
                            11.892884551107446
                        ],
                        [
                            3.3597564697265625,
                            11.88616540437571
                        ],
                        [
                            3.319244384765625,
                            11.88818116581404
                        ],
                        [
                            3.27392578125,
                            11.94125750353864
                        ],
                        [
                            3.2560729980468746,
                            12.006412960343539
                        ],
                        [
                            3.233413696289062,
                            12.043349782467887
                        ],
                        [
                            3.2086944580078125,
                            12.0473789469445
                        ],
                        [
                            3.16680908203125,
                            12.113180059816095
                        ],
                        [
                            3.131103515625,
                            12.12459289055143
                        ],
                        [
                            3.055572509765625,
                            12.189703804004086
                        ],
                        [
                            3.0109405517578125,
                            12.268889343198195
                        ],
                        [
                            2.9443359375,
                            12.290359292865125
                        ],
                        [
                            2.9175567626953125,
                            12.334635525817879
                        ],
                        [
                            2.841339111328125,
                            12.407742004767519
                        ]
                    ]
                ],
                "type": "Polygon"
            }
        }
    ]
}