{
    "type": "FeatureCollection",
    "features": [
        {
            "type": "Feature",
            "properties": {},
            "geometry": {
                "coordinates": [
                    [
                        [
                            90.24032592773438,
                            28.359984824037397
                        ],
                        [
                            90.20462036132812,
                            28.357567857801694
                        ],
                        [
                            90.18402099609374,
                            28.322515664722943
                        ],
                        [
                            90.15518188476562,
                            28.31465755230934
                        ],
                        [
                            90.13526916503906,
                            28.332790781498144
                        ],
                        [
                            90.10574340820311,
                            28.340043206986767
                        ],
                        [
                            90.087890625,
                            28.331581995788987
                        ],
                        [
                            90.05355834960938,
                            28.347295137387807
                        ],
                        [
                            89.99038696289062,
                            28.331581995788987
                        ],
                        [
                            89.98214721679688,
                            28.317075494906707
                        ],
                        [
                            89.95536804199219,
                            28.315866530480424
                        ],
                        [
                            89.87846374511719,
                            28.313448560393827
                        ],
                        [
                            89.83245849609375,
                            28.28140526783416
                        ],
                        [
                            89.82147216796875,
                            28.234229675051058
                        ],
                        [
                            89.79263305664062,
                            28.245118203195265
                        ],
                        [
                            89.77615356445312,
                            28.22334003567211
                        ],
                        [
                            89.77890014648436,
                            28.212449285338465
                        ],
                        [
                            89.77066040039061,
                            28.191874837909353
                        ],
                        [
                            89.74319458007812,
                            28.184612322452235
                        ],
                        [
                            89.68551635742188,
                            28.179770371412083
                        ],
                        [
                            89.64981079101562,
                            28.17855984939698
                        ],
                        [
                            89.6044921875,
                            28.16645387574049
                        ],
                        [
                            89.56466674804688,
                            28.11680506728557
                        ],
                        [
                            89.53720092773436,
                            28.093789282770956
                        ],
                        [
                            89.51522827148438,
                            28.098635121405312
                        ],
                        [
                            89.461669921875,
                            28.034410011082954
                        ],
                        [
                            89.46853637695312,
                            28.01743848094423
                        ],
                        [
                            89.44793701171875,
                            28.011376571761453
                        ],
                        [
                            89.44381713867186,
                            27.981061908891906
                        ],
                        [
                            89.41223144531249,
                            27.930114089618602
                        ],
                        [
                            89.38064575195311,
                            27.892494332286603
                        ],
                        [
                            89.3353271484375,
                            27.858503954841247
                        ],
                        [
                            89.27627563476562,
                            27.83300417483936
                        ],
                        [
                            89.24057006835936,
                            27.803854230585227
                        ],
                        [
                            89.22821044921875,
                            27.784416588215073
                        ],
                        [
                            89.22546386718749,
                            27.729729593266246
                        ],
                        [
                            89.2034912109375,
                            27.732160709580906
                        ],
                        [
                            89.18563842773436,
                            27.694472314556965
                        ],
                        [
                            89.16091918945312,
                            27.668934069896217
                        ],
                        [
                            89.13345336914062,
                            27.643389855465347
                        ],
                        [
                            89.132080078125,
                            27.620273282414246
                        ],
                        [
                            89.13894653320311,
                            27.611755419683686
                        ],
                        [
                            89.09637451171875,
                            27.62392359220641
                        ],
                        [
                            89.04281616210938,
                            27.603845382606277
                        ],
                        [
                            89.03182983398438,
                            27.577677346218785
                        ],
                        [
                            89.0064239501953,
                            27.570373523891185
                        ],
                        [
                            88.99749755859375,
                            27.55454690781033
                        ],
                        [
                            89.00505065917969,
                            27.55089428777375
                        ],
                        [
                            88.9727783203125,
                            27.52227789533313
                        ],
                        [
                            88.98582458496094,
                            27.49365405370312
                        ],
                        [
                            88.97689819335938,
                            27.485126363846202
                        ],
                        [
                            88.9617919921875,
                            27.444915505146934
                        ],
                        [
                            88.95767211914062,
                            27.421757146831578
                        ],
                        [
                            88.96591186523438,
                            27.407128312341634
                        ],
                        [
                            88.97415161132812,
                            27.36201054924028
                        ],
                        [
                            88.99337768554688,
                            27.35103317621585
                        ],
                        [
                            89.000244140625,
                            27.32297494724568
                        ],
                        [
                            88.96728515624999,
                            27.31199370709099
                        ],
                        [
                            88.93707275390625,
                            27.335175050009422
                        ],
                        [
                            88.92196655273438,
                            27.329075166438844
                        ],
                        [
                            88.91098022460938,
                            27.308333052145453
                        ],
                        [
                            88.90960693359375,
                            27.283925600229757
                        ],
                        [
                            88.89175415039062,
                            27.27171986258649
                        ],
                        [
                            88.87390136718749,
                            27.272940496683695
                        ],
                        [
                            88.8299560546875,
                            27.25829200282288
                        ],
                        [
                            88.80386352539061,
                            27.241199654324337
                        ],
                        [
                            88.7860107421875,
                            27.188685315271673
                        ],
                        [
                            88.7640380859375,
                            27.171582284054892
                        ],
                        [
                            88.74893188476561,
                            27.142256704793976
                        ],
                        [
                            88.80111694335938,
                            27.133701960755975
                        ],
                        [
                            88.82858276367188,
                            27.12147976230783
                        ],
                        [
                            88.87527465820312,
                            27.105588907729878
                        ],
                        [
                            88.87664794921875,
                            26.995513469748428
                        ],
                        [
                            88.8848876953125,
                            26.95022893777318
                        ],
                        [
                            88.91921997070312,
                            26.990618722964737
                        ],
                        [
                            88.94668579101562,
                            26.979604764019346
                        ],
                        [
                            88.94256591796875,
                            26.937986749209887
                        ],
                        [
                            88.978271484375,
                            26.92206991673282
                        ],
                        [
                            89.01947021484375,
                            26.93064079794821
                        ],
                        [
                            89.04281616210938,
                            26.911049255575435
                        ],
                        [
                            89.08126831054688,
                            26.896353366896435
                        ],
                        [
                            89.11148071289062,
                            26.843677401113002
                        ],
                        [
                            89.13070678710938,
                            26.814266197561462
                        ],
                        [
                            89.25018310546875,
                            26.8179430155512
                        ],
                        [
                            89.29550170898436,
                            26.83632531613058
                        ],
                        [
                            89.36004638671875,
                            26.857154983548906
                        ],
                        [
                            89.43695068359375,
                            26.837550696778024
                        ],
                        [
                            89.4451904296875,
                            26.809363588053785
                        ],
                        [
                            89.50561523437499,
                            26.80691220379828
                        ],
                        [
                            89.549560546875,
                            26.81058926030675
                        ],
                        [
                            89.64981079101562,
                            26.77258726109544
                        ],
                        [
                            89.61959838867188,
                            26.729666489504737
                        ],
                        [
                            89.65805053710938,
                            26.722307016045065
                        ],
                        [
                            89.67041015625,
                            26.735799020431674
                        ],
                        [
                            89.74731445312499,
                            26.73089302213736
                        ],
                        [
                            89.77340698242188,
                            26.703906250401882
                        ],
                        [
                            89.8626708984375,
                            26.703906250401882
                        ],
                        [
                            89.8681640625,
                            26.737025486944074
                        ],
                        [
                            89.9395751953125,
                            26.723533628008123
                        ],
                        [
                            90.04669189453125,
                            26.729666489504737
                        ],
                        [
                            90.19638061523438,
                            26.777491459950614
                        ],
                        [
                            90.18951416015625,
                            26.78484736105119
                        ],
                        [
                            90.19088745117188,
                            26.8179430155512
                        ],
                        [
                            90.22247314453124,
                            26.853479438420024
                        ],
                        [
                            90.29800415039062,
                            26.848578525873275
                        ],
                        [
                            90.33645629882812,
                            26.87675587415678
                        ],
                        [
                            90.35293579101562,
                            26.895128623179364
                        ],
                        [
                            90.42709350585938,
                            26.901252208964777
                        ],
                        [
                            90.5548095703125,
                            26.80813790255081
                        ],
                        [
                            90.63583374023436,
                            26.78484736105119
                        ],
                        [
                            90.73745727539061,
                            26.773813330666446
                        ],
                        [
                            90.9722900390625,
                            26.783621410636076
                        ],
                        [
                            91.0601806640625,
                            26.781169470082627
                        ],
                        [
                            91.09588623046874,
                            26.814266197561462
                        ],
                        [
                            91.14257812499999,
                            26.813040565061005
                        ],
                        [
                            91.2139892578125,
                            26.81058926030675
                        ],
                        [
                            91.32659912109375,
                            26.783621410636076
                        ],
                        [
                            91.38702392578125,
                            26.79465448763808
                        ],
                        [
                            91.41448974609375,
                            26.837550696778024
                        ],
                        [
                            91.50238037109375,
                            26.789751030291114
                        ],
                        [
                            91.57928466796874,
                            26.803235028047407
                        ],
                        [
                            91.63558959960938,
                            26.821619714264695
                        ],
                        [
                            91.69464111328125,
                            26.809363588053785
                        ],
                        [
                            91.71936035156249,
                            26.81058926030675
                        ],
                        [
                            91.82373046875,
                            26.85592981510499
                        ],
                        [
                            91.85531616210938,
                            26.909824671240692
                        ],
                        [
                            91.89239501953125,
                            26.918396482593423
                        ],
                        [
                            91.97067260742188,
                            26.88288045572338
                        ],
                        [
                            91.98165893554688,
                            26.868180902512403
                        ],
                        [
                            92.05307006835938,
                            26.848578525873275
                        ],
                        [
                            92.10113525390625,
                            26.86328062676624
                        ],
                        [
                            92.11562521428596,
                            26.89625141369136
                        ],
                        [
                            92.11761474609374,
                            26.95267721592506
                        ],
                        [
                            92.0928955078125,
                            27.00530232425826
                        ],
                        [
                            92.07778930664062,
                            27.034663773424224
                        ],
                        [
                            92.03933715820311,
                            27.056679823247492
                        ],
                        [
                            92.02972412109375,
                            27.112923428713707
                        ],
                        [
                            92.03933715820311,
                            27.16547342337483
                        ],
                        [
                            92.05032348632812,
                            27.196014383173306
                        ],
                        [
                            92.06405639648438,
                            27.233873558307298
                        ],
                        [
                            92.04345703125,
                            27.261954307233644
                        ],
                        [
                            92.07229614257812,
                            27.27171986258649
                        ],
                        [
                            92.11898803710938,
                            27.270499215083454
                        ],
                        [
                            92.120361328125,
                            27.287587060048523
                        ],
                        [
                            92.08740234375,
                            27.303451991034542
                        ],
                        [
                            92.0654296875,
                            27.33761490945199
                        ],
                        [
                            92.05718994140625,
                            27.371767300523047
                        ],
                        [
                            92.04757690429686,
                            27.410785702577023
                        ],
                        [
                            92.03109741210938,
                            27.438821671429384
                        ],
                        [
                            92.01461791992188,
                            27.476598013637766
                        ],
                        [
                            92.00088500976561,
                            27.48268975973484
                        ],
                        [
                            91.9720458984375,
                            27.464413510962768
                        ],
                        [
                            91.93359375,
                            27.46685051926846
                        ],
                        [
                            91.8511962890625,
                            27.48268975973484
                        ],
                        [
                            91.80313110351562,
                            27.46563202185069
                        ],
                        [
                            91.75918579101561,
                            27.47294280429134
                        ],
                        [
                            91.71798706054688,
                            27.47416122087989
                        ],
                        [
                            91.71936035156249,
                            27.492435852729894
                        ],
                        [
                            91.69326782226562,
                            27.504617255842273
                        ],
                        [
                            91.66305541992188,
                            27.48268975973484
                        ],
                        [
                            91.64520263671875,
                            27.502181083070813
                        ],
                        [
                            91.61361694335938,
                            27.533847121490435
                        ],
                        [
                            91.58477783203125,
                            27.552111841284695
                        ],
                        [
                            91.571044921875,
                            27.584980682294052
                        ],
                        [
                            91.57516479492188,
                            27.605670826465445
                        ],
                        [
                            91.56280517578125,
                            27.61662285093332
                        ],
                        [
                            91.56417846679686,
                            27.649472352561876
                        ],
                        [
                            91.59027099609375,
                            27.664068965384516
                        ],
                        [
                            91.62734985351562,
                            27.70176785888543
                        ],
                        [
                            91.63284301757812,
                            27.72000458577013
                        ],
                        [
                            91.64382934570312,
                            27.756468889550746
                        ],
                        [
                            91.63558959960938,
                            27.801424715387416
                        ],
                        [
                            91.61087036132811,
                            27.822073862795612
                        ],
                        [
                            91.58752441406249,
                            27.81478637667891
                        ],
                        [
                            91.57379150390625,
                            27.822073862795612
                        ],
                        [
                            91.5545654296875,
                            27.84514767491011
                        ],
                        [
                            91.56417846679686,
                            27.848790459862073
                        ],
                        [
                            91.58340454101562,
                            27.859718080524345
                        ],
                        [
                            91.61224365234375,
                            27.860932192608534
                        ],
                        [
                            91.62185668945312,
                            27.873072565422785
                        ],
                        [
                            91.62322998046875,
                            27.891280573912383
                        ],
                        [
                            91.58477783203125,
                            27.90584477608796
                        ],
                        [
                            91.55868530273438,
                            27.899776596718088
                        ],
                        [
                            91.54083251953124,
                            27.91798011374093
                        ],
                        [
                            91.4886474609375,
                            27.941033503267164
                        ],
                        [
                            91.48727416992188,
                            27.966507842687804
                        ],
                        [
                            91.4666748046875,
                            27.98712552356428
                        ],
                        [
                            91.45980834960938,
                            28.01016414897993
                        ],
                        [
                            91.43920898437499,
                            28.00773926247495
                        ],
                        [
                            91.43234252929688,
                            28.01743848094423
                        ],
                        [
                            91.40213012695312,
                            28.03077347989913
                        ],
                        [
                            91.37054443359375,
                            28.050166892603695
                        ],
                        [
                            91.35406494140625,
                            28.050166892603695
                        ],
                        [
                            91.34170532226562,
                            28.063497835386677
                        ],
                        [
                            91.30836147483109,
                            28.060414067102375
                        ],
                        [
                            91.30268657742022,
                            28.02965565746579
                        ],
                        [
                            91.27651929660158,
                            28.0103010167745
                        ],
                        [
                            91.25519855070587,
                            27.971265083847566
                        ],
                        [
                            91.22360229492188,
                            27.98955087395581
                        ],
                        [
                            91.20162963867188,
                            27.98712552356428
                        ],
                        [
                            91.16180419921875,
                            28.001676807403094
                        ],
                        [
                            91.15631103515625,
                            27.991976169784156
                        ],
                        [
                            91.11785888671875,
                            27.99318879723613
                        ],
                        [
                            91.07940673828125,
                            27.999251729858756
                        ],
                        [
                            91.0711669921875,
                            27.99318879723613
                        ],
                        [
                            91.04782104492188,
                            28.00773926247495
                        ],
                        [
                            91.02584838867186,
                            28.022287762597117
                        ],
                        [
                            91.00112915039062,
                            28.01986314907174
                        ],
                        [
                            90.98876953125,
                            28.011376571761453
                        ],
                        [
                            90.97503662109375,
                            28.00773926247495
                        ],
                        [
                            90.95718383789062,
                            28.023500048883022
                        ],
                        [
                            90.9283447265625,
                            28.044106826715712
                        ],
                        [
                            90.9173583984375,
                            28.02834905750575
                        ],
                        [
                            90.90087890624999,
                            28.033197847676377
                        ],
                        [
                            90.86242675781249,
                            28.050166892603695
                        ],
                        [
                            90.8184814453125,
                            28.04653089404856
                        ],
                        [
                            90.77316284179688,
                            28.047742907226546
                        ],
                        [
                            90.71685791015625,
                            28.070768561865155
                        ],
                        [
                            90.69076538085936,
                            28.079250454242462
                        ],
                        [
                            90.65093994140625,
                            28.05259082333983
                        ],
                        [
                            90.61386108398438,
                            28.045318867211485
                        ],
                        [
                            90.57952880859375,
                            28.02592458049937
                        ],
                        [
                            90.54519653320312,
                            28.051378864802093
                        ],
                        [
                            90.51498413085938,
                            28.064709657296667
                        ],
                        [
                            90.45455932617188,
                            28.051378864802093
                        ],
                        [
                            90.45181274414062,
                            28.059862287671145
                        ],
                        [
                            90.44700622558594,
                            28.075009591771583
                        ],
                        [
                            90.49919128417969,
                            28.107720479057946
                        ],
                        [
                            90.48408508300781,
                            28.138604938801507
                        ],
                        [
                            90.54725646972656,
                            28.15676811058399
                        ],
                        [
                            90.57609558105469,
                            28.199136859968778
                        ],
                        [
                            90.60150146484375,
                            28.206398388547406
                        ],
                        [
                            90.61248779296874,
                            28.228784994248418
                        ],
                        [
                            90.57334899902342,
                            28.244513314122553
                        ],
                        [
                            90.53215026855469,
                            28.252376604467297
                        ],
                        [
                            90.48820495605467,
                            28.254191127587067
                        ],
                        [
                            90.46760559082031,
                            28.27354411906637
                        ],
                        [
                            90.4339599609375,
                            28.294102820816846
                        ],
                        [
                            90.40992736816405,
                            28.277172413670865
                        ],
                        [
                            90.38040161132812,
                            28.288056555884747
                        ],
                        [
                            90.38108825683594,
                            28.30679885919413
                        ],
                        [
                            90.34675598144531,
                            28.30558977794923
                        ],
                        [
                            90.32958984375,
                            28.262053704232283
                        ],
                        [
                            90.25680541992188,
                            28.286847261688784
                        ],
                        [
                            90.26435852050781,
                            28.33097759777822
                        ],
                        [
                            90.24032592773438,
                            28.359984824037397
                        ]
                    ]
                ],
                "type": "Polygon"
            }
        }
    ]
}