{
    "type": "FeatureCollection",
    "features": [
        {
            "type": "Feature",
            "properties": {},
            "geometry": {
                "type": "Polygon",
                "coordinates": [
                    [
                        [
                            115.059814453125,
                            5.046657749382171
                        ],
                        [
                            115.04384994506836,
                            5.043579815640688
                        ],
                        [
                            114.91922378540038,
                            4.995869982043708
                        ],
                        [
                            114.88489151000977,
                            4.983044164293482
                        ],
                        [
                            114.87407684326172,
                            4.979965930759249
                        ],
                        [
                            114.85862731933592,
                            4.973467390429578
                        ],
                        [
                            114.84815597534178,
                            4.9691919999638765
                        ],
                        [
                            114.8236083984375,
                            4.952261181532633
                        ],
                        [
                            114.81348037719728,
                            4.959272987296277
                        ],
                        [
                            114.80764389038086,
                            4.955852603536161
                        ],
                        [
                            114.80695724487305,
                            4.951235057376782
                        ],
                        [
                            114.80918884277344,
                            4.940802704812318
                        ],
                        [
                            114.80867385864256,
                            4.935500954491333
                        ],
                        [
                            114.78498458862303,
                            4.918740304067647
                        ],
                        [
                            114.77485656738281,
                            4.908649504824981
                        ],
                        [
                            114.71288681030275,
                            4.871363535339778
                        ],
                        [
                            114.67117309570312,
                            4.841943787162376
                        ],
                        [
                            114.60834503173828,
                            4.783442586467508
                        ],
                        [
                            114.5405387878418,
                            4.725449620728749
                        ],
                        [
                            114.47891235351562,
                            4.683534276170673
                        ],
                        [
                            114.34501647949217,
                            4.628441720431344
                        ],
                        [
                            114.27154541015625,
                            4.605171523671823
                        ],
                        [
                            114.19464111328125,
                            4.592851699293261
                        ],
                        [
                            114.12254333496094,
                            4.589429488063954
                        ],
                        [
                            114.08391952514647,
                            4.5873761534497035
                        ],
                        [
                            114.0761947631836,
                            4.587718376295499
                        ],
                        [
                            114.0765380859375,
                            4.583953915973186
                        ],
                        [
                            114.16374206542969,
                            4.574029334656524
                        ],
                        [
                            114.19120788574219,
                            4.546992709462248
                        ],
                        [
                            114.20013427734375,
                            4.5319338956198685
                        ],
                        [
                            114.2138671875,
                            4.536725370466212
                        ],
                        [
                            114.26261901855469,
                            4.505580217139753
                        ],
                        [
                            114.28356170654297,
                            4.463138521754353
                        ],
                        [
                            114.28459167480469,
                            4.451500853024198
                        ],
                        [
                            114.29798126220702,
                            4.43712465528227
                        ],
                        [
                            114.31617736816406,
                            4.389544295382258
                        ],
                        [
                            114.30931091308594,
                            4.364554831941225
                        ],
                        [
                            114.33403015136719,
                            4.34675361063764
                        ],
                        [
                            114.32235717773438,
                            4.316627510072635
                        ],
                        [
                            114.31720733642578,
                            4.2642463343131
                        ],
                        [
                            114.32270050048828,
                            4.25637173010114
                        ],
                        [
                            114.36389923095703,
                            4.257398856960772
                        ],
                        [
                            114.3731689453125,
                            4.2642463343131
                        ],
                        [
                            114.4232940673828,
                            4.253975095433276
                        ],
                        [
                            114.43187713623047,
                            4.273490331931106
                        ],
                        [
                            114.44286346435547,
                            4.279652935110988
                        ],
                        [
                            114.45419311523436,
                            4.271778488921249
                        ],
                        [
                            114.45556640625,
                            4.244388482235345
                        ],
                        [
                            114.4943618774414,
                            4.147831000265329
                        ],
                        [
                            114.51496124267578,
                            4.146118880883768
                        ],
                        [
                            114.5383071899414,
                            4.129339914914853
                        ],
                        [
                            114.5489501953125,
                            4.119066903428995
                        ],
                        [
                            114.54620361328125,
                            4.1050269066071
                        ],
                        [
                            114.554443359375,
                            4.096123365995205
                        ],
                        [
                            114.55478668212889,
                            4.080370705400033
                        ],
                        [
                            114.57057952880858,
                            4.076603719003472
                        ],
                        [
                            114.58293914794922,
                            4.049206924322057
                        ],
                        [
                            114.60353851318358,
                            4.047494593797528
                        ],
                        [
                            114.61589813232422,
                            4.042357580503426
                        ],
                        [
                            114.62757110595703,
                            4.025576443796679
                        ],
                        [
                            114.62482452392578,
                            4.015644587614659
                        ],
                        [
                            114.61624145507812,
                            4.009479926416898
                        ],
                        [
                            114.61212158203124,
                            4.0029727336052945
                        ],
                        [
                            114.6419906616211,
                            4.004685157783787
                        ],
                        [
                            114.68730926513672,
                            4.022494156554223
                        ],
                        [
                            114.7250747680664,
                            4.052974038722267
                        ],
                        [
                            114.75391387939453,
                            4.094068688698333
                        ],
                        [
                            114.77725982666014,
                            4.119066903428995
                        ],
                        [
                            114.79270935058594,
                            4.125915592511959
                        ],
                        [
                            114.79476928710938,
                            4.135161229084003
                        ],
                        [
                            114.8081588745117,
                            4.151940071640399
                        ],
                        [
                            114.80678558349608,
                            4.160842986205103
                        ],
                        [
                            114.79476928710938,
                            4.1605005682736875
                        ],
                        [
                            114.80781555175781,
                            4.192002393257937
                        ],
                        [
                            114.82532501220705,
                            4.216997503776122
                        ],
                        [
                            114.840087890625,
                            4.2413070455561845
                        ],
                        [
                            114.85519409179688,
                            4.266300565624732
                        ],
                        [
                            114.85759735107423,
                            4.278283472021762
                        ],
                        [
                            114.84764099121092,
                            4.2748598035873595
                        ],
                        [
                            114.83802795410156,
                            4.262534470691645
                        ],
                        [
                            114.82772827148436,
                            4.256714105873285
                        ],
                        [
                            114.81502532958984,
                            4.254659848956597
                        ],
                        [
                            114.8177719116211,
                            4.261849724175595
                        ],
                        [
                            114.8452377319336,
                            4.302591077119676
                        ],
                        [
                            114.85794067382812,
                            4.325186183323491
                        ],
                        [
                            114.87407684326172,
                            4.34675361063764
                        ],
                        [
                            114.87648010253905,
                            4.3816709928383695
                        ],
                        [
                            114.88128662109375,
                            4.4049483426334755
                        ],
                        [
                            114.88162994384766,
                            4.426171173838907
                        ],
                        [
                            114.873046875,
                            4.426171173838907
                        ],
                        [
                            114.85382080078125,
                            4.421721275679644
                        ],
                        [
                            114.83871459960938,
                            4.4254865758626485
                        ],
                        [
                            114.83013153076172,
                            4.4309633419386305
                        ],
                        [
                            114.82257843017577,
                            4.465192208862037
                        ],
                        [
                            114.81948852539062,
                            4.494970024627438
                        ],
                        [
                            114.81983184814452,
                            4.531249396619775
                        ],
                        [
                            114.8174285888672,
                            4.559655559341385
                        ],
                        [
                            114.81605529785155,
                            4.574029334656524
                        ],
                        [
                            114.8177719116211,
                            4.584980588937514
                        ],
                        [
                            114.81536865234374,
                            4.590798374525333
                        ],
                        [
                            114.81262207031249,
                            4.597642767425488
                        ],
                        [
                            114.80850219726562,
                            4.601064939225764
                        ],
                        [
                            114.80850219726562,
                            4.61920217485451
                        ],
                        [
                            114.80678558349608,
                            4.627415110208483
                        ],
                        [
                            114.79957580566405,
                            4.638707740701256
                        ],
                        [
                            114.8012924194336,
                            4.657186200869479
                        ],
                        [
                            114.79751586914061,
                            4.664029951910404
                        ],
                        [
                            114.80094909667967,
                            4.676348535659988
                        ],
                        [
                            114.79339599609375,
                            4.6784016119044995
                        ],
                        [
                            114.78790283203125,
                            4.6831920997243985
                        ],
                        [
                            114.78343963623047,
                            4.692430804975545
                        ],
                        [
                            114.77760314941406,
                            4.6937994916562085
                        ],
                        [
                            114.77279663085938,
                            4.702011555339071
                        ],
                        [
                            114.77794647216795,
                            4.706459716090315
                        ],
                        [
                            114.78378295898436,
                            4.716040273418256
                        ],
                        [
                            114.78034973144531,
                            4.720146186118099
                        ],
                        [
                            114.77073669433595,
                            4.722541290641601
                        ],
                        [
                            114.77245330810547,
                            4.726989319952657
                        ],
                        [
                            114.7800064086914,
                            4.732463778365804
                        ],
                        [
                            114.81468200683592,
                            4.7423861238354865
                        ],
                        [
                            114.8297882080078,
                            4.748202604923943
                        ],
                        [
                            114.83905792236327,
                            4.769073103498246
                        ],
                        [
                            114.85004425048828,
                            4.791653584254401
                        ],
                        [
                            114.89570617675783,
                            4.816970205763501
                        ],
                        [
                            114.91527557373045,
                            4.813206983715944
                        ],
                        [
                            114.91630554199219,
                            4.809785854702326
                        ],
                        [
                            114.93484497070312,
                            4.815601763791699
                        ],
                        [
                            114.95235443115234,
                            4.811838534173914
                        ],
                        [
                            114.97192382812499,
                            4.80807528374899
                        ],
                        [
                            114.98840332031249,
                            4.839207001225759
                        ],
                        [
                            114.98291015625,
                            4.848101515022374
                        ],
                        [
                            114.99423980712889,
                            4.854943369031256
                        ],
                        [
                            114.9880599975586,
                            4.872731864447702
                        ],
                        [
                            114.99938964843749,
                            4.883678396955644
                        ],
                        [
                            115.01346588134767,
                            4.890861961828103
                        ],
                        [
                            115.02479553222656,
                            4.895650962267966
                        ],
                        [
                            115.02908706665038,
                            4.890861961828103
                        ],
                        [
                            115.03149032592773,
                            4.880941780565402
                        ],
                        [
                            115.03612518310547,
                            4.876836835053293
                        ],
                        [
                            115.0520896911621,
                            4.879402428940333
                        ],
                        [
                            115.05037307739258,
                            4.858877403670011
                        ],
                        [
                            115.04110336303711,
                            4.846904183443441
                        ],
                        [
                            115.03938674926758,
                            4.827404485174222
                        ],
                        [
                            115.02840042114256,
                            4.806706823893375
                        ],
                        [
                            115.03543853759766,
                            4.8010618979455115
                        ],
                        [
                            115.04041671752931,
                            4.79524586477924
                        ],
                        [
                            115.05071640014647,
                            4.795074804230191
                        ],
                        [
                            115.05569458007812,
                            4.7906272149218285
                        ],
                        [
                            115.05500793457031,
                            4.785837471001266
                        ],
                        [
                            115.04745483398436,
                            4.780705565314763
                        ],
                        [
                            115.03458023071289,
                            4.772836568611501
                        ],
                        [
                            115.03217697143555,
                            4.766849228054376
                        ],
                        [
                            115.03440856933592,
                            4.75983541990569
                        ],
                        [
                            115.03440856933592,
                            4.755045461055608
                        ],
                        [
                            115.02960205078125,
                            4.75213725550028
                        ],
                        [
                            115.02359390258789,
                            4.749742253475547
                        ],
                        [
                            115.02565383911133,
                            4.7363985186064035
                        ],
                        [
                            115.02908706665038,
                            4.733148082623791
                        ],
                        [
                            115.03097534179686,
                            4.736911743944141
                        ],
                        [
                            115.04230499267577,
                            4.731779473431236
                        ],
                        [
                            115.03252029418947,
                            4.722541290641601
                        ],
                        [
                            115.04230499267577,
                            4.717751073327662
                        ],
                        [
                            115.03818511962889,
                            4.712789741981548
                        ],
                        [
                            115.02977371215819,
                            4.696536856963341
                        ],
                        [
                            115.03904342651366,
                            4.693970577302555
                        ],
                        [
                            115.03543853759766,
                            4.689351250132947
                        ],
                        [
                            115.0397300720215,
                            4.681823392265324
                        ],
                        [
                            115.04505157470703,
                            4.668649446168253
                        ],
                        [
                            115.04007339477539,
                            4.662490113737273
                        ],
                        [
                            115.05157470703126,
                            4.650342383235499
                        ],
                        [
                            115.04127502441406,
                            4.635285750511238
                        ],
                        [
                            115.05466461181639,
                            4.59627389410228
                        ],
                        [
                            115.06942749023438,
                            4.576082707601968
                        ],
                        [
                            115.07389068603514,
                            4.552468563785973
                        ],
                        [
                            115.08487701416014,
                            4.532276144876851
                        ],
                        [
                            115.08487701416014,
                            4.5079760456473705
                        ],
                        [
                            115.09208679199219,
                            4.485386492163968
                        ],
                        [
                            115.09620666503905,
                            4.467245890221389
                        ],
                        [
                            115.09208679199219,
                            4.4374669489612195
                        ],
                        [
                            115.10444641113281,
                            4.413848313485563
                        ],
                        [
                            115.08934020996094,
                            4.387148081653669
                        ],
                        [
                            115.10547637939452,
                            4.3799593943538175
                        ],
                        [
                            115.11199951171874,
                            4.372085990906298
                        ],
                        [
                            115.13431549072264,
                            4.373797607393285
                        ],
                        [
                            115.14392852783203,
                            4.3816709928383695
                        ],
                        [
                            115.15354156494142,
                            4.3826979500486525
                        ],
                        [
                            115.1583480834961,
                            4.3748245754083825
                        ],
                        [
                            115.1652145385742,
                            4.3748245754083825
                        ],
                        [
                            115.17654418945314,
                            4.370032045961732
                        ],
                        [
                            115.18959045410155,
                            4.371059019137535
                        ],
                        [
                            115.19336700439453,
                            4.366608791884752
                        ],
                        [
                            115.21808624267578,
                            4.359077577957685
                        ],
                        [
                            115.2194595336914,
                            4.363185522189938
                        ],
                        [
                            115.23765563964842,
                            4.3655818126156305
                        ],
                        [
                            115.24623870849611,
                            4.362843194361944
                        ],
                        [
                            115.24658203125,
                            4.3419609022328185
                        ],
                        [
                            115.25791168212889,
                            4.335798803846683
                        ],
                        [
                            115.26855468749999,
                            4.34093388932755
                        ],
                        [
                            115.27610778808594,
                            4.342987913740347
                        ],
                        [
                            115.28091430664061,
                            4.3371681633884736
                        ],
                        [
                            115.2963638305664,
                            4.337510502886125
                        ],
                        [
                            115.29464721679688,
                            4.325870873008957
                        ],
                        [
                            115.31044006347656,
                            4.3087534454461025
                        ],
                        [
                            115.323486328125,
                            4.297113374520386
                        ],
                        [
                            115.33721923828125,
                            4.303960496615201
                        ],
                        [
                            115.34305572509766,
                            4.31114990853547
                        ],
                        [
                            115.34889221191406,
                            4.317312207486531
                        ],
                        [
                            115.35575866699219,
                            4.323816802096171
                        ],
                        [
                            115.35987854003905,
                            4.335798803846683
                        ],
                        [
                            115.36193847656249,
                            4.34675361063764
                        ],
                        [
                            115.34854888916016,
                            4.352915619519849
                        ],
                        [
                            115.34374237060547,
                            4.363870177377747
                        ],
                        [
                            115.33412933349608,
                            4.382355631135283
                        ],
                        [
                            115.33275604248047,
                            4.387148081653669
                        ],
                        [
                            115.32794952392578,
                            4.386805764779011
                        ],
                        [
                            115.32142639160156,
                            4.394336699757387
                        ],
                        [
                            115.30769348144531,
                            4.3963905779189165
                        ],
                        [
                            115.29979705810547,
                            4.4049483426334755
                        ],
                        [
                            115.29876708984374,
                            4.413506008886153
                        ],
                        [
                            115.28572082519533,
                            4.426171173838907
                        ],
                        [
                            115.27679443359375,
                            4.439863000269758
                        ],
                        [
                            115.27233123779295,
                            4.448762551267166
                        ],
                        [
                            115.27713775634767,
                            4.4583465628298
                        ],
                        [
                            115.27610778808594,
                            4.467245890221389
                        ],
                        [
                            115.2791976928711,
                            4.474776005983024
                        ],
                        [
                            115.27267456054688,
                            4.484359677651345
                        ],
                        [
                            115.27679443359375,
                            4.500104008056527
                        ],
                        [
                            115.26752471923828,
                            4.526457885478493
                        ],
                        [
                            115.27095794677734,
                            4.533302891675427
                        ],
                        [
                            115.2692413330078,
                            4.543228035468999
                        ],
                        [
                            115.27610778808594,
                            4.570607033332573
                        ],
                        [
                            115.28228759765624,
                            4.5819005656199225
                        ],
                        [
                            115.28881072998045,
                            4.605171523671823
                        ],
                        [
                            115.28640747070312,
                            4.6222820367679835
                        ],
                        [
                            115.28091430664061,
                            4.641445320914245
                        ],
                        [
                            115.26718139648436,
                            4.651026767992829
                        ],
                        [
                            115.2585983276367,
                            4.6582127677732865
                        ],
                        [
                            115.26168823242188,
                            4.668136170529941
                        ],
                        [
                            115.26546478271484,
                            4.677032895076936
                        ],
                        [
                            115.2620315551758,
                            4.691404288203831
                        ],
                        [
                            115.2527618408203,
                            4.691746460628777
                        ],
                        [
                            115.24829864501953,
                            4.70235372255946
                        ],
                        [
                            115.25516510009766,
                            4.731437320710258
                        ],
                        [
                            115.24555206298827,
                            4.739306790482696
                        ],
                        [
                            115.23834228515626,
                            4.753334753391994
                        ],
                        [
                            115.23216247558594,
                            4.7635989356125235
                        ],
                        [
                            115.23456573486328,
                            4.7892587200815235
                        ],
                        [
                            115.23765563964842,
                            4.794732683003562
                        ],
                        [
                            115.23559570312499,
                            4.80191719275976
                        ],
                        [
                            115.23078918457031,
                            4.8087595126458975
                        ],
                        [
                            115.1913070678711,
                            4.839891198747728
                        ],
                        [
                            115.18306732177733,
                            4.850838264947034
                        ],
                        [
                            115.18135070800781,
                            4.8590484481335565
                        ],
                        [
                            115.18444061279298,
                            4.864521848039721
                        ],
                        [
                            115.18100738525389,
                            4.867600615934863
                        ],
                        [
                            115.17345428466797,
                            4.8669164465087045
                        ],
                        [
                            115.17036437988281,
                            4.869311036456154
                        ],
                        [
                            115.16899108886719,
                            4.872047700241915
                        ],
                        [
                            115.16281127929688,
                            4.870337286681102
                        ],
                        [
                            115.15594482421874,
                            4.871705617877886
                        ],
                        [
                            115.15045166015625,
                            4.874100190769765
                        ],
                        [
                            115.14942169189452,
                            4.878205153013181
                        ],
                        [
                            115.15182495117188,
                            4.881968013020106
                        ],
                        [
                            115.1531982421875,
                            4.886072927135955
                        ],
                        [
                            115.15731811523436,
                            4.884704625223034
                        ],
                        [
                            115.1590347290039,
                            4.889835742990713
                        ],
                        [
                            115.1583480834961,
                            4.897019241812033
                        ],
                        [
                            115.15422821044922,
                            4.901808198164421
                        ],
                        [
                            115.15560150146484,
                            4.906597120188612
                        ],
                        [
                            115.15457153320312,
                            4.911043945587153
                        ],
                        [
                            115.14392852783203,
                            4.917885157516419
                        ],
                        [
                            115.14942169189452,
                            4.955852603536161
                        ],
                        [
                            115.16075134277345,
                            4.98287315169758
                        ],
                        [
                            115.16212463378906,
                            5.006814481422182
                        ],
                        [
                            115.15525817871092,
                            5.044434798699701
                        ],
                        [
                            115.09054183959961,
                            5.0413568544181
                        ],
                        [
                            115.06530761718749,
                            5.038620891699909
                        ],
                        [
                            115.059814453125,
                            5.046657749382171
                        ]
                    ]
                ]
            }
        }
    ]
}