{
    "type": "FeatureCollection",
    "features": [
        {
            "type": "Feature",
            "properties": {},
            "geometry": {
                "coordinates": [
                    [
                        [
                            22.675079391261704,
                            44.21526293277479
                        ],
                        [
                            22.666168212890625,
                            44.209772586984485
                        ],
                        [
                            22.657928466796875,
                            44.20780382691624
                        ],
                        [
                            22.64556884765625,
                            44.20780382691624
                        ],
                        [
                            22.6483154296875,
                            44.203866109361435
                        ],
                        [
                            22.635955810546875,
                            44.19402066387343
                        ],
                        [
                            22.644195556640625,
                            44.185158356346356
                        ],
                        [
                            22.633209228515625,
                            44.18121912526982
                        ],
                        [
                            22.63458251953125,
                            44.17530978512216
                        ],
                        [
                            22.611236572265625,
                            44.166444664458595
                        ],
                        [
                            22.627716064453125,
                            44.15462243076731
                        ],
                        [
                            22.61260986328125,
                            44.11125397357155
                        ],
                        [
                            22.622222900390625,
                            44.09942068528651
                        ],
                        [
                            22.624969482421875,
                            44.07081379264681
                        ],
                        [
                            22.59613037109375,
                            44.05995928349327
                        ],
                        [
                            22.531585693359375,
                            44.047128661183756
                        ],
                        [
                            22.543945312499996,
                            44.029358594954296
                        ],
                        [
                            22.52059936523437,
                            44.02540896761498
                        ],
                        [
                            22.4560546875,
                            44.013558506564664
                        ],
                        [
                            22.41485595703125,
                            44.005656883349886
                        ],
                        [
                            22.412109375,
                            43.99775420746853
                        ],
                        [
                            22.401123046875,
                            43.94141717295212
                        ],
                        [
                            22.390136718749996,
                            43.93350594453702
                        ],
                        [
                            22.390136718749996,
                            43.906797777763856
                        ],
                        [
                            22.361297607421875,
                            43.812729297610915
                        ],
                        [
                            22.3956298828125,
                            43.758200767075934
                        ],
                        [
                            22.39288330078125,
                            43.74530493763506
                        ],
                        [
                            22.42034912109375,
                            43.69270087644112
                        ],
                        [
                            22.479400634765625,
                            43.65793702655821
                        ],
                        [
                            22.490386962890625,
                            43.618182252818265
                        ],
                        [
                            22.48764038085937,
                            43.574421623084234
                        ],
                        [
                            22.509613037109375,
                            43.509717009288075
                        ],
                        [
                            22.539825439453125,
                            43.465877550055865
                        ],
                        [
                            22.576904296875,
                            43.46089378008257
                        ],
                        [
                            22.59475708007812,
                            43.438960311329645
                        ],
                        [
                            22.642822265625,
                            43.42998523617976
                        ],
                        [
                            22.664794921874996,
                            43.39906090005086
                        ],
                        [
                            22.7197265625,
                            43.39706523932025
                        ],
                        [
                            22.773284912109375,
                            43.36712244111069
                        ],
                        [
                            22.811737060546875,
                            43.34016127896536
                        ],
                        [
                            22.833709716796875,
                            43.29919735147067
                        ],
                        [
                            22.855682373046875,
                            43.27520565244535
                        ],
                        [
                            22.8790283203125,
                            43.249203966977845
                        ],
                        [
                            22.92572021484375,
                            43.207177786666655
                        ],
                        [
                            22.9559326171875,
                            43.208178746742924
                        ],
                        [
                            23.00399780273437,
                            43.197167282501276
                        ],
                        [
                            22.9833984375,
                            43.17313537107136
                        ],
                        [
                            23.001251220703125,
                            43.159112387154174
                        ],
                        [
                            22.979278564453125,
                            43.115019195614124
                        ],
                        [
                            22.93121337890625,
                            43.08694333811321
                        ],
                        [
                            22.89276123046875,
                            43.03777960950732
                        ],
                        [
                            22.85430908203125,
                            43.00866413845207
                        ],
                        [
                            22.787017822265625,
                            42.98355351219673
                        ],
                        [
                            22.787017822265625,
                            42.958432625269474
                        ],
                        [
                            22.7691650390625,
                            42.94737618460479
                        ],
                        [
                            22.77603149414062,
                            42.94134456158853
                        ],
                        [
                            22.770538330078125,
                            42.91620643817353
                        ],
                        [
                            22.745819091796875,
                            42.88904574206035
                        ],
                        [
                            22.7032470703125,
                            42.87797684287408
                        ],
                        [
                            22.68402099609375,
                            42.867912483915305
                        ],
                        [
                            22.674407958984375,
                            42.87495770751784
                        ],
                        [
                            22.644195556640625,
                            42.88099583051603
                        ],
                        [
                            22.618103027343746,
                            42.89508248636673
                        ],
                        [
                            22.58514404296875,
                            42.89206418807337
                        ],
                        [
                            22.572784423828125,
                            42.86690595775125
                        ],
                        [
                            22.53570556640625,
                            42.879989517714826
                        ],
                        [
                            22.523345947265625,
                            42.87797684287408
                        ],
                        [
                            22.515106201171875,
                            42.85683979344514
                        ],
                        [
                            22.476654052734375,
                            42.837709559849614
                        ],
                        [
                            22.435455322265625,
                            42.82562425459303
                        ],
                        [
                            22.4560546875,
                            42.78733853171998
                        ],
                        [
                            22.489013671875,
                            42.75104599038353
                        ],
                        [
                            22.497253417968746,
                            42.72381262999295
                        ],
                        [
                            22.4560546875,
                            42.68849232550868
                        ],
                        [
                            22.465667724609375,
                            42.67233920753351
                        ],
                        [
                            22.454681396484375,
                            42.628906895633456
                        ],
                        [
                            22.43408203125,
                            42.56825298997905
                        ],
                        [
                            22.512359619140625,
                            42.53082032025189
                        ],
                        [
                            22.556304931640625,
                            42.48425110546248
                        ],
                        [
                            22.543945312499996,
                            42.4417010906216
                        ],
                        [
                            22.52197265625,
                            42.40115038362433
                        ],
                        [
                            22.47802734375,
                            42.393037095207596
                        ],
                        [
                            22.482147216796875,
                            42.382894009614034
                        ],
                        [
                            22.467041015625,
                            42.370720143531976
                        ],
                        [
                            22.468414306640625,
                            42.351440029174164
                        ],
                        [
                            22.440948486328125,
                            42.32910829547645
                        ],
                        [
                            22.422496175976875,
                            42.33238943037429
                        ],
                        [
                            22.413401635485926,
                            42.329476542305194
                        ],
                        [
                            22.404307094994977,
                            42.33203173451737
                        ],
                        [
                            22.402496337890625,
                            42.32555473719824
                        ],
                        [
                            22.379150390625,
                            42.32301644617188
                        ],
                        [
                            22.36687398153387,
                            42.32250672839676
                        ],
                        [
                            22.35988090272627,
                            42.31210063808514
                        ],
                        [
                            22.38189697265625,
                            42.30270602152241
                        ],
                        [
                            22.394256591796875,
                            42.285437007491545
                        ],
                        [
                            22.435455322265625,
                            42.25800001792787
                        ],
                        [
                            22.4615478515625,
                            42.20614200929954
                        ],
                        [
                            22.48764038085937,
                            42.194951362905265
                        ],
                        [
                            22.5054931640625,
                            42.173581898327754
                        ],
                        [
                            22.523345947265625,
                            42.14813264235833
                        ],
                        [
                            22.571411132812496,
                            42.11248648904184
                        ],
                        [
                            22.664794921874996,
                            42.06662624711202
                        ],
                        [
                            22.7142333984375,
                            42.0615286181226
                        ],
                        [
                            22.725219726562496,
                            42.05337156043361
                        ],
                        [
                            22.773284912109375,
                            42.044193618165224
                        ],
                        [
                            22.799377441406246,
                            42.04521345501039
                        ],
                        [
                            22.80899047851562,
                            42.02787400232195
                        ],
                        [
                            22.87078857421875,
                            42.020732852644294
                        ],
                        [
                            22.8680419921875,
                            41.99828401778616
                        ],
                        [
                            22.88177490234375,
                            41.929868314485795
                        ],
                        [
                            22.90374755859375,
                            41.881831370505594
                        ],
                        [
                            22.921600341796875,
                            41.87262868373214
                        ],
                        [
                            22.96966552734375,
                            41.77438424721882
                        ],
                        [
                            23.0108642578125,
                            41.763117447005875
                        ],
                        [
                            23.034210205078125,
                            41.714955194565164
                        ],
                        [
                            22.97515869140625,
                            41.654445072031244
                        ],
                        [
                            22.95318603515625,
                            41.64110468287587
                        ],
                        [
                            22.9559326171875,
                            41.590796851056005
                        ],
                        [
                            22.973785400390625,
                            41.558949183362564
                        ],
                        [
                            22.95867919921875,
                            41.536338086837624
                        ],
                        [
                            22.97515869140625,
                            41.51886045990478
                        ],
                        [
                            22.96142578125,
                            41.49314949080981
                        ],
                        [
                            22.973785400390625,
                            41.44993208042259
                        ],
                        [
                            22.950439453125,
                            41.42728289146282
                        ],
                        [
                            22.966918945312496,
                            41.408745858020545
                        ],
                        [
                            22.966918945312496,
                            41.35928790538517
                        ],
                        [
                            22.936362105275293,
                            41.338956797182206
                        ],
                        [
                            22.954559326171875,
                            41.335575973123916
                        ],
                        [
                            23.02459716796875,
                            41.33454482366021
                        ],
                        [
                            23.087768554687496,
                            41.32010701725659
                        ],
                        [
                            23.1536865234375,
                            41.321138395239565
                        ],
                        [
                            23.2196044921875,
                            41.33145127732965
                        ],
                        [
                            23.22509765625,
                            41.369594747562275
                        ],
                        [
                            23.258056640625,
                            41.380930388318
                        ],
                        [
                            23.323974609375,
                            41.39844522006508
                        ],
                        [
                            23.33770751953125,
                            41.366502866327224
                        ],
                        [
                            23.3624267578125,
                            41.37989995715392
                        ],
                        [
                            23.42697143554687,
                            41.40153558289846
                        ],
                        [
                            23.517608642578125,
                            41.40462579877838
                        ],
                        [
                            23.54644775390625,
                            41.38711263243966
                        ],
                        [
                            23.638458251953125,
                            41.37783904584602
                        ],
                        [
                            23.67279052734375,
                            41.40771586770284
                        ],
                        [
                            23.77578735351562,
                            41.40462579877838
                        ],
                        [
                            23.807373046875,
                            41.43140151372244
                        ],
                        [
                            23.874664306640625,
                            41.4509614012039
                        ],
                        [
                            23.919982910156246,
                            41.47257336487683
                        ],
                        [
                            23.937835693359375,
                            41.4509614012039
                        ],
                        [
                            23.983154296875,
                            41.44375581277325
                        ],
                        [
                            24.01336669921875,
                            41.45919537950706
                        ],
                        [
                            24.0380859375,
                            41.45301999377133
                        ],
                        [
                            24.0765380859375,
                            41.46742831254425
                        ],
                        [
                            24.06280517578125,
                            41.52091689636249
                        ],
                        [
                            24.08203125,
                            41.541477666790286
                        ],
                        [
                            24.136962890625,
                            41.53736603550382
                        ],
                        [
                            24.16580200195312,
                            41.52708581365465
                        ],
                        [
                            24.187774658203125,
                            41.5198886863019
                        ],
                        [
                            24.20562744140625,
                            41.544561218705965
                        ],
                        [
                            24.234466552734375,
                            41.55278330492603
                        ],
                        [
                            24.270172119140625,
                            41.56819689811343
                        ],
                        [
                            24.292144775390625,
                            41.54764462357737
                        ],
                        [
                            24.292144775390625,
                            41.53531012183376
                        ],
                        [
                            24.3072509765625,
                            41.51269075845857
                        ],
                        [
                            24.338836669921875,
                            41.5198886863019
                        ],
                        [
                            24.363555908203125,
                            41.51269075845857
                        ],
                        [
                            24.378662109375,
                            41.529141988723104
                        ],
                        [
                            24.400634765625,
                            41.536338086837624
                        ],
                        [
                            24.415740966796875,
                            41.52811390935743
                        ],
                        [
                            24.45419311523437,
                            41.52297326747377
                        ],
                        [
                            24.467926025390625,
                            41.54661683829194
                        ],
                        [
                            24.517364501953125,
                            41.566141964768384
                        ],
                        [
                            24.54757690429687,
                            41.55483866309426
                        ],
                        [
                            24.54757690429687,
                            41.54044978347556
                        ],
                        [
                            24.57504272460937,
                            41.47668911274522
                        ],
                        [
                            24.599761962890625,
                            41.46537017728069
                        ],
                        [
                            24.59564208984375,
                            41.447873389865194
                        ],
                        [
                            24.616241455078125,
                            41.42625319507269
                        ],
                        [
                            24.658813476562496,
                            41.43140151372244
                        ],
                        [
                            24.660186767578125,
                            41.41698519272335
                        ],
                        [
                            24.698638916015625,
                            41.422134246213616
                        ],
                        [
                            24.7247314453125,
                            41.414925457021816
                        ],
                        [
                            24.774169921875,
                            41.36134940442383
                        ],
                        [
                            24.811248779296875,
                            41.35104125623227
                        ],
                        [
                            24.827728271484375,
                            41.396384896536304
                        ],
                        [
                            24.844207763671875,
                            41.395354710280166
                        ],
                        [
                            24.87716674804687,
                            41.39844522006508
                        ],
                        [
                            24.906005859375,
                            41.40771586770284
                        ],
                        [
                            24.9169921875,
                            41.40050547828205
                        ],
                        [
                            24.95269775390625,
                            41.38711263243966
                        ],
                        [
                            25.055694580078125,
                            41.36031866306708
                        ],
                        [
                            25.088653564453125,
                            41.3376382230811
                        ],
                        [
                            25.1092529296875,
                            41.34485558373632
                        ],
                        [
                            25.11749267578125,
                            41.33454482366021
                        ],
                        [
                            25.14495849609375,
                            41.321138395239565
                        ],
                        [
                            25.18341064453125,
                            41.29844430929419
                        ],
                        [
                            25.220489501953125,
                            41.28090255982091
                        ],
                        [
                            25.2410888671875,
                            41.24683746537623
                        ],
                        [
                            25.276794433593746,
                            41.24167453726628
                        ],
                        [
                            25.319366455078125,
                            41.244772343082076
                        ],
                        [
                            25.38665771484375,
                            41.258194471326796
                        ],
                        [
                            25.4388427734375,
                            41.275742324160106
                        ],
                        [
                            25.48141479492187,
                            41.285030454601916
                        ],
                        [
                            25.52947998046875,
                            41.27883851451407
                        ],
                        [
                            25.55694580078125,
                            41.313918406594375
                        ],
                        [
                            25.576171875,
                            41.31494988250965
                        ],
                        [
                            25.607757568359375,
                            41.304634388885916
                        ],
                        [
                            25.64208984375,
                            41.31288691435732
                        ],
                        [
                            25.670928955078125,
                            41.30566601169448
                        ],
                        [
                            25.717620849609375,
                            41.29328546081616
                        ],
                        [
                            25.720367431640625,
                            41.31701278537454
                        ],
                        [
                            25.732727050781246,
                            41.31598134210304
                        ],
                        [
                            25.775299072265625,
                            41.325263743947616
                        ],
                        [
                            25.82061767578125,
                            41.343824581185686
                        ],
                        [
                            25.857696533203125,
                            41.3304200625732
                        ],
                        [
                            25.871429443359375,
                            41.32835758409143
                        ],
                        [
                            25.8782958984375,
                            41.307729208348015
                        ],
                        [
                            25.914001464843746,
                            41.313918406594375
                        ],
                        [
                            25.973052978515625,
                            41.32010701725659
                        ],
                        [
                            26.003265380859375,
                            41.33660710626423
                        ],
                        [
                            26.04583740234375,
                            41.34691753986531
                        ],
                        [
                            26.093902587890625,
                            41.35413387210046
                        ],
                        [
                            26.126861572265625,
                            41.34897943069752
                        ],
                        [
                            26.13372802734375,
                            41.37062534198901
                        ],
                        [
                            26.157073974609375,
                            41.39432450769634
                        ],
                        [
                            26.159820556640625,
                            41.421104468174555
                        ],
                        [
                            26.176300048828125,
                            41.43346072687072
                        ],
                        [
                            26.1968994140625,
                            41.44272637767212
                        ],
                        [
                            26.169433593749996,
                            41.463311976686235
                        ],
                        [
                            26.158447265625,
                            41.482862244540875
                        ],
                        [
                            26.17767333984375,
                            41.50857729743935
                        ],
                        [
                            26.173553466796875,
                            41.55381099217959
                        ],
                        [
                            26.1529541015625,
                            41.55483866309426
                        ],
                        [
                            26.154327392578125,
                            41.599013054830216
                        ],
                        [
                            26.14471435546875,
                            41.61441561788573
                        ],
                        [
                            26.129608154296875,
                            41.63289383965063
                        ],
                        [
                            26.093902587890625,
                            41.62878802577303
                        ],
                        [
                            26.070556640625,
                            41.654445072031244
                        ],
                        [
                            26.06231689453125,
                            41.69752591075902
                        ],
                        [
                            26.077423095703125,
                            41.7200805552871
                        ],
                        [
                            26.114501953125,
                            41.714955194565164
                        ],
                        [
                            26.12548828125,
                            41.725205507257016
                        ],
                        [
                            26.173553466796875,
                            41.74672584176937
                        ],
                        [
                            26.19415283203125,
                            41.73545418490723
                        ],
                        [
                            26.224365234375,
                            41.734429390721
                        ],
                        [
                            26.308135986328125,
                            41.71187978193456
                        ],
                        [
                            26.336975097656246,
                            41.712904935827744
                        ],
                        [
                            26.357773444627668,
                            41.711300238347086
                        ],
                        [
                            26.324615478515625,
                            41.74467659677642
                        ],
                        [
                            26.369934082031246,
                            41.821478516604024
                        ],
                        [
                            26.54022216796875,
                            41.82454867985508
                        ],
                        [
                            26.563568115234375,
                            41.86649282301993
                        ],
                        [
                            26.580047607421875,
                            41.87160608117939
                        ],
                        [
                            26.57318115234375,
                            41.88285380945687
                        ],
                        [
                            26.5814208984375,
                            41.90840946591109
                        ],
                        [
                            26.564941406249996,
                            41.92578147109541
                        ],
                        [
                            26.623992919921875,
                            41.97684819454683
                        ],
                        [
                            26.673431396484375,
                            41.96868026812726
                        ],
                        [
                            26.75582885742187,
                            41.96663812286332
                        ],
                        [
                            26.799774169921875,
                            41.98807738309159
                        ],
                        [
                            26.846466064453125,
                            41.97378534488486
                        ],
                        [
                            26.860198974609375,
                            41.99624282178583
                        ],
                        [
                            26.898651123046875,
                            41.98909812021334
                        ],
                        [
                            26.954956054687496,
                            42.002366213375524
                        ],
                        [
                            26.98516845703125,
                            42.03603433407788
                        ],
                        [
                            27.003021240234375,
                            42.039094188385945
                        ],
                        [
                            27.02362060546875,
                            42.0615286181226
                        ],
                        [
                            27.0318603515625,
                            42.07987816698549
                        ],
                        [
                            27.07305908203125,
                            42.09007006868398
                        ],
                        [
                            27.121124267578125,
                            42.071723466810774
                        ],
                        [
                            27.2021484375,
                            42.06458724463074
                        ],
                        [
                            27.20489501953125,
                            42.080897430832124
                        ],
                        [
                            27.22000122070312,
                            42.09312731992276
                        ],
                        [
                            27.244720458984375,
                            42.10026033308264
                        ],
                        [
                            27.2955322265625,
                            42.094146370922736
                        ],
                        [
                            27.335357666015625,
                            42.06254817666338
                        ],
                        [
                            27.36007690429687,
                            42.05745022024682
                        ],
                        [
                            27.3944091796875,
                            42.00848901572399
                        ],
                        [
                            27.439727783203125,
                            41.97684819454683
                        ],
                        [
                            27.48092651367187,
                            41.95234127309011
                        ],
                        [
                            27.50839233398437,
                            41.95846888718632
                        ],
                        [
                            27.564697265624996,
                            41.90534332706593
                        ],
                        [
                            27.578430175781246,
                            41.929868314485795
                        ],
                        [
                            27.62237548828125,
                            41.94927724511655
                        ],
                        [
                            27.684173583984375,
                            41.970722347928096
                        ],
                        [
                            27.7294921875,
                            41.97582726102573
                        ],
                        [
                            27.780303955078125,
                            41.95540515378059
                        ],
                        [
                            27.832489013671875,
                            41.94927724511655
                        ],
                        [
                            27.829742431640625,
                            41.96663812286332
                        ],
                        [
                            27.821502685546875,
                            41.98807738309159
                        ],
                        [
                            27.840728759765625,
                            41.9942015603157
                        ],
                        [
                            27.87094116210937,
                            41.999304591234996
                        ],
                        [
                            27.9107666015625,
                            41.97684819454683
                        ],
                        [
                            27.9766845703125,
                            41.98807738309159
                        ],
                        [
                            28.00689697265625,
                            41.97889001249024
                        ],
                        [
                            28.043975830078125,
                            41.984747833456936
                        ],
                        [
                            28.0426025390625,
                            41.99726342796974
                        ],
                        [
                            28.016510009765625,
                            42.03603433407788
                        ],
                        [
                            27.950592041015625,
                            42.099241380322944
                        ],
                        [
                            27.89154052734375,
                            42.157295553651664
                        ],
                        [
                            27.828369140625,
                            42.20512475970615
                        ],
                        [
                            27.787170410156246,
                            42.25800001792787
                        ],
                        [
                            27.802276611328125,
                            42.31286205312122
                        ],
                        [
                            27.7899169921875,
                            42.343320316410804
                        ],
                        [
                            27.74322509765625,
                            42.370720143531976
                        ],
                        [
                            27.759704589843746,
                            42.40419259634451
                        ],
                        [
                            27.714385986328125,
                            42.437647200108685
                        ],
                        [
                            27.659454345703125,
                            42.461966608980134
                        ],
                        [
                            27.58392333984375,
                            42.466018925787495
                        ],
                        [
                            27.509765625,
                            42.462979712772025
                        ],
                        [
                            27.498779296875,
                            42.51665075361143
                        ],
                        [
                            27.530364990234375,
                            42.545998432501825
                        ],
                        [
                            27.56744384765625,
                            42.54397489736545
                        ],
                        [
                            27.6031494140625,
                            42.55712670332118
                        ],
                        [
                            27.66220092773437,
                            42.556115124326745
                        ],
                        [
                            27.640228271484375,
                            42.57432103728761
                        ],
                        [
                            27.645721435546875,
                            42.61172761665585
                        ],
                        [
                            27.70339965820312,
                            42.63901013966963
                        ],
                        [
                            27.745971679687496,
                            42.65820178455667
                        ],
                        [
                            27.7239990234375,
                            42.67435857693381
                        ],
                        [
                            27.730865478515625,
                            42.70464124398721
                        ],
                        [
                            27.906646728515625,
                            42.69454866207692
                        ],
                        [
                            27.901153564453125,
                            42.70867781741311
                        ],
                        [
                            27.8997802734375,
                            42.744995166137286
                        ],
                        [
                            27.901153564453125,
                            42.777259403287424
                        ],
                        [
                            27.894287109374996,
                            42.83368138733589
                        ],
                        [
                            27.90252685546875,
                            42.890051907144574
                        ],
                        [
                            27.909393310546875,
                            42.93028505122964
                        ],
                        [
                            27.901153564453125,
                            43.004647127794435
                        ],
                        [
                            27.9052734375,
                            43.04681263770761
                        ],
                        [
                            27.954711914062496,
                            43.167125915000284
                        ],
                        [
                            27.94509887695312,
                            43.19916951473751
                        ],
                        [
                            28.0206298828125,
                            43.224191874050916
                        ],
                        [
                            28.093414306640625,
                            43.37211393444652
                        ],
                        [
                            28.156585693359375,
                            43.39706523932025
                        ],
                        [
                            28.19915771484375,
                            43.389081939117496
                        ],
                        [
                            28.31314086914062,
                            43.416021362445136
                        ],
                        [
                            28.357086181640625,
                            43.40804055994411
                        ],
                        [
                            28.4051513671875,
                            43.38608793041562
                        ],
                        [
                            28.44772338867187,
                            43.37710501700073
                        ],
                        [
                            28.465576171875,
                            43.35913519735781
                        ],
                        [
                            28.50814819335937,
                            43.404049764314415
                        ],
                        [
                            28.549346923828125,
                            43.43197981235683
                        ],
                        [
                            28.598785400390625,
                            43.50274467820439
                        ],
                        [
                            28.612518310546875,
                            43.54158026686724
                        ],
                        [
                            28.572692871093746,
                            43.59928952130085
                        ],
                        [
                            28.58230590820312,
                            43.64104446159409
                        ],
                        [
                            28.5699462890625,
                            43.68674278962768
                        ],
                        [
                            28.58230590820312,
                            43.7046152744673
                        ],
                        [
                            28.574066162109375,
                            43.71950494269107
                        ],
                        [
                            28.586691092921484,
                            43.73914352684498
                        ],
                        [
                            28.446061419654058,
                            43.733886345324215
                        ],
                        [
                            28.348846435546875,
                            43.75423311551578
                        ],
                        [
                            28.23486328125,
                            43.75522505306928
                        ],
                        [
                            27.994537353515625,
                            43.84146067645133
                        ],
                        [
                            27.9766845703125,
                            43.89789239125797
                        ],
                        [
                            27.956085205078125,
                            43.94042832696309
                        ],
                        [
                            27.942352294921875,
                            43.98589821991874
                        ],
                        [
                            27.912139892578125,
                            44.008620115415354
                        ],
                        [
                            27.840728759765625,
                            43.96613297748065
                        ],
                        [
                            27.762451171875,
                            43.962179139526434
                        ],
                        [
                            27.73773193359375,
                            43.95229339335166
                        ],
                        [
                            27.711639404296875,
                            43.95822503841972
                        ],
                        [
                            27.67593383789062,
                            44.029358594954296
                        ],
                        [
                            27.64434814453125,
                            44.04614157509527
                        ],
                        [
                            27.612762451171875,
                            44.01158319944901
                        ],
                        [
                            27.471313476562496,
                            44.02343405525542
                        ],
                        [
                            27.398529052734375,
                            44.01257086123085
                        ],
                        [
                            27.35595703125,
                            44.05897241123968
                        ],
                        [
                            27.291412353515625,
                            44.07574700247845
                        ],
                        [
                            27.276306152343746,
                            44.10533762552548
                        ],
                        [
                            27.285919189453125,
                            44.110267956688524
                        ],
                        [
                            27.269439697265625,
                            44.125056482685146
                        ],
                        [
                            27.24609375,
                            44.12012738527056
                        ],
                        [
                            27.191162109375,
                            44.12012738527056
                        ],
                        [
                            27.189788818359375,
                            44.1289994645142
                        ],
                        [
                            27.13348388671875,
                            44.14082683077555
                        ],
                        [
                            27.108764648437496,
                            44.13885576756881
                        ],
                        [
                            27.07168579101562,
                            44.148710425584085
                        ],
                        [
                            26.992034912109375,
                            44.13195652815869
                        ],
                        [
                            26.9329833984375,
                            44.13984130739739
                        ],
                        [
                            26.90277099609375,
                            44.13294218313968
                        ],
                        [
                            26.773681640624996,
                            44.078706730986426
                        ],
                        [
                            26.713256835937496,
                            44.07574700247845
                        ],
                        [
                            26.60064697265625,
                            44.05206384489493
                        ],
                        [
                            26.549835205078125,
                            44.05798552253712
                        ],
                        [
                            26.437225341796875,
                            44.039231511913094
                        ],
                        [
                            26.379547119140625,
                            44.040218713142146
                        ],
                        [
                            26.30126953125,
                            44.029358594954296
                        ],
                        [
                            26.212005615234375,
                            43.98985047893068
                        ],
                        [
                            26.155700683593746,
                            43.98787438231982
                        ],
                        [
                            26.099395751953125,
                            43.96514454266273
                        ],
                        [
                            26.07192993164062,
                            43.92559366355069
                        ],
                        [
                            26.047210693359375,
                            43.90778718292443
                        ],
                        [
                            25.9442138671875,
                            43.85235516793534
                        ],
                        [
                            25.84808349609375,
                            43.758200767075934
                        ],
                        [
                            25.80413818359375,
                            43.74431283565998
                        ],
                        [
                            25.791778564453125,
                            43.72148995228582
                        ],
                        [
                            25.72998046875,
                            43.69270087644112
                        ],
                        [
                            25.675048828125,
                            43.69369383336777
                        ],
                        [
                            25.563812255859375,
                            43.64601335623949
                        ],
                        [
                            25.5157470703125,
                            43.645019610189216
                        ],
                        [
                            25.456695556640625,
                            43.628123412124616
                        ],
                        [
                            25.374298095703125,
                            43.61917644272342
                        ],
                        [
                            25.26031494140625,
                            43.67979094030124
                        ],
                        [
                            25.157318115234375,
                            43.69965122967144
                        ],
                        [
                            25.1092529296875,
                            43.68277040294095
                        ],
                        [
                            25.035095214843746,
                            43.7046152744673
                        ],
                        [
                            24.99664306640625,
                            43.72942933300513
                        ],
                        [
                            24.93072509765625,
                            43.726452188547015
                        ],
                        [
                            24.868927001953125,
                            43.70660077729878
                        ],
                        [
                            24.8455810546875,
                            43.71354951931429
                        ],
                        [
                            24.81674194335937,
                            43.71354951931429
                        ],
                        [
                            24.74395751953125,
                            43.68277040294095
                        ],
                        [
                            24.71099853515625,
                            43.689721907017194
                        ],
                        [
                            24.6258544921875,
                            43.742328582383756
                        ],
                        [
                            24.503631591796875,
                            43.7641517511446
                        ],
                        [
                            24.48028564453125,
                            43.75026520087931
                        ],
                        [
                            24.40887451171875,
                            43.73736766145917
                        ],
                        [
                            24.34844970703125,
                            43.69667260550319
                        ],
                        [
                            24.314117431640625,
                            43.69766549666678
                        ],
                        [
                            24.174041748046875,
                            43.681777265168094
                        ],
                        [
                            24.136962890625,
                            43.695679697898825
                        ],
                        [
                            24.07791137695312,
                            43.71057158566884
                        ],
                        [
                            23.97491455078125,
                            43.74332071724287
                        ],
                        [
                            23.89801025390625,
                            43.74828114490795
                        ],
                        [
                            23.814239501953125,
                            43.77109381775651
                        ],
                        [
                            23.784027099609375,
                            43.79984522482957
                        ],
                        [
                            23.704376220703125,
                            43.804800966308385
                        ],
                        [
                            23.632965087890625,
                            43.79191518340848
                        ],
                        [
                            23.600006103515625,
                            43.79984522482957
                        ],
                        [
                            23.51348876953125,
                            43.83650797709095
                        ],
                        [
                            23.429718017578125,
                            43.85235516793534
                        ],
                        [
                            23.27178955078125,
                            43.84938414031936
                        ],
                        [
                            23.1427001953125,
                            43.80678314779554
                        ],
                        [
                            23.056182861328125,
                            43.79588033566535
                        ],
                        [
                            22.88726806640625,
                            43.830564195198264
                        ],
                        [
                            22.846069335937496,
                            43.85532604754971
                        ],
                        [
                            22.847442626953125,
                            43.898881944430414
                        ],
                        [
                            22.888641357421875,
                            43.99281450048989
                        ],
                        [
                            23.01361083984375,
                            44.013558506564664
                        ],
                        [
                            23.047943115234375,
                            44.06390660801779
                        ],
                        [
                            23.006744384765625,
                            44.09843447100597
                        ],
                        [
                            22.92572021484375,
                            44.10040688311735
                        ],
                        [
                            22.847442626953125,
                            44.14476875978378
                        ],
                        [
                            22.795257568359375,
                            44.161519021642356
                        ],
                        [
                            22.745819091796875,
                            44.19795903948531
                        ],
                        [
                            22.707366943359375,
                            44.20288163884399
                        ],
                        [
                            22.68927008518935,
                            44.2065347989383
                        ],
                        [
                            22.675079391261704,
                            44.21526293277479
                        ]
                    ]
                ],
                "type": "Polygon"
            }
        }
    ]
}