{
    "type": "FeatureCollection",
    "features": [
        {
            "type": "Feature",
            "properties": {},
            "geometry": {
                "coordinates": [
                    [
                        [
                            -0.7305908203125,
                            15.0827316716058
                        ],
                        [
                            -1.06842041015625,
                            14.78284966157862
                        ],
                        [
                            -1.09039306640625,
                            14.784177492337294
                        ],
                        [
                            -1.314239501953125,
                            14.73105793444659
                        ],
                        [
                            -1.67816162109375,
                            14.507814855804643
                        ],
                        [
                            -1.7742919921875,
                            14.485212176561356
                        ],
                        [
                            -1.9075012207031248,
                            14.489201052157775
                        ],
                        [
                            -1.981658935546875,
                            14.474574824274661
                        ],
                        [
                            -2.00225830078125,
                            14.19383165093469
                        ],
                        [
                            -2.105255126953125,
                            14.147229023443646
                        ],
                        [
                            -2.292022705078125,
                            14.24708005802385
                        ],
                        [
                            -2.48016357421875,
                            14.29632365104816
                        ],
                        [
                            -2.5721740722656246,
                            14.233769132299317
                        ],
                        [
                            -2.673797607421875,
                            14.136575651477944
                        ],
                        [
                            -2.838592529296875,
                            14.06065595513735
                        ],
                        [
                            -2.8482055664062496,
                            14.01002881473131
                        ],
                        [
                            -2.838592529296875,
                            13.999369045530994
                        ],
                        [
                            -2.9058837890625,
                            13.824745234589408
                        ],
                        [
                            -2.907257080078125,
                            13.730046929808854
                        ],
                        [
                            -2.8729248046875,
                            13.655328309840225
                        ],
                        [
                            -2.94708251953125,
                            13.631306575791223
                        ],
                        [
                            -2.967681884765625,
                            13.652659349024093
                        ],
                        [
                            -3.00750732421875,
                            13.657997240451978
                        ],
                        [
                            -3.02398681640625,
                            13.617960112295492
                        ],
                        [
                            -3.05145263671875,
                            13.623298788116138
                        ],
                        [
                            -3.05694580078125,
                            13.652659349024093
                        ],
                        [
                            -3.110504150390625,
                            13.684684884129839
                        ],
                        [
                            -3.18603515625,
                            13.67934759733443
                        ],
                        [
                            -3.209381103515625,
                            13.707367001939167
                        ],
                        [
                            -3.261566162109375,
                            13.711369501377277
                        ],
                        [
                            -3.272552490234375,
                            13.702030229937806
                        ],
                        [
                            -3.251953125,
                            13.695359094505406
                        ],
                        [
                            -3.250579833984375,
                            13.581920900545844
                        ],
                        [
                            -3.27667236328125,
                            13.563231744609348
                        ],
                        [
                            -3.2560729980468746,
                            13.362898869407998
                        ],
                        [
                            -3.242340087890625,
                            13.361562755530372
                        ],
                        [
                            -3.234100341796875,
                            13.292074651728969
                        ],
                        [
                            -3.4304809570312496,
                            13.278709268693333
                        ],
                        [
                            -3.4455871582031246,
                            13.26534314983734
                        ],
                        [
                            -3.4222412109375,
                            13.179782610496947
                        ],
                        [
                            -3.46343994140625,
                            13.16106224645679
                        ],
                        [
                            -3.5430908203125,
                            13.166411067933177
                        ],
                        [
                            -3.549957275390625,
                            13.194490463294658
                        ],
                        [
                            -3.5870361328124996,
                            13.202512555455915
                        ],
                        [
                            -3.6625671386718746,
                            13.257323125615741
                        ],
                        [
                            -3.733978271484375,
                            13.306775722376099
                        ],
                        [
                            -3.7394714355468746,
                            13.318803207592538
                        ],
                        [
                            -3.7998962402343746,
                            13.36957932776089
                        ],
                        [
                            -3.8369750976562496,
                            13.365571074958245
                        ],
                        [
                            -3.9166259765625,
                            13.381269684378195
                        ],
                        [
                            -3.9420318603515625,
                            13.376259600992242
                        ],
                        [
                            -3.9598846435546875,
                            13.37826364685014
                        ],
                        [
                            -3.9622879028320317,
                            13.405984569808105
                        ],
                        [
                            -3.9368820190429683,
                            13.416003394405728
                        ],
                        [
                            -3.9307022094726562,
                            13.430362980883443
                        ],
                        [
                            -3.9073562622070312,
                            13.433702296471129
                        ],
                        [
                            -3.8967132568359375,
                            13.44171646419877
                        ],
                        [
                            -3.9039230346679688,
                            13.449730364019857
                        ],
                        [
                            -3.937911987304688,
                            13.455072814990618
                        ],
                        [
                            -3.9495849609374996,
                            13.494803551662029
                        ],
                        [
                            -3.9657211303710938,
                            13.503817169107565
                        ],
                        [
                            -3.9715576171875004,
                            13.501814172428668
                        ],
                        [
                            -3.970527648925781,
                            13.494803551662029
                        ],
                        [
                            -3.9725875854492188,
                            13.485789593908478
                        ],
                        [
                            -3.9818572998046875,
                            13.477443033482468
                        ],
                        [
                            -3.976364135742187,
                            13.47176720592802
                        ],
                        [
                            -3.9643478393554688,
                            13.489461988133565
                        ],
                        [
                            -3.958854675292969,
                            13.473102706884324
                        ],
                        [
                            -3.9664077758789062,
                            13.467092893859657
                        ],
                        [
                            -3.9815139770507812,
                            13.453737213419249
                        ],
                        [
                            -3.9835739135742183,
                            13.436373715471946
                        ],
                        [
                            -3.9962768554687496,
                            13.435038009690745
                        ],
                        [
                            -4.008636474609375,
                            13.435038009690745
                        ],
                        [
                            -4.04571533203125,
                            13.413665706031162
                        ],
                        [
                            -4.10064697265625,
                            13.389619591747595
                        ],
                        [
                            -4.097900390625,
                            13.345528811936576
                        ],
                        [
                            -4.159698486328125,
                            13.284055510244496
                        ],
                        [
                            -4.19677734375,
                            13.269353062714407
                        ],
                        [
                            -4.222869873046875,
                            13.24930283689451
                        ],
                        [
                            -4.255828857421875,
                            13.238608707412238
                        ],
                        [
                            -4.2242431640625,
                            13.190479318453653
                        ],
                        [
                            -4.244842529296874,
                            13.181119724574392
                        ],
                        [
                            -4.275054931640624,
                            13.193153422328292
                        ],
                        [
                            -4.3231201171875,
                            13.163736671793107
                        ],
                        [
                            -4.343719482421875,
                            13.123617229226902
                        ],
                        [
                            -4.329986572265625,
                            13.100879969526488
                        ],
                        [
                            -4.273681640625,
                            13.028641818911026
                        ],
                        [
                            -4.26544189453125,
                            12.996529200993775
                        ],
                        [
                            -4.220123291015625,
                            12.96842725192088
                        ],
                        [
                            -4.211883544921875,
                            12.92693762234132
                        ],
                        [
                            -4.2242431640625,
                            12.869376076967338
                        ],
                        [
                            -4.207763671875,
                            12.825191972118773
                        ],
                        [
                            -4.21600341796875,
                            12.80778398110273
                        ],
                        [
                            -4.23248291015625,
                            12.728763393277358
                        ],
                        [
                            -4.283294677734375,
                            12.708669481451748
                        ],
                        [
                            -4.317626953125,
                            12.712688391041047
                        ],
                        [
                            -4.351959228515625,
                            12.740818976502307
                        ],
                        [
                            -4.412384033203125,
                            12.71536762877211
                        ],
                        [
                            -4.47967529296875,
                            12.726084296948196
                        ],
                        [
                            -4.46319580078125,
                            12.696612371311604
                        ],
                        [
                            -4.482421875,
                            12.65775779690875
                        ],
                        [
                            -4.4549560546875,
                            12.633638186616933
                        ],
                        [
                            -4.41925048828125,
                            12.621577527694
                        ],
                        [
                            -4.395904541015624,
                            12.562606132061612
                        ],
                        [
                            -4.36431884765625,
                            12.529093626349596
                        ],
                        [
                            -4.417877197265625,
                            12.495576764061228
                        ],
                        [
                            -4.4219970703125,
                            12.470101041753106
                        ],
                        [
                            -4.441223144531249,
                            12.417800925992982
                        ],
                        [
                            -4.4000244140625,
                            12.313169194006136
                        ],
                        [
                            -4.420623779296875,
                            12.303777121603849
                        ],
                        [
                            -4.448089599609375,
                            12.331952330450884
                        ],
                        [
                            -4.471435546874999,
                            12.335977113197993
                        ],
                        [
                            -4.471435546874999,
                            12.283650121725405
                        ],
                        [
                            -4.57855224609375,
                            12.205811257828273
                        ],
                        [
                            -4.54010009765625,
                            12.138690418934845
                        ],
                        [
                            -4.604644775390625,
                            12.138690418934845
                        ],
                        [
                            -4.626617431640625,
                            12.11586547566659
                        ],
                        [
                            -4.629364013671875,
                            12.062152032528752
                        ],
                        [
                            -4.69940185546875,
                            12.059466077479954
                        ],
                        [
                            -4.720001220703125,
                            12.036634374014694
                        ],
                        [
                            -4.733734130859375,
                            12.001711546616948
                        ],
                        [
                            -4.747467041015625,
                            12.004398078790713
                        ],
                        [
                            -4.773559570312499,
                            12.013800730428164
                        ],
                        [
                            -4.82574462890625,
                            12.008427826827292
                        ],
                        [
                            -4.85595703125,
                            12.016487142023946
                        ],
                        [
                            -4.865570068359375,
                            12.003054816051637
                        ],
                        [
                            -4.888916015625,
                            12.003054816051637
                        ],
                        [
                            -4.961700439453125,
                            12.001711546616948
                        ],
                        [
                            -5.033111572265625,
                            11.988278484166859
                        ],
                        [
                            -5.09765625,
                            11.962753823592042
                        ],
                        [
                            -5.16082763671875,
                            11.933195943594898
                        ],
                        [
                            -5.18280029296875,
                            11.90497859698767
                        ],
                        [
                            -5.2294921875,
                            11.871382697880074
                        ],
                        [
                            -5.244598388671875,
                            11.861975103494535
                        ],
                        [
                            -5.252838134765625,
                            11.837782657251966
                        ],
                        [
                            -5.266571044921875,
                            11.839126738255754
                        ],
                        [
                            -5.280303955078124,
                            11.855255194560424
                        ],
                        [
                            -5.294036865234375,
                            11.852567184656184
                        ],
                        [
                            -5.30364990234375,
                            11.839126738255754
                        ],
                        [
                            -5.32012939453125,
                            11.8418148804342
                        ],
                        [
                            -5.351715087890625,
                            11.822997330187803
                        ],
                        [
                            -5.38055419921875,
                            11.839126738255754
                        ],
                        [
                            -5.406646728515625,
                            11.828373905219838
                        ],
                        [
                            -5.395660400390625,
                            11.817620649540098
                        ],
                        [
                            -5.368194580078125,
                            11.806866971578735
                        ],
                        [
                            -5.348968505859375,
                            11.802834233547687
                        ],
                        [
                            -5.335235595703125,
                            11.80148997435565
                        ],
                        [
                            -5.2899169921875,
                            11.781325296112277
                        ],
                        [
                            -5.28717041015625,
                            11.77057019562524
                        ],
                        [
                            -5.280303955078124,
                            11.758470204731859
                        ],
                        [
                            -5.25421142578125,
                            11.759814674441934
                        ],
                        [
                            -5.2679443359375,
                            11.728890210912423
                        ],
                        [
                            -5.265197753906249,
                            11.683169440757029
                        ],
                        [
                            -5.2899169921875,
                            11.625335311348687
                        ],
                        [
                            -5.28167724609375,
                            11.60515778605222
                        ],
                        [
                            -5.23773193359375,
                            11.602467339029127
                        ],
                        [
                            -5.22125244140625,
                            11.587669416896215
                        ],
                        [
                            -5.197906494140625,
                            11.524433115006
                        ],
                        [
                            -5.208892822265625,
                            11.505594015045848
                        ],
                        [
                            -5.19927978515625,
                            11.482716270042985
                        ],
                        [
                            -5.20751953125,
                            11.466566156032615
                        ],
                        [
                            -5.200653076171875,
                            11.449069157130223
                        ],
                        [
                            -5.204772949218749,
                            11.423494673998748
                        ],
                        [
                            -5.230865478515625,
                            11.40464884161848
                        ],
                        [
                            -5.255584716796875,
                            11.381762935609776
                        ],
                        [
                            -5.25146484375,
                            11.282120537555683
                        ],
                        [
                            -5.25970458984375,
                            11.241715102754728
                        ],
                        [
                            -5.325622558593749,
                            11.214774998159251
                        ],
                        [
                            -5.325622558593749,
                            11.152803234817714
                        ],
                        [
                            -5.379180908203125,
                            11.109684643110402
                        ],
                        [
                            -5.4876708984375,
                            11.084079962450852
                        ],
                        [
                            -5.482177734375,
                            11.036907580639642
                        ],
                        [
                            -5.476684570312499,
                            11.013992545290005
                        ],
                        [
                            -5.4876708984375,
                            10.976246247006731
                        ],
                        [
                            -5.45745849609375,
                            10.981638871023351
                        ],
                        [
                            -5.45196533203125,
                            10.972201714389914
                        ],
                        [
                            -5.456085205078125,
                            10.951978221389624
                        ],
                        [
                            -5.44921875,
                            10.90208770407582
                        ],
                        [
                            -5.41351318359375,
                            10.876464994816295
                        ],
                        [
                            -5.40802001953125,
                            10.852188818037952
                        ],
                        [
                            -5.43548583984375,
                            10.769904911987892
                        ],
                        [
                            -5.46844482421875,
                            10.76450845871857
                        ],
                        [
                            -5.45745849609375,
                            10.748318519296626
                        ],
                        [
                            -5.458831787109375,
                            10.72807987390491
                        ],
                        [
                            -5.461578369140624,
                            10.680851104616385
                        ],
                        [
                            -5.4656982421875,
                            10.637664088316281
                        ],
                        [
                            -5.47943115234375,
                            10.62956584126984
                        ],
                        [
                            -5.47393798828125,
                            10.613368702855206
                        ],
                        [
                            -5.461578369140624,
                            10.597170706385656
                        ],
                        [
                            -5.467071533203125,
                            10.58772147935399
                        ],
                        [
                            -5.460205078125,
                            10.555321919523907
                        ],
                        [
                            -5.475311279296875,
                            10.543171203799206
                        ],
                        [
                            -5.511848401037668,
                            10.43321637060329
                        ],
                        [
                            -5.49591064453125,
                            10.406780403388979
                        ],
                        [
                            -5.478057861328125,
                            10.368958499166258
                        ],
                        [
                            -5.439605712890625,
                            10.341940055108942
                        ],
                        [
                            -5.414886474609375,
                            10.312217081219123
                        ],
                        [
                            -5.387420654296875,
                            10.291949808032683
                        ],
                        [
                            -5.35858154296875,
                            10.281140063178336
                        ],
                        [
                            -5.346221923828125,
                            10.304110328329449
                        ],
                        [
                            -5.32012939453125,
                            10.293301000109102
                        ],
                        [
                            -5.294036865234375,
                            10.310865970226073
                        ],
                        [
                            -5.258331298828125,
                            10.313568186415065
                        ],
                        [
                            -5.208892822265625,
                            10.31491928581316
                        ],
                        [
                            -5.186920166015625,
                            10.291949808032683
                        ],
                        [
                            -5.17181396484375,
                            10.291949808032683
                        ],
                        [
                            -5.14984130859375,
                            10.287896197088958
                        ],
                        [
                            -5.13336181640625,
                            10.31491928581316
                        ],
                        [
                            -5.123748779296875,
                            10.302759182568929
                        ],
                        [
                            -5.108642578125,
                            10.302759182568929
                        ],
                        [
                            -5.114135742187499,
                            10.287896197088958
                        ],
                        [
                            -5.099029541015624,
                            10.270329948377986
                        ],
                        [
                            -5.115509033203125,
                            10.25276272376115
                        ],
                        [
                            -5.1031494140625,
                            10.24195163962343
                        ],
                        [
                            -5.12237548828125,
                            10.208164627673044
                        ],
                        [
                            -5.085296630859375,
                            10.225734322414597
                        ],
                        [
                            -5.0811767578125,
                            10.208164627673044
                        ],
                        [
                            -5.101776123046875,
                            10.181132434056531
                        ],
                        [
                            -5.0921630859375,
                            10.17572572027113
                        ],
                        [
                            -5.06744384765625,
                            10.179780764198233
                        ],
                        [
                            -5.063323974609375,
                            10.135172451029332
                        ],
                        [
                            -5.038604736328124,
                            10.132468717070843
                        ],
                        [
                            -5.044097900390625,
                            10.123005468693007
                        ],
                        [
                            -5.06744384765625,
                            10.123005468693007
                        ],
                        [
                            -5.0701904296875,
                            10.112189985988717
                        ],
                        [
                            -5.03997802734375,
                            10.101374139160903
                        ],
                        [
                            -5.052337646484375,
                            10.08514968700392
                        ],
                        [
                            -5.033111572265625,
                            10.082445532162492
                        ],
                        [
                            -4.998779296875,
                            10.112189985988717
                        ],
                        [
                            -5.009765625,
                            10.068924417668384
                        ],
                        [
                            -4.969940185546874,
                            10.045937223048917
                        ],
                        [
                            -4.95758056640625,
                            10.01077717796568
                        ],
                        [
                            -4.983673095703125,
                            10.01077717796568
                        ],
                        [
                            -4.986419677734375,
                            9.98643337617043
                        ],
                        [
                            -4.958953857421875,
                            9.978318370607663
                        ],
                        [
                            -4.94384765625,
                            9.949914259696394
                        ],
                        [
                            -4.961700439453125,
                            9.944503672556072
                        ],
                        [
                            -4.963073730468749,
                            9.920154922509878
                        ],
                        [
                            -4.972686767578125,
                            9.901215754373554
                        ],
                        [
                            -4.921875,
                            9.867393094500864
                        ],
                        [
                            -4.932861328124999,
                            9.878216724101124
                        ],
                        [
                            -4.923248291015625,
                            9.886334212670986
                        ],
                        [
                            -4.89715576171875,
                            9.883628405409915
                        ],
                        [
                            -4.85870361328125,
                            9.871451997300548
                        ],
                        [
                            -4.824371337890625,
                            9.868746067658998
                        ],
                        [
                            -4.824371337890625,
                            9.852510023143063
                        ],
                        [
                            -4.813385009765625,
                            9.845744768680643
                        ],
                        [
                            -4.7845458984375,
                            9.838979375579344
                        ],
                        [
                            -4.794158935546875,
                            9.806503561727116
                        ],
                        [
                            -4.783172607421875,
                            9.782144612590105
                        ],
                        [
                            -4.81475830078125,
                            9.78755786686066
                        ],
                        [
                            -4.780426025390625,
                            9.751016690766264
                        ],
                        [
                            -4.772186279296875,
                            9.73612839582732
                        ],
                        [
                            -4.766693115234375,
                            9.755077019501561
                        ],
                        [
                            -4.73785400390625,
                            9.749663236864947
                        ],
                        [
                            -4.695281982421875,
                            9.680629819648257
                        ],
                        [
                            -4.651336669921875,
                            9.687398430760624
                        ],
                        [
                            -4.647216796875,
                            9.713117907367689
                        ],
                        [
                            -4.61700439453125,
                            9.70770344475763
                        ],
                        [
                            -4.6142578125,
                            9.721239437055331
                        ],
                        [
                            -4.5977783203125,
                            9.71041068700724
                        ],
                        [
                            -4.555206298828125,
                            9.694166905377438
                        ],
                        [
                            -4.549713134765625,
                            9.721239437055331
                        ],
                        [
                            -4.54833984375,
                            9.746956312582398
                        ],
                        [
                            -4.503021240234375,
                            9.745602842202617
                        ],
                        [
                            -4.514007568359375,
                            9.719885862465183
                        ],
                        [
                            -4.515380859375,
                            9.665738395188692
                        ],
                        [
                            -4.493408203125,
                            9.650846311511245
                        ],
                        [
                            -4.439849853515625,
                            9.658969347906899
                        ],
                        [
                            -4.415130615234375,
                            9.650846311511245
                        ],
                        [
                            -4.398651123046875,
                            9.602103986041728
                        ],
                        [
                            -4.36981201171875,
                            9.595333662946327
                        ],
                        [
                            -4.36981201171875,
                            9.61429022649668
                        ],
                        [
                            -4.35333251953125,
                            9.623768110014382
                        ],
                        [
                            -4.31488037109375,
                            9.60074993224686
                        ],
                        [
                            -4.28741455078125,
                            9.62512207167862
                        ],
                        [
                            -4.275054931640624,
                            9.688752136606563
                        ],
                        [
                            -4.2626953125,
                            9.734774881537218
                        ],
                        [
                            -4.27093505859375,
                            9.744249366331491
                        ],
                        [
                            -4.26544189453125,
                            9.7604907141944
                        ],
                        [
                            -4.192657470703125,
                            9.768611091236496
                        ],
                        [
                            -4.167938232421875,
                            9.805150333692394
                        ],
                        [
                            -4.118499755859375,
                            9.843038628071653
                        ],
                        [
                            -4.044342041015625,
                            9.802443861052897
                        ],
                        [
                            -4.02923583984375,
                            9.830860720983315
                        ],
                        [
                            -3.997650146484375,
                            9.830860720983315
                        ],
                        [
                            -3.967437744140625,
                            9.845744768680643
                        ],
                        [
                            -3.961944580078125,
                            9.870099035259127
                        ],
                        [
                            -3.915252685546875,
                            9.88227549342994
                        ],
                        [
                            -3.893280029296875,
                            9.90527423961053
                        ],
                        [
                            -3.80126953125,
                            9.90256858836241
                        ],
                        [
                            -3.7738037109375,
                            9.926918645909456
                        ],
                        [
                            -3.6694335937500004,
                            9.92827137382399
                        ],
                        [
                            -3.646087646484375,
                            9.951266892478653
                        ],
                        [
                            -3.621368408203125,
                            9.955324757206943
                        ],
                        [
                            -3.60076904296875,
                            9.935034929529445
                        ],
                        [
                            -3.497772216796875,
                            9.935034929529445
                        ],
                        [
                            -3.434600830078125,
                            9.920154922509878
                        ],
                        [
                            -3.415374755859375,
                            9.92827137382399
                        ],
                        [
                            -3.385162353515625,
                            9.922860428632177
                        ],
                        [
                            -3.354949951171875,
                            9.903921416774978
                        ],
                        [
                            -3.3123779296875,
                            9.91068547516803
                        ],
                        [
                            -3.3206176757812496,
                            9.872804953782488
                        ],
                        [
                            -3.267059326171875,
                            9.852510023143063
                        ],
                        [
                            -3.236846923828125,
                            9.890392881804503
                        ],
                        [
                            -3.220367431640625,
                            9.90527423961053
                        ],
                        [
                            -3.192901611328125,
                            9.93774031266
                        ],
                        [
                            -3.198394775390625,
                            9.895804362670006
                        ],
                        [
                            -3.179168701171875,
                            9.836273179540436
                        ],
                        [
                            -3.151702880859375,
                            9.852510023143063
                        ],
                        [
                            -3.091278076171875,
                            9.810563212682444
                        ],
                        [
                            -3.096771240234375,
                            9.78755786686066
                        ],
                        [
                            -3.05419921875,
                            9.722593006167342
                        ],
                        [
                            -3.01025390625,
                            9.740188905777304
                        ],
                        [
                            -2.97454833984375,
                            9.669799758186645
                        ],
                        [
                            -2.9498291015625,
                            9.630537864067712
                        ],
                        [
                            -2.9443359375,
                            9.58314674061269
                        ],
                        [
                            -2.823486328125,
                            9.453125777275748
                        ],
                        [
                            -2.779541015625,
                            9.419258059393734
                        ],
                        [
                            -2.76031494140625,
                            9.416548498325543
                        ],
                        [
                            -2.68837599913158,
                            9.490407260123186
                        ],
                        [
                            -2.698516845703125,
                            9.511370449204525
                        ],
                        [
                            -2.736968994140625,
                            9.53168602752469
                        ],
                        [
                            -2.77130126953125,
                            9.560125804733719
                        ],
                        [
                            -2.7685546874999996,
                            9.593979582094619
                        ],
                        [
                            -2.74658203125,
                            9.637307482396151
                        ],
                        [
                            -2.7520751953125,
                            9.677922337005096
                        ],
                        [
                            -2.7877807617187496,
                            9.686044719454854
                        ],
                        [
                            -2.7877807617187496,
                            9.745602842202617
                        ],
                        [
                            -2.7726745605468746,
                            9.77131783956118
                        ],
                        [
                            -2.7410888671875,
                            9.810563212682444
                        ],
                        [
                            -2.728729248046875,
                            9.828154458476808
                        ],
                        [
                            -2.739715576171875,
                            9.841685549450675
                        ],
                        [
                            -2.76031494140625,
                            9.874157904704258
                        ],
                        [
                            -2.76031494140625,
                            9.920154922509878
                        ],
                        [
                            -2.74383544921875,
                            9.945856327741382
                        ],
                        [
                            -2.750701904296875,
                            9.985080889293013
                        ],
                        [
                            -2.7877807617187496,
                            10.025653047262292
                        ],
                        [
                            -2.797393798828125,
                            10.112189985988717
                        ],
                        [
                            -2.79052734375,
                            10.151394375623681
                        ],
                        [
                            -2.7987670898437496,
                            10.196000424383561
                        ],
                        [
                            -2.7575683593749996,
                            10.227085797160932
                        ],
                        [
                            -2.767181396484375,
                            10.266276060027122
                        ],
                        [
                            -2.8028869628906246,
                            10.273032511740157
                        ],
                        [
                            -2.8482055664062496,
                            10.316270379412671
                        ],
                        [
                            -2.8289794921874996,
                            10.395974612177655
                        ],
                        [
                            -2.786407470703125,
                            10.402728275524264
                        ],
                        [
                            -2.7740478515625,
                            10.425689637204096
                        ],
                        [
                            -2.866058349609375,
                            10.459453269048119
                        ],
                        [
                            -2.915496826171875,
                            10.566122152662007
                        ],
                        [
                            -2.940216064453125,
                            10.62956584126984
                        ],
                        [
                            -2.92510986328125,
                            10.661957538939191
                        ],
                        [
                            -2.9086303710937496,
                            10.694345789406778
                        ],
                        [
                            -2.940216064453125,
                            10.715936036343722
                        ],
                        [
                            -2.900390625,
                            10.755064433001634
                        ],
                        [
                            -2.871551513671875,
                            10.846793844137942
                        ],
                        [
                            -2.860565185546875,
                            10.885905196767663
                        ],
                        [
                            -2.830352783203125,
                            10.895345099603954
                        ],
                        [
                            -2.816619873046875,
                            10.935798432254016
                        ],
                        [
                            -2.8399658203125,
                            10.966808918131894
                        ],
                        [
                            -2.8330993652343746,
                            11.00860051288406
                        ],
                        [
                            -2.72186279296875,
                            11.003208381761434
                        ],
                        [
                            -2.63946533203125,
                            11.000512279195748
                        ],
                        [
                            -2.352447509765625,
                            10.988379512541584
                        ],
                        [
                            -2.264556884765625,
                            10.996468079107856
                        ],
                        [
                            -2.127227783203125,
                            10.985683274406332
                        ],
                        [
                            -1.75506591796875,
                            10.985683274406332
                        ],
                        [
                            -1.74957275390625,
                            10.972201714389914
                        ],
                        [
                            -1.70013427734375,
                            10.970853524549222
                        ],
                        [
                            -1.6864013671875,
                            10.982987011640736
                        ],
                        [
                            -1.61224365234375,
                            10.988379512541584
                        ],
                        [
                            -1.61773681640625,
                            11.022080408704667
                        ],
                        [
                            -1.4241027832031248,
                            11.01938447893334
                        ],
                        [
                            -1.3938903808593748,
                            10.988379512541584
                        ],
                        [
                            -1.116485595703125,
                            10.987031396553103
                        ],
                        [
                            -1.11236572265625,
                            11.003208381761434
                        ],
                        [
                            -1.001129150390625,
                            11.00860051288406
                        ],
                        [
                            -0.995635986328125,
                            10.997816151968104
                        ],
                        [
                            -0.9228515625,
                            11.001860333561694
                        ],
                        [
                            -0.91461181640625,
                            10.984335146101955
                        ],
                        [
                            -0.88714599609375,
                            10.978942571323032
                        ],
                        [
                            -0.88165283203125,
                            10.96006778449538
                        ],
                        [
                            -0.855560302734375,
                            10.99512000008428
                        ],
                        [
                            -0.828094482421875,
                            10.993771914898083
                        ],
                        [
                            -0.8294677734375,
                            11.005904459659451
                        ],
                        [
                            -0.8102416992187499,
                            11.009948530242026
                        ],
                        [
                            -0.8102416992187499,
                            10.997816151968104
                        ],
                        [
                            -0.685272216796875,
                            11.001860333561694
                        ],
                        [
                            -0.67840576171875,
                            10.987031396553103
                        ],
                        [
                            -0.6536865234375,
                            10.985683274406332
                        ],
                        [
                            -0.671539306640625,
                            10.961416023513427
                        ],
                        [
                            -0.6468200683593749,
                            10.95871953933339
                        ],
                        [
                            -0.62896728515625,
                            10.946585056517058
                        ],
                        [
                            -0.6166076660156249,
                            10.916920895841397
                        ],
                        [
                            -0.59051513671875,
                            10.926359814133871
                        ],
                        [
                            -0.561676025390625,
                            10.99512000008428
                        ],
                        [
                            -0.542449951171875,
                            10.97759441224152
                        ],
                        [
                            -0.523223876953125,
                            10.999164218664298
                        ],
                        [
                            -0.506744384765625,
                            10.991075726040743
                        ],
                        [
                            -0.48339843749999994,
                            11.030168049748383
                        ],
                        [
                            -0.438079833984375,
                            11.035559686828236
                        ],
                        [
                            -0.429840087890625,
                            11.113727282172755
                        ],
                        [
                            -0.380401611328125,
                            11.125854863092481
                        ],
                        [
                            -0.35430908203125,
                            11.074646093681734
                        ],
                        [
                            -0.33096313476562494,
                            11.106989519283017
                        ],
                        [
                            -0.27191162109374994,
                            11.127202340932167
                        ],
                        [
                            -0.28013463598912836,
                            11.137611562190942
                        ],
                        [
                            -0.2883576508845067,
                            11.148020783449718
                        ],
                        [
                            -0.28263295862086574,
                            11.168894691385987
                        ],
                        [
                            -0.14036455002846537,
                            11.139995806496142
                        ],
                        [
                            0.04438302146297701,
                            11.1027531036845
                        ],
                        [
                            0.5058222954707787,
                            11.013279896083725
                        ],
                        [
                            0.49840620941463953,
                            10.987897933454994
                        ],
                        [
                            0.5096673530297551,
                            10.990054588031372
                        ],
                        [
                            0.5038600017761894,
                            10.926456494280298
                        ],
                        [
                            0.655059814453125,
                            10.997142116308444
                        ],
                        [
                            0.9170935814556174,
                            10.9964522024045
                        ],
                        [
                            0.9228515625,
                            11.022754387287112
                        ],
                        [
                            0.9510040283203125,
                            11.03758152522604
                        ],
                        [
                            0.9674835205078125,
                            11.059146935052448
                        ],
                        [
                            0.9784698486328124,
                            11.092839710993548
                        ],
                        [
                            1.0086822509765625,
                            11.088122955930965
                        ],
                        [
                            1.0292816162109375,
                            11.04769050841533
                        ],
                        [
                            1.0608673095703125,
                            11.059820828563412
                        ],
                        [
                            1.113739013671875,
                            11.032863880653734
                        ],
                        [
                            1.1178588867187498,
                            11.042299094029365
                        ],
                        [
                            1.089019775390625,
                            11.08071075852305
                        ],
                        [
                            1.07391357421875,
                            11.122486141228997
                        ],
                        [
                            1.056060791015625,
                            11.125854863092481
                        ],
                        [
                            1.0546875,
                            11.145392681430282
                        ],
                        [
                            1.09039306640625,
                            11.152129555952488
                        ],
                        [
                            1.1309051513671875,
                            11.175033760761144
                        ],
                        [
                            1.153564453125,
                            11.163581884219079
                        ],
                        [
                            1.1501312255859375,
                            11.189179572173774
                        ],
                        [
                            1.1542510986328125,
                            11.224877832038523
                        ],
                        [
                            1.1295318603515625,
                            11.257204523310325
                        ],
                        [
                            1.1473846435546875,
                            11.272693110431502
                        ],
                        [
                            1.1789703369140625,
                            11.262591952545991
                        ],
                        [
                            1.2490081787109375,
                            11.248449735768261
                        ],
                        [
                            1.2785339355468748,
                            11.260571678401696
                        ],
                        [
                            1.259307861328125,
                            11.288180863031288
                        ],
                        [
                            1.2579345703125,
                            11.320500436421426
                        ],
                        [
                            1.327972412109375,
                            11.292894361058085
                        ],
                        [
                            1.3437652587890625,
                            11.319153860320416
                        ],
                        [
                            1.3162994384765623,
                            11.361567960696178
                        ],
                        [
                            1.35955810546875,
                            11.389840524525674
                        ],
                        [
                            1.3897705078125,
                            11.40262957108852
                        ],
                        [
                            1.385650634765625,
                            11.440320251750387
                        ],
                        [
                            1.448822021484375,
                            11.480697556335342
                        ],
                        [
                            1.473541259765625,
                            11.469257905863257
                        ],
                        [
                            1.4948272705078125,
                            11.457144829656395
                        ],
                        [
                            1.503753662109375,
                            11.475987168176685
                        ],
                        [
                            1.506500244140625,
                            11.458490752653873
                        ],
                        [
                            1.5401458740234375,
                            11.45512593314557
                        ],
                        [
                            1.550445556640625,
                            11.475987168176685
                        ],
                        [
                            1.571044921875,
                            11.464547326825468
                        ],
                        [
                            1.5703582763671875,
                            11.453107022219326
                        ],
                        [
                            1.5799713134765625,
                            11.452434048707556
                        ],
                        [
                            1.5772247314453123,
                            11.431571076012284
                        ],
                        [
                            1.5854644775390625,
                            11.430898051301307
                        ],
                        [
                            1.593017578125,
                            11.40868733961014
                        ],
                        [
                            1.613616943359375,
                            11.397917884039344
                        ],
                        [
                            1.6431427001953123,
                            11.400610286205671
                        ],
                        [
                            1.676788330078125,
                            11.403975753036736
                        ],
                        [
                            1.7035675048828125,
                            11.414071914243973
                        ],
                        [
                            1.746826171875,
                            11.425513796074753
                        ],
                        [
                            1.8395233154296873,
                            11.438301235184616
                        ],
                        [
                            1.885528564453125,
                            11.438974242306147
                        ],
                        [
                            1.9384002685546875,
                            11.430898051301307
                        ],
                        [
                            1.9727325439453125,
                            11.422148584626964
                        ],
                        [
                            2.0153045654296875,
                            11.428878967577688
                        ],
                        [
                            2.1869659423828125,
                            11.600449486739072
                        ],
                        [
                            2.21649169921875,
                            11.60515778605222
                        ],
                        [
                            2.2707366943359375,
                            11.654253881153602
                        ],
                        [
                            2.30987548828125,
                            11.677790030006117
                        ],
                        [
                            2.3016357421875,
                            11.71947772936839
                        ],
                        [
                            2.3201751708984375,
                            11.753764509036115
                        ],
                        [
                            2.338714599609375,
                            11.771914606200369
                        ],
                        [
                            2.3435211181640625,
                            11.786702688481432
                        ],
                        [
                            2.3668670654296875,
                            11.79409643102828
                        ],
                        [
                            2.368927001953125,
                            11.820981087319332
                        ],
                        [
                            2.3860931396484375,
                            11.83039009361855
                        ],
                        [
                            2.3737335205078125,
                            11.843158941607458
                        ],
                        [
                            2.3847198486328125,
                            11.860631134947859
                        ],
                        [
                            2.4039459228515625,
                            11.870710737617621
                        ],
                        [
                            2.3984527587890625,
                            11.89422836054339
                        ],
                        [
                            2.4021942255983504,
                            11.899203945050893
                        ],
                        [
                            2.0599365234375,
                            12.357441576501873
                        ],
                        [
                            2.110748291015625,
                            12.39500014682119
                        ],
                        [
                            2.1588134765625,
                            12.411095021694585
                        ],
                        [
                            2.264556884765625,
                            12.408412611606948
                        ],
                        [
                            2.261810302734375,
                            12.472782814792764
                        ],
                        [
                            2.226104736328125,
                            12.513006075480721
                        ],
                        [
                            2.215118408203125,
                            12.61487691594163
                        ],
                        [
                            2.162933349609375,
                            12.651058133703483
                        ],
                        [
                            2.09564208984375,
                            12.719386432362123
                        ],
                        [
                            1.976165771484375,
                            12.724744738173946
                        ],
                        [
                            1.94732666015625,
                            12.697952078455677
                        ],
                        [
                            1.9226074218749998,
                            12.699291778541449
                        ],
                        [
                            1.87042236328125,
                            12.605495764872146
                        ],
                        [
                            0.9928894042968751,
                            13.10489257981749
                        ],
                        [
                            0.9928894042968751,
                            13.373587513919782
                        ],
                        [
                            1.12060546875,
                            13.338847687855717
                        ],
                        [
                            1.196136474609375,
                            13.330830095126228
                        ],
                        [
                            1.21673583984375,
                            13.38160368623224
                        ],
                        [
                            1.24420166015625,
                            13.341520159660119
                        ],
                        [
                            1.286773681640625,
                            13.348201209826072
                        ],
                        [
                            1.245574951171875,
                            13.392291500938896
                        ],
                        [
                            1.19476318359375,
                            13.389619591747595
                        ],
                        [
                            1.03271484375,
                            13.46308626797232
                        ],
                        [
                            1.01348876953125,
                            13.54721129739022
                        ],
                        [
                            0.8734130859375,
                            13.625968080820735
                        ],
                        [
                            0.775909423828125,
                            13.64732133680047
                        ],
                        [
                            0.781402587890625,
                            13.680681930380013
                        ],
                        [
                            0.622100830078125,
                            13.687353482133801
                        ],
                        [
                            0.60150146484375,
                            13.712703652698178
                        ],
                        [
                            0.6166076660156249,
                            13.772732606134639
                        ],
                        [
                            0.582275390625,
                            13.790071437194856
                        ],
                        [
                            0.45867919921875006,
                            13.915406111243858
                        ],
                        [
                            0.472412109375,
                            13.942064322991769
                        ],
                        [
                            0.435333251953125,
                            13.975382757435604
                        ],
                        [
                            0.38726806640625,
                            14.039340627573987
                        ],
                        [
                            0.1702880859375,
                            14.521109472004234
                        ],
                        [
                            0.24032592773437497,
                            14.740354793222743
                        ],
                        [
                            0.19500732421874997,
                            14.834629037218
                        ],
                        [
                            0.22933959960937503,
                            14.870469041106201
                        ],
                        [
                            0.23550281528761732,
                            14.886178212227547
                        ],
                        [
                            0.22847714425060417,
                            15.002371254626945
                        ],
                        [
                            0.177154541015625,
                            14.987239525774244
                        ],
                        [
                            0.06317138671875,
                            14.97662665162375
                        ],
                        [
                            -0.24444580078125003,
                            15.081405684819769
                        ],
                        [
                            -0.39276123046875,
                            15.00581078905935
                        ],
                        [
                            -0.42572021484375,
                            15.081405684819769
                        ],
                        [
                            -0.7305908203125,
                            15.0827316716058
                        ]
                    ]
                ],
                "type": "Polygon"
            }
        }
    ]
}