{
    "type": "FeatureCollection",
    "features": [
        {
            "type": "Feature",
            "properties": {},
            "geometry": {
                "coordinates": [
                    [
                        [
                            30.41427612304687,
                            -2.312680473301111
                        ],
                        [
                            30.38406372070312,
                            -2.3154248155552675
                        ],
                        [
                            30.371704101562496,
                            -2.3531589798736956
                        ],
                        [
                            30.299606323242188,
                            -2.3716826514839457
                        ],
                        [
                            30.252227783203125,
                            -2.3716826514839457
                        ],
                        [
                            30.241241455078125,
                            -2.35658930805591
                        ],
                        [
                            30.222015380859375,
                            -2.3497286432518663
                        ],
                        [
                            30.219268798828125,
                            -2.3778571536645723
                        ],
                        [
                            30.202789306640625,
                            -2.381973473105684
                        ],
                        [
                            30.199356079101562,
                            -2.395008403412304
                        ],
                        [
                            30.18081665039062,
                            -2.4265661407686383
                        ],
                        [
                            30.151290893554688,
                            -2.436170523770955
                        ],
                        [
                            30.110778808593746,
                            -2.4320543679985667
                        ],
                        [
                            30.083312988281246,
                            -2.414903583998337
                        ],
                        [
                            30.03936767578125,
                            -2.352472913224101
                        ],
                        [
                            30.004348754882812,
                            -2.3435540161039135
                        ],
                        [
                            29.95559692382813,
                            -2.327088210764743
                        ],
                        [
                            29.95559692382813,
                            -2.347670437232854
                        ],
                        [
                            29.943923950195316,
                            -2.370310536143135
                        ],
                        [
                            29.961090087890625,
                            -2.4101013256130592
                        ],
                        [
                            29.970703124999996,
                            -2.4835054055778474
                        ],
                        [
                            29.942550659179684,
                            -2.4951673636680027
                        ],
                        [
                            29.92057800292969,
                            -2.5569054069704134
                        ],
                        [
                            29.92950439453125,
                            -2.582285744968951
                        ],
                        [
                            29.929332733154297,
                            -2.6337308152731644
                        ],
                        [
                            29.935855865478512,
                            -2.639732602533818
                        ],
                        [
                            29.928817749023438,
                            -2.6565374524509093
                        ],
                        [
                            29.929161071777344,
                            -2.667340449583608
                        ],
                        [
                            29.91903305053711,
                            -2.6918611855644787
                        ],
                        [
                            29.91851806640625,
                            -2.702320930072912
                        ],
                        [
                            29.902725219726562,
                            -2.721011068575951
                        ],
                        [
                            29.89105224609375,
                            -2.747245360884402
                        ],
                        [
                            29.87903594970703,
                            -2.7513604918334345
                        ],
                        [
                            29.87766265869141,
                            -2.7571902363588396
                        ],
                        [
                            29.83989715576172,
                            -2.768335256627227
                        ],
                        [
                            29.831314086914062,
                            -2.7793087126280382
                        ],
                        [
                            29.825992584228512,
                            -2.774336377994854
                        ],
                        [
                            29.815006256103512,
                            -2.771764472563147
                        ],
                        [
                            29.80968475341797,
                            -2.760448022331816
                        ],
                        [
                            29.798526763916012,
                            -2.7585619368037855
                        ],
                        [
                            29.790973663330075,
                            -2.765591876732355
                        ],
                        [
                            29.76968765258789,
                            -2.7640487227526247
                        ],
                        [
                            29.765911102294922,
                            -2.7789657936702814
                        ],
                        [
                            29.75217819213867,
                            -2.809656644379429
                        ],
                        [
                            29.746341705322266,
                            -2.807084816231091
                        ],
                        [
                            29.731578826904297,
                            -2.8122284668622446
                        ],
                        [
                            29.708232879638672,
                            -2.8189151787658875
                        ],
                        [
                            29.706001281738278,
                            -2.811371193331128
                        ],
                        [
                            29.685401916503903,
                            -2.799883667319238
                        ],
                        [
                            29.663257598876957,
                            -2.788053112352703
                        ],
                        [
                            29.641456604003906,
                            -2.7897676929193445
                        ],
                        [
                            29.630985260009762,
                            -2.8029698794224034
                        ],
                        [
                            29.622917175292965,
                            -2.807599182313746
                        ],
                        [
                            29.611244201660153,
                            -2.810342464262355
                        ],
                        [
                            29.60712432861328,
                            -2.8063989944353533
                        ],
                        [
                            29.590816497802734,
                            -2.8079420929097227
                        ],
                        [
                            29.58927154541016,
                            -2.8027984234078804
                        ],
                        [
                            29.58292007446289,
                            -2.805027349636731
                        ],
                        [
                            29.5751953125,
                            -2.8111997385493117
                        ],
                        [
                            29.564723968505856,
                            -2.813085739763293
                        ],
                        [
                            29.55717086791992,
                            -2.8173720948106613
                        ],
                        [
                            29.544124603271484,
                            -2.817715002533058
                        ],
                        [
                            29.544124603271484,
                            -2.82868799625022
                        ],
                        [
                            29.539318084716797,
                            -2.8288594484542093
                        ],
                        [
                            29.5341682434082,
                            -2.826459115291935
                        ],
                        [
                            29.528331756591797,
                            -2.828345091766175
                        ],
                        [
                            29.518375396728512,
                            -2.8274878301125095
                        ],
                        [
                            29.515457153320316,
                            -2.8228586062409917
                        ],
                        [
                            29.50876235961914,
                            -2.821315527517384
                        ],
                        [
                            29.498119354248047,
                            -2.8098280993879294
                        ],
                        [
                            29.49125289916992,
                            -2.8069133608198937
                        ],
                        [
                            29.485931396484375,
                            -2.802112599098652
                        ],
                        [
                            29.479408264160153,
                            -2.808456458614922
                        ],
                        [
                            29.476661682128906,
                            -2.808456458614922
                        ],
                        [
                            29.476490020751953,
                            -2.8098280993879294
                        ],
                        [
                            29.47202682495117,
                            -2.808799368959228
                        ],
                        [
                            29.466190338134766,
                            -2.809485189345738
                        ],
                        [
                            29.457778930664062,
                            -2.8043415266340364
                        ],
                        [
                            29.45709228515625,
                            -2.800055123760553
                        ],
                        [
                            29.450912475585938,
                            -2.799883667319238
                        ],
                        [
                            29.448680877685543,
                            -2.797826188066537
                        ],
                        [
                            29.441471099853516,
                            -2.7976547312991262
                        ],
                        [
                            29.438209533691406,
                            -2.796968903978778
                        ],
                        [
                            29.432201385498043,
                            -2.799712210852809
                        ],
                        [
                            29.430828094482422,
                            -2.803312791376057
                        ],
                        [
                            29.420700073242184,
                            -2.8079420929097227
                        ],
                        [
                            29.407310485839844,
                            -2.8151431921539447
                        ],
                        [
                            29.3994140625,
                            -2.8204582606748083
                        ],
                        [
                            29.395122528076172,
                            -2.816514825062878
                        ],
                        [
                            29.384479522705078,
                            -2.8197724467457657
                        ],
                        [
                            29.380359649658203,
                            -2.8302310651734195
                        ],
                        [
                            29.375381469726562,
                            -2.83125977664758
                        ],
                        [
                            29.376583099365234,
                            -2.836574771372018
                        ],
                        [
                            29.370059967041012,
                            -2.8386321821287
                        ],
                        [
                            29.368000030517578,
                            -2.832288487208323
                        ],
                        [
                            29.363021850585934,
                            -2.833488648374267
                        ],
                        [
                            29.365081787109375,
                            -2.8274878301125095
                        ],
                        [
                            29.3609619140625,
                            -2.823887324251714
                        ],
                        [
                            29.36233520507812,
                            -2.8204582606748083
                        ],
                        [
                            29.35770034790039,
                            -2.808970824093615
                        ],
                        [
                            29.353408813476562,
                            -2.804855893923763
                        ],
                        [
                            29.351692199707035,
                            -2.8005694929339566
                        ],
                        [
                            29.353065490722656,
                            -2.7986834715274473
                        ],
                        [
                            29.356327056884766,
                            -2.7916537286547993
                        ],
                        [
                            29.34946060180664,
                            -2.777251197387374
                        ],
                        [
                            29.349632263183594,
                            -2.7685067176598257
                        ],
                        [
                            29.338817596435543,
                            -2.763705799373477
                        ],
                        [
                            29.34173583984375,
                            -2.7527321989944395
                        ],
                        [
                            29.33401107788086,
                            -2.7474168249572544
                        ],
                        [
                            29.33486938476562,
                            -2.744673396837845
                        ],
                        [
                            29.352550506591797,
                            -2.7369574715095584
                        ],
                        [
                            29.352893829345703,
                            -2.7251262895757873
                        ],
                        [
                            29.349117279052734,
                            -2.722897213279232
                        ],
                        [
                            29.348430633544922,
                            -2.716895833528585
                        ],
                        [
                            29.35066223144531,
                            -2.7131235224129173
                        ],
                        [
                            29.350490570068356,
                            -2.7083223821546274
                        ],
                        [
                            29.350490570068356,
                            -2.700263282525537
                        ],
                        [
                            29.34379577636719,
                            -2.7016350479445204
                        ],
                        [
                            29.33916091918945,
                            -2.696490919638798
                        ],
                        [
                            29.334182739257812,
                            -2.690317936962878
                        ],
                        [
                            29.327316284179684,
                            -2.6870599612799415
                        ],
                        [
                            29.333839416503906,
                            -2.6774574560974385
                        ],
                        [
                            29.336585998535156,
                            -2.6697411027399496
                        ],
                        [
                            29.330749511718746,
                            -2.658252220220572
                        ],
                        [
                            29.326114654541016,
                            -2.6522505226124267
                        ],
                        [
                            29.321308135986328,
                            -2.656880406195385
                        ],
                        [
                            29.318218231201172,
                            -2.6493354018336492
                        ],
                        [
                            29.311351776123043,
                            -2.64367661838402
                        ],
                        [
                            29.29315567016602,
                            -2.6385322473984263
                        ],
                        [
                            29.287490844726562,
                            -2.6325304543485397
                        ],
                        [
                            29.283885955810543,
                            -2.62790047995572
                        ],
                        [
                            29.27204132080078,
                            -2.6236134513170337
                        ],
                        [
                            29.266033172607422,
                            -2.6186404796834903
                        ],
                        [
                            29.251785278320312,
                            -2.626871594424216
                        ],
                        [
                            29.24783706665039,
                            -2.621898635744639
                        ],
                        [
                            29.244232177734375,
                            -2.623441969865605
                        ],
                        [
                            29.241828918457028,
                            -2.627386037295944
                        ],
                        [
                            29.237365722656246,
                            -2.6258427080450306
                        ],
                        [
                            29.234104156494137,
                            -2.628757883917529
                        ],
                        [
                            29.225864410400387,
                            -2.62790047995572
                        ],
                        [
                            29.224319458007812,
                            -2.631330092267669
                        ],
                        [
                            29.22037124633789,
                            -2.6291008453373195
                        ],
                        [
                            29.21642303466797,
                            -2.624642339531717
                        ],
                        [
                            29.2100715637207,
                            -2.622241599047191
                        ],
                        [
                            29.203548431396488,
                            -2.615725280235181
                        ],
                        [
                            29.188270568847656,
                            -2.6152108325700776
                        ],
                        [
                            29.1877555847168,
                            -2.610066344321936
                        ],
                        [
                            29.17625427246094,
                            -2.615553797703585
                        ],
                        [
                            29.16595458984375,
                            -2.5966905764341197
                        ],
                        [
                            29.15050506591797,
                            -2.5936038406299677
                        ],
                        [
                            29.140720367431637,
                            -2.5968620615355147
                        ],
                        [
                            29.143123626708984,
                            -2.6033784781255864
                        ],
                        [
                            29.129047393798825,
                            -2.609723377689585
                        ],
                        [
                            29.115314483642578,
                            -2.5966905764341197
                        ],
                        [
                            29.09694671630859,
                            -2.596004635795735
                        ],
                        [
                            29.091796875,
                            -2.5915460125750966
                        ],
                        [
                            29.074287414550778,
                            -2.6037214464870644
                        ],
                        [
                            29.06278610229492,
                            -2.6013206659968344
                        ],
                        [
                            29.053516387939453,
                            -2.6227560438247197
                        ],
                        [
                            29.055233001708988,
                            -2.639732602533818
                        ],
                        [
                            29.06106948852539,
                            -2.648478012062852
                        ],
                        [
                            29.05540466308594,
                            -2.653622341778497
                        ],
                        [
                            29.04767990112305,
                            -2.667340449583608
                        ],
                        [
                            29.058151245117184,
                            -2.676428611787921
                        ],
                        [
                            29.05471801757812,
                            -2.683459030673154
                        ],
                        [
                            29.047336578369144,
                            -2.6862025978126107
                        ],
                        [
                            29.055233001708988,
                            -2.6889461587883563
                        ],
                        [
                            29.05454635620117,
                            -2.6918611855644787
                        ],
                        [
                            29.050941467285153,
                            -2.6934044322117305
                        ],
                        [
                            29.052658081054688,
                            -2.6975197470414285
                        ],
                        [
                            29.049911499023434,
                            -2.7021494595771327
                        ],
                        [
                            29.05712127685547,
                            -2.7096941384575812
                        ],
                        [
                            29.041671752929688,
                            -2.7261550926283453
                        ],
                        [
                            29.04035423081075,
                            -2.7440459623609494
                        ],
                        [
                            29.038498167574314,
                            -2.7606194845041347
                        ],
                        [
                            29.021759033203125,
                            -2.7633628758952486
                        ],
                        [
                            29.002532958984375,
                            -2.7853097782494216
                        ],
                        [
                            29.002532958984375,
                            -2.811371193331128
                        ],
                        [
                            29.02862548828125,
                            -2.8250874941127346
                        ],
                        [
                            29.0533447265625,
                            -2.8209726208561983
                        ],
                        [
                            29.068450927734375,
                            -2.8593775354502786
                        ],
                        [
                            29.089050292968746,
                            -2.874464829653596
                        ],
                        [
                            29.087677001953125,
                            -2.8868088311318605
                        ],
                        [
                            29.10140991210937,
                            -2.9197255112265617
                        ],
                        [
                            29.124755859374996,
                            -2.9375549775994263
                        ],
                        [
                            29.15908813476562,
                            -2.9457838661595273
                        ],
                        [
                            29.16732788085937,
                            -2.9896702405696476
                        ],
                        [
                            29.178314208984375,
                            -2.997898741103057
                        ],
                        [
                            29.1961669921875,
                            -3.0170983347129785
                        ],
                        [
                            29.216766357421875,
                            -3.0116127710462903
                        ],
                        [
                            29.237365722656246,
                            -3.033554859424751
                        ],
                        [
                            29.252471923828125,
                            -3.06646715603861
                        ],
                        [
                            29.255218505859375,
                            -3.113091173334638
                        ],
                        [
                            29.237365722656246,
                            -3.14325855753886
                        ],
                        [
                            29.225006103515625,
                            -3.1775386167362347
                        ],
                        [
                            29.2291259765625,
                            -3.2227865495002357
                        ],
                        [
                            29.24148559570312,
                            -3.2748877355555313
                        ],
                        [
                            29.209899902343746,
                            -3.2981952858267154
                        ],
                        [
                            29.244918823242184,
                            -3.530554761532789
                        ],
                        [
                            29.219154060231997,
                            -3.6744999404656005
                        ],
                        [
                            29.227752685546875,
                            -3.818352721803109
                        ],
                        [
                            29.257806977364964,
                            -3.879811220019598
                        ],
                        [
                            29.29641723632812,
                            -3.967011000868007
                        ],
                        [
                            29.356797847954226,
                            -4.065288585163888
                        ],
                        [
                            29.388839279270314,
                            -4.16994183829987
                        ],
                        [
                            29.40068358485703,
                            -4.425645536545433
                        ],
                        [
                            29.60895338553129,
                            -4.4416203126628595
                        ],
                        [
                            29.672698974609375,
                            -4.448420262831487
                        ],
                        [
                            29.690551757812504,
                            -4.453212286449018
                        ],
                        [
                            29.70634460449219,
                            -4.462111676045679
                        ],
                        [
                            29.71664428710937,
                            -4.457319710422127
                        ],
                        [
                            29.729690551757816,
                            -4.462111676045679
                        ],
                        [
                            29.736557006835934,
                            -4.460057980320397
                        ],
                        [
                            29.74136352539063,
                            -4.465534489487851
                        ],
                        [
                            29.76058959960937,
                            -4.466903610394124
                        ],
                        [
                            29.767456054687496,
                            -4.454581430322458
                        ],
                        [
                            29.764022827148434,
                            -4.4374669489612195
                        ],
                        [
                            29.77294921875,
                            -4.416929047775391
                        ],
                        [
                            29.783935546874996,
                            -4.414190617927116
                        ],
                        [
                            29.796981811523438,
                            -4.394336699757374
                        ],
                        [
                            29.818954467773434,
                            -4.364897158988812
                        ],
                        [
                            29.838180541992184,
                            -4.3690050713792346
                        ],
                        [
                            29.84573364257812,
                            -4.377220828633226
                        ],
                        [
                            29.871826171875,
                            -4.381328673454825
                        ],
                        [
                            29.886245727539062,
                            -4.3580505883907925
                        ],
                        [
                            29.914398193359375,
                            -4.350519288722574
                        ],
                        [
                            29.959716796875004,
                            -4.325186183323491
                        ],
                        [
                            29.971389770507816,
                            -4.302591077119676
                        ],
                        [
                            29.998855590820312,
                            -4.29505922589801
                        ],
                        [
                            30.006408691406254,
                            -4.280680030820496
                        ],
                        [
                            30.04074096679687,
                            -4.272463226583703
                        ],
                        [
                            30.04898071289062,
                            -4.243703719591427
                        ],
                        [
                            30.0750732421875,
                            -4.170430627798267
                        ],
                        [
                            30.099792480468746,
                            -4.1533097573459985
                        ],
                        [
                            30.144424438476562,
                            -4.123176123959611
                        ],
                        [
                            30.183563232421875,
                            -4.082082966104377
                        ],
                        [
                            30.184936523437496,
                            -4.071124434557614
                        ],
                        [
                            30.18974304199219,
                            -4.051261716169494
                        ],
                        [
                            30.219268798828125,
                            -4.04441238972921
                        ],
                        [
                            30.228195190429684,
                            -4.01221978158204
                        ],
                        [
                            30.214462280273438,
                            -3.991670644273722
                        ],
                        [
                            30.24261474609375,
                            -3.9252249272801887
                        ],
                        [
                            30.257720947265625,
                            -3.8868621000967085
                        ],
                        [
                            30.287246704101566,
                            -3.8704203531831123
                        ],
                        [
                            30.30990600585937,
                            -3.8416465287924666
                        ],
                        [
                            30.32089233398437,
                            -3.814927108549172
                        ],
                        [
                            30.322952270507812,
                            -3.794373142650976
                        ],
                        [
                            30.3387451171875,
                            -3.779299923373682
                        ],
                        [
                            30.371017456054688,
                            -3.777244464062558
                        ],
                        [
                            30.386123657226562,
                            -3.788892002378344
                        ],
                        [
                            30.40397644042969,
                            -3.7964285612904134
                        ],
                        [
                            30.406036376953125,
                            -3.770392897880197
                        ],
                        [
                            30.389556884765625,
                            -3.7217452310689536
                        ],
                        [
                            30.4046630859375,
                            -3.6826881158179194
                        ],
                        [
                            30.43075561523437,
                            -3.6264976855121835
                        ],
                        [
                            30.452728271484375,
                            -3.609365759510351
                        ],
                        [
                            30.454101562499996,
                            -3.5915482137106234
                        ],
                        [
                            30.454101562499996,
                            -3.5771568650530456
                        ],
                        [
                            30.447921752929688,
                            -3.5668771918906366
                        ],
                        [
                            30.460968017578125,
                            -3.5490588195926307
                        ],
                        [
                            30.489120483398434,
                            -3.5257573528813975
                        ],
                        [
                            30.505599975585938,
                            -3.52095991948024
                        ],
                        [
                            30.5145263671875,
                            -3.527813388193111
                        ],
                        [
                            30.526199340820312,
                            -3.507252830828015
                        ],
                        [
                            30.55160522460937,
                            -3.4969723824003385
                        ],
                        [
                            30.58868408203125,
                            -3.4764111477034016
                        ],
                        [
                            30.63674926757812,
                            -3.453107873295672
                        ],
                        [
                            30.666275024414062,
                            -3.4215790041987777
                        ],
                        [
                            30.673828125,
                            -3.400330702377271
                        ],
                        [
                            30.670394897460938,
                            -3.3879927636902663
                        ],
                        [
                            30.64567565917969,
                            -3.3811382853083267
                        ],
                        [
                            30.637435913085934,
                            -3.359203629398616
                        ],
                        [
                            30.666961669921875,
                            -3.3208167974388267
                        ],
                        [
                            30.686187744140625,
                            -3.317389328903873
                        ],
                        [
                            30.71983337402344,
                            -3.3029938314193856
                        ],
                        [
                            30.729446411132812,
                            -3.2879126101845046
                        ],
                        [
                            30.732879638671875,
                            -3.271460108782308
                        ],
                        [
                            30.7452392578125,
                            -3.2700890547905206
                        ],
                        [
                            30.74798583984375,
                            -3.285170545428129
                        ],
                        [
                            30.756912231445312,
                            -3.290654667401999
                        ],
                        [
                            30.787124633789062,
                            -3.283113991917241
                        ],
                        [
                            30.84068298339844,
                            -3.255692874850599
                        ],
                        [
                            30.82351684570312,
                            -3.245409763149227
                        ],
                        [
                            30.816650390624996,
                            -3.2207298687192867
                        ],
                        [
                            30.846176147460938,
                            -3.208389696884945
                        ],
                        [
                            30.837936401367188,
                            -3.1987916824267666
                        ],
                        [
                            30.845489501953125,
                            -3.164512327701936
                        ],
                        [
                            30.834503173828125,
                            -3.146001003885922
                        ],
                        [
                            30.82077026367187,
                            -3.1473722243542896
                        ],
                        [
                            30.831069946289062,
                            -3.1336599385978676
                        ],
                        [
                            30.837936401367188,
                            -3.1000640807817854
                        ],
                        [
                            30.829696655273438,
                            -3.084294227861699
                        ],
                        [
                            30.808410644531246,
                            -3.076066385592324
                        ],
                        [
                            30.799484252929688,
                            -3.053439492461514
                        ],
                        [
                            30.81253051757812,
                            -3.0445257368243133
                        ],
                        [
                            30.82008361816406,
                            -3.023955250363639
                        ],
                        [
                            30.8331298828125,
                            -3.000641560869668
                        ],
                        [
                            30.848922729492188,
                            -2.9793845281307103
                        ],
                        [
                            30.842742919921875,
                            -2.9773273740997634
                        ],
                        [
                            30.808410644531246,
                            -2.982813109638347
                        ],
                        [
                            30.761718749999996,
                            -2.995841621765092
                        ],
                        [
                            30.741806030273434,
                            -2.9930987899688217
                        ],
                        [
                            30.703353881835934,
                            -2.97184161124346
                        ],
                        [
                            30.689620971679688,
                            -2.9732130545158277
                        ],
                        [
                            30.668334960937496,
                            -2.9917273714957346
                        ],
                        [
                            30.66146850585938,
                            -2.981441678317486
                        ],
                        [
                            30.647048950195312,
                            -2.970470166266874
                        ],
                        [
                            30.649108886718746,
                            -2.9540126939036564
                        ],
                        [
                            30.631256103515625,
                            -2.9368692341462213
                        ],
                        [
                            30.61752319335937,
                            -2.9272687816347296
                        ],
                        [
                            30.59898376464844,
                            -2.9183540020702377
                        ],
                        [
                            30.57838439941406,
                            -2.897095396612713
                        ],
                        [
                            30.566024780273438,
                            -2.8964096284846375
                        ],
                        [
                            30.53993225097656,
                            -2.9327547645882035
                        ],
                        [
                            30.53237915039062,
                            -2.9320690181896394
                        ],
                        [
                            30.5035400390625,
                            -2.9546984267985272
                        ],
                        [
                            30.480880737304684,
                            -2.9416694294708883
                        ],
                        [
                            30.468521118164062,
                            -2.9286402798931754
                        ],
                        [
                            30.43899536132813,
                            -2.9073818686337933
                        ],
                        [
                            30.434188842773434,
                            -2.8778937323721805
                        ],
                        [
                            30.428009033203125,
                            -2.8724074830759405
                        ],
                        [
                            30.417022705078125,
                            -2.8737790478730534
                        ],
                        [
                            30.408782958984375,
                            -2.8614349054586357
                        ],
                        [
                            30.436248779296875,
                            -2.807256271617136
                        ],
                        [
                            30.445175170898438,
                            -2.769535483334327
                        ],
                        [
                            30.43899536132813,
                            -2.755818534332369
                        ],
                        [
                            30.44174194335937,
                            -2.746902432664844
                        ],
                        [
                            30.44929504394531,
                            -2.7462165759302937
                        ],
                        [
                            30.463027954101562,
                            -2.7345569512697794
                        ],
                        [
                            30.460281372070312,
                            -2.728384162890841
                        ],
                        [
                            30.47744750976562,
                            -2.717410238677013
                        ],
                        [
                            30.482940673828125,
                            -2.722211342819596
                        ],
                        [
                            30.494613647460938,
                            -2.7132949913554407
                        ],
                        [
                            30.511779785156246,
                            -2.692718545054297
                        ],
                        [
                            30.526885986328125,
                            -2.6741994461550176
                        ],
                        [
                            30.527572631835934,
                            -2.654994159422252
                        ],
                        [
                            30.51315307617188,
                            -2.659795509176084
                        ],
                        [
                            30.454788208007816,
                            -2.6892891034766224
                        ],
                        [
                            30.443115234375004,
                            -2.6803725102815332
                        ],
                        [
                            30.428695678710938,
                            -2.67968661580376
                        ],
                        [
                            30.421142578125,
                            -2.661167319959828
                        ],
                        [
                            30.435562133789062,
                            -2.6385322473984263
                        ],
                        [
                            30.483627319335938,
                            -2.5562194448989453
                        ],
                        [
                            30.48500061035156,
                            -2.5280946854170434
                        ],
                        [
                            30.494613647460938,
                            -2.523292836106146
                        ],
                        [
                            30.511779785156246,
                            -2.485563405676745
                        ],
                        [
                            30.52276611328125,
                            -2.454007053134822
                        ],
                        [
                            30.53375244140625,
                            -2.436856548510457
                        ],
                        [
                            30.543439057355926,
                            -2.4130360261723376
                        ],
                        [
                            30.533319204015612,
                            -2.4051955456497014
                        ],
                        [
                            30.51246643066406,
                            -2.4011828008347083
                        ],
                        [
                            30.5035400390625,
                            -2.3888339781603642
                        ],
                        [
                            30.492553710937496,
                            -2.3778571536645723
                        ],
                        [
                            30.487747192382812,
                            -2.3682523605818653
                        ],
                        [
                            30.47607421875,
                            -2.3675663013818165
                        ],
                        [
                            30.471954345703125,
                            -2.357275372678525
                        ],
                        [
                            30.461654663085934,
                            -2.3428679447384466
                        ],
                        [
                            30.465087890624996,
                            -2.320913484112488
                        ],
                        [
                            30.454788208007816,
                            -2.318169152494475
                        ],
                        [
                            30.43006896972656,
                            -2.329146446976341
                        ],
                        [
                            30.41427612304687,
                            -2.312680473301111
                        ]
                    ]
                ],
                "type": "Polygon"
            }
        }
    ]
}