{
    "type": "FeatureCollection",
    "features": [
        {
            "type": "Feature",
            "properties": {},
            "geometry": {
                "type": "Polygon",
                "coordinates": [
                    [
                        [
                            -157.7090835571289,
                            -19.834861650361358
                        ],
                        [
                            -157.71835327148438,
                            -19.837122318967378
                        ],
                        [
                            -157.72624969482422,
                            -19.848748106310737
                        ],
                        [
                            -157.73174285888672,
                            -19.87005983797395
                        ],
                        [
                            -157.72418975830078,
                            -19.890723023996898
                        ],
                        [
                            -157.71114349365234,
                            -19.90331333119427
                        ],
                        [
                            -157.6970672607422,
                            -19.896211229730284
                        ],
                        [
                            -157.67852783203125,
                            -19.889431653826623
                        ],
                        [
                            -157.67475128173828,
                            -19.864247831495565
                        ],
                        [
                            -157.67921447753906,
                            -19.844872938451985
                        ],
                        [
                            -157.7090835571289,
                            -19.834861650361358
                        ]
                    ]
                ]
            }
        },
        {
            "type": "Feature",
            "properties": {},
            "geometry": {
                "type": "Polygon",
                "coordinates": [
                    [
                        [
                            -157.35305786132824,
                            -20.126221173390167
                        ],
                        [
                            -157.36610412597656,
                            -20.14201593667246
                        ],
                        [
                            -157.36541748046875,
                            -20.16844441685403
                        ],
                        [
                            -157.35477447509766,
                            -20.189068412957056
                        ],
                        [
                            -157.33966827392578,
                            -20.19551285210007
                        ],
                        [
                            -157.3187255859375,
                            -20.178112254727324
                        ],
                        [
                            -157.31494903564453,
                            -20.158453688205135
                        ],
                        [
                            -157.32044219970703,
                            -20.140726628084288
                        ],
                        [
                            -157.35305786132824,
                            -20.126221173390167
                        ]
                    ]
                ]
            }
        },
        {
            "type": "Feature",
            "properties": {},
            "geometry": {
                "type": "Polygon",
                "coordinates": [
                    [
                        [
                            -158.14132690429688,
                            -19.955278093975554
                        ],
                        [
                            -158.15231323242188,
                            -19.99141740708336
                        ],
                        [
                            -158.14132690429688,
                            -20.0191616101661
                        ],
                        [
                            -158.11935424804688,
                            -20.0391602093588
                        ],
                        [
                            -158.07403564453136,
                            -20.015935791381146
                        ],
                        [
                            -158.07266235351562,
                            -19.998515226890117
                        ],
                        [
                            -158.10562133789074,
                            -19.958505155118765
                        ],
                        [
                            -158.14132690429688,
                            -19.955278093975554
                        ]
                    ]
                ]
            }
        },
        {
            "type": "Feature",
            "properties": {},
            "geometry": {
                "type": "Polygon",
                "coordinates": [
                    [
                        [
                            -158.2844924926759,
                            -19.80514701669595
                        ],
                        [
                            -158.29513549804688,
                            -19.808054128088575
                        ],
                        [
                            -158.29994201660156,
                            -19.813868191486964
                        ],
                        [
                            -158.29341888427734,
                            -19.817421125594247
                        ],
                        [
                            -158.27796936035156,
                            -19.818713081949525
                        ],
                        [
                            -158.27899932861328,
                            -19.80999217283585
                        ],
                        [
                            -158.2844924926759,
                            -19.80514701669595
                        ]
                    ]
                ]
            }
        },
        {
            "type": "Feature",
            "properties": {},
            "geometry": {
                "type": "Polygon",
                "coordinates": [
                    [
                        [
                            -157.91112899780273,
                            -21.886668543952524
                        ],
                        [
                            -157.92898178100586,
                            -21.889217137859255
                        ],
                        [
                            -157.94803619384766,
                            -21.897818306006226
                        ],
                        [
                            -157.9636573791504,
                            -21.92218546359279
                        ],
                        [
                            -157.96451568603516,
                            -21.940338674163776
                        ],
                        [
                            -157.95610427856445,
                            -21.951643450549938
                        ],
                        [
                            -157.9365348815918,
                            -21.96215130973978
                        ],
                        [
                            -157.90529251098633,
                            -21.95769352496945
                        ],
                        [
                            -157.8838348388672,
                            -21.96040005382959
                        ],
                        [
                            -157.8706169128418,
                            -21.952757957292555
                        ],
                        [
                            -157.8709602355957,
                            -21.933013973154026
                        ],
                        [
                            -157.89087295532227,
                            -21.909763511897914
                        ],
                        [
                            -157.90460586547852,
                            -21.888579993652435
                        ],
                        [
                            -157.91112899780273,
                            -21.886668543952524
                        ]
                    ]
                ]
            }
        },
        {
            "type": "Feature",
            "properties": {},
            "geometry": {
                "type": "Polygon",
                "coordinates": [
                    [
                        [
                            -158.9304542541504,
                            -19.250218840825692
                        ],
                        [
                            -158.93749237060547,
                            -19.25767358807088
                        ],
                        [
                            -158.9479637145996,
                            -19.260752623925082
                        ],
                        [
                            -158.94865036010742,
                            -19.26480389880331
                        ],
                        [
                            -158.93938064575207,
                            -19.26739666218556
                        ],
                        [
                            -158.93285751342773,
                            -19.276146935787732
                        ],
                        [
                            -158.92066955566406,
                            -19.282304255596546
                        ],
                        [
                            -158.91122817993164,
                            -19.280521897349708
                        ],
                        [
                            -158.91036987304688,
                            -19.26739666218556
                        ],
                        [
                            -158.91860961914062,
                            -19.25248771280758
                        ],
                        [
                            -158.9304542541504,
                            -19.250218840825692
                        ]
                    ]
                ]
            }
        },
        {
            "type": "Feature",
            "properties": {},
            "geometry": {
                "type": "Polygon",
                "coordinates": [
                    [
                        [
                            -158.96392822265625,
                            -19.25945619482242
                        ],
                        [
                            -158.97199630737305,
                            -19.263345451379607
                        ],
                        [
                            -158.97491455078125,
                            -19.267234615675644
                        ],
                        [
                            -158.9656448364259,
                            -19.281656127569217
                        ],
                        [
                            -158.95362854003906,
                            -19.291539801254523
                        ],
                        [
                            -158.93749237060547,
                            -19.286354997652623
                        ],
                        [
                            -158.93903732299805,
                            -19.275336744898784
                        ],
                        [
                            -158.94418716430664,
                            -19.273392270419105
                        ],
                        [
                            -158.9479637145996,
                            -19.282790349933823
                        ],
                        [
                            -158.9563751220703,
                            -19.2748506284423
                        ],
                        [
                            -158.95551681518555,
                            -19.260266464212727
                        ],
                        [
                            -158.96392822265625,
                            -19.25945619482242
                        ]
                    ]
                ]
            }
        },
        {
            "type": "Feature",
            "properties": {},
            "geometry": {
                "type": "Polygon",
                "coordinates": [
                    [
                        [
                            -159.7657585144043,
                            -18.820842201747247
                        ],
                        [
                            -159.77588653564453,
                            -18.821817096806576
                        ],
                        [
                            -159.78429794311523,
                            -18.832540569238887
                        ],
                        [
                            -159.79597091674805,
                            -18.844075661723934
                        ],
                        [
                            -159.79820251464844,
                            -18.85382300936878
                        ],
                        [
                            -159.80524063110352,
                            -18.870879505128965
                        ],
                        [
                            -159.79476928710938,
                            -18.89361879975624
                        ],
                        [
                            -159.78515625,
                            -18.895080505939465
                        ],
                        [
                            -159.77313995361328,
                            -18.88777184740331
                        ],
                        [
                            -159.77056503295898,
                            -18.87705190456763
                        ],
                        [
                            -159.77262496948242,
                            -18.8625951381376
                        ],
                        [
                            -159.7693634033203,
                            -18.851061318345707
                        ],
                        [
                            -159.7661018371582,
                            -18.83968917062068
                        ],
                        [
                            -159.76369857788086,
                            -18.848624494405357
                        ],
                        [
                            -159.75786209106445,
                            -18.85577241095925
                        ],
                        [
                            -159.75322723388672,
                            -18.87104193960541
                        ],
                        [
                            -159.74756240844727,
                            -18.871691675937097
                        ],
                        [
                            -159.74687576293945,
                            -18.86649371476997
                        ],
                        [
                            -159.75048065185547,
                            -18.850736410531336
                        ],
                        [
                            -159.75528717041016,
                            -18.838876844878076
                        ],
                        [
                            -159.7657585144043,
                            -18.820842201747247
                        ]
                    ]
                ]
            }
        },
        {
            "type": "Feature",
            "properties": {},
            "geometry": {
                "type": "Polygon",
                "coordinates": [
                    [
                        [
                            -159.75013732910156,
                            -18.87835132811265
                        ],
                        [
                            -159.75030899047852,
                            -18.879001036106207
                        ],
                        [
                            -159.75271224975586,
                            -18.88111256968532
                        ],
                        [
                            -159.74790573120117,
                            -18.88582281791596
                        ],
                        [
                            -159.74687576293945,
                            -18.882574385034612
                        ],
                        [
                            -159.75013732910156,
                            -18.87835132811265
                        ]
                    ]
                ]
            }
        },
        {
            "type": "Feature",
            "properties": {},
            "geometry": {
                "type": "Polygon",
                "coordinates": [
                    [
                        [
                            -159.74206924438477,
                            -18.88858393632837
                        ],
                        [
                            -159.7463607788086,
                            -18.891182594422745
                        ],
                        [
                            -159.74103927612305,
                            -18.897516654547346
                        ],
                        [
                            -159.73691940307617,
                            -18.89475568344621
                        ],
                        [
                            -159.74206924438477,
                            -18.88858393632837
                        ]
                    ]
                ]
            }
        },
        {
            "type": "Feature",
            "properties": {},
            "geometry": {
                "type": "Polygon",
                "coordinates": [
                    [
                        [
                            -159.7273063659668,
                            -18.900115173979106
                        ],
                        [
                            -159.7334861755371,
                            -18.900277580103946
                        ],
                        [
                            -159.73623275756836,
                            -18.90320086339793
                        ],
                        [
                            -159.73382949829113,
                            -18.907423293543108
                        ],
                        [
                            -159.73434448242188,
                            -18.91846606843906
                        ],
                        [
                            -159.73417282104492,
                            -18.931294258613722
                        ],
                        [
                            -159.73880767822266,
                            -18.931619010139844
                        ],
                        [
                            -159.74464416503906,
                            -18.93194376103463
                        ],
                        [
                            -159.74533081054688,
                            -18.93649020726565
                        ],
                        [
                            -159.74000930786133,
                            -18.94006232819141
                        ],
                        [
                            -159.73400115966808,
                            -18.943472008694652
                        ],
                        [
                            -159.73743438720703,
                            -18.94850521929427
                        ],
                        [
                            -159.73382949829113,
                            -18.95305121452721
                        ],
                        [
                            -159.7295379638672,
                            -18.949641729713182
                        ],
                        [
                            -159.73005294799805,
                            -18.94477091628256
                        ],
                        [
                            -159.7273063659668,
                            -18.940874163198867
                        ],
                        [
                            -159.72661972045898,
                            -18.93194376103463
                        ],
                        [
                            -159.7269630432129,
                            -18.917978902570848
                        ],
                        [
                            -159.72558975219727,
                            -18.907748091447633
                        ],
                        [
                            -159.7273063659668,
                            -18.900115173979106
                        ]
                    ]
                ]
            }
        },
        {
            "type": "Feature",
            "properties": {},
            "geometry": {
                "type": "Polygon",
                "coordinates": [
                    [
                        [
                            -159.7492790222168,
                            -18.9215514193016
                        ],
                        [
                            -159.75494384765636,
                            -18.926098148340685
                        ],
                        [
                            -159.7624969482422,
                            -18.926585290543493
                        ],
                        [
                            -159.76163864135742,
                            -18.929670491513264
                        ],
                        [
                            -159.75717544555664,
                            -18.93194376103463
                        ],
                        [
                            -159.75408554077148,
                            -18.92885860204466
                        ],
                        [
                            -159.7492790222168,
                            -18.928696223677473
                        ],
                        [
                            -159.7463607788086,
                            -18.923175265301353
                        ],
                        [
                            -159.7492790222168,
                            -18.9215514193016
                        ]
                    ]
                ]
            }
        },
        {
            "type": "Feature",
            "properties": {},
            "geometry": {
                "type": "Polygon",
                "coordinates": [
                    [
                        [
                            -159.82532501220703,
                            -18.907585692574205
                        ],
                        [
                            -159.8339080810548,
                            -18.910184055628534
                        ],
                        [
                            -159.84163284301758,
                            -18.911483222018383
                        ],
                        [
                            -159.84094619750977,
                            -18.91424391708637
                        ],
                        [
                            -159.83699798583984,
                            -18.916842176690906
                        ],
                        [
                            -159.82669830322266,
                            -18.917166956302424
                        ],
                        [
                            -159.82206344604492,
                            -18.911483222018383
                        ],
                        [
                            -159.82532501220703,
                            -18.907585692574205
                        ]
                    ]
                ]
            }
        },
        {
            "type": "Feature",
            "properties": {},
            "geometry": {
                "type": "Polygon",
                "coordinates": [
                    [
                        [
                            -159.7957992553711,
                            -21.190493950330154
                        ],
                        [
                            -159.8239517211914,
                            -21.197856264014156
                        ],
                        [
                            -159.83253479003906,
                            -21.206178437692497
                        ],
                        [
                            -159.83631134033203,
                            -21.228901984102787
                        ],
                        [
                            -159.82566833496094,
                            -21.258021410935818
                        ],
                        [
                            -159.79270935058594,
                            -21.268579781174882
                        ],
                        [
                            -159.752197265625,
                            -21.280097139539855
                        ],
                        [
                            -159.72576141357422,
                            -21.27113927204508
                        ],
                        [
                            -159.71649169921875,
                            -21.25034212072745
                        ],
                        [
                            -159.72782135009766,
                            -21.224101526391543
                        ],
                        [
                            -159.74842071533203,
                            -21.19817635628737
                        ],
                        [
                            -159.77108001708984,
                            -21.2020174094668
                        ],
                        [
                            -159.7957992553711,
                            -21.190493950330154
                        ]
                    ]
                ]
            }
        },
        {
            "type": "Feature",
            "properties": {},
            "geometry": {
                "type": "Polygon",
                "coordinates": [
                    [
                        [
                            -163.1689453125,
                            -17.984937601806294
                        ],
                        [
                            -163.17066192626953,
                            -17.99669291020726
                        ],
                        [
                            -163.15589904785156,
                            -18.006488402097027
                        ],
                        [
                            -163.13770294189453,
                            -18.02868950147758
                        ],
                        [
                            -163.12911987304688,
                            -18.048602811562727
                        ],
                        [
                            -163.14285278320312,
                            -18.06165949579844
                        ],
                        [
                            -163.1466293334961,
                            -18.074388828783206
                        ],
                        [
                            -163.1631088256836,
                            -18.07765261168322
                        ],
                        [
                            -163.17581176757812,
                            -18.067534687203104
                        ],
                        [
                            -163.18885803222656,
                            -18.047297089799816
                        ],
                        [
                            -163.19847106933594,
                            -18.05056137602646
                        ],
                        [
                            -163.1960678100587,
                            -18.058721826415802
                        ],
                        [
                            -163.1847381591797,
                            -18.074388828783206
                        ],
                        [
                            -163.17890167236328,
                            -18.091033487001273
                        ],
                        [
                            -163.15898895263672,
                            -18.09723403435089
                        ],
                        [
                            -163.14868927001964,
                            -18.084506358229742
                        ],
                        [
                            -163.13289642333996,
                            -18.077326236123916
                        ],
                        [
                            -163.12705993652344,
                            -18.066555502281858
                        ],
                        [
                            -163.10920715332043,
                            -18.049255668808136
                        ],
                        [
                            -163.11092376708984,
                            -18.033912882823593
                        ],
                        [
                            -163.12602996826172,
                            -18.020527657852327
                        ],
                        [
                            -163.13873291015625,
                            -18.007467921352987
                        ],
                        [
                            -163.1466293334961,
                            -17.994733746534223
                        ],
                        [
                            -163.1631088256836,
                            -17.98526414872573
                        ],
                        [
                            -163.1689453125,
                            -17.984937601806294
                        ]
                    ]
                ]
            }
        }
    ]
}