{
    "type": "FeatureCollection",
    "features": [
        {
            "type": "Feature",
            "properties": {},
            "geometry": {
                "coordinates": [
                    [
                        [
                            -85.60958862304688,
                            11.219489697944002
                        ],
                        [
                            -85.69596175220221,
                            11.074116572237532
                        ],
                        [
                            -85.71739196777344,
                            11.061168610937468
                        ],
                        [
                            -85.74554443359375,
                            11.051734004205963
                        ],
                        [
                            -85.76133728027344,
                            11.032863880653734
                        ],
                        [
                            -85.76820373535156,
                            11.011970544709053
                        ],
                        [
                            -85.74554443359375,
                            10.987705455317165
                        ],
                        [
                            -85.72219848632812,
                            10.970853524549222
                        ],
                        [
                            -85.72837829589844,
                            10.956697160072125
                        ],
                        [
                            -85.71945190429688,
                            10.943214278607716
                        ],
                        [
                            -85.78880310058594,
                            10.951304081151774
                        ],
                        [
                            -85.82382202148438,
                            10.957371288028199
                        ],
                        [
                            -85.85060119628906,
                            10.949955796071738
                        ],
                        [
                            -85.87875366210938,
                            10.961416023513427
                        ],
                        [
                            -85.89385986328125,
                            10.951304081151774
                        ],
                        [
                            -85.88424682617188,
                            10.931079160730906
                        ],
                        [
                            -85.90278625488281,
                            10.925685615636185
                        ],
                        [
                            -85.92613220214844,
                            10.91287555331624
                        ],
                        [
                            -85.95977783203125,
                            10.885905196767663
                        ],
                        [
                            -85.92132568359375,
                            10.883882321521705
                        ],
                        [
                            -85.91789245605469,
                            10.87107045949965
                        ],
                        [
                            -85.96115112304688,
                            10.864327153188576
                        ],
                        [
                            -85.97282409667969,
                            10.846793844137942
                        ],
                        [
                            -85.89729309082031,
                            10.845445085452335
                        ],
                        [
                            -85.88150024414062,
                            10.827910669267117
                        ],
                        [
                            -85.83892822265625,
                            10.84139877290165
                        ],
                        [
                            -85.8197021484375,
                            10.84139877290165
                        ],
                        [
                            -85.80940246582031,
                            10.818468635310657
                        ],
                        [
                            -85.79086303710938,
                            10.802956076971686
                        ],
                        [
                            -85.76202392578125,
                            10.794187754628206
                        ],
                        [
                            -85.7373046875,
                            10.80497949962057
                        ],
                        [
                            -85.68649291992188,
                            10.7908152548233
                        ],
                        [
                            -85.66726684570312,
                            10.761135626350834
                        ],
                        [
                            -85.67481994628906,
                            10.742921679771827
                        ],
                        [
                            -85.66864013671875,
                            10.68827325548336
                        ],
                        [
                            -85.682373046875,
                            10.675453062804412
                        ],
                        [
                            -85.70503234863281,
                            10.65453474566821
                        ],
                        [
                            -85.70640563964844,
                            10.62146737939744
                        ],
                        [
                            -85.72837829589844,
                            10.581646822420321
                        ],
                        [
                            -85.72837829589844,
                            10.56072208353705
                        ],
                        [
                            -85.7537841796875,
                            10.538445795908634
                        ],
                        [
                            -85.77987670898438,
                            10.553971863699758
                        ],
                        [
                            -85.79910278320312,
                            10.533045240971187
                        ],
                        [
                            -85.82794189453125,
                            10.528319677756077
                        ],
                        [
                            -85.83824157714844,
                            10.506716181078506
                        ],
                        [
                            -85.79910278320312,
                            10.459453269048119
                        ],
                        [
                            -85.81558227539062,
                            10.448649305897874
                        ],
                        [
                            -85.81008911132811,
                            10.425014327184186
                        ],
                        [
                            -85.82794189453125,
                            10.418261146456395
                        ],
                        [
                            -85.84442138671875,
                            10.394623861979046
                        ],
                        [
                            -85.88356018066406,
                            10.357475944929572
                        ],
                        [
                            -85.85678100585936,
                            10.3257278721883
                        ],
                        [
                            -85.86021423339844,
                            10.310865970226073
                        ],
                        [
                            -85.86502075195311,
                            10.273032511740157
                        ],
                        [
                            -85.85197448730469,
                            10.22032836593059
                        ],
                        [
                            -85.83137512207031,
                            10.179780764198233
                        ],
                        [
                            -85.81214904785156,
                            10.12570928243104
                        ],
                        [
                            -85.770263671875,
                            10.043232739721722
                        ],
                        [
                            -85.73867797851562,
                            10.013481932215157
                        ],
                        [
                            -85.71464538574219,
                            9.974937058598
                        ],
                        [
                            -85.68649291992188,
                            9.924889543557699
                        ],
                        [
                            -85.67344665527344,
                            9.896480791509958
                        ],
                        [
                            -85.62400817871094,
                            9.877540257678058
                        ],
                        [
                            -85.5670166015625,
                            9.86604011578546
                        ],
                        [
                            -85.50247192382812,
                            9.838302828647597
                        ],
                        [
                            -85.43655395507812,
                            9.836273179540436
                        ],
                        [
                            -85.3472900390625,
                            9.804473717603633
                        ],
                        [
                            -85.29647827148438,
                            9.76658101554516
                        ],
                        [
                            -85.22506713867186,
                            9.700935243406999
                        ],
                        [
                            -85.1715087890625,
                            9.62512207167862
                        ],
                        [
                            -85.16738891601562,
                            9.572313553320438
                        ],
                        [
                            -85.11383056640625,
                            9.542520508254185
                        ],
                        [
                            -84.93118286132812,
                            9.610228195100236
                        ],
                        [
                            -84.82269287109375,
                            9.702288894614382
                        ],
                        [
                            -84.67575073242188,
                            9.713117907367689
                        ],
                        [
                            -84.69085693359375,
                            9.664384596625549
                        ],
                        [
                            -84.69497680664061,
                            9.623768110014382
                        ],
                        [
                            -84.64828491210936,
                            9.611582210984674
                        ],
                        [
                            -84.63592529296875,
                            9.585854983417578
                        ],
                        [
                            -84.53704833984375,
                            9.507307188624392
                        ],
                        [
                            -84.4793701171875,
                            9.51543366150577
                        ],
                        [
                            -84.26925659179688,
                            9.462608141517805
                        ],
                        [
                            -84.19235229492188,
                            9.435514979198333
                        ],
                        [
                            -84.18411254882812,
                            9.39216149311645
                        ],
                        [
                            -84.14840698242188,
                            9.366417791586176
                        ],
                        [
                            -84.09759521484375,
                            9.362352822055605
                        ],
                        [
                            -83.97811889648436,
                            9.318990192397905
                        ],
                        [
                            -83.88198852539062,
                            9.253936156814463
                        ],
                        [
                            -83.84353637695312,
                            9.214626838844106
                        ],
                        [
                            -83.792724609375,
                            9.18751441388967
                        ],
                        [
                            -83.76388549804688,
                            9.149553533881221
                        ],
                        [
                            -83.74053955078125,
                            9.14413021993131
                        ],
                        [
                            -83.6883544921875,
                            9.080400104155315
                        ],
                        [
                            -83.6444091796875,
                            9.024796491272795
                        ],
                        [
                            -83.638916015625,
                            8.96918430647907
                        ],
                        [
                            -83.62930297851562,
                            8.920347068222634
                        ],
                        [
                            -83.616943359375,
                            8.882358029987763
                        ],
                        [
                            -83.60458374023438,
                            8.866075807508214
                        ],
                        [
                            -83.60115051269531,
                            8.850471333631676
                        ],
                        [
                            -83.60733032226562,
                            8.83283069677235
                        ],
                        [
                            -83.62518310546875,
                            8.828081150261902
                        ],
                        [
                            -83.64166259765625,
                            8.817903344728798
                        ],
                        [
                            -83.65127563476562,
                            8.800939712392442
                        ],
                        [
                            -83.65333557128906,
                            8.782618116072635
                        ],
                        [
                            -83.64715576171875,
                            8.746650870360723
                        ],
                        [
                            -83.65333557128906,
                            8.73918553450187
                        ],
                        [
                            -83.65814208984374,
                            8.707286507557953
                        ],
                        [
                            -83.66706848144531,
                            8.700499129275828
                        ],
                        [
                            -83.70140075683594,
                            8.695747891260487
                        ],
                        [
                            -83.71994018554688,
                            8.686245234480001
                        ],
                        [
                            -83.71994018554688,
                            8.652305210727791
                        ],
                        [
                            -83.73641967773436,
                            8.643480302914657
                        ],
                        [
                            -83.73435974121094,
                            8.636691771674629
                        ],
                        [
                            -83.74122619628906,
                            8.627866498430699
                        ],
                        [
                            -83.73161315917969,
                            8.583058087482117
                        ],
                        [
                            -83.70346069335938,
                            8.570157714682582
                        ],
                        [
                            -83.60527038574219,
                            8.48255943035164
                        ],
                        [
                            -83.59840393066406,
                            8.461505694920898
                        ],
                        [
                            -83.57231140136717,
                            8.438413177908556
                        ],
                        [
                            -83.54072570800781,
                            8.439092389312432
                        ],
                        [
                            -83.47343444824219,
                            8.441130016356192
                        ],
                        [
                            -83.309326171875,
                            8.37116535130028
                        ],
                        [
                            -83.287353515625,
                            8.369806689333942
                        ],
                        [
                            -83.27293395996094,
                            8.386789622967713
                        ],
                        [
                            -83.27636718749999,
                            8.409885221474008
                        ],
                        [
                            -83.26744079589844,
                            8.428904092875392
                        ],
                        [
                            -83.27636718749999,
                            8.448601223493046
                        ],
                        [
                            -83.26606750488281,
                            8.462184865656598
                        ],
                        [
                            -83.287353515625,
                            8.499537408989404
                        ],
                        [
                            -83.27774047851562,
                            8.54503468041615
                        ],
                        [
                            -83.30589294433594,
                            8.549787814001675
                        ],
                        [
                            -83.32374572753906,
                            8.573552592096322
                        ],
                        [
                            -83.36700439453125,
                            8.586452849594236
                        ],
                        [
                            -83.38348388671875,
                            8.593242282695405
                        ],
                        [
                            -83.42811584472656,
                            8.635334050763124
                        ],
                        [
                            -83.42742919921875,
                            8.659093460620966
                        ],
                        [
                            -83.45283508300781,
                            8.686924003666919
                        ],
                        [
                            -83.46931457519531,
                            8.71068015052775
                        ],
                        [
                            -83.46107482910156,
                            8.715431198944971
                        ],
                        [
                            -83.42193603515625,
                            8.70932269703475
                        ],
                        [
                            -83.40614318847656,
                            8.715431198944971
                        ],
                        [
                            -83.37799072265624,
                            8.731041361216178
                        ],
                        [
                            -83.34571838378906,
                            8.724254414327124
                        ],
                        [
                            -83.33816528320312,
                            8.705250306998678
                        ],
                        [
                            -83.33335876464844,
                            8.676742336912469
                        ],
                        [
                            -83.31344604492188,
                            8.665202780808533
                        ],
                        [
                            -83.29421997070312,
                            8.646195681181904
                        ],
                        [
                            -83.28598022460938,
                            8.65298404122597
                        ],
                        [
                            -83.25439453125,
                            8.647553362977815
                        ],
                        [
                            -83.23516845703125,
                            8.625150988233738
                        ],
                        [
                            -83.22967529296874,
                            8.634655188475021
                        ],
                        [
                            -83.19259643554688,
                            8.621077686336305
                        ],
                        [
                            -83.18367004394531,
                            8.604784039902677
                        ],
                        [
                            -83.1719970703125,
                            8.579663295011144
                        ],
                        [
                            -83.15345764160156,
                            8.542997605026342
                        ],
                        [
                            -83.12255859375,
                            8.491388072978754
                        ],
                        [
                            -83.0950927734375,
                            8.451997178908954
                        ],
                        [
                            -83.11569213867188,
                            8.420074018792777
                        ],
                        [
                            -83.14727783203125,
                            8.396979027023685
                        ],
                        [
                            -83.15208435058592,
                            8.368448022627353
                        ],
                        [
                            -83.12118530273438,
                            8.333800422320415
                        ],
                        [
                            -83.04290771484374,
                            8.293714075690799
                        ],
                        [
                            -83.03260803222656,
                            8.28216301279551
                        ],
                        [
                            -82.98591613769531,
                            8.249546418605748
                        ],
                        [
                            -82.957763671875,
                            8.211490323420682
                        ],
                        [
                            -82.92961120605469,
                            8.155079048340928
                        ],
                        [
                            -82.90969848632811,
                            8.119053222994058
                        ],
                        [
                            -82.90420532226562,
                            8.100019405909658
                        ],
                        [
                            -82.90626525878906,
                            8.081664515668212
                        ],
                        [
                            -82.91587829589844,
                            8.076905704047249
                        ],
                        [
                            -82.91725158691406,
                            8.057869896976548
                        ],
                        [
                            -82.91184249254583,
                            8.04559023754533
                        ],
                        [
                            -82.89904707398784,
                            8.0358645361371
                        ],
                        [
                            -82.89840456506862,
                            8.043041078656842
                        ],
                        [
                            -82.89741032642691,
                            8.04661882530334
                        ],
                        [
                            -82.8907321194993,
                            8.051916861550579
                        ],
                        [
                            -82.89253234863281,
                            8.05447055143256
                        ],
                        [
                            -82.89665222167969,
                            8.061949073939479
                        ],
                        [
                            -82.88841247558594,
                            8.07962503184384
                        ],
                        [
                            -82.89115905761719,
                            8.104098156830672
                        ],
                        [
                            -82.8870391845703,
                            8.108176866407044
                        ],
                        [
                            -82.90008544921875,
                            8.130609029136865
                        ],
                        [
                            -82.90626525878906,
                            8.146242825034385
                        ],
                        [
                            -82.90901184082031,
                            8.165274447951436
                        ],
                        [
                            -82.90489196777344,
                            8.175469587260222
                        ],
                        [
                            -82.91107177734375,
                            8.178867909130346
                        ],
                        [
                            -82.91175842285156,
                            8.192460906801285
                        ],
                        [
                            -82.93373107910155,
                            8.210810717090423
                        ],
                        [
                            -82.92892456054688,
                            8.244110057549213
                        ],
                        [
                            -82.93853759765625,
                            8.252264571092859
                        ],
                        [
                            -82.94265747070312,
                            8.272650118203384
                        ],
                        [
                            -82.95021057128906,
                            8.267893584772226
                        ],
                        [
                            -82.95501708984375,
                            8.283521978975276
                        ],
                        [
                            -82.96257019042969,
                            8.28216301279551
                        ],
                        [
                            -82.97218322753905,
                            8.285560419445796
                        ],
                        [
                            -82.98179626464844,
                            8.286919373892305
                        ],
                        [
                            -82.98934936523438,
                            8.272650118203384
                        ],
                        [
                            -83.00376892089842,
                            8.29235514472481
                        ],
                        [
                            -83.00102233886719,
                            8.297111382548866
                        ],
                        [
                            -83.02230834960938,
                            8.307303126818056
                        ],
                        [
                            -83.02505493164062,
                            8.314776904399855
                        ],
                        [
                            -83.03604125976562,
                            8.317494606384283
                        ],
                        [
                            -83.045654296875,
                            8.316135757747409
                        ],
                        [
                            -83.04977416992188,
                            8.33651799225886
                        ],
                        [
                            -83.04428100585938,
                            8.34467058872437
                        ],
                        [
                            -83.01612854003906,
                            8.351464289143236
                        ],
                        [
                            -82.98866271972656,
                            8.375241308750514
                        ],
                        [
                            -82.9852294921875,
                            8.373882661009318
                        ],
                        [
                            -82.95433044433594,
                            8.412602260297849
                        ],
                        [
                            -82.93647766113281,
                            8.424149462643895
                        ],
                        [
                            -82.92823791503906,
                            8.433658664640966
                        ],
                        [
                            -82.913818359375,
                            8.427545633059484
                        ],
                        [
                            -82.86849975585938,
                            8.437054751517428
                        ],
                        [
                            -82.8424072265625,
                            8.477126318644498
                        ],
                        [
                            -82.83073425292969,
                            8.507007481504532
                        ],
                        [
                            -82.83897399902344,
                            8.546392724630516
                        ],
                        [
                            -82.82386779785155,
                            8.568120773682582
                        ],
                        [
                            -82.83279418945312,
                            8.592563344854637
                        ],
                        [
                            -82.83004760742188,
                            8.604105122742322
                        ],
                        [
                            -82.8369140625,
                            8.612930950848037
                        ],
                        [
                            -82.82867431640625,
                            8.614967651175489
                        ],
                        [
                            -82.83348083496094,
                            8.636691771674629
                        ],
                        [
                            -82.85476684570312,
                            8.661129911709887
                        ],
                        [
                            -82.85682678222656,
                            8.674027179131297
                        ],
                        [
                            -82.8643798828125,
                            8.678099908440215
                        ],
                        [
                            -82.86300659179686,
                            8.687602771625226
                        ],
                        [
                            -82.86918640136719,
                            8.69846289179301
                        ],
                        [
                            -82.88017272949219,
                            8.696426643238569
                        ],
                        [
                            -82.89115905761719,
                            8.712037599093332
                        ],
                        [
                            -82.89047241210938,
                            8.725611813577608
                        ],
                        [
                            -82.913818359375,
                            8.74122155002497
                        ],
                        [
                            -82.91862487792969,
                            8.75140146072507
                        ],
                        [
                            -82.91038513183592,
                            8.758187913198705
                        ],
                        [
                            -82.91725158691406,
                            8.763616986019978
                        ],
                        [
                            -82.91519165039062,
                            8.772439060195396
                        ],
                        [
                            -82.89527893066406,
                            8.77311767260621
                        ],
                        [
                            -82.88635253906249,
                            8.773796283776619
                        ],
                        [
                            -82.89047241210938,
                            8.789403998129984
                        ],
                        [
                            -82.86918640136719,
                            8.804332501116992
                        ],
                        [
                            -82.86300659179686,
                            8.817224814384145
                        ],
                        [
                            -82.88291931152344,
                            8.822653022233062
                        ],
                        [
                            -82.88291931152344,
                            8.832152193872997
                        ],
                        [
                            -82.85545349121092,
                            8.854542129793822
                        ],
                        [
                            -82.83622741699219,
                            8.853185202744987
                        ],
                        [
                            -82.81219482421875,
                            8.866075807508214
                        ],
                        [
                            -82.81219482421875,
                            8.871503295265098
                        ],
                        [
                            -82.80052185058592,
                            8.874217009053567
                        ],
                        [
                            -82.77854919433594,
                            8.874217009053567
                        ],
                        [
                            -82.74765014648438,
                            8.898639529381438
                        ],
                        [
                            -82.74696350097656,
                            8.90406653493855
                        ],
                        [
                            -82.71263122558594,
                            8.923060419880334
                        ],
                        [
                            -82.71743774414062,
                            8.948157965530214
                        ],
                        [
                            -82.73735046386719,
                            8.966471298599485
                        ],
                        [
                            -82.73803710937499,
                            8.985461927760642
                        ],
                        [
                            -82.77374267578125,
                            9.00309519229893
                        ],
                        [
                            -82.80052185058592,
                            9.001738817838342
                        ],
                        [
                            -82.80189514160156,
                            9.017336816839352
                        ],
                        [
                            -82.81219482421875,
                            9.017336816839352
                        ],
                        [
                            -82.81562805175781,
                            9.027509061919455
                        ],
                        [
                            -82.84927368164062,
                            9.04378405712678
                        ],
                        [
                            -82.85888671875,
                            9.056667906571105
                        ],
                        [
                            -82.87055969238281,
                            9.055989820738944
                        ],
                        [
                            -82.88978576660156,
                            9.087858470561155
                        ],
                        [
                            -82.92686462402344,
                            9.07497574020783
                        ],
                        [
                            -82.93785095214844,
                            9.080400104155315
                        ],
                        [
                            -82.935791015625,
                            9.473444808938526
                        ],
                        [
                            -82.84412384033203,
                            9.499180522706906
                        ],
                        [
                            -82.84172058105469,
                            9.503243879785233
                        ],
                        [
                            -82.84790039062499,
                            9.513402061391242
                        ],
                        [
                            -82.85614013671875,
                            9.511709052073881
                        ],
                        [
                            -82.85648345947266,
                            9.519835420327695
                        ],
                        [
                            -82.86884307861328,
                            9.519835420327695
                        ],
                        [
                            -82.87330627441406,
                            9.539473345342625
                        ],
                        [
                            -82.86781311035156,
                            9.54522907463891
                        ],
                        [
                            -82.8695297241211,
                            9.553693205791431
                        ],
                        [
                            -82.87776947021484,
                            9.553016083041097
                        ],
                        [
                            -82.88394927978516,
                            9.568928111432948
                        ],
                        [
                            -82.87399291992188,
                            9.59262549583373
                        ],
                        [
                            -82.86163330078125,
                            9.595333662946327
                        ],
                        [
                            -82.85442352294922,
                            9.621060170410638
                        ],
                        [
                            -82.83966064453124,
                            9.609551185126227
                        ],
                        [
                            -82.8255844116211,
                            9.611920714109152
                        ],
                        [
                            -82.8204345703125,
                            9.600072903319557
                        ],
                        [
                            -82.80464172363281,
                            9.596687738388153
                        ],
                        [
                            -82.79193878173828,
                            9.60108844620306
                        ],
                        [
                            -82.77820587158203,
                            9.586193512248228
                        ],
                        [
                            -82.76996612548827,
                            9.586532040741064
                        ],
                        [
                            -82.75142669677734,
                            9.581115544325073
                        ],
                        [
                            -82.7435302734375,
                            9.589578781973298
                        ],
                        [
                            -82.73941040039062,
                            9.578068727103956
                        ],
                        [
                            -82.74421691894531,
                            9.568251019008402
                        ],
                        [
                            -82.73357391357422,
                            9.563511334275336
                        ],
                        [
                            -82.73082733154295,
                            9.558094470835638
                        ],
                        [
                            -82.7219009399414,
                            9.559787249926282
                        ],
                        [
                            -82.72052764892578,
                            9.547937619492807
                        ],
                        [
                            -82.70679473876953,
                            9.546244781482589
                        ],
                        [
                            -82.70404815673828,
                            9.535748998133627
                        ],
                        [
                            -82.69752502441406,
                            9.546244781482589
                        ],
                        [
                            -82.68962860107422,
                            9.533040356437336
                        ],
                        [
                            -82.70370483398438,
                            9.527623008537583
                        ],
                        [
                            -82.69203186035155,
                            9.52118979624974
                        ],
                        [
                            -82.68619537353516,
                            9.5059527577058
                        ],
                        [
                            -82.66937255859375,
                            9.50527554023594
                        ],
                        [
                            -82.66765594482422,
                            9.494439878506444
                        ],
                        [
                            -82.65426635742188,
                            9.511709052073881
                        ],
                        [
                            -82.6504898071289,
                            9.497148826084286
                        ],
                        [
                            -82.63469696044922,
                            9.495455736358661
                        ],
                        [
                            -82.6223373413086,
                            9.503243879785233
                        ],
                        [
                            -82.61341094970702,
                            9.498503291838668
                        ],
                        [
                            -82.60276794433594,
                            9.507984402072935
                        ],
                        [
                            -82.60585784912108,
                            9.520851202772599
                        ],
                        [
                            -82.60002136230469,
                            9.530670277312597
                        ],
                        [
                            -82.59864807128906,
                            9.541504790310205
                        ],
                        [
                            -82.60448455810547,
                            9.555386006774713
                        ],
                        [
                            -82.59796142578124,
                            9.560125804733719
                        ],
                        [
                            -82.57392883300781,
                            9.55437032719495
                        ],
                        [
                            -82.56156921386719,
                            9.537780465290068
                        ],
                        [
                            -82.55332946777344,
                            9.54184336329451
                        ],
                        [
                            -82.55229949951172,
                            9.554031766661538
                        ],
                        [
                            -82.56740570068358,
                            9.56283423106296
                        ],
                        [
                            -82.56288140708472,
                            9.579310246839166
                        ],
                        [
                            -82.57186889648438,
                            9.579761406713772
                        ],
                        [
                            -82.58834838867188,
                            9.599395873039144
                        ],
                        [
                            -82.61306762695312,
                            9.619706192472623
                        ],
                        [
                            -82.61856079101562,
                            9.642723079275289
                        ],
                        [
                            -82.64602661132812,
                            9.642723079275289
                        ],
                        [
                            -82.67623901367186,
                            9.641369188207088
                        ],
                        [
                            -82.68585205078125,
                            9.653554012077652
                        ],
                        [
                            -82.69958496093749,
                            9.645430845104185
                        ],
                        [
                            -82.72018432617188,
                            9.652200164514822
                        ],
                        [
                            -82.7435302734375,
                            9.667092188303734
                        ],
                        [
                            -82.76962280273436,
                            9.665738395188692
                        ],
                        [
                            -82.79983520507812,
                            9.700935243406999
                        ],
                        [
                            -82.81082153320312,
                            9.728007227819086
                        ],
                        [
                            -82.80670166015625,
                            9.749663236864947
                        ],
                        [
                            -82.81631469726561,
                            9.75778387784387
                        ],
                        [
                            -82.83279418945312,
                            9.74154239811809
                        ],
                        [
                            -82.84515380859375,
                            9.752370139173285
                        ],
                        [
                            -83.02230834960938,
                            9.976965850016063
                        ],
                        [
                            -83.0072021484375,
                            9.9999579356371
                        ],
                        [
                            -83.03329467773438,
                            10.012129557908155
                        ],
                        [
                            -83.067626953125,
                            10.01889137307403
                        ],
                        [
                            -83.0841064453125,
                            10.008072401177278
                        ],
                        [
                            -83.10882568359375,
                            10.024300723707235
                        ],
                        [
                            -83.31207275390625,
                            10.266276060027122
                        ],
                        [
                            -83.47274780273438,
                            10.489162227447448
                        ],
                        [
                            -83.55514526367188,
                            10.671404468527436
                        ],
                        [
                            -83.58501434326172,
                            10.80565397080638
                        ],
                        [
                            -83.63239288330078,
                            10.901413450504284
                        ],
                        [
                            -83.64921569824219,
                            10.920629078096296
                        ],
                        [
                            -83.66706848144531,
                            10.931753346974132
                        ],
                        [
                            -83.67530822753906,
                            10.926696912808401
                        ],
                        [
                            -83.67565155029297,
                            10.935798432254016
                        ],
                        [
                            -83.6995769636832,
                            10.944241549699726
                        ],
                        [
                            -83.69663359550962,
                            10.934859104902158
                        ],
                        [
                            -83.69144439697266,
                            10.935461343921288
                        ],
                        [
                            -83.68423461914062,
                            10.925685615636185
                        ],
                        [
                            -83.67668151855469,
                            10.914898231463658
                        ],
                        [
                            -83.68045806884766,
                            10.912538438953128
                        ],
                        [
                            -83.6773681640625,
                            10.90444757954052
                        ],
                        [
                            -83.68389129638672,
                            10.89871642093745
                        ],
                        [
                            -83.67633819580078,
                            10.89264801504421
                        ],
                        [
                            -83.67015838623047,
                            10.892310877756247
                        ],
                        [
                            -83.66741180419922,
                            10.880847982905198
                        ],
                        [
                            -83.67530822753906,
                            10.854549088499732
                        ],
                        [
                            -83.671875,
                            10.837689604987997
                        ],
                        [
                            -83.65985870361328,
                            10.82184082444266
                        ],
                        [
                            -83.66844177246094,
                            10.798234704435858
                        ],
                        [
                            -83.69796752929688,
                            10.788117227737512
                        ],
                        [
                            -83.71444702148438,
                            10.79250150945585
                        ],
                        [
                            -83.72371673583984,
                            10.78575643417854
                        ],
                        [
                            -83.75358581542969,
                            10.775975806351669
                        ],
                        [
                            -83.76388549804688,
                            10.77057946184975
                        ],
                        [
                            -83.79066467285155,
                            10.773614917531829
                        ],
                        [
                            -83.79993438720703,
                            10.755739016076166
                        ],
                        [
                            -83.8421630859375,
                            10.74393359453078
                        ],
                        [
                            -83.86482238769531,
                            10.71762270958977
                        ],
                        [
                            -83.88954162597656,
                            10.721333357649327
                        ],
                        [
                            -83.93280029296875,
                            10.710875960233675
                        ],
                        [
                            -83.93657684326172,
                            10.720658697749604
                        ],
                        [
                            -83.96781921386719,
                            10.730441119042787
                        ],
                        [
                            -83.968505859375,
                            10.743258985068241
                        ],
                        [
                            -83.9736557006836,
                            10.744945505898663
                        ],
                        [
                            -83.9849853515625,
                            10.754052555561211
                        ],
                        [
                            -84.00489807128906,
                            10.766194860747909
                        ],
                        [
                            -84.02275085449219,
                            10.793176008660108
                        ],
                        [
                            -84.02961730957031,
                            10.790478002761686
                        ],
                        [
                            -84.03202056884766,
                            10.775975806351669
                        ],
                        [
                            -84.0395736694336,
                            10.771928557041235
                        ],
                        [
                            -84.04918670654297,
                            10.780360265035764
                        ],
                        [
                            -84.06051635742188,
                            10.775638537653744
                        ],
                        [
                            -84.06394958496092,
                            10.762822047252413
                        ],
                        [
                            -84.08454895019531,
                            10.761135626350834
                        ],
                        [
                            -84.10240173339842,
                            10.774289459083697
                        ],
                        [
                            -84.12471771240234,
                            10.763496612971204
                        ],
                        [
                            -84.1343307495117,
                            10.786430948515038
                        ],
                        [
                            -84.1720962524414,
                            10.787105461338724
                        ],
                        [
                            -84.18994903564453,
                            10.78912899073196
                        ],
                        [
                            -84.20230865478516,
                            10.781709316395313
                        ],
                        [
                            -84.20745849609375,
                            10.792164259286118
                        ],
                        [
                            -84.2047119140625,
                            10.795199497190149
                        ],
                        [
                            -84.2098617553711,
                            10.800258158896535
                        ],
                        [
                            -84.22359466552734,
                            10.801607120963805
                        ],
                        [
                            -84.23149108886719,
                            10.812735826748755
                        ],
                        [
                            -84.23492431640624,
                            10.81374750681024
                        ],
                        [
                            -84.23629760742188,
                            10.81914307617161
                        ],
                        [
                            -84.22119140625,
                            10.826561825487895
                        ],
                        [
                            -84.2156982421875,
                            10.83802680397086
                        ],
                        [
                            -84.21741485595703,
                            10.856234984558315
                        ],
                        [
                            -84.2263412475586,
                            10.87410489762065
                        ],
                        [
                            -84.2380142211914,
                            10.877813613398876
                        ],
                        [
                            -84.24179077148438,
                            10.884893760861393
                        ],
                        [
                            -84.25861358642577,
                            10.89062518559062
                        ],
                        [
                            -84.28333282470703,
                            10.893322288474875
                        ],
                        [
                            -84.2926025390625,
                            10.911864209079678
                        ],
                        [
                            -84.31079864501953,
                            10.92130328807731
                        ],
                        [
                            -84.31903839111328,
                            10.91523534314957
                        ],
                        [
                            -84.33654785156249,
                            10.946585056517058
                        ],
                        [
                            -84.35131072998047,
                            10.952652360092562
                        ],
                        [
                            -84.3471908569336,
                            10.966808918131894
                        ],
                        [
                            -84.34066772460938,
                            10.974561031811296
                        ],
                        [
                            -84.35920715332031,
                            10.994445958261467
                        ],
                        [
                            -84.37671661376953,
                            10.977257371509674
                        ],
                        [
                            -84.39971923828125,
                            10.975235119042988
                        ],
                        [
                            -84.41963195800781,
                            10.955348899553451
                        ],
                        [
                            -84.45087432861328,
                            10.960741904772437
                        ],
                        [
                            -84.48589324951172,
                            11.000849293365269
                        ],
                        [
                            -84.56382751464844,
                            11.033200857778137
                        ],
                        [
                            -84.57412719726562,
                            11.050723135482695
                        ],
                        [
                            -84.60502624511719,
                            11.038255468266154
                        ],
                        [
                            -84.66545104980469,
                            11.07161371413815
                        ],
                        [
                            -84.68055725097656,
                            11.083743043804432
                        ],
                        [
                            -84.91058349609375,
                            10.943214278607716
                        ],
                        [
                            -85.22712707519531,
                            11.061842499800358
                        ],
                        [
                            -85.35690307617188,
                            11.125854863092481
                        ],
                        [
                            -85.42316436767578,
                            11.128886679466685
                        ],
                        [
                            -85.52410125732422,
                            11.168297417527405
                        ],
                        [
                            -85.55980682373047,
                            11.210733765689508
                        ],
                        [
                            -85.60958862304688,
                            11.219489697944002
                        ]
                    ]
                ],
                "type": "Polygon"
            }
        },
        {
            "type": "Feature",
            "properties": {},
            "geometry": {
                "coordinates": [
                    [
                        [
                            -83.72577667236328,
                            9.108707170598064
                        ],
                        [
                            -83.72903823852539,
                            9.105995213335472
                        ],
                        [
                            -83.72251510620117,
                            9.101757738925707
                        ],
                        [
                            -83.72011184692383,
                            9.102605237825037
                        ],
                        [
                            -83.72577667236328,
                            9.108707170598064
                        ]
                    ]
                ],
                "type": "Polygon"
            }
        },
        {
            "type": "Feature",
            "properties": {},
            "geometry": {
                "coordinates": [
                    [
                        [
                            -83.86825561523438,
                            8.715855396760153
                        ],
                        [
                            -83.8736629486084,
                            8.713819242856676
                        ],
                        [
                            -83.8776969909668,
                            8.714073762701176
                        ],
                        [
                            -83.88233184814453,
                            8.711104353733843
                        ],
                        [
                            -83.88567924499512,
                            8.712037599093332
                        ],
                        [
                            -83.89649391174316,
                            8.706438092004941
                        ],
                        [
                            -83.89683723449707,
                            8.705080623118553
                        ],
                        [
                            -83.89254570007324,
                            8.703807991565258
                        ],
                        [
                            -83.89151573181152,
                            8.701177872642633
                        ],
                        [
                            -83.88696670532227,
                            8.70066881523288
                        ],
                        [
                            -83.88473510742186,
                            8.69956585513737
                        ],
                        [
                            -83.88155937194824,
                            8.70024460019604
                        ],
                        [
                            -83.87967109680176,
                            8.699056795535961
                        ],
                        [
                            -83.87649536132811,
                            8.698802265475736
                        ],
                        [
                            -83.87374877929688,
                            8.698038674257106
                        ],
                        [
                            -83.87357711791992,
                            8.70151724386459
                        ],
                        [
                            -83.86877059936523,
                            8.70075365818258
                        ],
                        [
                            -83.8670539855957,
                            8.703468622420154
                        ],
                        [
                            -83.86842727661133,
                            8.709577219939973
                        ],
                        [
                            -83.86645317077637,
                            8.71339504273076
                        ],
                        [
                            -83.86825561523438,
                            8.715855396760153
                        ]
                    ]
                ],
                "type": "Polygon"
            }
        },
        {
            "type": "Feature",
            "properties": {},
            "geometry": {
                "coordinates": [
                    [
                        [
                            -87.04690933227539,
                            5.567124272784648
                        ],
                        [
                            -87.05205917358398,
                            5.561486140003967
                        ],
                        [
                            -87.05429077148438,
                            5.5537976900682064
                        ],
                        [
                            -87.05926895141602,
                            5.5567022273976985
                        ],
                        [
                            -87.0669937133789,
                            5.552772555827303
                        ],
                        [
                            -87.06459045410156,
                            5.544400559477868
                        ],
                        [
                            -87.0750617980957,
                            5.545425708271704
                        ],
                        [
                            -87.0834732055664,
                            5.543204550301412
                        ],
                        [
                            -87.09136962890625,
                            5.535345001174416
                        ],
                        [
                            -87.09583282470703,
                            5.521675971301726
                        ],
                        [
                            -87.10098266601562,
                            5.517062602527827
                        ],
                        [
                            -87.10424423217773,
                            5.506981412605099
                        ],
                        [
                            -87.10063934326172,
                            5.505101849797374
                        ],
                        [
                            -87.09514617919922,
                            5.511082256276086
                        ],
                        [
                            -87.08879470825195,
                            5.508348363640687
                        ],
                        [
                            -87.08089828491211,
                            5.498267025871503
                        ],
                        [
                            -87.0731735229492,
                            5.495874818950883
                        ],
                        [
                            -87.0663070678711,
                            5.500659223177943
                        ],
                        [
                            -87.06441879272461,
                            5.505443588931743
                        ],
                        [
                            -87.05875396728516,
                            5.505614458425279
                        ],
                        [
                            -87.05240249633789,
                            5.5078357573708585
                        ],
                        [
                            -87.04811096191406,
                            5.514328737432775
                        ],
                        [
                            -87.04021453857422,
                            5.518771261814344
                        ],
                        [
                            -87.0366096496582,
                            5.518771261814344
                        ],
                        [
                            -87.02922821044922,
                            5.522530294912688
                        ],
                        [
                            -87.02493667602539,
                            5.529706564601082
                        ],
                        [
                            -87.02579498291016,
                            5.542179397650237
                        ],
                        [
                            -87.0281982421875,
                            5.552089132009394
                        ],
                        [
                            -87.03351974487305,
                            5.554481111904668
                        ],
                        [
                            -87.03969955444336,
                            5.551234851122659
                        ],
                        [
                            -87.04244613647461,
                            5.55823991783211
                        ],
                        [
                            -87.04278945922852,
                            5.56439063939878
                        ],
                        [
                            -87.04690933227539,
                            5.567124272784648
                        ]
                    ]
                ],
                "type": "Polygon"
            }
        }
    ]
}