{
    "type": "FeatureCollection",
    "features": [
        {
            "type": "Feature",
            "properties": {},
            "geometry": {
                "type": "Polygon",
                "coordinates": [
                    [
                        [
                            34.617919921875,
                            35.715298012125295
                        ],
                        [
                            34.5684814453125,
                            35.69745580725804
                        ],
                        [
                            34.541015625,
                            35.698571062054015
                        ],
                        [
                            34.51904296875,
                            35.6807251137039
                        ],
                        [
                            34.503936767578125,
                            35.68518697509636
                        ],
                        [
                            34.49295043945312,
                            35.67403185377907
                        ],
                        [
                            34.470977783203125,
                            35.66287517311728
                        ],
                        [
                            34.432525634765625,
                            35.66287517311728
                        ],
                        [
                            34.4091796875,
                            35.6427892190328
                        ],
                        [
                            34.34326171875,
                            35.63051198300061
                        ],
                        [
                            34.332275390625,
                            35.61711648382185
                        ],
                        [
                            34.314422607421875,
                            35.60483530498859
                        ],
                        [
                            34.29107666015625,
                            35.585851593232356
                        ],
                        [
                            34.245758056640625,
                            35.578033462204296
                        ],
                        [
                            34.218292236328125,
                            35.56239491058853
                        ],
                        [
                            34.17709350585937,
                            35.571331599581654
                        ],
                        [
                            34.116668701171875,
                            35.50987173838399
                        ],
                        [
                            34.07958984374999,
                            35.50204619633058
                        ],
                        [
                            34.0631103515625,
                            35.49198366469642
                        ],
                        [
                            33.96697998046875,
                            35.458432791026304
                        ],
                        [
                            33.85162353515625,
                            35.42262976362149
                        ],
                        [
                            33.792572021484375,
                            35.42374884923695
                        ],
                        [
                            33.740386962890625,
                            35.41703410234845
                        ],
                        [
                            33.685455322265625,
                            35.38121266833199
                        ],
                        [
                            33.644256591796875,
                            35.36665566526249
                        ],
                        [
                            33.60992431640625,
                            35.36889537510474
                        ],
                        [
                            33.57696533203124,
                            35.35321610123823
                        ],
                        [
                            33.520660400390625,
                            35.3509759564216
                        ],
                        [
                            33.490447998046875,
                            35.34201475584807
                        ],
                        [
                            33.402557373046875,
                            35.34425514918409
                        ],
                        [
                            33.350372314453125,
                            35.34649548039281
                        ],
                        [
                            33.300933837890625,
                            35.35321610123823
                        ],
                        [
                            33.26110839843749,
                            35.35545618392078
                        ],
                        [
                            33.24188232421875,
                            35.3509759564216
                        ],
                        [
                            33.20068359375,
                            35.36441589327595
                        ],
                        [
                            33.177337646484375,
                            35.35657620196121
                        ],
                        [
                            33.11279296875,
                            35.37001520672124
                        ],
                        [
                            33.092193603515625,
                            35.357696204467516
                        ],
                        [
                            33.06884765625,
                            35.36217605914681
                        ],
                        [
                            33.037261962890625,
                            35.37337460834958
                        ],
                        [
                            33.004302978515625,
                            35.37449437781793
                        ],
                        [
                            32.92190551757812,
                            35.411438052435464
                        ],
                        [
                            32.910919189453125,
                            35.41591492345623
                        ],
                        [
                            32.9150390625,
                            35.35321610123823
                        ],
                        [
                            32.926025390625,
                            35.337533782800946
                        ],
                        [
                            32.924652099609375,
                            35.27141057410734
                        ],
                        [
                            32.908172607421875,
                            35.21533166846627
                        ],
                        [
                            32.87933349609375,
                            35.1760533659996
                        ],
                        [
                            32.825775146484375,
                            35.15135442846945
                        ],
                        [
                            32.79693603515625,
                            35.17044062975638
                        ],
                        [
                            32.715911865234375,
                            35.191766965947394
                        ],
                        [
                            32.669219970703125,
                            35.20411123432418
                        ],
                        [
                            32.6239013671875,
                            35.20186696142873
                        ],
                        [
                            32.573089599609375,
                            35.180543276002666
                        ],
                        [
                            32.545623779296875,
                            35.19064466671118
                        ],
                        [
                            32.507171630859375,
                            35.14461705293515
                        ],
                        [
                            32.464599609375,
                            35.07271701786369
                        ],
                        [
                            32.419281005859375,
                            35.05248370662468
                        ],
                        [
                            32.3712158203125,
                            35.04798673426734
                        ],
                        [
                            32.292938232421875,
                            35.1154153142536
                        ],
                        [
                            32.27096557617187,
                            35.112045209072974
                        ],
                        [
                            32.257232666015625,
                            35.055856273399804
                        ],
                        [
                            32.301177978515625,
                            34.99512876641514
                        ],
                        [
                            32.292938232421875,
                            34.96587351132771
                        ],
                        [
                            32.31353759765625,
                            34.92197103616377
                        ],
                        [
                            32.3052978515625,
                            34.90170042871546
                        ],
                        [
                            32.34375,
                            34.85325594496614
                        ],
                        [
                            32.378082275390625,
                            34.838604318634985
                        ],
                        [
                            32.39044189453125,
                            34.75628137043312
                        ],
                        [
                            32.405548095703125,
                            34.743869417874286
                        ],
                        [
                            32.476959228515625,
                            34.6987193245323
                        ],
                        [
                            32.504425048828125,
                            34.6987193245323
                        ],
                        [
                            32.553863525390625,
                            34.69194468425019
                        ],
                        [
                            32.666473388671875,
                            34.63772760271713
                        ],
                        [
                            32.729644775390625,
                            34.638857487069885
                        ],
                        [
                            32.8106689453125,
                            34.65693354309436
                        ],
                        [
                            32.86285400390625,
                            34.66145194126579
                        ],
                        [
                            32.913665771484375,
                            34.610605760914666
                        ],
                        [
                            32.92190551757812,
                            34.57895241036948
                        ],
                        [
                            32.927398681640625,
                            34.558597459864096
                        ],
                        [
                            32.97821044921875,
                            34.56199029762806
                        ],
                        [
                            33.045501708984375,
                            34.557466483188996
                        ],
                        [
                            33.029022216796875,
                            34.5902585629658
                        ],
                        [
                            33.015289306640625,
                            34.623037705462586
                        ],
                        [
                            33.034515380859375,
                            34.65467425162703
                        ],
                        [
                            33.079833984375,
                            34.67387626588273
                        ],
                        [
                            33.145751953125,
                            34.70210643670556
                        ],
                        [
                            33.26385498046875,
                            34.69533207371177
                        ],
                        [
                            33.292694091796875,
                            34.712266941280404
                        ],
                        [
                            33.309173583984375,
                            34.70775131553933
                        ],
                        [
                            33.375091552734375,
                            34.72919834205246
                        ],
                        [
                            33.435516357421875,
                            34.75628137043312
                        ],
                        [
                            33.4918212890625,
                            34.768691457552706
                        ],
                        [
                            33.55499267578125,
                            34.81154831029378
                        ],
                        [
                            33.59619140624999,
                            34.80365530045781
                        ],
                        [
                            33.64288330078125,
                            34.84762101276787
                        ],
                        [
                            33.64013671875,
                            34.88255137094983
                        ],
                        [
                            33.65386962890625,
                            34.93548199355901
                        ],
                        [
                            33.674468994140625,
                            34.960246302573466
                        ],
                        [
                            33.71429443359375,
                            34.97150033361733
                        ],
                        [
                            33.76373291015625,
                            34.97150033361733
                        ],
                        [
                            33.7939453125,
                            34.962497232449145
                        ],
                        [
                            33.84201049804687,
                            34.93660780623881
                        ],
                        [
                            33.891448974609375,
                            34.939985151560435
                        ],
                        [
                            33.916168212890625,
                            34.9636226742002
                        ],
                        [
                            33.94500732421875,
                            34.97487624147657
                        ],
                        [
                            33.998565673828125,
                            34.97487624147657
                        ],
                        [
                            34.048004150390625,
                            34.9636226742002
                        ],
                        [
                            34.100189208984375,
                            34.945613751357335
                        ],
                        [
                            34.08233642578125,
                            34.99512876641514
                        ],
                        [
                            34.058990478515625,
                            35.02437356760802
                        ],
                        [
                            34.02740478515625,
                            35.049111000569276
                        ],
                        [
                            33.98620605468749,
                            35.08620310578525
                        ],
                        [
                            33.9532470703125,
                            35.12777117397315
                        ],
                        [
                            33.93402099609375,
                            35.15472290705944
                        ],
                        [
                            33.91204833984374,
                            35.19737822958456
                        ],
                        [
                            33.91204833984374,
                            35.226550551891116
                        ],
                        [
                            33.91754150390625,
                            35.270289376094404
                        ],
                        [
                            33.9697265625,
                            35.31288398967159
                        ],
                        [
                            34.004058837890625,
                            35.316245767635834
                        ],
                        [
                            34.075469970703125,
                            35.32520982569243
                        ],
                        [
                            34.0850830078125,
                            35.35993616287676
                        ],
                        [
                            34.124908447265625,
                            35.39912537474419
                        ],
                        [
                            34.226531982421875,
                            35.45172093634465
                        ],
                        [
                            34.288330078125,
                            35.475209977972064
                        ],
                        [
                            34.333648681640625,
                            35.5109896107126
                        ],
                        [
                            34.4146728515625,
                            35.546753306701
                        ],
                        [
                            34.42840576171875,
                            35.574682600980914
                        ],
                        [
                            34.44213867187499,
                            35.59255224089235
                        ],
                        [
                            34.4915771484375,
                            35.6126508187567
                        ],
                        [
                            34.572601318359375,
                            35.63609277863135
                        ],
                        [
                            34.58221435546875,
                            35.655064568953875
                        ],
                        [
                            34.595947265625,
                            35.68630240145625
                        ],
                        [
                            34.617919921875,
                            35.715298012125295
                        ]
                    ]
                ]
            }
        }
    ]
}