{
    "type": "FeatureCollection",
    "features": [
        {
            "type": "Feature",
            "properties": {},
            "geometry": {
                "coordinates": [
                    [
                        [
                            43.13998839852036,
                            12.708024435092714
                        ],
                        [
                            43.10752515577374,
                            12.703154492414429
                        ],
                        [
                            42.96546936035156,
                            12.644358294649928
                        ],
                        [
                            42.94707732948039,
                            12.624197493983626
                        ],
                        [
                            42.92526139211535,
                            12.622737533825953
                        ],
                        [
                            42.914353423431066,
                            12.611979488732139
                        ],
                        [
                            42.908132854322304,
                            12.61107369999182
                        ],
                        [
                            42.897748545610526,
                            12.622961853559424
                        ],
                        [
                            42.87416736215706,
                            12.609905168499555
                        ],
                        [
                            42.87798943775297,
                            12.59473725373755
                        ],
                        [
                            42.86614790975775,
                            12.591315256979886
                        ],
                        [
                            42.86707796052248,
                            12.581158572226638
                        ],
                        [
                            42.86115719652493,
                            12.57592862160229
                        ],
                        [
                            42.86226753188717,
                            12.566563431166887
                        ],
                        [
                            42.85616648329208,
                            12.562125248259239
                        ],
                        [
                            42.86196421823148,
                            12.55539950790281
                        ],
                        [
                            42.857666015624915,
                            12.54849774455811
                        ],
                        [
                            42.84698575926148,
                            12.549204283462895
                        ],
                        [
                            42.842435179265394,
                            12.540232005059256
                        ],
                        [
                            42.82936775809438,
                            12.543757064344533
                        ],
                        [
                            42.82410385986093,
                            12.537273400322206
                        ],
                        [
                            42.819561100020735,
                            12.52375028222639
                        ],
                        [
                            42.813503743521046,
                            12.522092493355157
                        ],
                        [
                            42.8135760633905,
                            12.515858798532737
                        ],
                        [
                            42.808059560688456,
                            12.516665076775038
                        ],
                        [
                            42.80710415532755,
                            12.50967613113049
                        ],
                        [
                            42.80254305798641,
                            12.509375317111168
                        ],
                        [
                            42.795170242000054,
                            12.479686659967228
                        ],
                        [
                            42.810513285487616,
                            12.47358484387649
                        ],
                        [
                            42.81685452708399,
                            12.465122327789434
                        ],
                        [
                            42.826080322265625,
                            12.443281785521078
                        ],
                        [
                            42.820849764943134,
                            12.430528354912205
                        ],
                        [
                            42.80912896205675,
                            12.418831273842756
                        ],
                        [
                            42.80080183176808,
                            12.414337701539164
                        ],
                        [
                            42.78165762553833,
                            12.414774045469633
                        ],
                        [
                            42.762118811373966,
                            12.409660402543107
                        ],
                        [
                            42.76729317528756,
                            12.402435058863755
                        ],
                        [
                            42.7594870480715,
                            12.40383755061704
                        ],
                        [
                            42.75829756156084,
                            12.3992473679467
                        ],
                        [
                            42.75195232736425,
                            12.39605373836294
                        ],
                        [
                            42.753660298199485,
                            12.388487927958177
                        ],
                        [
                            42.751041438661005,
                            12.383387326390793
                        ],
                        [
                            42.733341570510696,
                            12.380341505451714
                        ],
                        [
                            42.71889489767595,
                            12.383552358538356
                        ],
                        [
                            42.70206543703435,
                            12.371368970875483
                        ],
                        [
                            42.69799615545447,
                            12.36301543757337
                        ],
                        [
                            42.68327634897453,
                            12.367736557106031
                        ],
                        [
                            42.67220937361773,
                            12.379588917098193
                        ],
                        [
                            42.66612599812834,
                            12.38797645971059
                        ],
                        [
                            42.654092662151385,
                            12.392971862315733
                        ],
                        [
                            42.634518318199696,
                            12.410289441911528
                        ],
                        [
                            42.609169061005844,
                            12.434629618718894
                        ],
                        [
                            42.57243973723701,
                            12.468342278591624
                        ],
                        [
                            42.54834041460721,
                            12.485963216232673
                        ],
                        [
                            42.539080792332555,
                            12.491486204160463
                        ],
                        [
                            42.531256068183495,
                            12.499052847201265
                        ],
                        [
                            42.48018767139078,
                            12.520767914596439
                        ],
                        [
                            42.461065726552135,
                            12.522673332181485
                        ],
                        [
                            42.43544428495291,
                            12.50294739502109
                        ],
                        [
                            42.402144726145565,
                            12.470638687468766
                        ],
                        [
                            42.383193969726506,
                            12.433223849907172
                        ],
                        [
                            42.33581542968744,
                            12.375550847338028
                        ],
                        [
                            42.31864929199219,
                            12.302435369557129
                        ],
                        [
                            42.25616455078125,
                            12.257482720579121
                        ],
                        [
                            42.206382751464844,
                            12.187690303467848
                        ],
                        [
                            42.186126708984375,
                            12.151780313021309
                        ],
                        [
                            42.160377502441406,
                            12.119222207483547
                        ],
                        [
                            42.15042114257807,
                            12.088338683329036
                        ],
                        [
                            42.14424133300781,
                            12.075917129727586
                        ],
                        [
                            42.13909149169922,
                            12.080952964175136
                        ],
                        [
                            42.110252380371094,
                            12.029583014512763
                        ],
                        [
                            42.06596374511719,
                            11.980890014704647
                        ],
                        [
                            42.03334808349604,
                            11.923118656575081
                        ],
                        [
                            42.00794219970703,
                            11.88616540437571
                        ],
                        [
                            41.96949005126953,
                            11.830726123573593
                        ],
                        [
                            41.95472717285156,
                            11.811907810679127
                        ],
                        [
                            41.94099426269531,
                            11.807539088816014
                        ],
                        [
                            41.899452209472656,
                            11.793424280845365
                        ],
                        [
                            41.89739227294922,
                            11.788719183472056
                        ],
                        [
                            41.89533233642578,
                            11.757125728454792
                        ],
                        [
                            41.88983917236328,
                            11.751411631030548
                        ],
                        [
                            41.87782287597656,
                            11.748386472631976
                        ],
                        [
                            41.84795379638666,
                            11.733932479702982
                        ],
                        [
                            41.844520568847656,
                            11.736621652041043
                        ],
                        [
                            41.83525085449219,
                            11.73258788370247
                        ],
                        [
                            41.821861267089844,
                            11.694264145546548
                        ],
                        [
                            41.80709838867182,
                            11.65593510082625
                        ],
                        [
                            41.80778503417969,
                            11.638786182927182
                        ],
                        [
                            41.80572509765619,
                            11.63542352597892
                        ],
                        [
                            41.80229187011719,
                            11.626680427753884
                        ],
                        [
                            41.80400848388672,
                            11.618945919714246
                        ],
                        [
                            41.80469512939453,
                            11.573543396492179
                        ],
                        [
                            41.786842346191406,
                            11.545625592771831
                        ],
                        [
                            41.77928924560547,
                            11.514004483456768
                        ],
                        [
                            41.771392822265625,
                            11.494155374737675
                        ],
                        [
                            41.79679870605469,
                            11.387821148797137
                        ],
                        [
                            41.808128356933594,
                            11.320500436421426
                        ],
                        [
                            41.80469512939453,
                            11.292894361058085
                        ],
                        [
                            41.805381774902344,
                            11.258551390073984
                        ],
                        [
                            41.80503845214844,
                            11.195578640921498
                        ],
                        [
                            41.80418014526367,
                            11.122823015167823
                        ],
                        [
                            41.803321838378906,
                            11.089133695565964
                        ],
                        [
                            41.80246353149414,
                            11.042973026242821
                        ],
                        [
                            41.803150177001896,
                            11.006241467661978
                        ],
                        [
                            41.79405212402344,
                            10.993940425883356
                        ],
                        [
                            41.79370880126953,
                            10.980122205471188
                        ],
                        [
                            41.79954528808594,
                            10.974055465378273
                        ],
                        [
                            41.80864334106445,
                            10.971359096460176
                        ],
                        [
                            41.817054748535156,
                            10.963269842130023
                        ],
                        [
                            41.831302642822266,
                            10.963606898812033
                        ],
                        [
                            41.87009811401367,
                            10.952146756209247
                        ],
                        [
                            41.91764831542963,
                            10.938832210003776
                        ],
                        [
                            41.942539215087834,
                            10.938663667609864
                        ],
                        [
                            41.94047927856445,
                            10.927371109008824
                        ],
                        [
                            41.94511413574213,
                            10.915741009961256
                        ],
                        [
                            41.9487190246582,
                            10.916752341002562
                        ],
                        [
                            41.966400146484375,
                            10.916920895841397
                        ],
                        [
                            41.96983337402344,
                            10.923663010955066
                        ],
                        [
                            41.972751617431584,
                            10.928550948674031
                        ],
                        [
                            41.99180603027344,
                            10.923663010955066
                        ],
                        [
                            42.02476501464844,
                            10.925685615636185
                        ],
                        [
                            42.04793930053711,
                            10.926359814133871
                        ],
                        [
                            42.07025527954096,
                            10.926022715076453
                        ],
                        [
                            42.072486877441406,
                            10.934112986758738
                        ],
                        [
                            42.0747184753418,
                            10.950292867917257
                        ],
                        [
                            42.085533142089844,
                            10.957034224242115
                        ],
                        [
                            42.098751068115234,
                            10.95753981977729
                        ],
                        [
                            42.10282934258586,
                            10.962496479154048
                        ],
                        [
                            42.11265932498432,
                            10.966402592719716
                        ],
                        [
                            42.131195068359375,
                            10.972875807003906
                        ],
                        [
                            42.137284310106565,
                            10.97503454171983
                        ],
                        [
                            42.14303970336914,
                            10.9748980756194
                        ],
                        [
                            42.15747031504202,
                            10.977355059809522
                        ],
                        [
                            42.18145972750207,
                            10.978440633671621
                        ],
                        [
                            42.19196319580078,
                            10.973718420609018
                        ],
                        [
                            42.21581727838472,
                            10.963216595110966
                        ],
                        [
                            42.2673225402832,
                            10.971527620238314
                        ],
                        [
                            42.27813720703125,
                            10.975909204736666
                        ],
                        [
                            42.28466033935541,
                            10.98602030552032
                        ],
                        [
                            42.314383033061574,
                            10.986415736721183
                        ],
                        [
                            42.333240509033146,
                            10.989053568226232
                        ],
                        [
                            42.33721399619512,
                            10.9897700022968
                        ],
                        [
                            42.344420088691265,
                            10.992671949304514
                        ],
                        [
                            42.355384826660156,
                            10.996973607152755
                        ],
                        [
                            42.36946474490614,
                            10.995038340001875
                        ],
                        [
                            42.422864070884515,
                            10.979937663149759
                        ],
                        [
                            42.43381617110751,
                            10.985826977313819
                        ],
                        [
                            42.506790161132756,
                            11.040277288107749
                        ],
                        [
                            42.59931114799352,
                            11.065775625882768
                        ],
                        [
                            42.615895497726115,
                            11.073371996987465
                        ],
                        [
                            42.637137669640595,
                            11.091981378774621
                        ],
                        [
                            42.65510559082031,
                            11.079699989777984
                        ],
                        [
                            42.659912109375,
                            11.079363066086987
                        ],
                        [
                            42.690467834472656,
                            11.056619820589725
                        ],
                        [
                            42.70718131239582,
                            11.060679764255312
                        ],
                        [
                            42.73150810507053,
                            11.05713610551562
                        ],
                        [
                            42.74026867046143,
                            11.069934771302382
                        ],
                        [
                            42.74881734913245,
                            11.07245754981
                        ],
                        [
                            42.75628354303083,
                            11.071304797361952
                        ],
                        [
                            42.77315519131383,
                            11.059561333808999
                        ],
                        [
                            42.776254614434635,
                            11.042790392160265
                        ],
                        [
                            42.78376134409184,
                            11.03188828308184
                        ],
                        [
                            42.78608322143555,
                            11.019047485974939
                        ],
                        [
                            42.786669758749696,
                            11.006578475278959
                        ],
                        [
                            42.79106140136713,
                            10.988042484121843
                        ],
                        [
                            42.809697255103075,
                            10.983704473935244
                        ],
                        [
                            42.8322834725071,
                            10.98203258190324
                        ],
                        [
                            42.84464677481638,
                            10.98314799226821
                        ],
                        [
                            42.85972595214844,
                            10.980627761520783
                        ],
                        [
                            42.86865234374994,
                            10.969336803627673
                        ],
                        [
                            42.878265380859375,
                            10.97304432991715
                        ],
                        [
                            42.88787841796875,
                            10.970010902775847
                        ],
                        [
                            42.91375843971383,
                            10.975765098350344
                        ],
                        [
                            42.92035341473368,
                            10.978270000139831
                        ],
                        [
                            42.96280384984041,
                            10.982928226593218
                        ],
                        [
                            42.97054611730695,
                            10.996172658915517
                        ],
                        [
                            43.25815200805664,
                            11.461266698595622
                        ],
                        [
                            43.25042724609375,
                            11.478678828181847
                        ],
                        [
                            43.24287414550781,
                            11.500211183364275
                        ],
                        [
                            43.226394653320256,
                            11.523087506868514
                        ],
                        [
                            43.20098876953125,
                            11.529815483113842
                        ],
                        [
                            43.20167541503906,
                            11.557398499844776
                        ],
                        [
                            43.183135986328125,
                            11.56883456448188
                        ],
                        [
                            43.17420959472656,
                            11.586996765443697
                        ],
                        [
                            43.16047668457031,
                            11.632733371160192
                        ],
                        [
                            43.13713073730469,
                            11.630043190338647
                        ],
                        [
                            43.11927795410156,
                            11.614574146281976
                        ],
                        [
                            43.0938720703125,
                            11.605830393754365
                        ],
                        [
                            43.0718994140625,
                            11.607848207130703
                        ],
                        [
                            43.0169677734375,
                            11.600449486739072
                        ],
                        [
                            42.96203613281244,
                            11.601794723220182
                        ],
                        [
                            42.89096832275385,
                            11.593386888857184
                        ],
                        [
                            42.85869598388672,
                            11.603139953216893
                        ],
                        [
                            42.8437614440918,
                            11.602299185228874
                        ],
                        [
                            42.843074798583984,
                            11.592377931720378
                        ],
                        [
                            42.83174514770502,
                            11.593050570216564
                        ],
                        [
                            42.820587158203125,
                            11.591873451785203
                        ],
                        [
                            42.80101776123047,
                            11.592041611864838
                        ],
                        [
                            42.791404724121094,
                            11.584978801371687
                        ],
                        [
                            42.785911560058594,
                            11.575561443095054
                        ],
                        [
                            42.7673721313476,
                            11.568666390444738
                        ],
                        [
                            42.75398254394531,
                            11.573879738603573
                        ],
                        [
                            42.747802734375,
                            11.567152819563528
                        ],
                        [
                            42.73836135864252,
                            11.561098454212479
                        ],
                        [
                            42.726173400878906,
                            11.55992120130546
                        ],
                        [
                            42.70780563354492,
                            11.553866679641013
                        ],
                        [
                            42.70042419433594,
                            11.555043957988119
                        ],
                        [
                            42.69304275512695,
                            11.544616463449655
                        ],
                        [
                            42.68514633178711,
                            11.550334814930286
                        ],
                        [
                            42.68171310424799,
                            11.546802905725457
                        ],
                        [
                            42.67690658569336,
                            11.540411718865997
                        ],
                        [
                            42.66918182373047,
                            11.537216070841948
                        ],
                        [
                            42.658538818359375,
                            11.535197748080085
                        ],
                        [
                            42.655277252197266,
                            11.527292510902853
                        ],
                        [
                            42.66162872314453,
                            11.508621812633809
                        ],
                        [
                            42.68239974975586,
                            11.499033675216864
                        ],
                        [
                            42.681026458740234,
                            11.482043367079022
                        ],
                        [
                            42.66523361206055,
                            11.4818751410872
                        ],
                        [
                            42.64755249023432,
                            11.486921877192833
                        ],
                        [
                            42.633819580078125,
                            11.489276989797176
                        ],
                        [
                            42.630043029785156,
                            11.475650708870894
                        ],
                        [
                            42.62094497680664,
                            11.47245432546225
                        ],
                        [
                            42.605838775634766,
                            11.471781398027531
                        ],
                        [
                            42.59004592895508,
                            11.486417207646637
                        ],
                        [
                            42.57545471191406,
                            11.494996467053916
                        ],
                        [
                            42.55210876464844,
                            11.51181778585568
                        ],
                        [
                            42.53442764282221,
                            11.52712431194978
                        ],
                        [
                            42.545413970947266,
                            11.534524970601408
                        ],
                        [
                            42.54404067993164,
                            11.545121028564576
                        ],
                        [
                            42.538204193115234,
                            11.555043957988119
                        ],
                        [
                            42.53683090209961,
                            11.564462006679957
                        ],
                        [
                            42.53288269042969,
                            11.579933827453736
                        ],
                        [
                            42.54232406616205,
                            11.582119993996121
                        ],
                        [
                            42.55485534667969,
                            11.578083980875222
                        ],
                        [
                            42.56172180175781,
                            11.567489169355492
                        ],
                        [
                            42.579231262206974,
                            11.561266632795297
                        ],
                        [
                            42.59365081787104,
                            11.558912123447191
                        ],
                        [
                            42.605323791503906,
                            11.558407583155011
                        ],
                        [
                            42.614078521728516,
                            11.561602989657938
                        ],
                        [
                            42.63141632080078,
                            11.554034862564805
                        ],
                        [
                            42.650814056396484,
                            11.552689396348692
                        ],
                        [
                            42.66265869140625,
                            11.556389412900261
                        ],
                        [
                            42.66729354858393,
                            11.557062137933727
                        ],
                        [
                            42.67707824707031,
                            11.553530313490642
                        ],
                        [
                            42.682743072509766,
                            11.551680292448207
                        ],
                        [
                            42.68463134765625,
                            11.55420304538767
                        ],
                        [
                            42.684974670410156,
                            11.559080303342649
                        ],
                        [
                            42.68360137939453,
                            11.567657344099926
                        ],
                        [
                            42.68754959106445,
                            11.576906799408956
                        ],
                        [
                            42.696304321289006,
                            11.580270161880543
                        ],
                        [
                            42.70317077636719,
                            11.60515778605222
                        ],
                        [
                            42.71553039550781,
                            11.638786182927182
                        ],
                        [
                            42.75398254394531,
                            11.673755403433413
                        ],
                        [
                            42.760162353515625,
                            11.700651804193901
                        ],
                        [
                            42.78831481933588,
                            11.734268627679059
                        ],
                        [
                            42.81578063964844,
                            11.740991501161307
                        ],
                        [
                            42.853546142578125,
                            11.766536924462363
                        ],
                        [
                            42.89886474609369,
                            11.766536924462363
                        ],
                        [
                            42.94212341308594,
                            11.765864706851524
                        ],
                        [
                            42.97233581542969,
                            11.792752129016092
                        ],
                        [
                            43.05198669433594,
                            11.80148997435565
                        ],
                        [
                            43.09318542480469,
                            11.832406267156314
                        ],
                        [
                            43.12339782714844,
                            11.875414424662937
                        ],
                        [
                            43.188629150390625,
                            11.938570343535835
                        ],
                        [
                            43.2366943359375,
                            11.94999058944877
                        ],
                        [
                            43.29231262207031,
                            11.952005876967075
                        ],
                        [
                            43.31291198730469,
                            11.967455915938498
                        ],
                        [
                            43.38226318359375,
                            11.976859855224403
                        ],
                        [
                            43.422088623046875,
                            12.049393506507855
                        ],
                        [
                            43.42552185058594,
                            12.15077342094407
                        ],
                        [
                            43.41796875,
                            12.215206820314405
                        ],
                        [
                            43.38226318359375,
                            12.288346559490087
                        ],
                        [
                            43.36784362792969,
                            12.384940345337615
                        ],
                        [
                            43.342437744140625,
                            12.41310681112435
                        ],
                        [
                            43.33213806152344,
                            12.474794126352128
                        ],
                        [
                            43.32527160644531,
                            12.48619126340695
                        ],
                        [
                            43.30879211425781,
                            12.488202470788021
                        ],
                        [
                            43.30192565917969,
                            12.46876014482322
                        ],
                        [
                            43.27720642089844,
                            12.508984031068016
                        ],
                        [
                            43.24218749999994,
                            12.549201653263557
                        ],
                        [
                            43.200645446777344,
                            12.600470006912039
                        ],
                        [
                            43.15704345703125,
                            12.652733065993973
                        ],
                        [
                            43.14643270503447,
                            12.688668981185758
                        ],
                        [
                            43.13998839852036,
                            12.708024435092714
                        ]
                    ]
                ],
                "type": "Polygon"
            }
        },
        {
            "type": "Feature",
            "properties": {},
            "geometry": {
                "coordinates": [
                    [
                        [
                            43.213176727294865,
                            11.733596331317266
                        ],
                        [
                            43.19326400756836,
                            11.73258788370247
                        ],
                        [
                            43.17506790161127,
                            11.727209434173858
                        ],
                        [
                            43.173179626464844,
                            11.72502440911232
                        ],
                        [
                            43.17626953125,
                            11.717964979194544
                        ],
                        [
                            43.17197799682617,
                            11.71577988098488
                        ],
                        [
                            43.16717147827143,
                            11.719645812209615
                        ],
                        [
                            43.155670166015625,
                            11.717292643124697
                        ],
                        [
                            43.144683837890625,
                            11.713594765493621
                        ],
                        [
                            43.149147033691406,
                            11.709728749606718
                        ],
                        [
                            43.15876007080078,
                            11.711745808120602
                        ],
                        [
                            43.168373107910156,
                            11.710569192442954
                        ],
                        [
                            43.17678451538086,
                            11.707879766372939
                        ],
                        [
                            43.1846809387207,
                            11.708384035754008
                        ],
                        [
                            43.193607330322266,
                            11.709728749606718
                        ],
                        [
                            43.2063102722168,
                            11.70922448267848
                        ],
                        [
                            43.216094970703125,
                            11.715611795791366
                        ],
                        [
                            43.21540832519531,
                            11.72082238923402
                        ],
                        [
                            43.21712493896479,
                            11.729730595443064
                        ],
                        [
                            43.213176727294865,
                            11.733596331317266
                        ]
                    ]
                ],
                "type": "Polygon"
            }
        },
        {
            "type": "Feature",
            "properties": {},
            "geometry": {
                "coordinates": [
                    [
                        [
                            43.21540832519531,
                            11.70670313424045
                        ],
                        [
                            43.21476459503174,
                            11.70621987316406
                        ],
                        [
                            43.21476459503174,
                            11.70512727979116
                        ],
                        [
                            43.21600914001465,
                            11.705484474253401
                        ],
                        [
                            43.21540832519531,
                            11.70670313424045
                        ]
                    ]
                ],
                "type": "Polygon"
            }
        },
        {
            "type": "Feature",
            "properties": {},
            "geometry": {
                "coordinates": [
                    [
                        [
                            43.36441040039057,
                            12.4629774473339
                        ],
                        [
                            43.36299419403076,
                            12.460421286313926
                        ],
                        [
                            43.364925384521484,
                            12.458996529889914
                        ],
                        [
                            43.368186950683594,
                            12.459667004476358
                        ],
                        [
                            43.36822986602783,
                            12.461887939161166
                        ],
                        [
                            43.36441040039057,
                            12.4629774473339
                        ]
                    ]
                ],
                "type": "Polygon"
            }
        },
        {
            "type": "Feature",
            "properties": {},
            "geometry": {
                "coordinates": [
                    [
                        [
                            43.387885093688965,
                            12.466937351931481
                        ],
                        [
                            43.38683366775513,
                            12.466811641604261
                        ],
                        [
                            43.38599681854248,
                            12.466287847917814
                        ],
                        [
                            43.38470935821533,
                            12.465470727653129
                        ],
                        [
                            43.384108543395996,
                            12.464045998978731
                        ],
                        [
                            43.3860182762146,
                            12.462432693819862
                        ],
                        [
                            43.387155532836914,
                            12.46289363917548
                        ],
                        [
                            43.387885093688965,
                            12.466937351931481
                        ]
                    ]
                ],
                "type": "Polygon"
            }
        },
        {
            "type": "Feature",
            "properties": {},
            "geometry": {
                "coordinates": [
                    [
                        [
                            43.41256141662598,
                            12.461657465691742
                        ],
                        [
                            43.41176748275757,
                            12.460756521981859
                        ],
                        [
                            43.41026544570917,
                            12.460714617547069
                        ],
                        [
                            43.41078042984009,
                            12.459583195247859
                        ],
                        [
                            43.41174602508545,
                            12.45809557693463
                        ],
                        [
                            43.41314077377319,
                            12.457990814759949
                        ],
                        [
                            43.41290473937988,
                            12.45889176807919
                        ],
                        [
                            43.41391324996948,
                            12.459520338308705
                        ],
                        [
                            43.41369867324829,
                            12.461217470317582
                        ],
                        [
                            43.41256141662598,
                            12.461657465691742
                        ]
                    ]
                ],
                "type": "Polygon"
            }
        },
        {
            "type": "Feature",
            "properties": {},
            "geometry": {
                "coordinates": [
                    [
                        [
                            43.42912673950195,
                            12.476134992047376
                        ],
                        [
                            43.425865173339844,
                            12.475213147627674
                        ],
                        [
                            43.424320220947266,
                            12.472531399749665
                        ],
                        [
                            43.425865173339844,
                            12.470101041753106
                        ],
                        [
                            43.42878341674805,
                            12.468843951084644
                        ],
                        [
                            43.43101501464844,
                            12.465659294096705
                        ],
                        [
                            43.43547821044916,
                            12.464905027499235
                        ],
                        [
                            43.43496322631836,
                            12.470939098810215
                        ],
                        [
                            43.43247413635254,
                            12.472531399749665
                        ],
                        [
                            43.43195915222168,
                            12.474961734943708
                        ],
                        [
                            43.42912673950195,
                            12.476134992047376
                        ]
                    ]
                ],
                "type": "Polygon"
            }
        },
        {
            "type": "Feature",
            "properties": {},
            "geometry": {
                "coordinates": [
                    [
                        [
                            43.4419584274292,
                            12.457487955732422
                        ],
                        [
                            43.43946933746338,
                            12.456356519355719
                        ],
                        [
                            43.4384822845459,
                            12.453758387516226
                        ],
                        [
                            43.43925476074219,
                            12.450615451323054
                        ],
                        [
                            43.442044258117676,
                            12.449064922112116
                        ],
                        [
                            43.44474792480463,
                            12.45069926344891
                        ],
                        [
                            43.44444751739502,
                            12.452040253781268
                        ],
                        [
                            43.4428596496582,
                            12.452375500281498
                        ],
                        [
                            43.441829681396484,
                            12.453884104172062
                        ],
                        [
                            43.44316005706787,
                            12.455895562379855
                        ],
                        [
                            43.4419584274292,
                            12.457487955732422
                        ]
                    ]
                ],
                "type": "Polygon"
            }
        },
        {
            "type": "Feature",
            "properties": {},
            "geometry": {
                "coordinates": [
                    [
                        [
                            43.45161437988281,
                            12.446508623999433
                        ],
                        [
                            43.45067024230957,
                            12.446047649529474
                        ],
                        [
                            43.45019817352295,
                            12.444958070255707
                        ],
                        [
                            43.451571464538574,
                            12.44407802211943
                        ],
                        [
                            43.4529447555542,
                            12.44407802211943
                        ],
                        [
                            43.45358848571777,
                            12.445754301713313
                        ],
                        [
                            43.45161437988281,
                            12.446508623999433
                        ]
                    ]
                ],
                "type": "Polygon"
            }
        }
    ]
}