{
    "type": "FeatureCollection",
    "features": [
        {
            "type": "Feature",
            "properties": {},
            "geometry": {
                "type": "Polygon",
                "coordinates": [
                    [
                        [
                            -61.46369934082037,
                            15.644196600866072
                        ],
                        [
                            -61.4739990234375,
                            15.622375553507831
                        ],
                        [
                            -61.472625732421875,
                            15.601213530466927
                        ],
                        [
                            -61.48429870605469,
                            15.594599950516262
                        ],
                        [
                            -61.48567199707031,
                            15.57938790814887
                        ],
                        [
                            -61.46575927734375,
                            15.572773625363597
                        ],
                        [
                            -61.47468566894531,
                            15.565497668512664
                        ],
                        [
                            -61.49391174316412,
                            15.54366825407487
                        ],
                        [
                            -61.47605895996094,
                            15.51852848686671
                        ],
                        [
                            -61.47880554199219,
                            15.498017460385709
                        ],
                        [
                            -61.461639404296875,
                            15.460960123633043
                        ],
                        [
                            -61.461639404296875,
                            15.445738224387496
                        ],
                        [
                            -61.4410400390625,
                            15.421248476891815
                        ],
                        [
                            -61.43760681152344,
                            15.396755841628917
                        ],
                        [
                            -61.41700744628906,
                            15.37689483107107
                        ],
                        [
                            -61.403961181640625,
                            15.349748388145423
                        ],
                        [
                            -61.402587890625,
                            15.300743435085506
                        ],
                        [
                            -61.38404846191406,
                            15.283522754025395
                        ],
                        [
                            -61.381988525390625,
                            15.243777324834786
                        ],
                        [
                            -61.373748779296875,
                            15.225889428901029
                        ],
                        [
                            -61.38473510742193,
                            15.215288476840566
                        ],
                        [
                            -61.34559631347656,
                            15.202036536583206
                        ],
                        [
                            -61.32156372070318,
                            15.215288476840566
                        ],
                        [
                            -61.29753112792969,
                            15.234502309394014
                        ],
                        [
                            -61.26182556152344,
                            15.239802368303588
                        ],
                        [
                            -61.24397277832037,
                            15.270937515594612
                        ],
                        [
                            -61.23985290527344,
                            15.303392644997997
                        ],
                        [
                            -61.226806640625,
                            15.329882899791786
                        ],
                        [
                            -61.24397277832037,
                            15.359680423515911
                        ],
                        [
                            -61.236419677734375,
                            15.394107816371394
                        ],
                        [
                            -61.23710632324219,
                            15.413305235719124
                        ],
                        [
                            -61.23710632324219,
                            15.447061912175208
                        ],
                        [
                            -61.236419677734375,
                            15.491400565747785
                        ],
                        [
                            -61.24946594238281,
                            15.523159726918086
                        ],
                        [
                            -61.26457214355469,
                            15.528452445372308
                        ],
                        [
                            -61.25976562500006,
                            15.539037474699144
                        ],
                        [
                            -61.274871826171875,
                            15.552267996712526
                        ],
                        [
                            -61.29066467285156,
                            15.564836205125268
                        ],
                        [
                            -61.29272460937506,
                            15.589970317767138
                        ],
                        [
                            -61.32499694824219,
                            15.60187487673981
                        ],
                        [
                            -61.35314941406256,
                            15.607826897262694
                        ],
                        [
                            -61.38542175292969,
                            15.603197562890616
                        ],
                        [
                            -61.41082763671875,
                            15.644196600866072
                        ],
                        [
                            -61.46369934082037,
                            15.644196600866072
                        ]
                    ]
                ]
            }
        }
    ]
}