{
    "type": "FeatureCollection",
    "features": [
        {
            "type": "Feature",
            "properties": {},
            "geometry": {
                "coordinates": [
                    [
                        [
                            -70.97991943359375,
                            19.941078241045
                        ],
                        [
                            -71.03622436523438,
                            19.93914179851289
                        ],
                        [
                            -71.0870361328125,
                            19.91267470522604
                        ],
                        [
                            -71.09527587890625,
                            19.882974645034466
                        ],
                        [
                            -71.18247985839844,
                            19.869414069997006
                        ],
                        [
                            -71.21749877929688,
                            19.876517373059805
                        ],
                        [
                            -71.22848510742188,
                            19.85326901590216
                        ],
                        [
                            -71.2628173828125,
                            19.843581194810728
                        ],
                        [
                            -71.30058288574219,
                            19.860373042167716
                        ],
                        [
                            -71.34590148925781,
                            19.856498158184017
                        ],
                        [
                            -71.41559600830078,
                            19.879746041940486
                        ],
                        [
                            -71.466064453125,
                            19.908478295711507
                        ],
                        [
                            -71.49112701416016,
                            19.913643091611817
                        ],
                        [
                            -71.5213394165039,
                            19.91461147206837
                        ],
                        [
                            -71.54468536376959,
                            19.917193790963342
                        ],
                        [
                            -71.57661437988281,
                            19.916871003407532
                        ],
                        [
                            -71.61815643310547,
                            19.908478295711507
                        ],
                        [
                            -71.630859375,
                            19.88749457882739
                        ],
                        [
                            -71.6363525390625,
                            19.899116673391834
                        ],
                        [
                            -71.65695190429688,
                            19.904604588129427
                        ],
                        [
                            -71.67308807373047,
                            19.89427423766438
                        ],
                        [
                            -71.67549133300781,
                            19.886526032443555
                        ],
                        [
                            -71.66519165039062,
                            19.879100313427
                        ],
                        [
                            -71.66622161865234,
                            19.865539406900897
                        ],
                        [
                            -71.6909408569336,
                            19.85003980790673
                        ],
                        [
                            -71.70776367187506,
                            19.833892782537767
                        ],
                        [
                            -71.74278259277344,
                            19.827433512707287
                        ],
                        [
                            -71.75891876220703,
                            19.80999217283585
                        ],
                        [
                            -71.78535461425787,
                            19.78156515092188
                        ],
                        [
                            -71.78844451904297,
                            19.757333570566175
                        ],
                        [
                            -71.77196502685547,
                            19.748932429849035
                        ],
                        [
                            -71.76097869873047,
                            19.762503283419143
                        ],
                        [
                            -71.74930572509766,
                            19.748286169934413
                        ],
                        [
                            -71.73454284667969,
                            19.718555386125974
                        ],
                        [
                            -71.75891876220703,
                            19.71047541288553
                        ],
                        [
                            -71.75802861931727,
                            19.699740169225322
                        ],
                        [
                            -71.7603359583376,
                            19.69866038598139
                        ],
                        [
                            -71.75984843888631,
                            19.69655096365328
                        ],
                        [
                            -71.76221653569961,
                            19.69438432576191
                        ],
                        [
                            -71.76130371169829,
                            19.69290412492728
                        ],
                        [
                            -71.75941470799799,
                            19.694768931619656
                        ],
                        [
                            -71.75886237574001,
                            19.693315917512297
                        ],
                        [
                            -71.75514512613174,
                            19.69195437775388
                        ],
                        [
                            -71.75574833273463,
                            19.689568604631177
                        ],
                        [
                            -71.75726509189309,
                            19.690263496311033
                        ],
                        [
                            -71.75978544746637,
                            19.68786507540937
                        ],
                        [
                            -71.75610850816575,
                            19.687297238794645
                        ],
                        [
                            -71.75723252733397,
                            19.686141317397585
                        ],
                        [
                            -71.75422501658703,
                            19.685671874917645
                        ],
                        [
                            -71.75600218202842,
                            19.684321621294444
                        ],
                        [
                            -71.75486297341229,
                            19.683429025350488
                        ],
                        [
                            -71.7559642084074,
                            19.682010199712614
                        ],
                        [
                            -71.75451361610259,
                            19.681506701200682
                        ],
                        [
                            -71.75439969524128,
                            19.679859040377615
                        ],
                        [
                            -71.75653381271634,
                            19.678154181047894
                        ],
                        [
                            -71.75594517719908,
                            19.67621405013241
                        ],
                        [
                            -71.75346357889698,
                            19.675587273075934
                        ],
                        [
                            -71.74602548487263,
                            19.66878032680415
                        ],
                        [
                            -71.74613417881149,
                            19.667264878313482
                        ],
                        [
                            -71.74248230041518,
                            19.665191237864498
                        ],
                        [
                            -71.73943799994825,
                            19.664490734596534
                        ],
                        [
                            -71.7348861694336,
                            19.661340394067064
                        ],
                        [
                            -71.73232821253566,
                            19.646210016754544
                        ],
                        [
                            -71.74569328805008,
                            19.633693567635916
                        ],
                        [
                            -71.74605362290623,
                            19.631230452898784
                        ],
                        [
                            -71.74312591552734,
                            19.58437505982636
                        ],
                        [
                            -71.72630310058594,
                            19.56917166816732
                        ],
                        [
                            -71.71506593407503,
                            19.558428169650693
                        ],
                        [
                            -71.71497344970703,
                            19.553643319792773
                        ],
                        [
                            -71.71222686767578,
                            19.53261296541841
                        ],
                        [
                            -71.70364379882812,
                            19.53390722018251
                        ],
                        [
                            -71.69952392578125,
                            19.511256264812868
                        ],
                        [
                            -71.68819427490234,
                            19.512227085153075
                        ],
                        [
                            -71.69265747070312,
                            19.47662652981422
                        ],
                        [
                            -71.67926788330078,
                            19.45008284272312
                        ],
                        [
                            -71.68716430664062,
                            19.427096385573407
                        ],
                        [
                            -71.69780731201172,
                            19.395039417313967
                        ],
                        [
                            -71.6916275024414,
                            19.36006097647255
                        ],
                        [
                            -71.69918060302734,
                            19.359737066936535
                        ],
                        [
                            -71.7136001586914,
                            19.371073517805264
                        ],
                        [
                            -71.71772003173828,
                            19.363623938901224
                        ],
                        [
                            -71.72698974609375,
                            19.36459564241391
                        ],
                        [
                            -71.74690246582031,
                            19.35358266351553
                        ],
                        [
                            -71.75308227539062,
                            19.340301317669095
                        ],
                        [
                            -71.78535461425787,
                            19.33155447534039
                        ],
                        [
                            -71.7740249633789,
                            19.32183521221247
                        ],
                        [
                            -71.75617218017578,
                            19.299478713495898
                        ],
                        [
                            -71.76200866699219,
                            19.29299799768025
                        ],
                        [
                            -71.75617218017578,
                            19.290081591838543
                        ],
                        [
                            -71.74690246582031,
                            19.275174706240218
                        ],
                        [
                            -71.73969268798828,
                            19.27744323287618
                        ],
                        [
                            -71.73145294189459,
                            19.261562886909164
                        ],
                        [
                            -71.72595977783203,
                            19.27873951970705
                        ],
                        [
                            -71.70879364013672,
                            19.25994235693706
                        ],
                        [
                            -71.70639038085943,
                            19.251191218374405
                        ],
                        [
                            -71.68716430664062,
                            19.237253256252714
                        ],
                        [
                            -71.66862487792969,
                            19.234984173661008
                        ],
                        [
                            -71.66622161865234,
                            19.229149245882606
                        ],
                        [
                            -71.63875579833984,
                            19.227204223892475
                        ],
                        [
                            -71.62776947021484,
                            19.21358842526759
                        ],
                        [
                            -71.63463592529297,
                            19.208725366706986
                        ],
                        [
                            -71.62090301513678,
                            19.205159032359923
                        ],
                        [
                            -71.63875579833984,
                            19.2012683976087
                        ],
                        [
                            -71.63944244384766,
                            19.193811090502095
                        ],
                        [
                            -71.62811279296875,
                            19.184083660401953
                        ],
                        [
                            -71.64493560791016,
                            19.177598387749878
                        ],
                        [
                            -71.63326263427734,
                            19.169167151615163
                        ],
                        [
                            -71.64493560791016,
                            19.16778892776631
                        ],
                        [
                            -71.64690971374512,
                            19.164383854734957
                        ],
                        [
                            -71.64236068725586,
                            19.15660056658192
                        ],
                        [
                            -71.64553642272949,
                            19.157087032853973
                        ],
                        [
                            -71.64373397827148,
                            19.15376281806577
                        ],
                        [
                            -71.64708137512207,
                            19.152789864479
                        ],
                        [
                            -71.64527893066406,
                            19.151330423339584
                        ],
                        [
                            -71.64090156555176,
                            19.14670877456256
                        ],
                        [
                            -71.64957046508789,
                            19.143546519240545
                        ],
                        [
                            -71.65695190429688,
                            19.142897843993246
                        ],
                        [
                            -71.64630889892578,
                            19.13495136534837
                        ],
                        [
                            -71.65195114429818,
                            19.11994074588514
                        ],
                        [
                            -71.65369655142936,
                            19.11890088587402
                        ],
                        [
                            -71.65436683016463,
                            19.115829368315097
                        ],
                        [
                            -71.6554002080931,
                            19.11795812150168
                        ],
                        [
                            -71.66330337524414,
                            19.11321822640885
                        ],
                        [
                            -71.67085647583008,
                            19.11694874449344
                        ],
                        [
                            -71.67308807373047,
                            19.11240723307772
                        ],
                        [
                            -71.67686462402344,
                            19.11694874449344
                        ],
                        [
                            -71.68252944946289,
                            19.11678654980547
                        ],
                        [
                            -71.6801261901856,
                            19.11029863180089
                        ],
                        [
                            -71.68510437011719,
                            19.102999419773354
                        ],
                        [
                            -71.69746398925781,
                            19.109001017650694
                        ],
                        [
                            -71.70721167409025,
                            19.09975522215211
                        ],
                        [
                            -71.69900894165039,
                            19.096186531299896
                        ],
                        [
                            -71.69608681973857,
                            19.08755760194823
                        ],
                        [
                            -71.70879364013672,
                            19.085155545818854
                        ],
                        [
                            -71.71257019042969,
                            19.079639777486495
                        ],
                        [
                            -71.7022705078125,
                            19.07525947767493
                        ],
                        [
                            -71.70999526977539,
                            19.067471992091946
                        ],
                        [
                            -71.71342849731445,
                            19.071690258873247
                        ],
                        [
                            -71.71977996826172,
                            19.065200573206994
                        ],
                        [
                            -71.71581025695241,
                            19.060998794754234
                        ],
                        [
                            -71.72044705338261,
                            19.058686651623255
                        ],
                        [
                            -71.72309018358995,
                            19.053413317768452
                        ],
                        [
                            -71.73763275146484,
                            19.049462030595098
                        ],
                        [
                            -71.74003601074219,
                            19.043782808432972
                        ],
                        [
                            -71.74861907958984,
                            19.04735262790766
                        ],
                        [
                            -71.7626953125,
                            19.03599384491717
                        ],
                        [
                            -71.76097869873047,
                            19.026906259056755
                        ],
                        [
                            -71.76475524902344,
                            19.02593255965676
                        ],
                        [
                            -71.7685317993164,
                            19.031774670456464
                        ],
                        [
                            -71.78243637084961,
                            19.018467341372276
                        ],
                        [
                            -71.78182726870439,
                            19.016011982247512
                        ],
                        [
                            -71.77679920301908,
                            19.015546052061065
                        ],
                        [
                            -71.77642270606944,
                            19.012624762749855
                        ],
                        [
                            -71.78184530962432,
                            19.010662754198883
                        ],
                        [
                            -71.78526885824505,
                            19.011883934785097
                        ],
                        [
                            -71.79064296763944,
                            19.008556764873227
                        ],
                        [
                            -71.79152334087142,
                            19.000394410184185
                        ],
                        [
                            -71.78686080119189,
                            18.997645710747644
                        ],
                        [
                            -71.78909791567915,
                            18.992142685499765
                        ],
                        [
                            -71.79737091064453,
                            18.994933481426877
                        ],
                        [
                            -71.79673411355245,
                            19.004865777138452
                        ],
                        [
                            -71.80519536943841,
                            19.004347424950833
                        ],
                        [
                            -71.80506242373575,
                            18.99866666068392
                        ],
                        [
                            -71.81745529174805,
                            18.99647544249833
                        ],
                        [
                            -71.8282699584961,
                            18.994284224312736
                        ],
                        [
                            -71.82981491088869,
                            19.004546357992773
                        ],
                        [
                            -71.83304327796279,
                            19.00585529302423
                        ],
                        [
                            -71.83448296715423,
                            19.000287074186186
                        ],
                        [
                            -71.84223546140174,
                            18.998996499163685
                        ],
                        [
                            -71.8444006113429,
                            18.991828527526817
                        ],
                        [
                            -71.85141656188407,
                            18.992666338199516
                        ],
                        [
                            -71.85171971514097,
                            18.987074002669274
                        ],
                        [
                            -71.85602097826714,
                            18.982277578824174
                        ],
                        [
                            -71.85610121769335,
                            18.976863301355955
                        ],
                        [
                            -71.86261610002917,
                            18.97784768009567
                        ],
                        [
                            -71.86397552490234,
                            18.983408791241185
                        ],
                        [
                            -71.86848581082543,
                            18.981572061929754
                        ],
                        [
                            -71.86794585270309,
                            18.974760683999662
                        ],
                        [
                            -71.87633514404297,
                            18.971883303558393
                        ],
                        [
                            -71.87479019165045,
                            18.959058232529838
                        ],
                        [
                            -71.87908172607422,
                            18.95727238490848
                        ],
                        [
                            -71.8861198425293,
                            18.95954527856256
                        ],
                        [
                            -71.88335387776905,
                            18.941798230062012
                        ],
                        [
                            -71.87827321782103,
                            18.941963577168377
                        ],
                        [
                            -71.87495077007011,
                            18.948850904297466
                        ],
                        [
                            -71.86831685795784,
                            18.945676980429116
                        ],
                        [
                            -71.86043708394554,
                            18.94755198448995
                        ],
                        [
                            -71.86158059028858,
                            18.953922989711465
                        ],
                        [
                            -71.861626276372,
                            18.95850161426303
                        ],
                        [
                            -71.86019897460938,
                            18.963279250892526
                        ],
                        [
                            -71.85416866050154,
                            18.95466427340025
                        ],
                        [
                            -71.8476676940918,
                            18.963279250892526
                        ],
                        [
                            -71.84419570109475,
                            18.956266837627496
                        ],
                        [
                            -71.839599609375,
                            18.958895883536208
                        ],
                        [
                            -71.8441625020067,
                            18.96335257334781
                        ],
                        [
                            -71.83674781392602,
                            18.97007667583155
                        ],
                        [
                            -71.83235663245543,
                            18.96299643987335
                        ],
                        [
                            -71.82697419839668,
                            18.968078838272106
                        ],
                        [
                            -71.82243347167969,
                            18.967987183782
                        ],
                        [
                            -71.82595536287658,
                            18.96399146892709
                        ],
                        [
                            -71.81693479103065,
                            18.962044599253257
                        ],
                        [
                            -71.81410791978966,
                            18.965200549592957
                        ],
                        [
                            -71.81212275588942,
                            18.95999822556248
                        ],
                        [
                            -71.80468038530773,
                            18.95815086177534
                        ],
                        [
                            -71.80253740128116,
                            18.954341457952495
                        ],
                        [
                            -71.79723801472606,
                            18.956303497988202
                        ],
                        [
                            -71.7947641700495,
                            18.952744743407266
                        ],
                        [
                            -71.79081733752591,
                            18.95774369290079
                        ],
                        [
                            -71.78160983412195,
                            18.954632758994435
                        ],
                        [
                            -71.78292367247974,
                            18.94973067238145
                        ],
                        [
                            -71.76887512207031,
                            18.90823528712194
                        ],
                        [
                            -71.76493383102564,
                            18.905527424994425
                        ],
                        [
                            -71.76099253998096,
                            18.905805679770452
                        ],
                        [
                            -71.75702283952374,
                            18.903107958852036
                        ],
                        [
                            -71.75557826108977,
                            18.900609315355105
                        ],
                        [
                            -71.75016398219857,
                            18.899792707617923
                        ],
                        [
                            -71.74901505883665,
                            18.89616870256402
                        ],
                        [
                            -71.7367135132077,
                            18.889558388574322
                        ],
                        [
                            -71.73707900187551,
                            18.87785877678499
                        ],
                        [
                            -71.72769201539604,
                            18.877238030926762
                        ],
                        [
                            -71.72268288190315,
                            18.88041203667857
                        ],
                        [
                            -71.72524911447893,
                            18.875223520181667
                        ],
                        [
                            -71.72146455823724,
                            18.80431274474308
                        ],
                        [
                            -71.73800809801277,
                            18.72200081781185
                        ],
                        [
                            -71.77032163290268,
                            18.713077184521346
                        ],
                        [
                            -71.77136691329245,
                            18.710475895763295
                        ],
                        [
                            -71.7861053073528,
                            18.706271694849576
                        ],
                        [
                            -71.78861241070241,
                            18.700788710638456
                        ],
                        [
                            -71.78866021313624,
                            18.688483625948155
                        ],
                        [
                            -71.79331508518443,
                            18.687137233519792
                        ],
                        [
                            -71.79990226509537,
                            18.690782907795917
                        ],
                        [
                            -71.80756744895824,
                            18.6856698283977
                        ],
                        [
                            -71.80328745694474,
                            18.680556778915815
                        ],
                        [
                            -71.80439701817785,
                            18.667372378777447
                        ],
                        [
                            -71.80937119513469,
                            18.662842318009375
                        ],
                        [
                            -71.80662461310341,
                            18.63302059556229
                        ],
                        [
                            -71.84677075700345,
                            18.627323231948406
                        ],
                        [
                            -71.84827074365512,
                            18.63344453619465
                        ],
                        [
                            -71.87003571175983,
                            18.637181959630173
                        ],
                        [
                            -71.87324523925781,
                            18.62802725546567
                        ],
                        [
                            -71.88027134679069,
                            18.628572161504042
                        ],
                        [
                            -71.88491821289062,
                            18.63778708085404
                        ],
                        [
                            -71.91040368965068,
                            18.650330333898463
                        ],
                        [
                            -71.92311463749394,
                            18.63533579838378
                        ],
                        [
                            -71.95308802766789,
                            18.652244284554413
                        ],
                        [
                            -71.96496798967645,
                            18.65600392125056
                        ],
                        [
                            -71.97441360164002,
                            18.650405912434415
                        ],
                        [
                            -71.98104858398438,
                            18.6364858031917
                        ],
                        [
                            -72.00827469235837,
                            18.624062482429732
                        ],
                        [
                            -72.00027465820312,
                            18.61761615733863
                        ],
                        [
                            -71.98654174804688,
                            18.61761615733863
                        ],
                        [
                            -71.97612998215278,
                            18.606190355249215
                        ],
                        [
                            -71.96525573730469,
                            18.603950623880834
                        ],
                        [
                            -71.96099222370056,
                            18.593265161626334
                        ],
                        [
                            -71.94794549253932,
                            18.575253812610118
                        ],
                        [
                            -71.87939302503494,
                            18.503688048291068
                        ],
                        [
                            -71.88023932299666,
                            18.490149618645464
                        ],
                        [
                            -71.91358165986831,
                            18.485333879539095
                        ],
                        [
                            -71.90443203473758,
                            18.457480666898878
                        ],
                        [
                            -71.84194682701386,
                            18.428925923195028
                        ],
                        [
                            -71.83021027230667,
                            18.39935158804388
                        ],
                        [
                            -71.80354224775424,
                            18.39242667987611
                        ],
                        [
                            -71.8041415275996,
                            18.38871436386553
                        ],
                        [
                            -71.79384961767383,
                            18.378000806377745
                        ],
                        [
                            -71.69823069424936,
                            18.342172929086075
                        ],
                        [
                            -71.7462158203125,
                            18.25934921857089
                        ],
                        [
                            -71.75793646595265,
                            18.24068684925745
                        ],
                        [
                            -71.75735597113345,
                            18.227654604193837
                        ],
                        [
                            -71.76241801777685,
                            18.225727170706456
                        ],
                        [
                            -71.76331190621933,
                            18.22146029397006
                        ],
                        [
                            -71.76764530693617,
                            18.22058899028209
                        ],
                        [
                            -71.7710313989706,
                            18.209549913795847
                        ],
                        [
                            -71.77405067714251,
                            18.205560181185128
                        ],
                        [
                            -71.77394989146944,
                            18.201405563393834
                        ],
                        [
                            -71.77214395016894,
                            18.199050758028527
                        ],
                        [
                            -71.77583630801676,
                            18.19502861393897
                        ],
                        [
                            -71.78076170001633,
                            18.194028448249824
                        ],
                        [
                            -71.7864449389613,
                            18.18744855671639
                        ],
                        [
                            -71.7867279052735,
                            18.177168793544702
                        ],
                        [
                            -71.78246276481565,
                            18.169867606102663
                        ],
                        [
                            -71.77743977741251,
                            18.16616668446989
                        ],
                        [
                            -71.76587810871443,
                            18.167765638907298
                        ],
                        [
                            -71.76544956841839,
                            18.165504915093656
                        ],
                        [
                            -71.7686208011136,
                            18.16468434103602
                        ],
                        [
                            -71.7677186064766,
                            18.159903311072483
                        ],
                        [
                            -71.7644255831122,
                            18.159493113193353
                        ],
                        [
                            -71.76448422705734,
                            18.1569476647649
                        ],
                        [
                            -71.7614821612479,
                            18.155314891234386
                        ],
                        [
                            -71.7611325597478,
                            18.152061846950453
                        ],
                        [
                            -71.75821446962665,
                            18.152360256227304
                        ],
                        [
                            -71.75798692585197,
                            18.145127974301076
                        ],
                        [
                            -71.75673638354657,
                            18.14718303204768
                        ],
                        [
                            -71.75340176214112,
                            18.145997395579858
                        ],
                        [
                            -71.75389398327414,
                            18.14156974913412
                        ],
                        [
                            -71.74775504363399,
                            18.148664715360965
                        ],
                        [
                            -71.74585224884133,
                            18.14087126804329
                        ],
                        [
                            -71.7483132070569,
                            18.141848613040217
                        ],
                        [
                            -71.74850062443625,
                            18.139585163553644
                        ],
                        [
                            -71.75105631352007,
                            18.13993236298846
                        ],
                        [
                            -71.75114900003116,
                            18.138299059063996
                        ],
                        [
                            -71.74478567700388,
                            18.13675552718927
                        ],
                        [
                            -71.74335653655199,
                            18.13089735899395
                        ],
                        [
                            -71.74742178645525,
                            18.13026073705843
                        ],
                        [
                            -71.74466641384869,
                            18.12503270460303
                        ],
                        [
                            -71.74830946355912,
                            18.12610992584906
                        ],
                        [
                            -71.74626866117876,
                            18.12214544660838
                        ],
                        [
                            -71.74734001216454,
                            18.113811895408933
                        ],
                        [
                            -71.75024056108246,
                            18.11281078305185
                        ],
                        [
                            -71.7461896486255,
                            18.104326605362274
                        ],
                        [
                            -71.74501315796549,
                            18.098891402977227
                        ],
                        [
                            -71.73778702282934,
                            18.100045043398488
                        ],
                        [
                            -71.73558469474135,
                            18.095057858336027
                        ],
                        [
                            -71.7404402852094,
                            18.089591468816668
                        ],
                        [
                            -71.73660278320312,
                            18.088422664636212
                        ],
                        [
                            -71.73671004989704,
                            18.083231799860684
                        ],
                        [
                            -71.73530490547142,
                            18.078879597248275
                        ],
                        [
                            -71.738670295357,
                            18.077124229380775
                        ],
                        [
                            -71.73809108805204,
                            18.070139038232547
                        ],
                        [
                            -71.74101535802775,
                            18.065777753563314
                        ],
                        [
                            -71.74305738818423,
                            18.065849815000476
                        ],
                        [
                            -71.7442426605183,
                            18.060242558713444
                        ],
                        [
                            -71.74453668166453,
                            18.05225398068432
                        ],
                        [
                            -71.75554198785001,
                            18.042426208302373
                        ],
                        [
                            -71.75751740728046,
                            18.037654554251187
                        ],
                        [
                            -71.75714528266704,
                            18.035035342525497
                        ],
                        [
                            -71.76076675193355,
                            18.027351924957497
                        ],
                        [
                            -71.74346923828125,
                            18.00616189446879
                        ],
                        [
                            -71.7022705078125,
                            17.97873309555617
                        ],
                        [
                            -71.68304443359375,
                            17.942154735291442
                        ],
                        [
                            -71.69403076171875,
                            17.91863608052212
                        ],
                        [
                            -71.685791015625,
                            17.893807446903946
                        ],
                        [
                            -71.66244506835938,
                            17.8519829495791
                        ],
                        [
                            -71.68167114257812,
                            17.823222901242602
                        ],
                        [
                            -71.71600341796875,
                            17.77615099359749
                        ],
                        [
                            -71.68716430664062,
                            17.744762830153057
                        ],
                        [
                            -71.61163330078125,
                            17.748686651728807
                        ],
                        [
                            -71.54571533203125,
                            17.734298885590874
                        ],
                        [
                            -71.49765014648438,
                            17.69374533041694
                        ],
                        [
                            -71.44683837890625,
                            17.602139123350838
                        ],
                        [
                            -71.41937255859375,
                            17.598212102629187
                        ],
                        [
                            -71.38229370117188,
                            17.623081791311755
                        ],
                        [
                            -71.33560180664062,
                            17.72906668409585
                        ],
                        [
                            -71.30264282226568,
                            17.78007412664325
                        ],
                        [
                            -71.25457763671875,
                            17.850675775455457
                        ],
                        [
                            -71.14608764648443,
                            17.98003932552008
                        ],
                        [
                            -71.07192993164062,
                            18.059701055000478
                        ],
                        [
                            -71.04171752929688,
                            18.16020610371821
                        ],
                        [
                            -71.070556640625,
                            18.215002696822772
                        ],
                        [
                            -71.07879638671875,
                            18.26195748515144
                        ],
                        [
                            -71.05270385742193,
                            18.28934191783106
                        ],
                        [
                            -71.0101318359375,
                            18.260653356758375
                        ],
                        [
                            -70.97579956054688,
                            18.233264398922486
                        ],
                        [
                            -70.90850830078125,
                            18.256740912815104
                        ],
                        [
                            -70.84945678710938,
                            18.302380604025146
                        ],
                        [
                            -70.77255249023443,
                            18.32193679306634
                        ],
                        [
                            -70.70114135742188,
                            18.34409780210156
                        ],
                        [
                            -70.6777954101563,
                            18.407957741534048
                        ],
                        [
                            -70.60638427734375,
                            18.38710811662747
                        ],
                        [
                            -70.60638427734375,
                            18.327151403632502
                        ],
                        [
                            -70.6173706054688,
                            18.278910262696105
                        ],
                        [
                            -70.58853149414062,
                            18.25021997706561
                        ],
                        [
                            -70.60089111328125,
                            18.21761162872689
                        ],
                        [
                            -70.56930541992188,
                            18.198043686762652
                        ],
                        [
                            -70.50888061523438,
                            18.17586402976841
                        ],
                        [
                            -70.41824340820312,
                            18.20978471573948
                        ],
                        [
                            -70.191650390625,
                            18.201957450999323
                        ],
                        [
                            -70.14633178710938,
                            18.225438189831305
                        ],
                        [
                            -70.00625610351562,
                            18.394927021680232
                        ],
                        [
                            -69.884033203125,
                            18.436621852843622
                        ],
                        [
                            -69.82223510742188,
                            18.444438508475393
                        ],
                        [
                            -69.7357177734375,
                            18.435319042337355
                        ],
                        [
                            -69.67666625976562,
                            18.38841129210483
                        ],
                        [
                            -69.61212158203125,
                            18.374075820054482
                        ],
                        [
                            -69.6038818359375,
                            18.42359330348393
                        ],
                        [
                            -69.54620361328125,
                            18.383198531081593
                        ],
                        [
                            -69.49951171875,
                            18.38710811662747
                        ],
                        [
                            -69.39720153808594,
                            18.407957741534048
                        ],
                        [
                            -69.29283142089844,
                            18.41056376717653
                        ],
                        [
                            -69.22142028808594,
                            18.4320619728705
                        ],
                        [
                            -69.2111206054688,
                            18.415124217111945
                        ],
                        [
                            -69.14932250976568,
                            18.38775970559777
                        ],
                        [
                            -69.03671264648438,
                            18.378637235891926
                        ],
                        [
                            -69.03945922851562,
                            18.357132362517966
                        ],
                        [
                            -69.02503967285156,
                            18.340187242207897
                        ],
                        [
                            -68.98933410644531,
                            18.32910684206841
                        ],
                        [
                            -68.97628784179688,
                            18.34540130240112
                        ],
                        [
                            -68.99414062500006,
                            18.384501736115247
                        ],
                        [
                            -68.97491455078125,
                            18.389714457728907
                        ],
                        [
                            -68.93028259277344,
                            18.384501736115247
                        ],
                        [
                            -68.88084411621094,
                            18.373424179373263
                        ],
                        [
                            -68.85200500488281,
                            18.342794291969103
                        ],
                        [
                            -68.80737304687506,
                            18.296513316645946
                        ],
                        [
                            -68.78608703613281,
                            18.25217628349157
                        ],
                        [
                            -68.78402709960938,
                            18.215654933463984
                        ],
                        [
                            -68.80737304687506,
                            18.194782149427066
                        ],
                        [
                            -68.79226684570312,
                            18.16412071686921
                        ],
                        [
                            -68.77510070800781,
                            18.134106441464507
                        ],
                        [
                            -68.71879577636719,
                            18.109960786578206
                        ],
                        [
                            -68.68171691894531,
                            18.109960786578206
                        ],
                        [
                            -68.64669799804688,
                            18.11844477451179
                        ],
                        [
                            -68.609619140625,
                            18.106044961252564
                        ],
                        [
                            -68.5711669921875,
                            18.094296960304924
                        ],
                        [
                            -68.55812072753906,
                            18.107350246084806
                        ],
                        [
                            -68.565673828125,
                            18.145851771694467
                        ],
                        [
                            -68.58901977539068,
                            18.16281585556786
                        ],
                        [
                            -68.61717224121094,
                            18.176516412876
                        ],
                        [
                            -68.62747192382812,
                            18.19934828460782
                        ],
                        [
                            -68.63296508789062,
                            18.226090387368973
                        ],
                        [
                            -68.62335205078125,
                            18.276302250871954
                        ],
                        [
                            -68.60069274902344,
                            18.30303251257898
                        ],
                        [
                            -68.58833312988281,
                            18.33301765261279
                        ],
                        [
                            -68.60275268554688,
                            18.364952626539175
                        ],
                        [
                            -68.58078002929688,
                            18.357132362517966
                        ],
                        [
                            -68.50044250488281,
                            18.327151403632502
                        ],
                        [
                            -68.47160339355469,
                            18.334973024717197
                        ],
                        [
                            -68.44207763671875,
                            18.35061520525845
                        ],
                        [
                            -68.43589782714844,
                            18.422290394255956
                        ],
                        [
                            -68.39881896972656,
                            18.447695343364394
                        ],
                        [
                            -68.38371276855469,
                            18.480260294271247
                        ],
                        [
                            -68.36654663085938,
                            18.501749774475105
                        ],
                        [
                            -68.32122802734375,
                            18.57401276508407
                        ],
                        [
                            -68.31436157226562,
                            18.614362558454967
                        ],
                        [
                            -68.32740783691406,
                            18.633232565431218
                        ],
                        [
                            -68.35830688476562,
                            18.659907275574643
                        ],
                        [
                            -68.45512390136719,
                            18.738605733171017
                        ],
                        [
                            -68.52378845214844,
                            18.78931754947933
                        ],
                        [
                            -68.54644775390625,
                            18.792567786649666
                        ],
                        [
                            -68.63571166992188,
                            18.88484829466659
                        ],
                        [
                            -68.70231628417969,
                            18.94915465476712
                        ],
                        [
                            -68.80325317382812,
                            18.995907362349577
                        ],
                        [
                            -68.83277893066406,
                            19.0082426940534
                        ],
                        [
                            -68.86093139648438,
                            19.003048981647012
                        ],
                        [
                            -68.8863372802735,
                            19.01992795394382
                        ],
                        [
                            -68.91311645507812,
                            19.037454303409937
                        ],
                        [
                            -68.94264221191406,
                            19.0426469406805
                        ],
                        [
                            -68.97560119628906,
                            19.03875247795315
                        ],
                        [
                            -68.99551391601568,
                            19.027068541735314
                        ],
                        [
                            -69.0243530273438,
                            19.02512113913126
                        ],
                        [
                            -69.0243530273438,
                            18.999802829053262
                        ],
                        [
                            -69.05113220214844,
                            19.001101297690546
                        ],
                        [
                            -69.07859802246094,
                            19.010839489441842
                        ],
                        [
                            -69.10400390625,
                            19.027068541735314
                        ],
                        [
                            -69.12185668945312,
                            19.047839415523136
                        ],
                        [
                            -69.15206909179688,
                            19.0543297806049
                        ],
                        [
                            -69.16580200195312,
                            19.044594137783037
                        ],
                        [
                            -69.17060852050781,
                            19.028366797457245
                        ],
                        [
                            -69.19052124023438,
                            19.029015921513786
                        ],
                        [
                            -69.20562744140625,
                            19.041997869903696
                        ],
                        [
                            -69.23240661621094,
                            19.0342088226496
                        ],
                        [
                            -69.25849914550787,
                            19.033559718886284
                        ],
                        [
                            -69.28390502929688,
                            19.04524319840765
                        ],
                        [
                            -69.30862426757812,
                            19.05692585554252
                        ],
                        [
                            -69.33609008789068,
                            19.063415865107785
                        ],
                        [
                            -69.36630249023438,
                            19.06990562064469
                        ],
                        [
                            -69.37797546386719,
                            19.088075584093136
                        ],
                        [
                            -69.38827514648438,
                            19.10429708100911
                        ],
                        [
                            -69.41093444824219,
                            19.112082834631472
                        ],
                        [
                            -69.44320678710938,
                            19.11143403582964
                        ],
                        [
                            -69.4775390625,
                            19.10754118956142
                        ],
                        [
                            -69.49676513671875,
                            19.098457525292385
                        ],
                        [
                            -69.53178405761719,
                            19.10235058533833
                        ],
                        [
                            -69.5709228515625,
                            19.100404066765417
                        ],
                        [
                            -69.61349487304688,
                            19.092617763492164
                        ],
                        [
                            -69.61830139160156,
                            19.1068923729412
                        ],
                        [
                            -69.62310791015625,
                            19.127653241973483
                        ],
                        [
                            -69.62654113769531,
                            19.145168196205297
                        ],
                        [
                            -69.61555480957031,
                            19.17824692650554
                        ],
                        [
                            -69.61280822753906,
                            19.208725366706986
                        ],
                        [
                            -69.60319519042974,
                            19.211967421728453
                        ],
                        [
                            -69.56817626953125,
                            19.2054832477688
                        ],
                        [
                            -69.53178405761719,
                            19.20288950660437
                        ],
                        [
                            -69.48646545410156,
                            19.195756507545298
                        ],
                        [
                            -69.44938659667969,
                            19.18538068428797
                        ],
                        [
                            -69.40200805664062,
                            19.175004207196388
                        ],
                        [
                            -69.39720153808594,
                            19.18473217362194
                        ],
                        [
                            -69.378662109375,
                            19.18473217362194
                        ],
                        [
                            -69.33334350585938,
                            19.187974701410948
                        ],
                        [
                            -69.30313110351562,
                            19.18148958198376
                        ],
                        [
                            -69.26467895507812,
                            19.175652756164254
                        ],
                        [
                            -69.2269134521485,
                            19.172409985796943
                        ],
                        [
                            -69.2111206054688,
                            19.18538068428797
                        ],
                        [
                            -69.20494079589844,
                            19.215209412824127
                        ],
                        [
                            -69.19258117675781,
                            19.232715059713957
                        ],
                        [
                            -69.15756225585938,
                            19.24957058592488
                        ],
                        [
                            -69.1424560546875,
                            19.30077482585895
                        ],
                        [
                            -69.15687561035156,
                            19.31114335506464
                        ],
                        [
                            -69.17884826660156,
                            19.310495341247517
                        ],
                        [
                            -69.20425415039062,
                            19.303367019780318
                        ],
                        [
                            -69.24064636230469,
                            19.295590314804254
                        ],
                        [
                            -69.23309326171875,
                            19.31114335506464
                        ],
                        [
                            -69.21318054199219,
                            19.33706180106996
                        ],
                        [
                            -69.20150756835938,
                            19.36880629070401
                        ],
                        [
                            -69.22828674316412,
                            19.372692946423204
                        ],
                        [
                            -69.24751281738281,
                            19.36751071819971
                        ],
                        [
                            -69.26055908203125,
                            19.35779359620928
                        ],
                        [
                            -69.28115844726562,
                            19.343540769982056
                        ],
                        [
                            -69.32579040527344,
                            19.3208632540996
                        ],
                        [
                            -69.33677673339844,
                            19.303367019780318
                        ],
                        [
                            -69.36012268066406,
                            19.31114335506464
                        ],
                        [
                            -69.37934875488281,
                            19.332526369847702
                        ],
                        [
                            -69.41986083984375,
                            19.336413890036596
                        ],
                        [
                            -69.44938659667969,
                            19.335765976432224
                        ],
                        [
                            -69.5159912109375,
                            19.33382222019375
                        ],
                        [
                            -69.54963684082031,
                            19.33382222019375
                        ],
                        [
                            -69.57984924316406,
                            19.32539900916396
                        ],
                        [
                            -69.58946228027344,
                            19.30855128438781
                        ],
                        [
                            -69.61692810058594,
                            19.303367019780318
                        ],
                        [
                            -69.65400695800781,
                            19.300126770960894
                        ],
                        [
                            -69.68215942382812,
                            19.291053732892518
                        ],
                        [
                            -69.71649169921875,
                            19.283276442828285
                        ],
                        [
                            -69.752197265625,
                            19.30077482585895
                        ],
                        [
                            -69.78927612304688,
                            19.31827133753736
                        ],
                        [
                            -69.81742858886719,
                            19.359737066936535
                        ],
                        [
                            -69.83802795410156,
                            19.373988477729753
                        ],
                        [
                            -69.8373413085938,
                            19.38759093442151
                        ],
                        [
                            -69.85107421875,
                            19.414792438099557
                        ],
                        [
                            -69.86549377441406,
                            19.454291278067455
                        ],
                        [
                            -69.86412048339844,
                            19.51384510609994
                        ],
                        [
                            -69.89021301269531,
                            19.53390722018251
                        ],
                        [
                            -69.89158630371094,
                            19.548790404309724
                        ],
                        [
                            -69.87510681152344,
                            19.581787349804383
                        ],
                        [
                            -69.8785400390625,
                            19.61348393140181
                        ],
                        [
                            -69.89982604980469,
                            19.651640912520307
                        ],
                        [
                            -69.93141174316406,
                            19.674272123540014
                        ],
                        [
                            -69.97261047363281,
                            19.692374791616977
                        ],
                        [
                            -70.03166198730469,
                            19.687849316424483
                        ],
                        [
                            -70.06736755371094,
                            19.680091061399885
                        ],
                        [
                            -70.09002685546875,
                            19.649054285062185
                        ],
                        [
                            -70.10581970214844,
                            19.638060653265285
                        ],
                        [
                            -70.16349792480474,
                            19.62900650890482
                        ],
                        [
                            -70.21842956542969,
                            19.647114287106252
                        ],
                        [
                            -70.257568359375,
                            19.64776095569737
                        ],
                        [
                            -70.30838012695312,
                            19.66198700531465
                        ],
                        [
                            -70.35575866699219,
                            19.70982899738849
                        ],
                        [
                            -70.38116455078125,
                            19.75571800093756
                        ],
                        [
                            -70.40519714355469,
                            19.75701045794938
                        ],
                        [
                            -70.42510986328125,
                            19.7802728929679
                        ],
                        [
                            -70.46012878417969,
                            19.79254892024401
                        ],
                        [
                            -70.51712036132812,
                            19.7880262834436
                        ],
                        [
                            -70.53085327148438,
                            19.76541117325592
                        ],
                        [
                            -70.56106567382812,
                            19.775103756338872
                        ],
                        [
                            -70.5926513671875,
                            19.7705806242426
                        ],
                        [
                            -70.6256103515625,
                            19.775103756338872
                        ],
                        [
                            -70.67298889160156,
                            19.801593808411447
                        ],
                        [
                            -70.73341369628906,
                            19.846810534206607
                        ],
                        [
                            -70.76980590820312,
                            19.84293531904885
                        ],
                        [
                            -70.80070495605469,
                            19.888785964792664
                        ],
                        [
                            -70.82130432128906,
                            19.893951403349416
                        ],
                        [
                            -70.82267761230469,
                            19.902990515314183
                        ],
                        [
                            -70.84739685058594,
                            19.918484934597526
                        ],
                        [
                            -70.89134216308594,
                            19.91332029680868
                        ],
                        [
                            -70.92567443847656,
                            19.92752264480163
                        ],
                        [
                            -70.95451354980469,
                            19.918484934597526
                        ],
                        [
                            -70.97991943359375,
                            19.941078241045
                        ]
                    ]
                ],
                "type": "Polygon"
            }
        },
        {
            "type": "Feature",
            "properties": {},
            "geometry": {
                "coordinates": [
                    [
                        [
                            -71.5264892578125,
                            17.625699453900648
                        ],
                        [
                            -71.54159545898438,
                            17.610647375288927
                        ],
                        [
                            -71.56219482421875,
                            17.566792864791
                        ],
                        [
                            -71.56219482421875,
                            17.54191543208696
                        ],
                        [
                            -71.52923583984375,
                            17.532749201101442
                        ],
                        [
                            -71.47911071777344,
                            17.545843674914305
                        ],
                        [
                            -71.45851135253906,
                            17.589048722297875
                        ],
                        [
                            -71.47705078125,
                            17.594284996533677
                        ],
                        [
                            -71.48941040039068,
                            17.608029494321038
                        ],
                        [
                            -71.5264892578125,
                            17.625699453900648
                        ]
                    ]
                ],
                "type": "Polygon"
            }
        },
        {
            "type": "Feature",
            "properties": {},
            "geometry": {
                "coordinates": [
                    [
                        [
                            -71.63961410522461,
                            17.49280521878672
                        ],
                        [
                            -71.64253234863281,
                            17.492150326224376
                        ],
                        [
                            -71.64562225341797,
                            17.487402284602304
                        ],
                        [
                            -71.65145874023438,
                            17.479215714836172
                        ],
                        [
                            -71.64888381958008,
                            17.469718832434975
                        ],
                        [
                            -71.63875579833984,
                            17.467753898350992
                        ],
                        [
                            -71.63412094116217,
                            17.472666193796186
                        ],
                        [
                            -71.63686752319336,
                            17.481344258417757
                        ],
                        [
                            -71.63961410522461,
                            17.49280521878672
                        ]
                    ]
                ],
                "type": "Polygon"
            }
        },
        {
            "type": "Feature",
            "properties": {},
            "geometry": {
                "coordinates": [
                    [
                        [
                            -69.27060127258301,
                            19.171842494421483
                        ],
                        [
                            -69.27360534667969,
                            19.169572509377424
                        ],
                        [
                            -69.28253173828125,
                            19.170545363939162
                        ],
                        [
                            -69.28193092346191,
                            19.16754571059668
                        ],
                        [
                            -69.27927017211914,
                            19.165032445496887
                        ],
                        [
                            -69.27635192871094,
                            19.162032691833247
                        ],
                        [
                            -69.2684555053711,
                            19.163897409988962
                        ],
                        [
                            -69.26682472229004,
                            19.170464292945034
                        ],
                        [
                            -69.27060127258301,
                            19.171842494421483
                        ]
                    ]
                ],
                "type": "Polygon"
            }
        }
    ]
}