{
    "type": "FeatureCollection",
    "features": [
        {
            "type": "Feature",
            "properties": {},
            "geometry": {
                "type": "Polygon",
                "coordinates": [
                    [
                        [
                            126.99508666992193,
                            -8.316135757747409
                        ],
                        [
                            126.92642211914057,
                            -8.328365225804538
                        ],
                        [
                            126.77536010742188,
                            -8.407168163601076
                        ],
                        [
                            126.73553466796875,
                            -8.394941167600672
                        ],
                        [
                            126.61880493164068,
                            -8.435696320349095
                        ],
                        [
                            126.55288696289057,
                            -8.468297348367685
                        ],
                        [
                            126.46362304687506,
                            -8.42890409287538
                        ],
                        [
                            126.40731811523438,
                            -8.407168163601076
                        ],
                        [
                            126.32766723632812,
                            -8.430262547918572
                        ],
                        [
                            126.20956420898438,
                            -8.484596827435231
                        ],
                        [
                            126.1175537109375,
                            -8.48867158917733
                        ],
                        [
                            126.0626220703125,
                            -8.500895614821761
                        ],
                        [
                            125.96923828125,
                            -8.47101397619095
                        ],
                        [
                            125.8648681640625,
                            -8.464222370676788
                        ],
                        [
                            125.75912475585938,
                            -8.49410453755187
                        ],
                        [
                            125.59432983398438,
                            -8.514477408346133
                        ],
                        [
                            125.58334350585938,
                            -8.533491109394088
                        ],
                        [
                            125.46249389648438,
                            -8.538923421610123
                        ],
                        [
                            125.35125732421875,
                            -8.564725847771095
                        ],
                        [
                            125.22079467773438,
                            -8.5918844057982
                        ],
                        [
                            125.09033203125006,
                            -8.63940719883639
                        ],
                        [
                            125.08346557617188,
                            -8.714073762701176
                        ],
                        [
                            125.07797241210938,
                            -8.786011072628465
                        ],
                        [
                            125.00518798828125,
                            -8.840294146238357
                        ],
                        [
                            124.9859619140625,
                            -8.893212443338927
                        ],
                        [
                            124.94956970214844,
                            -8.954262512389393
                        ],
                        [
                            124.95368957519537,
                            -8.966471298599473
                        ],
                        [
                            124.93240356445307,
                            -8.997669663939307
                        ],
                        [
                            124.9365234375,
                            -9.016658656973432
                        ],
                        [
                            124.9310302734375,
                            -9.026152779146129
                        ],
                        [
                            124.93927001953125,
                            -9.049886990701962
                        ],
                        [
                            124.95300292968744,
                            -9.050565088042529
                        ],
                        [
                            124.9557495117187,
                            -9.058702156392126
                        ],
                        [
                            124.97154235839838,
                            -9.058024074397787
                        ],
                        [
                            124.98458862304682,
                            -9.06683904050055
                        ],
                        [
                            124.99008178710932,
                            -9.059380237107032
                        ],
                        [
                            125.00862121582026,
                            -9.062092547170234
                        ],
                        [
                            125.0106811523437,
                            -9.05327746462043
                        ],
                        [
                            125.02029418945312,
                            -9.05327746462043
                        ],
                        [
                            125.02235412597656,
                            -9.044462165968246
                        ],
                        [
                            125.06423950195318,
                            -9.028187201393363
                        ],
                        [
                            125.08415222167963,
                            -9.014624169733825
                        ],
                        [
                            125.09857177734375,
                            -8.995635069828447
                        ],
                        [
                            125.10612487792974,
                            -8.971897294083014
                        ],
                        [
                            125.11093139648432,
                            -8.965793043462199
                        ],
                        [
                            125.13427734374994,
                            -8.996991467173356
                        ],
                        [
                            125.14869689941406,
                            -8.995635069828447
                        ],
                        [
                            125.19058227539062,
                            -9.028187201393363
                        ],
                        [
                            125.18577575683594,
                            -9.062770621486486
                        ],
                        [
                            125.1837158203125,
                            -9.079722063149344
                        ],
                        [
                            125.17684936523432,
                            -9.101418738803632
                        ],
                        [
                            125.17959594726557,
                            -9.118368351048803
                        ],
                        [
                            125.17204284667974,
                            -9.121080214365099
                        ],
                        [
                            125.17890930175776,
                            -9.143452299876603
                        ],
                        [
                            125.19195556640625,
                            -9.154976765152881
                        ],
                        [
                            125.17890930175776,
                            -9.165822979472178
                        ],
                        [
                            125.17478942871094,
                            -9.17124596242516
                        ],
                        [
                            125.1370239257812,
                            -9.172601695217201
                        ],
                        [
                            125.09925842285156,
                            -9.199037448406402
                        ],
                        [
                            125.07797241210938,
                            -9.18751441388967
                        ],
                        [
                            125.07385253906244,
                            -9.177346719192307
                        ],
                        [
                            125.05119323730469,
                            -9.17124596242516
                        ],
                        [
                            125.03677368164062,
                            -9.17531314526067
                        ],
                        [
                            125.02922058105463,
                            -9.170568094086885
                        ],
                        [
                            125.01548767089844,
                            -9.169890224453894
                        ],
                        [
                            125.00381469726562,
                            -9.186158738117838
                        ],
                        [
                            124.98527526855474,
                            -9.190225749868295
                        ],
                        [
                            124.98184204101557,
                            -9.201748696121518
                        ],
                        [
                            124.98046875,
                            -9.245803554357277
                        ],
                        [
                            124.9969482421875,
                            -9.262746263901297
                        ],
                        [
                            124.99557495117182,
                            -9.29256344737232
                        ],
                        [
                            125.005874633789,
                            -9.296629230412037
                        ],
                        [
                            125.0326538085938,
                            -9.324410816144873
                        ],
                        [
                            125.04158020019531,
                            -9.322378092104735
                        ],
                        [
                            125.0518798828125,
                            -9.33118647741305
                        ],
                        [
                            125.04913330078125,
                            -9.36099782164446
                        ],
                        [
                            125.07934570312494,
                            -9.390129165117456
                        ],
                        [
                            125.07797241210938,
                            -9.433482906116087
                        ],
                        [
                            125.0875854492187,
                            -9.462608141517793
                        ],
                        [
                            125.1287841796875,
                            -9.430096091036937
                        ],
                        [
                            125.19195556640625,
                            -9.41519370982188
                        ],
                        [
                            125.21804809570312,
                            -9.417903281516393
                        ],
                        [
                            125.30319213867182,
                            -9.328476228699689
                        ],
                        [
                            125.38558959960938,
                            -9.272911497538322
                        ],
                        [
                            125.4446411132812,
                            -9.267490076221147
                        ],
                        [
                            125.5050659179687,
                            -9.230893295244014
                        ],
                        [
                            125.53802490234375,
                            -9.226826751452599
                        ],
                        [
                            125.59158325195312,
                            -9.198359633230906
                        ],
                        [
                            125.62179565429693,
                            -9.192937065088664
                        ],
                        [
                            125.672607421875,
                            -9.209204520155922
                        ],
                        [
                            125.7330322265625,
                            -9.17124596242516
                        ],
                        [
                            125.76049804687494,
                            -9.1766688625106
                        ],
                        [
                            125.80581665039057,
                            -9.15090934945207
                        ],
                        [
                            125.83190917968744,
                            -9.159044134320563
                        ],
                        [
                            125.85113525390625,
                            -9.134639221716787
                        ],
                        [
                            125.9307861328125,
                            -9.14141853196679
                        ],
                        [
                            126.03927612304682,
                            -9.07768793243792
                        ],
                        [
                            126.08047485351562,
                            -9.057345991124075
                        ],
                        [
                            126.12030029296875,
                            -9.013946004773622
                        ],
                        [
                            126.19445800781244,
                            -8.980036135181733
                        ],
                        [
                            126.29470825195307,
                            -8.993600464280018
                        ],
                        [
                            126.38259887695312,
                            -8.963758270450187
                        ],
                        [
                            126.4361572265625,
                            -8.955619064443402
                        ],
                        [
                            126.48696899414057,
                            -8.95833215336623
                        ],
                        [
                            126.5350341796875,
                            -8.872860154667443
                        ],
                        [
                            126.57760620117188,
                            -8.8158677499556
                        ],
                        [
                            126.60369873046875,
                            -8.807725258724496
                        ],
                        [
                            126.62429809570312,
                            -8.814510680542021
                        ],
                        [
                            126.64627075195312,
                            -8.784653893731988
                        ],
                        [
                            126.7218017578125,
                            -8.764295614547615
                        ],
                        [
                            126.77261352539062,
                            -8.761581093002734
                        ],
                        [
                            126.83029174804688,
                            -8.771081831652902
                        ],
                        [
                            126.89895629882812,
                            -8.723575712851238
                        ],
                        [
                            126.95800781249994,
                            -8.696426643238555
                        ],
                        [
                            127.00881958007812,
                            -8.693711627947799
                        ],
                        [
                            127.07336425781244,
                            -8.632618594282514
                        ],
                        [
                            127.12417602539062,
                            -8.574231563940284
                        ],
                        [
                            127.2024536132812,
                            -8.52534249617898
                        ],
                        [
                            127.232666015625,
                            -8.498179198345477
                        ],
                        [
                            127.2518920898437,
                            -8.48188029558921
                        ],
                        [
                            127.27935791015625,
                            -8.45199717890894
                        ],
                        [
                            127.3040771484375,
                            -8.449280416968376
                        ],
                        [
                            127.3590087890625,
                            -8.446563635892069
                        ],
                        [
                            127.34390258789062,
                            -8.418036280774361
                        ],
                        [
                            127.32467651367188,
                            -8.399016875747527
                        ],
                        [
                            127.30133056640625,
                            -8.389506823518282
                        ],
                        [
                            127.25875854492188,
                            -8.374561985472765
                        ],
                        [
                            127.23678588867182,
                            -8.365051335127312
                        ],
                        [
                            127.19284057617188,
                            -8.331082833500302
                        ],
                        [
                            127.1420288085937,
                            -8.34467058872437
                        ],
                        [
                            127.0953369140625,
                            -8.356899164340359
                        ],
                        [
                            127.05001831054682,
                            -8.339235543309647
                        ],
                        [
                            126.99508666992193,
                            -8.316135757747409
                        ]
                    ]
                ]
            }
        },
        {
            "type": "Feature",
            "properties": {},
            "geometry": {
                "type": "Polygon",
                "coordinates": [
                    [
                        [
                            124.47372436523438,
                            -9.168534481304148
                        ],
                        [
                            124.4009399414062,
                            -9.168534481304148
                        ],
                        [
                            124.36798095703125,
                            -9.190225749868295
                        ],
                        [
                            124.26498413085938,
                            -9.217337966973929
                        ],
                        [
                            124.17572021484375,
                            -9.244448102340584
                        ],
                        [
                            124.15786743164062,
                            -9.28646468430407
                        ],
                        [
                            124.0631103515625,
                            -9.321700514793777
                        ],
                        [
                            124.0328979492188,
                            -9.328476228699689
                        ],
                        [
                            124.09744262695312,
                            -9.41383891600617
                        ],
                        [
                            124.12216186523432,
                            -9.407064867272588
                        ],
                        [
                            124.14550781249994,
                            -9.428741355694363
                        ],
                        [
                            124.18121337890625,
                            -9.385387020096212
                        ],
                        [
                            124.21554565429688,
                            -9.369127744846809
                        ],
                        [
                            124.25949096679688,
                            -9.397580976145512
                        ],
                        [
                            124.2800903320313,
                            -9.444997828512903
                        ],
                        [
                            124.28695678710938,
                            -9.485635650973629
                        ],
                        [
                            124.27734374999994,
                            -9.50730718862438
                        ],
                        [
                            124.35562133789057,
                            -9.484281134361288
                        ],
                        [
                            124.36111450195307,
                            -9.44770716608807
                        ],
                        [
                            124.34738159179688,
                            -9.432805545760889
                        ],
                        [
                            124.37896728515625,
                            -9.397580976145512
                        ],
                        [
                            124.37896728515625,
                            -9.36099782164446
                        ],
                        [
                            124.42977905273432,
                            -9.332541593870577
                        ],
                        [
                            124.44625854492188,
                            -9.309503898370036
                        ],
                        [
                            124.45861816406244,
                            -9.297306856327596
                        ],
                        [
                            124.44763183593744,
                            -9.262068571197208
                        ],
                        [
                            124.47097778320312,
                            -9.218693523232703
                        ],
                        [
                            124.47784423828125,
                            -9.198359633230906
                        ],
                        [
                            124.47372436523438,
                            -9.168534481304148
                        ]
                    ]
                ]
            }
        },
        {
            "type": "Feature",
            "properties": {},
            "geometry": {
                "type": "Polygon",
                "coordinates": [
                    [
                        [
                            125.63484191894526,
                            -8.121432386749131
                        ],
                        [
                            125.6156158447265,
                            -8.128569793410655
                        ],
                        [
                            125.59913635253906,
                            -8.151680524013907
                        ],
                        [
                            125.58540344238281,
                            -8.157118149071993
                        ],
                        [
                            125.58265686035156,
                            -8.172411072818067
                        ],
                        [
                            125.54832458496094,
                            -8.21081071709041
                        ],
                        [
                            125.52017211914062,
                            -8.221684278730443
                        ],
                        [
                            125.51536560058594,
                            -8.242750955605624
                        ],
                        [
                            125.49442291259766,
                            -8.262797235279063
                        ],
                        [
                            125.52532196044922,
                            -8.298810024962476
                        ],
                        [
                            125.54695129394531,
                            -8.298810024962476
                        ],
                        [
                            125.55622100830078,
                            -8.309341443917631
                        ],
                        [
                            125.57613372802729,
                            -8.314097475959787
                        ],
                        [
                            125.595703125,
                            -8.303566184637608
                        ],
                        [
                            125.60909271240234,
                            -8.276387354195545
                        ],
                        [
                            125.61321258544916,
                            -8.256002000224383
                        ],
                        [
                            125.61389923095709,
                            -8.22915967942778
                        ],
                        [
                            125.63106536865234,
                            -8.212169928587684
                        ],
                        [
                            125.64514160156244,
                            -8.178867909130334
                        ],
                        [
                            125.64685821533203,
                            -8.140805052181369
                        ],
                        [
                            125.63484191894526,
                            -8.121432386749131
                        ]
                    ]
                ]
            }
        }
    ]
}