{
    "type": "FeatureCollection",
    "features": [
        {
            "type": "Feature",
            "properties": {},
            "geometry": {
                "coordinates": [
                    [
                        [
                            -78.86947631835938,
                            1.4720060101903352
                        ],
                        [
                            -78.88664245605469,
                            1.4610232806227543
                        ],
                        [
                            -78.90449523925781,
                            1.435625513519856
                        ],
                        [
                            -78.92372131347656,
                            1.3951257897508365
                        ],
                        [
                            -78.96217346191406,
                            1.345014999248525
                        ],
                        [
                            -79.02740478515625,
                            1.2811737395587102
                        ],
                        [
                            -79.06585693359375,
                            1.2344930974215016
                        ],
                        [
                            -79.15512084960938,
                            1.1335777728791157
                        ],
                        [
                            -79.23820495605469,
                            1.1054306811091217
                        ],
                        [
                            -79.35356140136719,
                            1.1006250532219373
                        ],
                        [
                            -79.41604614257812,
                            1.0992520152589673
                        ],
                        [
                            -79.46205139160156,
                            1.057374057826182
                        ],
                        [
                            -79.57603454589844,
                            1.02167436848739
                        ],
                        [
                            -79.63920593261719,
                            1.0209878320680752
                        ],
                        [
                            -79.74769592285156,
                            0.9873473698619155
                        ],
                        [
                            -79.82872009277344,
                            0.9200654358283382
                        ],
                        [
                            -79.925537109375,
                            0.8720061292530121
                        ],
                        [
                            -79.99076843261719,
                            0.8431702486277648
                        ],
                        [
                            -80.06355285644531,
                            0.8431702486277648
                        ],
                        [
                            -80.09994506835938,
                            0.7964831351139198
                        ],
                        [
                            -80.1226043701173,
                            0.712033063362748
                        ],
                        [
                            -80.11917114257812,
                            0.6378804992003595
                        ],
                        [
                            -80.05531311035156,
                            0.608356488765673
                        ],
                        [
                            -80.03471374511719,
                            0.5417552328948546
                        ],
                        [
                            -80.06011962890625,
                            0.49712511018209865
                        ],
                        [
                            -80.07591247558594,
                            0.4408220669106433
                        ],
                        [
                            -80.05393981933594,
                            0.337827632384331
                        ],
                        [
                            -80.06492614746105,
                            0.1435087610816418
                        ],
                        [
                            -80.10681152343761,
                            0.058364858070184364
                        ],
                        [
                            -80.189208984375,
                            -0.05355834180954974
                        ],
                        [
                            -80.29907226562511,
                            -0.17372104730490678
                        ],
                        [
                            -80.33340454101562,
                            -0.1510618367064593
                        ],
                        [
                            -80.35675048828136,
                            -0.19981343775118957
                        ],
                        [
                            -80.39588928222656,
                            -0.2059932085679726
                        ],
                        [
                            -80.41580200195312,
                            -0.28770325873371744
                        ],
                        [
                            -80.48583984375011,
                            -0.3488137632611333
                        ],
                        [
                            -80.50643920898438,
                            -0.3700993549808424
                        ],
                        [
                            -80.49064636230469,
                            -0.4298360559129036
                        ],
                        [
                            -80.45700073242188,
                            -0.5328292337832959
                        ],
                        [
                            -80.46318054199219,
                            -0.5863850268894218
                        ],
                        [
                            -80.48583984375011,
                            -0.6365072931079003
                        ],
                        [
                            -80.52909851074219,
                            -0.7566613544516054
                        ],
                        [
                            -80.55931091308605,
                            -0.8823046048955703
                        ],
                        [
                            -80.62934875488281,
                            -0.9317368852967852
                        ],
                        [
                            -80.65544128417969,
                            -0.9104536252220191
                        ],
                        [
                            -80.69526672363281,
                            -0.9331099944662296
                        ],
                        [
                            -80.72822570800781,
                            -0.9193788787834442
                        ],
                        [
                            -80.83671569824219,
                            -0.9461545047333421
                        ],
                        [
                            -80.90744018554688,
                            -1.0216743684873772
                        ],
                        [
                            -80.92048645019531,
                            -1.0587471146907432
                        ],
                        [
                            -80.8868408203125,
                            -1.1576055618348065
                        ],
                        [
                            -80.83808898925781,
                            -1.2530281581017089
                        ],
                        [
                            -80.75912475585938,
                            -1.3566847287158743
                        ],
                        [
                            -80.77285766601562,
                            -1.3896342476555246
                        ],
                        [
                            -80.77835083007812,
                            -1.4157189580307432
                        ],
                        [
                            -80.78384399414062,
                            -1.456218319528783
                        ],
                        [
                            -80.82160949707031,
                            -1.5015218267212016
                        ],
                        [
                            -80.82229614257812,
                            -1.551629156573309
                        ],
                        [
                            -80.84564208984375,
                            -1.5557475149780808
                        ],
                        [
                            -80.85594177246094,
                            -1.5852621803226503
                        ],
                        [
                            -80.87448120117188,
                            -1.5777119568340103
                        ],
                        [
                            -80.88066101074219,
                            -1.5955578952251832
                        ],
                        [
                            -80.85937500000011,
                            -1.6106581837702312
                        ],
                        [
                            -80.83465576171875,
                            -1.7040028978171977
                        ],
                        [
                            -80.7989501953125,
                            -1.7355743631421197
                        ],
                        [
                            -80.73921203613281,
                            -1.941461862673062
                        ],
                        [
                            -80.7769775390625,
                            -1.970970411702484
                        ],
                        [
                            -80.75088500976562,
                            -2.0320445754194307
                        ],
                        [
                            -80.78041076660168,
                            -2.108898659243126
                        ],
                        [
                            -80.83602905273438,
                            -2.1534997438423784
                        ],
                        [
                            -80.91293334960938,
                            -2.20633318338883
                        ],
                        [
                            -80.95756530761719,
                            -2.191238104506539
                        ],
                        [
                            -80.99945068359375,
                            -2.165850583752322
                        ],
                        [
                            -81.02760314941418,
                            -2.1857489471296665
                        ],
                        [
                            -80.92735290527344,
                            -2.2955282141879016
                        ],
                        [
                            -80.90675354003918,
                            -2.347670437232854
                        ],
                        [
                            -80.87448120117188,
                            -2.347670437232854
                        ],
                        [
                            -80.82023620605469,
                            -2.3943223575350774
                        ],
                        [
                            -80.68428039550781,
                            -2.4183337581685653
                        ],
                        [
                            -80.49407958984375,
                            -2.6062937062215203
                        ],
                        [
                            -80.44876098632824,
                            -2.651564612458781
                        ],
                        [
                            -80.39932250976562,
                            -2.651564612458781
                        ],
                        [
                            -80.30319213867188,
                            -2.736614540341003
                        ],
                        [
                            -80.26542663574219,
                            -2.7499887830942256
                        ],
                        [
                            -80.24379730224621,
                            -2.7438160742587714
                        ],
                        [
                            -80.23487091064453,
                            -2.721868407443383
                        ],
                        [
                            -80.23521423339844,
                            -2.695119148415213
                        ],
                        [
                            -80.24345397949219,
                            -2.6539652963321823
                        ],
                        [
                            -80.21976470947266,
                            -2.6409329565097956
                        ],
                        [
                            -80.20500183105469,
                            -2.619669371987171
                        ],
                        [
                            -80.16448974609375,
                            -2.609723377689585
                        ],
                        [
                            -80.10955810546886,
                            -2.58640142780824
                        ],
                        [
                            -80.07797241210949,
                            -2.6110952436574415
                        ],
                        [
                            -80.03265380859375,
                            -2.644019575691875
                        ],
                        [
                            -79.95712280273438,
                            -2.6741994461550176
                        ],
                        [
                            -79.92691040039062,
                            -2.6961479769778807
                        ],
                        [
                            -79.881591796875,
                            -2.6906608812654063
                        ],
                        [
                            -79.82391357421875,
                            -2.6975197470414285
                        ],
                        [
                            -79.815673828125,
                            -2.742787286352358
                        ],
                        [
                            -79.84039306640625,
                            -2.826459115291935
                        ],
                        [
                            -79.87472534179688,
                            -2.9046388185851506
                        ],
                        [
                            -79.88021850585938,
                            -2.9800702452868983
                        ],
                        [
                            -79.91455078125,
                            -3.084294227861699
                        ],
                        [
                            -79.95437622070324,
                            -3.1651979259496397
                        ],
                        [
                            -80.0079345703125,
                            -3.1981061065238205
                        ],
                        [
                            -80.04776000976562,
                            -3.19673495334295
                        ],
                        [
                            -80.068359375,
                            -3.2515796427492862
                        ],
                        [
                            -80.09994506835938,
                            -3.2913401805276905
                        ],
                        [
                            -80.15213012695312,
                            -3.3119053545330193
                        ],
                        [
                            -80.20843505859375,
                            -3.317389328903873
                        ],
                        [
                            -80.25924682617188,
                            -3.3050503438610943
                        ],
                        [
                            -80.2880859375,
                            -3.3228732728501003
                        ],
                        [
                            -80.3236909293025,
                            -3.369680817435262
                        ],
                        [
                            -80.3045654296875,
                            -3.3969035129965732
                        ],
                        [
                            -80.28308313521889,
                            -3.412666390669706
                        ],
                        [
                            -80.2606201171875,
                            -3.4078704761226537
                        ],
                        [
                            -80.21942138671875,
                            -3.4421414283846428
                        ],
                        [
                            -80.24139404296875,
                            -3.4832649425390017
                        ],
                        [
                            -80.22216796875,
                            -3.498343115377495
                        ],
                        [
                            -80.21255493164062,
                            -3.527128043594465
                        ],
                        [
                            -80.21804809570312,
                            -3.581954006425621
                        ],
                        [
                            -80.19195556640625,
                            -3.597030572616955
                        ],
                        [
                            -80.1947021484375,
                            -3.62718295580951
                        ],
                        [
                            -80.19744873046875,
                            -3.683373343187846
                        ],
                        [
                            -80.17547607421875,
                            -3.724486016443786
                        ],
                        [
                            -80.18646240234375,
                            -3.762856112719357
                        ],
                        [
                            -80.16311645507812,
                            -3.798483975036962
                        ],
                        [
                            -80.15487670898438,
                            -3.868365112346707
                        ],
                        [
                            -80.1287841796875,
                            -3.89439779371543
                        ],
                        [
                            -80.23178100585938,
                            -3.956050922825435
                        ],
                        [
                            -80.26199340820324,
                            -3.9971504646176754
                        ],
                        [
                            -80.29907226562511,
                            -4.009479926416885
                        ],
                        [
                            -80.32516479492199,
                            -3.99441055902031
                        ],
                        [
                            -80.35675048828136,
                            -3.990300683471415
                        ],
                        [
                            -80.41168212890625,
                            -3.9889307203841464
                        ],
                        [
                            -80.44326782226562,
                            -4.009479926416885
                        ],
                        [
                            -80.47348022460938,
                            -4.042357580503413
                        ],
                        [
                            -80.48171997070312,
                            -4.082082966104377
                        ],
                        [
                            -80.4638671875,
                            -4.1176971585346855
                        ],
                        [
                            -80.44601440429688,
                            -4.125915592511946
                        ],
                        [
                            -80.44464111328125,
                            -4.208095227580765
                        ],
                        [
                            -80.42129516601562,
                            -4.201247253550639
                        ],
                        [
                            -80.408935546875,
                            -4.212203983099352
                        ],
                        [
                            -80.37322998046875,
                            -4.198508047098707
                        ],
                        [
                            -80.36636352539062,
                            -4.210834400336591
                        ],
                        [
                            -80.30868530273438,
                            -4.198508047098707
                        ],
                        [
                            -80.40206909179688,
                            -4.297113374520386
                        ],
                        [
                            -80.44464111328125,
                            -4.355996605048739
                        ],
                        [
                            -80.45013427734375,
                            -4.4299364513878885
                        ],
                        [
                            -80.41992187500011,
                            -4.466903610394124
                        ],
                        [
                            -80.37185668945312,
                            -4.477856485570586
                        ],
                        [
                            -80.30731201171875,
                            -4.450473991058895
                        ],
                        [
                            -80.28121948242188,
                            -4.413506008886153
                        ],
                        [
                            -80.19882202148438,
                            -4.336825823735686
                        ],
                        [
                            -80.16586303710938,
                            -4.294374508461301
                        ],
                        [
                            -80.12466430664062,
                            -4.288896746855394
                        ],
                        [
                            -80.08346557617188,
                            -4.30122165516165
                        ],
                        [
                            -80.02578735351562,
                            -4.362843194361932
                        ],
                        [
                            -79.95025634765625,
                            -4.391598186741347
                        ],
                        [
                            -79.91729736328125,
                            -4.387490398371426
                        ],
                        [
                            -79.86785888671875,
                            -4.416244441260857
                        ],
                        [
                            -79.79095458984375,
                            -4.4983926842676665
                        ],
                        [
                            -79.705810546875,
                            -4.460057980320397
                        ],
                        [
                            -79.63714599609375,
                            -4.436782361444635
                        ],
                        [
                            -79.53414916992188,
                            -4.520297324546131
                        ],
                        [
                            -79.4915771484375,
                            -4.525773381296512
                        ],
                        [
                            -79.47647094726562,
                            -4.565473550710278
                        ],
                        [
                            -79.4970703125,
                            -4.575056021865321
                        ],
                        [
                            -79.47647094726562,
                            -4.639392136749696
                        ],
                        [
                            -79.45999145507812,
                            -4.68592950660633
                        ],
                        [
                            -79.40093994140625,
                            -4.826891327641025
                        ],
                        [
                            -79.37484741210938,
                            -4.830996577036115
                        ],
                        [
                            -79.35836791992188,
                            -4.872047700241915
                        ],
                        [
                            -79.30892944335938,
                            -4.898045449632884
                        ],
                        [
                            -79.26498413085949,
                            -4.96235131753212
                        ],
                        [
                            -79.0850830078125,
                            -4.967823869155306
                        ],
                        [
                            -79.024658203125,
                            -5.018442811324147
                        ],
                        [
                            -78.97933959960938,
                            -4.898045449632884
                        ],
                        [
                            -78.89144897460949,
                            -4.893940608902113
                        ],
                        [
                            -78.89144897460949,
                            -4.8775209943818005
                        ],
                        [
                            -78.91067504882812,
                            -4.848785703543233
                        ],
                        [
                            -78.8983154296875,
                            -4.814575430505828
                        ],
                        [
                            -78.914794921875,
                            -4.780363436901683
                        ],
                        [
                            -78.88595581054688,
                            -4.759835419905676
                        ],
                        [
                            -78.89007568359375,
                            -4.733832386205059
                        ],
                        [
                            -78.84750366210938,
                            -4.661292459491398
                        ],
                        [
                            -78.7884521484375,
                            -4.646236060730802
                        ],
                        [
                            -78.70880126953125,
                            -4.617491134677785
                        ],
                        [
                            -78.65798950195312,
                            -4.58737615344969
                        ],
                        [
                            -78.66073608398438,
                            -4.559997795432576
                        ],
                        [
                            -78.6456298828125,
                            -4.524404370990759
                        ],
                        [
                            -78.62640380859375,
                            -4.450473991058895
                        ],
                        [
                            -78.60305786132812,
                            -4.412136788910181
                        ],
                        [
                            -78.63189697265625,
                            -4.409398341384892
                        ],
                        [
                            -78.651123046875,
                            -4.342303239557312
                        ],
                        [
                            -78.64151000976574,
                            -4.320393338203379
                        ],
                        [
                            -78.61679077148438,
                            -4.291635632570904
                        ],
                        [
                            -78.59893798828125,
                            -4.260137855217615
                        ],
                        [
                            -78.60855102539062,
                            -4.214943141390639
                        ],
                        [
                            -78.57421875,
                            -4.193029605360747
                        ],
                        [
                            -78.5797119140625,
                            -4.125915592511946
                        ],
                        [
                            -78.53439331054688,
                            -4.057426060386102
                        ],
                        [
                            -78.5687255859375,
                            -4.045097324980062
                        ],
                        [
                            -78.56735229492188,
                            -3.9971504646176754
                        ],
                        [
                            -78.52890014648438,
                            -3.9437206617380762
                        ],
                        [
                            -78.48358154296875,
                            -3.930020157111463
                        ],
                        [
                            -78.48632812500011,
                            -3.8889172959492315
                        ],
                        [
                            -78.46023559570312,
                            -3.828629479499777
                        ],
                        [
                            -78.41079711914062,
                            -3.7806702268751833
                        ],
                        [
                            -78.42041015625,
                            -3.687484696325312
                        ],
                        [
                            -78.39569091796875,
                            -3.6847437963449288
                        ],
                        [
                            -78.39569091796875,
                            -3.581954006425621
                        ],
                        [
                            -78.35586547851562,
                            -3.435287336176773
                        ],
                        [
                            -78.34625244140625,
                            -3.3681146429897173
                        ],
                        [
                            -78.32839965820324,
                            -3.3900490977429194
                        ],
                        [
                            -78.255615234375,
                            -3.3982743902097092
                        ],
                        [
                            -78.23638916015636,
                            -3.5079381900404956
                        ],
                        [
                            -78.14300537109375,
                            -3.4709280759696663
                        ],
                        [
                            -78.17459106445312,
                            -3.4119830550892636
                        ],
                        [
                            -78.19244384765625,
                            -3.364001877608164
                        ],
                        [
                            -78.15673828125,
                            -3.3310991316137355
                        ],
                        [
                            -78.08807373046875,
                            -3.225528784074657
                        ],
                        [
                            -78.0084228515625,
                            -3.1912503223005406
                        ],
                        [
                            -78.00567626953125,
                            -3.152857088175033
                        ],
                        [
                            -77.94662475585938,
                            -3.069209801857111
                        ],
                        [
                            -77.82577514648438,
                            -2.9855559671478242
                        ],
                        [
                            -76.63375854492188,
                            -2.587773319121389
                        ],
                        [
                            -76.05422973632812,
                            -2.1308562777325184
                        ],
                        [
                            -75.59331893920898,
                            -1.5602090608431756
                        ],
                        [
                            -75.58971405029297,
                            -1.5593510719877925
                        ],
                        [
                            -75.58233261108398,
                            -1.5456232028652566
                        ],
                        [
                            -75.56602478027344,
                            -1.5617534399008413
                        ],
                        [
                            -75.5581283569336,
                            -1.5631262203326572
                        ],
                        [
                            -75.55984497070312,
                            -1.551629156573309
                        ],
                        [
                            -75.38681030273438,
                            -0.9324234399484517
                        ],
                        [
                            -75.32363891601562,
                            -0.9749895629463065
                        ],
                        [
                            -75.27969360351562,
                            -0.9859742824625283
                        ],
                        [
                            -75.1959228515625,
                            -0.9708702838658622
                        ],
                        [
                            -75.23025512695312,
                            -0.9365427650432783
                        ],
                        [
                            -75.223388671875,
                            -0.8582747846268909
                        ],
                        [
                            -75.2508544921875,
                            -0.8335582405953712
                        ],
                        [
                            -75.2398681640625,
                            -0.8060952321492636
                        ],
                        [
                            -75.26321411132812,
                            -0.7827515290992298
                        ],
                        [
                            -75.25497436523438,
                            -0.7676467105818383
                        ],
                        [
                            -75.27420043945324,
                            -0.7209587570082753
                        ],
                        [
                            -75.2508544921875,
                            -0.6976145987557035
                        ],
                        [
                            -75.2728271484375,
                            -0.6646579437921112
                        ],
                        [
                            -75.24398803710938,
                            -0.6440599220704907
                        ],
                        [
                            -75.22476196289062,
                            -0.6303278611785316
                        ],
                        [
                            -75.24124145507812,
                            -0.5850118076254334
                        ],
                        [
                            -75.223388671875,
                            -0.5657867030024353
                        ],
                        [
                            -75.24948120117188,
                            -0.5177236674784288
                        ],
                        [
                            -75.26321411132812,
                            -0.5273363048115043
                        ],
                        [
                            -75.26458740234375,
                            -0.5026180651870485
                        ],
                        [
                            -75.28656005859375,
                            -0.49712511018208594
                        ],
                        [
                            -75.30990600585938,
                            -0.4875124279590434
                        ],
                        [
                            -75.32638549804688,
                            -0.4490615645450968
                        ],
                        [
                            -75.34423828125,
                            -0.45592780548688344
                        ],
                        [
                            -75.3936767578125,
                            -0.42022328331247877
                        ],
                        [
                            -75.45822143554688,
                            -0.3254682203214484
                        ],
                        [
                            -75.48294067382812,
                            -0.24993817215385156
                        ],
                        [
                            -75.54473876953125,
                            -0.18539396359662488
                        ],
                        [
                            -75.59555053710938,
                            -0.19088709804203244
                        ],
                        [
                            -75.61477661132812,
                            -0.1112365023867488
                        ],
                        [
                            -75.55435180664062,
                            -0.1235960955504786
                        ],
                        [
                            -75.5419921875,
                            -0.1112365023867488
                        ],
                        [
                            -75.46646118164062,
                            -0.14282211771737158
                        ],
                        [
                            -75.41427612304688,
                            -0.16754126514172393
                        ],
                        [
                            -75.37170410156261,
                            -0.16204812380265493
                        ],
                        [
                            -75.35797119140625,
                            -0.14831526404881734
                        ],
                        [
                            -75.34011840820324,
                            -0.16204812380265493
                        ],
                        [
                            -75.29205322265625,
                            -0.15518169504009435
                        ],
                        [
                            -75.25763211853611,
                            -0.11707142152326508
                        ],
                        [
                            -75.26527404785156,
                            -0.12016287577955756
                        ],
                        [
                            -75.27454376220703,
                            -0.12484502344629936
                        ],
                        [
                            -75.2838134765625,
                            -0.12016287577955756
                        ],
                        [
                            -75.29454531066233,
                            -0.10789210828849857
                        ],
                        [
                            -75.3141398016092,
                            -0.10632339822376836
                        ],
                        [
                            -75.33668518066406,
                            -0.10299677069976723
                        ],
                        [
                            -75.35179138183594,
                            -0.09132381387068382
                        ],
                        [
                            -75.39710998535156,
                            -0.09475703688265369
                        ],
                        [
                            -75.42800903320312,
                            -0.08308407732760592
                        ],
                        [
                            -75.4595947265625,
                            -0.06248472882510677
                        ],
                        [
                            -75.47401428222656,
                            -0.04943847042771456
                        ],
                        [
                            -75.49667358398438,
                            -0.04394530819134536
                        ],
                        [
                            -75.52963256835938,
                            -0.02059936479060312
                        ],
                        [
                            -75.574951171875,
                            -0.023345946619616247
                        ],
                        [
                            -75.58456420898438,
                            0.011672973552070974
                        ],
                        [
                            -75.61065673828125,
                            0.02059936479060312
                        ],
                        [
                            -75.63125610351562,
                            0.04669188936317956
                        ],
                        [
                            -75.64567565917969,
                            0.03639220946710062
                        ],
                        [
                            -75.67657470703125,
                            0.03845214555104571
                        ],
                        [
                            -75.75141906738281,
                            0.03845214555104571
                        ],
                        [
                            -75.78849792480469,
                            0.05355834180954974
                        ],
                        [
                            -75.80291748046875,
                            0.050125115676348905
                        ],
                        [
                            -75.85372924804688,
                            0.12977589001154327
                        ],
                        [
                            -75.87089538574219,
                            0.12016287577955756
                        ],
                        [
                            -75.88325500488281,
                            0.13801561359874617
                        ],
                        [
                            -75.90179443359375,
                            0.14007554405620098
                        ],
                        [
                            -75.90248107910156,
                            0.16410805198206926
                        ],
                        [
                            -75.93612670898438,
                            0.20324664405209258
                        ],
                        [
                            -75.9539794921875,
                            0.2018733616186114
                        ],
                        [
                            -75.95741271972656,
                            0.21079969532795748
                        ],
                        [
                            -75.95191955566406,
                            0.21766610240330803
                        ],
                        [
                            -75.95947265625,
                            0.23826530447815852
                        ],
                        [
                            -76.00479125976562,
                            0.24993817215386427
                        ],
                        [
                            -75.98762512207031,
                            0.26023775268020405
                        ],
                        [
                            -75.99517822265625,
                            0.2677907730736718
                        ],
                        [
                            -76.00135803222656,
                            0.2952562615756504
                        ],
                        [
                            -76.04393005371094,
                            0.3069290740103374
                        ],
                        [
                            -76.05972290039062,
                            0.337827632384331
                        ],
                        [
                            -76.08375549316406,
                            0.3309612942533172
                        ],
                        [
                            -76.09748840332031,
                            0.31791523879079664
                        ],
                        [
                            -76.11534118652344,
                            0.31722860383026436
                        ],
                        [
                            -76.13113403320312,
                            0.3694127237714181
                        ],
                        [
                            -76.15928649902344,
                            0.3831453377488469
                        ],
                        [
                            -76.18057250976562,
                            0.3728458792861145
                        ],
                        [
                            -76.201171875,
                            0.3824587075661693
                        ],
                        [
                            -76.22863769531249,
                            0.3776522947549586
                        ],
                        [
                            -76.24031066894531,
                            0.4023709601628521
                        ],
                        [
                            -76.25816345214844,
                            0.4030575887097323
                        ],
                        [
                            -76.26846313476562,
                            0.4318959341909289
                        ],
                        [
                            -76.29249572753906,
                            0.4298360559129163
                        ],
                        [
                            -76.29661560058594,
                            0.4188500291119418
                        ],
                        [
                            -76.31446838378905,
                            0.4325825601596769
                        ],
                        [
                            -76.3275146484375,
                            0.4147302650697179
                        ],
                        [
                            -76.33232116699219,
                            0.3886383772210342
                        ],
                        [
                            -76.343994140625,
                            0.3762790334621409
                        ],
                        [
                            -76.37008666992188,
                            0.3948180423548806
                        ],
                        [
                            -76.41197204589844,
                            0.3769656641356163
                        ],
                        [
                            -76.41197204589844,
                            0.2437584199399802
                        ],
                        [
                            -76.42776489257812,
                            0.23345882665079962
                        ],
                        [
                            -76.42707824707031,
                            0.2513114500312899
                        ],
                        [
                            -76.44287109375,
                            0.25749119868169323
                        ],
                        [
                            -76.44012451171875,
                            0.23757866489040264
                        ],
                        [
                            -76.49917602539062,
                            0.23620538561262966
                        ],
                        [
                            -76.53556823730469,
                            0.25955111423640465
                        ],
                        [
                            -76.57333374023438,
                            0.23689202526852574
                        ],
                        [
                            -76.57882690429688,
                            0.21903938344640336
                        ],
                        [
                            -76.62345886230469,
                            0.25749119868169323
                        ],
                        [
                            -76.66465759277344,
                            0.2540580053522372
                        ],
                        [
                            -76.65916442871094,
                            0.2705373247971191
                        ],
                        [
                            -76.67701721191406,
                            0.2705373247971191
                        ],
                        [
                            -76.69967651367188,
                            0.2760304263727027
                        ],
                        [
                            -76.70997619628906,
                            0.26916404901271473
                        ],
                        [
                            -76.73194885253906,
                            0.2883898955642887
                        ],
                        [
                            -76.761474609375,
                            0.2616110294556057
                        ],
                        [
                            -76.7559814453125,
                            0.2561179214601743
                        ],
                        [
                            -76.76971435546875,
                            0.2437584199399802
                        ],
                        [
                            -76.79306030273438,
                            0.262984306080707
                        ],
                        [
                            -76.83631896972655,
                            0.24719161596905287
                        ],
                        [
                            -76.84661865234375,
                            0.23895194403167894
                        ],
                        [
                            -76.8768310546875,
                            0.2523414083446645
                        ],
                        [
                            -76.88884735107422,
                            0.24719161596905287
                        ],
                        [
                            -76.90086364746094,
                            0.24547501806469094
                        ],
                        [
                            -76.93382263183594,
                            0.26058107188810936
                        ],
                        [
                            -76.92867279052734,
                            0.27328387589890796
                        ],
                        [
                            -76.93382263183594,
                            0.27362719474258884
                        ],
                        [
                            -76.9482421875,
                            0.2684774110624611
                        ],
                        [
                            -76.96952819824217,
                            0.2722539193089869
                        ],
                        [
                            -76.98429107666016,
                            0.2660741779336317
                        ],
                        [
                            -77.00420379638672,
                            0.2938829887094558
                        ],
                        [
                            -77.01725006103516,
                            0.29113644247137116
                        ],
                        [
                            -77.02651977539062,
                            0.27774702009711605
                        ],
                        [
                            -77.04505920410156,
                            0.29182307909385774
                        ],
                        [
                            -77.0526123046875,
                            0.28461339248629136
                        ],
                        [
                            -77.06531524658203,
                            0.28118020679648953
                        ],
                        [
                            -77.07630157470703,
                            0.28632998494874967
                        ],
                        [
                            -77.08316802978516,
                            0.2990327610807143
                        ],
                        [
                            -77.08728790283203,
                            0.30212262334655665
                        ],
                        [
                            -77.08076477050781,
                            0.31242215783639027
                        ],
                        [
                            -77.08591461181639,
                            0.320661778175333
                        ],
                        [
                            -77.09896087646484,
                            0.3292447089740272
                        ],
                        [
                            -77.10891723632812,
                            0.3512169776949294
                        ],
                        [
                            -77.1126937866211,
                            0.3714726172401924
                        ],
                        [
                            -77.13088989257812,
                            0.37902555583082426
                        ],
                        [
                            -77.17689514160156,
                            0.3886383772210342
                        ],
                        [
                            -77.20161437988281,
                            0.3721592482898765
                        ],
                        [
                            -77.222900390625,
                            0.36254640877526295
                        ],
                        [
                            -77.30117797851562,
                            0.3721592482898765
                        ],
                        [
                            -77.34512329101562,
                            0.39413141312106426
                        ],
                        [
                            -77.37533569335938,
                            0.3996244453984425
                        ],
                        [
                            -77.38357543945312,
                            0.39138489562072876
                        ],
                        [
                            -77.42889404296874,
                            0.4394488164139768
                        ],
                        [
                            -77.53189086914062,
                            0.40374421719872633
                        ],
                        [
                            -77.52090454101562,
                            0.520470136786758
                        ],
                        [
                            -77.48382568359374,
                            0.6056100608574283
                        ],
                        [
                            -77.48931884765625,
                            0.6591651462894632
                        ],
                        [
                            -77.55661010742188,
                            0.6509259386918013
                        ],
                        [
                            -77.66372680664062,
                            0.707226913459037
                        ],
                        [
                            -77.68844604492188,
                            0.7470491450051796
                        ],
                        [
                            -77.662353515625,
                            0.7882441769447703
                        ],
                        [
                            -77.67608642578125,
                            0.7923636580774951
                        ],
                        [
                            -77.66098022460938,
                            0.8184536092473124
                        ],
                        [
                            -77.72003173828125,
                            0.8472896733926257
                        ],
                        [
                            -77.74612426757812,
                            0.8404239630282867
                        ],
                        [
                            -77.79556274414061,
                            0.8349313860427184
                        ],
                        [
                            -77.82028198242188,
                            0.8060952321492764
                        ],
                        [
                            -77.947998046875,
                            0.8198267599180845
                        ],
                        [
                            -77.9974365234375,
                            0.856901647439813
                        ],
                        [
                            -78.10592651367188,
                            0.907707388901788
                        ],
                        [
                            -78.11004638671875,
                            0.9337965488500297
                        ],
                        [
                            -78.14437866210938,
                            0.9337965488500297
                        ],
                        [
                            -78.1512451171875,
                            0.9186923216065572
                        ],
                        [
                            -78.19381713867188,
                            0.9434082960987709
                        ],
                        [
                            -78.211669921875,
                            1.0038243741947595
                        ],
                        [
                            -78.2611083984375,
                            1.0326589311777885
                        ],
                        [
                            -78.28033447265625,
                            1.06286628163273
                        ],
                        [
                            -78.25698852539062,
                            1.087581167162357
                        ],
                        [
                            -78.27484130859375,
                            1.113668882231005
                        ],
                        [
                            -78.29818725585938,
                            1.1658436142465605
                        ],
                        [
                            -78.31466674804688,
                            1.191930620381516
                        ],
                        [
                            -78.35311889648438,
                            1.1713356358066995
                        ],
                        [
                            -78.38470458984375,
                            1.1617245910431397
                        ],
                        [
                            -78.4149169921875,
                            1.156232550767968
                        ],
                        [
                            -78.42178344726562,
                            1.131518238774052
                        ],
                        [
                            -78.43414306640625,
                            1.1479944704491494
                        ],
                        [
                            -78.43002319335938,
                            1.1768276466031673
                        ],
                        [
                            -78.43414306640625,
                            1.1891846312793248
                        ],
                        [
                            -78.45748901367188,
                            1.1768276466031673
                        ],
                        [
                            -78.48358154296875,
                            1.1946766067455297
                        ],
                        [
                            -78.50555419921875,
                            1.191930620381516
                        ],
                        [
                            -78.51654052734375,
                            1.1891846312793248
                        ],
                        [
                            -78.51791381835938,
                            1.2111524670742526
                        ],
                        [
                            -78.5467529296875,
                            1.2262552510841702
                        ],
                        [
                            -78.54812622070312,
                            1.2495957492941936
                        ],
                        [
                            -78.60992431640625,
                            1.2495957492941936
                        ],
                        [
                            -78.64425659179688,
                            1.2715630876314767
                        ],
                        [
                            -78.65798950195312,
                            1.3182430568620136
                        ],
                        [
                            -78.70468139648438,
                            1.3429556294180167
                        ],
                        [
                            -78.72665405273438,
                            1.37178664792646
                        ],
                        [
                            -78.75686645507812,
                            1.3868884718166363
                        ],
                        [
                            -78.77883911132812,
                            1.3978715559946528
                        ],
                        [
                            -78.80355834960938,
                            1.4157189580307432
                        ],
                        [
                            -78.82827758789062,
                            1.4321933610794366
                        ],
                        [
                            -78.84613037109375,
                            1.4486676456977468
                        ],
                        [
                            -78.86947631835938,
                            1.4720060101903352
                        ]
                    ]
                ],
                "type": "Polygon"
            }
        },
        {
            "type": "Feature",
            "properties": {},
            "geometry": {
                "coordinates": [
                    [
                        [
                            -80.04432678222656,
                            -2.665282743148301
                        ],
                        [
                            -80.10200500488281,
                            -2.6810584043748915
                        ],
                        [
                            -80.14320373535156,
                            -2.6858596522571347
                        ],
                        [
                            -80.17959594726562,
                            -2.7091797300260954
                        ],
                        [
                            -80.22972106933594,
                            -2.7194678570782433
                        ],
                        [
                            -80.23178100585938,
                            -2.751703418771674
                        ],
                        [
                            -80.25787353515625,
                            -2.791482270985739
                        ],
                        [
                            -80.26954650878906,
                            -2.8737790478730534
                        ],
                        [
                            -80.28739929199219,
                            -2.9711558889681435
                        ],
                        [
                            -80.26954650878906,
                            -3.023955250363639
                        ],
                        [
                            -80.21324157714844,
                            -3.0527538215744703
                        ],
                        [
                            -80.15144348144531,
                            -3.0397259916861317
                        ],
                        [
                            -80.11711120605469,
                            -3.0218981802157385
                        ],
                        [
                            -80.07865905761719,
                            -2.97184161124346
                        ],
                        [
                            -80.02372741699219,
                            -2.871721700059561
                        ],
                        [
                            -79.97978210449219,
                            -2.81960099320032
                        ],
                        [
                            -79.89875793457031,
                            -2.789424777005989
                        ],
                        [
                            -79.88502502441406,
                            -2.7324993586692474
                        ],
                        [
                            -80.02853393554688,
                            -2.670084052808073
                        ],
                        [
                            -80.04432678222656,
                            -2.665282743148301
                        ]
                    ]
                ],
                "type": "Polygon"
            }
        },
        {
            "type": "Feature",
            "properties": {},
            "geometry": {
                "coordinates": [
                    [
                        [
                            -80.18646240234375,
                            -2.6433336609813725
                        ],
                        [
                            -80.19174098968517,
                            -2.6441910543102694
                        ],
                        [
                            -80.19731998443604,
                            -2.6472776653867047
                        ],
                        [
                            -80.20126819610596,
                            -2.653407995134123
                        ],
                        [
                            -80.19955158233643,
                            -2.658595173488626
                        ],
                        [
                            -80.18856525421143,
                            -2.6699554465437445
                        ],
                        [
                            -80.18161296844482,
                            -2.669355283798903
                        ],
                        [
                            -80.17667770385742,
                            -2.668540776747802
                        ],
                        [
                            -80.16929626464844,
                            -2.6607386292538684
                        ],
                        [
                            -80.17006874084473,
                            -2.6544797279842873
                        ],
                        [
                            -80.1771068572998,
                            -2.647963577915487
                        ],
                        [
                            -80.18646240234375,
                            -2.6433336609813725
                        ]
                    ]
                ],
                "type": "Polygon"
            }
        },
        {
            "type": "Feature",
            "properties": {},
            "geometry": {
                "coordinates": [
                    [
                        [
                            -80.19993782043457,
                            -2.673985103092177
                        ],
                        [
                            -80.20135402679443,
                            -2.674971080871161
                        ],
                        [
                            -80.19972324371338,
                            -2.6760427949491827
                        ],
                        [
                            -80.19667625427246,
                            -2.677886140971431
                        ],
                        [
                            -80.19556045532227,
                            -2.67582845220852
                        ],
                        [
                            -80.19731998443604,
                            -2.6741565775454443
                        ],
                        [
                            -80.20006656646729,
                            -2.6741565775454443
                        ],
                        [
                            -80.19993782043457,
                            -2.673985103092177
                        ]
                    ]
                ],
                "type": "Polygon"
            }
        },
        {
            "type": "Feature",
            "properties": {},
            "geometry": {
                "coordinates": [
                    [
                        [
                            -91.3568115234375,
                            0.19226038138120835
                        ],
                        [
                            -91.48590087890625,
                            0.15380840901698828
                        ],
                        [
                            -91.6534423828125,
                            0.024719237514403372
                        ],
                        [
                            -91.614990234375,
                            -0.028839110110396218
                        ],
                        [
                            -91.59027099609375,
                            -0.08239743253576284
                        ],
                        [
                            -91.48590087890625,
                            -0.04669188936317956
                        ],
                        [
                            -91.44744873046875,
                            -0.06042479348669642
                        ],
                        [
                            -91.439208984375,
                            -0.1235960955504786
                        ],
                        [
                            -91.40487670898438,
                            -0.21251629738446992
                        ],
                        [
                            -91.39766693115234,
                            -0.2612677102758038
                        ],
                        [
                            -91.34307861328125,
                            -0.3488137632611333
                        ],
                        [
                            -91.285400390625,
                            -0.44219531715407406
                        ],
                        [
                            -91.2030029296875,
                            -0.5959975522614256
                        ],
                        [
                            -91.26068115234375,
                            -0.6124761280050813
                        ],
                        [
                            -91.4501953125,
                            -0.7003609764007139
                        ],
                        [
                            -91.5765380859375,
                            -0.8541553715898037
                        ],
                        [
                            -91.48040771484375,
                            -1.0134359218013427
                        ],
                        [
                            -91.29913330078125,
                            -1.1040576453620696
                        ],
                        [
                            -90.98876953125,
                            -1.0656123898763876
                        ],
                        [
                            -90.8074951171875,
                            -1.0244205126966328
                        ],
                        [
                            -90.736083984375,
                            -0.8898568022677551
                        ],
                        [
                            -90.736083984375,
                            -0.7388100915908343
                        ],
                        [
                            -90.80474853515625,
                            -0.6536723427284183
                        ],
                        [
                            -90.85968017578125,
                            -0.5245898385048807
                        ],
                        [
                            -90.93658447265625,
                            -0.3652929354040575
                        ],
                        [
                            -91.10137939453125,
                            -0.208739772610497
                        ],
                        [
                            -91.16455078125,
                            -0.016479491960279726
                        ],
                        [
                            -91.22772216796875,
                            0.15380840901698828
                        ],
                        [
                            -91.3568115234375,
                            0.19226038138120835
                        ]
                    ]
                ],
                "type": "Polygon"
            }
        },
        {
            "type": "Feature",
            "properties": {},
            "geometry": {
                "coordinates": [
                    [
                        [
                            -91.46804809570312,
                            -0.23345882665079962
                        ],
                        [
                            -91.52847290039062,
                            -0.23895194403167894
                        ],
                        [
                            -91.6644287109375,
                            -0.280150250892118
                        ],
                        [
                            -91.68228149414062,
                            -0.3803988166889491
                        ],
                        [
                            -91.63284301757812,
                            -0.47652648863084146
                        ],
                        [
                            -91.58340454101562,
                            -0.5149771969804576
                        ],
                        [
                            -91.50924682617188,
                            -0.5245898385048807
                        ],
                        [
                            -91.40075683593761,
                            -0.5122307252991675
                        ],
                        [
                            -91.36505126953125,
                            -0.45043481325254864
                        ],
                        [
                            -91.36093139648438,
                            -0.3639196721941796
                        ],
                        [
                            -91.40487670898438,
                            -0.28152352541109416
                        ],
                        [
                            -91.46804809570312,
                            -0.23345882665079962
                        ]
                    ]
                ],
                "type": "Polygon"
            }
        },
        {
            "type": "Feature",
            "properties": {},
            "geometry": {
                "coordinates": [
                    [
                        [
                            -90.82260131835938,
                            -0.13458239577451545
                        ],
                        [
                            -90.8843994140625,
                            -0.2540580053522245
                        ],
                        [
                            -90.85830688476562,
                            -0.35430682391556034
                        ],
                        [
                            -90.758056640625,
                            -0.4284628034187343
                        ],
                        [
                            -90.67703247070312,
                            -0.4490615645450968
                        ],
                        [
                            -90.56304931640625,
                            -0.3996244453984425
                        ],
                        [
                            -90.52734375000011,
                            -0.32821475766448843
                        ],
                        [
                            -90.52047729492188,
                            -0.22933898720413795
                        ],
                        [
                            -90.65505981445312,
                            -0.17166112013818108
                        ],
                        [
                            -90.82260131835938,
                            -0.13458239577451545
                        ]
                    ]
                ],
                "type": "Polygon"
            }
        },
        {
            "type": "Feature",
            "properties": {},
            "geometry": {
                "coordinates": [
                    [
                        [
                            -90.29388427734375,
                            -0.3529335590552926
                        ],
                        [
                            -90.38864135742188,
                            -0.39138489562072876
                        ],
                        [
                            -90.44357299804688,
                            -0.47103351237161867
                        ],
                        [
                            -90.53695678710938,
                            -0.5273363048115043
                        ],
                        [
                            -90.57815551757812,
                            -0.6056100608574155
                        ],
                        [
                            -90.54794311523438,
                            -0.7237051207737014
                        ],
                        [
                            -90.45318603515625,
                            -0.7896173377761679
                        ],
                        [
                            -90.30075073242188,
                            -0.830811948265076
                        ],
                        [
                            -90.19500732421875,
                            -0.7456759705043304
                        ],
                        [
                            -90.1373291015625,
                            -0.6550455441838959
                        ],
                        [
                            -90.12359619140625,
                            -0.5644134787803946
                        ],
                        [
                            -90.19500732421875,
                            -0.5039913032184342
                        ],
                        [
                            -90.19363403320312,
                            -0.4284628034187343
                        ],
                        [
                            -90.29388427734375,
                            -0.3529335590552926
                        ]
                    ]
                ],
                "type": "Polygon"
            }
        },
        {
            "type": "Feature",
            "properties": {},
            "geometry": {
                "coordinates": [
                    [
                        [
                            -90.66604614257812,
                            -0.5671599268994486
                        ],
                        [
                            -90.71136474609386,
                            -0.5850118076254334
                        ],
                        [
                            -90.6591796875,
                            -0.6619115458012323
                        ],
                        [
                            -90.6317138671875,
                            -0.6056100608574155
                        ],
                        [
                            -90.66604614257812,
                            -0.5671599268994486
                        ]
                    ]
                ],
                "type": "Polygon"
            }
        },
        {
            "type": "Feature",
            "properties": {},
            "geometry": {
                "coordinates": [
                    [
                        [
                            -90.1043701171875,
                            -0.7882441769447576
                        ],
                        [
                            -90.10986328125,
                            -0.8225730598460887
                        ],
                        [
                            -90.08102416992188,
                            -0.8555285097605126
                        ],
                        [
                            -90.00823974609375,
                            -0.8445433907014087
                        ],
                        [
                            -90.032958984375,
                            -0.7909904981540058
                        ],
                        [
                            -90.1043701171875,
                            -0.7882441769447576
                        ]
                    ]
                ],
                "type": "Polygon"
            }
        },
        {
            "type": "Feature",
            "properties": {},
            "geometry": {
                "coordinates": [
                    [
                        [
                            -90.3570556640625,
                            -1.2145849254138437
                        ],
                        [
                            -90.4772186279298,
                            -1.2145849254138437
                        ],
                        [
                            -90.53146362304688,
                            -1.3209889104538866
                        ],
                        [
                            -90.53009033203125,
                            -1.323734761011281
                        ],
                        [
                            -90.50193786621094,
                            -1.3587440869100178
                        ],
                        [
                            -90.38864135742188,
                            -1.377964678371303
                        ],
                        [
                            -90.27465820312511,
                            -1.3436420862211145
                        ],
                        [
                            -90.3570556640625,
                            -1.2145849254138437
                        ]
                    ]
                ],
                "type": "Polygon"
            }
        },
        {
            "type": "Feature",
            "properties": {},
            "geometry": {
                "coordinates": [
                    [
                        [
                            -89.6429443359375,
                            -1.3196159840368622
                        ],
                        [
                            -89.75967407226562,
                            -1.3621763466641585
                        ],
                        [
                            -89.76104736328125,
                            -1.392380020302357
                        ],
                        [
                            -89.64981079101562,
                            -1.422583306939631
                        ],
                        [
                            -89.59625244140625,
                            -1.4047359575424712
                        ],
                        [
                            -89.6429443359375,
                            -1.3196159840368622
                        ]
                    ]
                ],
                "type": "Polygon"
            }
        },
        {
            "type": "Feature",
            "properties": {},
            "geometry": {
                "coordinates": [
                    [
                        [
                            -89.27215576171875,
                            -0.6797631052738666
                        ],
                        [
                            -89.35592651367188,
                            -0.6811362994451107
                        ],
                        [
                            -89.39781188964844,
                            -0.6972713014372406
                        ],
                        [
                            -89.46166992187511,
                            -0.7285112533581726
                        ],
                        [
                            -89.48776245117188,
                            -0.7810350751698001
                        ],
                        [
                            -89.52896118164062,
                            -0.7690198781221198
                        ],
                        [
                            -89.5433807373048,
                            -0.7968264246813835
                        ],
                        [
                            -89.55059051513672,
                            -0.8345880997257942
                        ],
                        [
                            -89.6158218383789,
                            -0.8795583474978542
                        ],
                        [
                            -89.63882446289062,
                            -0.9156028126793738
                        ],
                        [
                            -89.6429443359375,
                            -0.9434082960987709
                        ],
                        [
                            -89.55093383789062,
                            -0.9736164704784508
                        ],
                        [
                            -89.39987182617188,
                            -0.9626317106698682
                        ],
                        [
                            -89.33670043945312,
                            -0.8527822329284752
                        ],
                        [
                            -89.22821044921875,
                            -0.7566613544516054
                        ],
                        [
                            -89.23233032226562,
                            -0.6989877877789653
                        ],
                        [
                            -89.27215576171875,
                            -0.6797631052738666
                        ]
                    ]
                ],
                "type": "Polygon"
            }
        },
        {
            "type": "Feature",
            "properties": {},
            "geometry": {
                "coordinates": [
                    [
                        [
                            -90.78071594238281,
                            0.6502393374487108
                        ],
                        [
                            -90.7913589477539,
                            0.63204437078637
                        ],
                        [
                            -90.7929039001466,
                            0.6062966679651943
                        ],
                        [
                            -90.7880973815918,
                            0.5575473528225806
                        ],
                        [
                            -90.77917098999023,
                            0.5453599595902414
                        ],
                        [
                            -90.73831558227539,
                            0.5359190041810046
                        ],
                        [
                            -90.71943283081055,
                            0.5384938116555833
                        ],
                        [
                            -90.71222305297852,
                            0.5582339657803155
                        ],
                        [
                            -90.72338104248047,
                            0.5846685027569062
                        ],
                        [
                            -90.75033187866211,
                            0.636507293107913
                        ],
                        [
                            -90.78071594238281,
                            0.6502393374487108
                        ]
                    ]
                ],
                "type": "Polygon"
            }
        },
        {
            "type": "Feature",
            "properties": {},
            "geometry": {
                "coordinates": [
                    [
                        [
                            -90.46623229980469,
                            0.3961913006523282
                        ],
                        [
                            -90.47103881835938,
                            0.39550467153201946
                        ],
                        [
                            -90.55068969726562,
                            0.38451859794901677
                        ],
                        [
                            -90.55274963378906,
                            0.345380598720786
                        ],
                        [
                            -90.52322387695312,
                            0.2622976677869916
                        ],
                        [
                            -90.43327331542969,
                            0.2767170638922838
                        ],
                        [
                            -90.37834167480469,
                            0.3117355225141399
                        ],
                        [
                            -90.46623229980469,
                            0.3961913006523282
                        ]
                    ]
                ],
                "type": "Polygon"
            }
        },
        {
            "type": "Feature",
            "properties": {},
            "geometry": {
                "coordinates": [
                    [
                        [
                            -89.93888854980469,
                            0.3522469265490799
                        ],
                        [
                            -89.95674133300781,
                            0.3501870287272967
                        ],
                        [
                            -89.9835205078125,
                            0.34126079963657185
                        ],
                        [
                            -89.98420715332031,
                            0.320661778175333
                        ],
                        [
                            -89.97116088867188,
                            0.29731617055665144
                        ],
                        [
                            -89.9395751953125,
                            0.2938829887094558
                        ],
                        [
                            -89.92103576660156,
                            0.32134841290658545
                        ],
                        [
                            -89.93888854980469,
                            0.3522469265490799
                        ]
                    ]
                ],
                "type": "Polygon"
            }
        }
    ]
}