{
    "type": "FeatureCollection",
    "features": [
        {
            "type": "Feature",
            "properties": {},
            "geometry": {
                "coordinates": [
                    [
                        [
                            25.8673095703125,
                            31.68143311662596
                        ],
                        [
                            25.548706054687386,
                            31.58321506275729
                        ],
                        [
                            25.2410888671875,
                            31.54577139493626
                        ],
                        [
                            25.17059371611893,
                            31.67970986301752
                        ],
                        [
                            25.133612885205835,
                            31.66964899954681
                        ],
                        [
                            25.085688527241366,
                            31.619297402724534
                        ],
                        [
                            25.072220188631466,
                            31.584850336642038
                        ],
                        [
                            25.07513247889534,
                            31.551275406568806
                        ],
                        [
                            24.971975415263657,
                            31.493643097053447
                        ],
                        [
                            24.860133067291457,
                            31.40638534442538
                        ],
                        [
                            24.862060546874886,
                            31.363018491291182
                        ],
                        [
                            24.886009940164882,
                            31.27554938226387
                        ],
                        [
                            24.873046875,
                            31.16580958786196
                        ],
                        [
                            25.017072097349427,
                            30.781217753572253
                        ],
                        [
                            24.926752108738157,
                            30.494394936492434
                        ],
                        [
                            24.78388515955912,
                            30.32476251861665
                        ],
                        [
                            24.697265625,
                            30.173624550358536
                        ],
                        [
                            24.840087890625,
                            29.897805610155874
                        ],
                        [
                            24.819995163446634,
                            29.786624565012662
                        ],
                        [
                            24.906005859375,
                            29.64509464986076
                        ],
                        [
                            24.884033203125,
                            29.492206334848714
                        ],
                        [
                            24.9993896484375,
                            29.257648503615542
                        ],
                        [
                            25.00005355735553,
                            21.999466920414207
                        ],
                        [
                            36.89238855835913,
                            22.000874527024532
                        ],
                        [
                            36.934661865234375,
                            22.041094579914038
                        ],
                        [
                            36.881103515625,
                            22.11617714721062
                        ],
                        [
                            36.772613525390625,
                            22.201391936617412
                        ],
                        [
                            36.64215087890625,
                            22.31831903309799
                        ],
                        [
                            36.48971557617176,
                            22.398332241511387
                        ],
                        [
                            36.459503173828125,
                            22.483375149789623
                        ],
                        [
                            36.3427734375,
                            22.52270570348246
                        ],
                        [
                            36.294708251953125,
                            22.636827710810884
                        ],
                        [
                            36.18484497070301,
                            22.701454830506705
                        ],
                        [
                            36.09832763671875,
                            22.71032284205226
                        ],
                        [
                            35.98983764648426,
                            22.74198962160603
                        ],
                        [
                            35.88134765625,
                            22.77364906658098
                        ],
                        [
                            35.776977539062386,
                            22.921717548269353
                        ],
                        [
                            35.698699951171875,
                            23.030451188354466
                        ],
                        [
                            35.58197021484375,
                            23.397723537981232
                        ],
                        [
                            35.540771484375,
                            23.53377298325595
                        ],
                        [
                            35.533905029296875,
                            23.805449612314625
                        ],
                        [
                            35.529785156249886,
                            23.91345958289083
                        ],
                        [
                            35.62042236328125,
                            23.877047681715645
                        ],
                        [
                            35.74676513671875,
                            23.907182400399357
                        ],
                        [
                            35.760498046875,
                            23.85444203709688
                        ],
                        [
                            35.819549560546875,
                            23.806706059412047
                        ],
                        [
                            35.855255126953125,
                            23.845649887659352
                        ],
                        [
                            35.804443359375,
                            23.948606168009615
                        ],
                        [
                            35.73028564453125,
                            24.007580694723107
                        ],
                        [
                            35.63140869140625,
                            24.032668044494443
                        ],
                        [
                            35.580596923828125,
                            24.12920858513251
                        ],
                        [
                            35.4803466796875,
                            24.17306659324866
                        ],
                        [
                            35.418548583984375,
                            24.303298570604056
                        ],
                        [
                            35.42266845703125,
                            24.358356545843943
                        ],
                        [
                            35.3759765625,
                            24.408388474538537
                        ],
                        [
                            35.341644287109375,
                            24.407137917727667
                        ],
                        [
                            35.26611328125,
                            24.467150664739002
                        ],
                        [
                            35.189208984375,
                            24.600826105769784
                        ],
                        [
                            35.20294189453125,
                            24.648265332632818
                        ],
                        [
                            35.171356201171875,
                            24.688200182518774
                        ],
                        [
                            35.1287841796875,
                            24.701924833689933
                        ],
                        [
                            35.093078613281136,
                            24.760549484464935
                        ],
                        [
                            34.951629638671875,
                            25.0383270525352
                        ],
                        [
                            34.75799560546875,
                            25.3924199082125
                        ],
                        [
                            34.5684814453125,
                            25.76526690492097
                        ],
                        [
                            34.391326904296875,
                            25.98273700762737
                        ],
                        [
                            34.219665527343636,
                            26.32172929955373
                        ],
                        [
                            34.155120849609375,
                            26.457049709336484
                        ],
                        [
                            34.032897949218636,
                            26.619224456301442
                        ],
                        [
                            33.976593017578125,
                            26.69163742147271
                        ],
                        [
                            34.015045166015625,
                            26.687956515184368
                        ],
                        [
                            34.034271240234375,
                            26.75051574561839
                        ],
                        [
                            34.006805419921875,
                            26.797106136843357
                        ],
                        [
                            34.026031494140625,
                            26.82407078047018
                        ],
                        [
                            34.024658203124886,
                            26.86328062676624
                        ],
                        [
                            34.017791748046875,
                            26.909824671240692
                        ],
                        [
                            33.980712890625,
                            26.93064079794821
                        ],
                        [
                            33.940887451171875,
                            26.997960763263023
                        ],
                        [
                            33.924407958984375,
                            27.064017546608678
                        ],
                        [
                            33.87359619140625,
                            27.12270204225946
                        ],
                        [
                            33.89007568359375,
                            27.147144835991796
                        ],
                        [
                            33.896942138671875,
                            27.182577390785823
                        ],
                        [
                            33.951873779296875,
                            27.143478757638256
                        ],
                        [
                            33.99993896484375,
                            27.15692045688088
                        ],
                        [
                            33.99993896484375,
                            27.20334296937548
                        ],
                        [
                            33.973846435546875,
                            27.233873558307298
                        ],
                        [
                            33.943634033203125,
                            27.268057879861583
                        ],
                        [
                            33.89556884765625,
                            27.290027966206214
                        ],
                        [
                            33.863983154296875,
                            27.266837192143562
                        ],
                        [
                            33.825531005859375,
                            27.298570715261533
                        ],
                        [
                            33.723907470703125,
                            27.357131851125803
                        ],
                        [
                            33.7060546875,
                            27.415662034561
                        ],
                        [
                            33.596191406249886,
                            27.54480631775389
                        ],
                        [
                            33.54400634765625,
                            27.639740194861723
                        ],
                        [
                            33.6126708984375,
                            27.62149006586649
                        ],
                        [
                            33.600311279296875,
                            27.664068965384516
                        ],
                        [
                            33.57147216796875,
                            27.727298422724655
                        ],
                        [
                            33.611297607421875,
                            27.73459177166548
                        ],
                        [
                            33.63189697265625,
                            27.780771643348196
                        ],
                        [
                            33.61541748046875,
                            27.8281463942612
                        ],
                        [
                            33.5687255859375,
                            27.930114089618602
                        ],
                        [
                            33.465728759765625,
                            28.01865082183306
                        ],
                        [
                            33.3929443359375,
                            28.069556808283608
                        ],
                        [
                            33.18283081054676,
                            28.285033294640684
                        ],
                        [
                            32.979583740234375,
                            28.550750996758147
                        ],
                        [
                            32.894439697265625,
                            28.58693349906797
                        ],
                        [
                            32.845001220703125,
                            28.762843805266026
                        ],
                        [
                            32.76123046875,
                            28.82422223713729
                        ],
                        [
                            32.64862060546875,
                            29.026153984053014
                        ],
                        [
                            32.684326171875,
                            29.08377645036857
                        ],
                        [
                            32.64862060546875,
                            29.307956376745295
                        ],
                        [
                            32.531890869140625,
                            29.432421529604852
                        ],
                        [
                            32.376708984375,
                            29.586594438725495
                        ],
                        [
                            32.427520751953125,
                            29.72025928058346
                        ],
                        [
                            32.48931884765625,
                            29.789408737415222
                        ],
                        [
                            32.536010742187386,
                            29.875183016261957
                        ],
                        [
                            32.49755859375,
                            29.90851978367419
                        ],
                        [
                            32.530517578124886,
                            29.92756435779241
                        ],
                        [
                            32.597808837890625,
                            29.871610558533725
                        ],
                        [
                            32.58819580078125,
                            29.81085920949646
                        ],
                        [
                            32.660980224609375,
                            29.72502973997892
                        ],
                        [
                            32.662353515625,
                            29.587788659909958
                        ],
                        [
                            32.69256591796875,
                            29.560317997724837
                        ],
                        [
                            32.680206298828125,
                            29.45155650109173
                        ],
                        [
                            32.76123046875,
                            29.40969406712921
                        ],
                        [
                            32.87109375,
                            29.21330915012355
                        ],
                        [
                            33.130645751953125,
                            29.000934035030202
                        ],
                        [
                            33.1292724609375,
                            28.872336882255933
                        ],
                        [
                            33.1842041015625,
                            28.786918085420226
                        ],
                        [
                            33.14849853515625,
                            28.701429260204154
                        ],
                        [
                            33.204803466796875,
                            28.568843803135128
                        ],
                        [
                            33.333892822265625,
                            28.413144152002783
                        ],
                        [
                            33.53851318359375,
                            28.28140526783416
                        ],
                        [
                            33.63189697265625,
                            28.14829234711375
                        ],
                        [
                            33.75,
                            28.01016414897993
                        ],
                        [
                            33.93951416015625,
                            27.879142241732627
                        ],
                        [
                            34.06173706054676,
                            27.77712657632138
                        ],
                        [
                            34.1729736328125,
                            27.769836075830344
                        ],
                        [
                            34.232025146484375,
                            27.712710260887476
                        ],
                        [
                            34.266357421875,
                            27.71392601558152
                        ],
                        [
                            34.2718505859375,
                            27.788061410911272
                        ],
                        [
                            34.292449951171875,
                            27.817215593059487
                        ],
                        [
                            34.325408935546875,
                            27.842719083637075
                        ],
                        [
                            34.350128173828125,
                            27.88521157791217
                        ],
                        [
                            34.453125,
                            27.977423576428517
                        ],
                        [
                            34.454498291015625,
                            28.053802768216578
                        ],
                        [
                            34.464111328124886,
                            28.104692111990648
                        ],
                        [
                            34.4586181640625,
                            28.176138764263396
                        ],
                        [
                            34.453125,
                            28.25116690523149
                        ],
                        [
                            34.43389892578125,
                            28.311635046750613
                        ],
                        [
                            34.464111328124886,
                            28.36723539252299
                        ],
                        [
                            34.484710693359375,
                            28.4433364363651
                        ],
                        [
                            34.51080322265625,
                            28.446958931637894
                        ],
                        [
                            34.542388916015625,
                            28.497660832963472
                        ],
                        [
                            34.528656005859375,
                            28.525415844701858
                        ],
                        [
                            34.5465087890625,
                            28.560400880492832
                        ],
                        [
                            34.605560302734375,
                            28.65082549477587
                        ],
                        [
                            34.63714599609375,
                            28.729130483430154
                        ],
                        [
                            34.635772705078125,
                            28.826628497913532
                        ],
                        [
                            34.663238525390625,
                            28.851890877683992
                        ],
                        [
                            34.66461181640625,
                            28.94086176940557
                        ],
                        [
                            34.69757080078125,
                            28.97811068204261
                        ],
                        [
                            34.6893310546875,
                            29.028555562818426
                        ],
                        [
                            34.704437255859375,
                            29.119774134878384
                        ],
                        [
                            34.740142822265625,
                            29.16655229520015
                        ],
                        [
                            34.759368896484375,
                            29.249261450389792
                        ],
                        [
                            34.79095458984375,
                            29.31394375890849
                        ],
                        [
                            34.839019775390625,
                            29.401319510041485
                        ],
                        [
                            34.90928831091583,
                            29.49068247685372
                        ],
                        [
                            34.90641980200286,
                            29.499498746075858
                        ],
                        [
                            34.88629807877237,
                            29.5358101953737
                        ],
                        [
                            34.87801973912485,
                            29.579998203790197
                        ],
                        [
                            34.86785888671875,
                            29.596147812456916
                        ],
                        [
                            34.87953186035156,
                            29.64628817811431
                        ],
                        [
                            34.8541259765625,
                            29.68924576848234
                        ],
                        [
                            34.84588623046875,
                            29.77689383842361
                        ],
                        [
                            34.836273193359375,
                            29.78523727825047
                        ],
                        [
                            34.79988098144531,
                            29.87637380707133
                        ],
                        [
                            34.704437255859375,
                            30.12553046717681
                        ],
                        [
                            34.61929321289051,
                            30.344139297008034
                        ],
                        [
                            34.61448669433594,
                            30.36724717325868
                        ],
                        [
                            34.583587646484375,
                            30.385907241796573
                        ],
                        [
                            34.57981109619129,
                            30.391830328088137
                        ],
                        [
                            34.5684814453125,
                            30.393903323454275
                        ],
                        [
                            34.55577850341797,
                            30.404267640371323
                        ],
                        [
                            34.55268859863281,
                            30.402787091011795
                        ],
                        [
                            34.54753875732422,
                            30.404267640371323
                        ],
                        [
                            34.546852111816406,
                            30.409893523193663
                        ],
                        [
                            34.54273223876953,
                            30.413150465068853
                        ],
                        [
                            34.54170227050781,
                            30.426473186476493
                        ],
                        [
                            34.53655242919922,
                            30.430913689372137
                        ],
                        [
                            34.541358947753906,
                            30.44808173174511
                        ],
                        [
                            34.53826904296875,
                            30.454001045389525
                        ],
                        [
                            34.544105529785156,
                            30.452817211422317
                        ],
                        [
                            34.54464454573301,
                            30.45795745599626
                        ],
                        [
                            34.55575643470007,
                            30.47444612490917
                        ],
                        [
                            34.555487170497884,
                            30.48334534989089
                        ],
                        [
                            34.558046886821586,
                            30.494115622352727
                        ],
                        [
                            34.53277587890625,
                            30.51849823745538
                        ],
                        [
                            34.525483702579464,
                            30.526726449480186
                        ],
                        [
                            34.52015533550647,
                            30.53733890106176
                        ],
                        [
                            34.51557933255083,
                            30.554701893132624
                        ],
                        [
                            34.52024656148862,
                            30.562216168307074
                        ],
                        [
                            34.5200337008643,
                            30.566893740400378
                        ],
                        [
                            34.51788253835875,
                            30.57304147046781
                        ],
                        [
                            34.51698303222656,
                            30.577336774956887
                        ],
                        [
                            34.51972078677139,
                            30.58187177356611
                        ],
                        [
                            34.519916479965275,
                            30.596132686712746
                        ],
                        [
                            34.51454936428911,
                            30.613431913273367
                        ],
                        [
                            34.50153350830078,
                            30.660359565846754
                        ],
                        [
                            34.49999493275121,
                            30.67453427248429
                        ],
                        [
                            34.50157667064812,
                            30.6816655670543
                        ],
                        [
                            34.49604034423828,
                            30.68132558242116
                        ],
                        [
                            34.47956085205078,
                            30.712618489700507
                        ],
                        [
                            34.404029846191406,
                            30.85566874784864
                        ],
                        [
                            34.37175750732422,
                            30.939924331023445
                        ],
                        [
                            34.309959411621094,
                            31.10262754116744
                        ],
                        [
                            34.26767165796292,
                            31.220294434859607
                        ],
                        [
                            34.24065162823911,
                            31.29582985019248
                        ],
                        [
                            34.235458374023324,
                            31.29644789686595
                        ],
                        [
                            34.210778568144065,
                            31.33586542164081
                        ],
                        [
                            34.1400146484375,
                            31.33252503230784
                        ],
                        [
                            33.94775390625,
                            31.24333365856142
                        ],
                        [
                            33.57421875,
                            31.158758795329728
                        ],
                        [
                            33.4149169921875,
                            31.22454577964161
                        ],
                        [
                            33.145751953125,
                            31.266813252320688
                        ],
                        [
                            33.033142089843636,
                            31.238637039097664
                        ],
                        [
                            32.83538818359375,
                            31.158758795329728
                        ],
                        [
                            32.62115478515625,
                            31.1046852937585
                        ],
                        [
                            32.4151611328125,
                            31.29028700498854
                        ],
                        [
                            32.135009765625,
                            31.372399104880525
                        ],
                        [
                            32.080078125,
                            31.505971031689416
                        ],
                        [
                            31.81640625,
                            31.573855555238104
                        ],
                        [
                            31.5252685546875,
                            31.482551133122485
                        ],
                        [
                            31.12152099609375,
                            31.672083485607402
                        ],
                        [
                            30.58319091796875,
                            31.52470272697062
                        ],
                        [
                            30.352478027343636,
                            31.531726144517158
                        ],
                        [
                            30.289306640624886,
                            31.42631945695719
                        ],
                        [
                            30.15472412109375,
                            31.360673191606306
                        ],
                        [
                            30.02288818359375,
                            31.372399104880525
                        ],
                        [
                            29.4818115234375,
                            31.062345409804408
                        ],
                        [
                            29.0863037109375,
                            30.90693797089463
                        ],
                        [
                            28.5699462890625,
                            31.1046852937585
                        ],
                        [
                            28.0645751953125,
                            31.16580958786196
                        ],
                        [
                            27.8997802734375,
                            31.348945815579977
                        ],
                        [
                            27.542724609374886,
                            31.273855991548853
                        ],
                        [
                            27.4053955078125,
                            31.409912194070973
                        ],
                        [
                            26.6583251953125,
                            31.53640812943961
                        ],
                        [
                            26.21337890625,
                            31.63467554954133
                        ],
                        [
                            25.8673095703125,
                            31.68143311662596
                        ]
                    ]
                ],
                "type": "Polygon"
            }
        },
        {
            "type": "Feature",
            "properties": {},
            "geometry": {
                "coordinates": [
                    [
                        [
                            33.67584228515625,
                            27.806283691459722
                        ],
                        [
                            33.666915893554574,
                            27.79535068974912
                        ],
                        [
                            33.672409057617074,
                            27.769836075830344
                        ],
                        [
                            33.696441650390625,
                            27.741884632507087
                        ],
                        [
                            33.71635437011719,
                            27.75343066373347
                        ],
                        [
                            33.71635437011719,
                            27.786846483587688
                        ],
                        [
                            33.67584228515625,
                            27.806283691459722
                        ]
                    ]
                ],
                "type": "Polygon"
            }
        },
        {
            "type": "Feature",
            "properties": {},
            "geometry": {
                "coordinates": [
                    [
                        [
                            33.674468994140625,
                            27.726690621616687
                        ],
                        [
                            33.662109375,
                            27.716965343027596
                        ],
                        [
                            33.671722412109375,
                            27.69994401852316
                        ],
                        [
                            33.68614196777344,
                            27.67744748160599
                        ],
                        [
                            33.695068359375,
                            27.647039394312074
                        ],
                        [
                            33.7115478515625,
                            27.64582289489237
                        ],
                        [
                            33.72734069824219,
                            27.663460812092808
                        ],
                        [
                            33.74244689941406,
                            27.66467711529239
                        ],
                        [
                            33.74862670898426,
                            27.69933606496217
                        ],
                        [
                            33.739013671875,
                            27.712102378458727
                        ],
                        [
                            33.723907470703125,
                            27.710886603438063
                        ],
                        [
                            33.715667724609375,
                            27.690824359526705
                        ],
                        [
                            33.704681396484375,
                            27.695688272477106
                        ],
                        [
                            33.6895751953125,
                            27.72182809075538
                        ],
                        [
                            33.674468994140625,
                            27.726690621616687
                        ]
                    ]
                ],
                "type": "Polygon"
            }
        },
        {
            "type": "Feature",
            "properties": {},
            "geometry": {
                "coordinates": [
                    [
                        [
                            33.62709045410156,
                            27.69021635517035
                        ],
                        [
                            33.61335754394531,
                            27.676839402769925
                        ],
                        [
                            33.62777709960926,
                            27.65251347426449
                        ],
                        [
                            33.64768981933594,
                            27.64582289489237
                        ],
                        [
                            33.641510009765625,
                            27.660419994878637
                        ],
                        [
                            33.641510009765625,
                            27.681095883537264
                        ],
                        [
                            33.62709045410156,
                            27.69021635517035
                        ]
                    ]
                ],
                "type": "Polygon"
            }
        },
        {
            "type": "Feature",
            "properties": {},
            "geometry": {
                "coordinates": [
                    [
                        [
                            33.810081481933594,
                            27.685352198428955
                        ],
                        [
                            33.794288635253906,
                            27.684440144917044
                        ],
                        [
                            33.777122497558594,
                            27.674407053577543
                        ],
                        [
                            33.778839111328125,
                            27.66376488916165
                        ],
                        [
                            33.782615661621094,
                            27.647039394312074
                        ],
                        [
                            33.77471923828125,
                            27.633048834227715
                        ],
                        [
                            33.756866455078125,
                            27.63274467174991
                        ],
                        [
                            33.74244689941406,
                            27.6169270582043
                        ],
                        [
                            33.732833862304574,
                            27.59045786519549
                        ],
                        [
                            33.74279022216797,
                            27.572808185356415
                        ],
                        [
                            33.74725341796875,
                            27.558199406352188
                        ],
                        [
                            33.762359619140625,
                            27.546328341892554
                        ],
                        [
                            33.78639221191406,
                            27.536891452314634
                        ],
                        [
                            33.79291534423828,
                            27.545415129939936
                        ],
                        [
                            33.797035217285156,
                            27.560938700521174
                        ],
                        [
                            33.810768127441406,
                            27.575242792800026
                        ],
                        [
                            33.80218505859375,
                            27.588327882132045
                        ],
                        [
                            33.78810882568348,
                            27.59532624252964
                        ],
                        [
                            33.782958984374886,
                            27.609017394554392
                        ],
                        [
                            33.802528381347656,
                            27.611755419683686
                        ],
                        [
                            33.81763458251953,
                            27.620881675830503
                        ],
                        [
                            33.825531005859375,
                            27.633048834227715
                        ],
                        [
                            33.816947937011605,
                            27.652209365899882
                        ],
                        [
                            33.80115509033192,
                            27.66680561332162
                        ],
                        [
                            33.813514709472656,
                            27.675319190871114
                        ],
                        [
                            33.810081481933594,
                            27.685352198428955
                        ]
                    ]
                ],
                "type": "Polygon"
            }
        },
        {
            "type": "Feature",
            "properties": {},
            "geometry": {
                "coordinates": [
                    [
                        [
                            33.77566337585449,
                            27.694624310037746
                        ],
                        [
                            33.77274513244629,
                            27.693104345706033
                        ],
                        [
                            33.77274513244629,
                            27.69280035030002
                        ],
                        [
                            33.77274513244629,
                            27.689532346222144
                        ],
                        [
                            33.77901077270508,
                            27.685960229871625
                        ],
                        [
                            33.7803840637207,
                            27.688544325731623
                        ],
                        [
                            33.77566337585449,
                            27.694624310037746
                        ]
                    ]
                ],
                "type": "Polygon"
            }
        },
        {
            "type": "Feature",
            "properties": {},
            "geometry": {
                "coordinates": [
                    [
                        [
                            33.66176605224598,
                            27.647191455788242
                        ],
                        [
                            33.66279602050781,
                            27.642021247006774
                        ],
                        [
                            33.66983413696278,
                            27.631223846681277
                        ],
                        [
                            33.676700592041016,
                            27.630463426222377
                        ],
                        [
                            33.68185043334961,
                            27.63533002586612
                        ],
                        [
                            33.671722412109375,
                            27.646735270725532
                        ],
                        [
                            33.66176605224598,
                            27.647191455788242
                        ]
                    ]
                ],
                "type": "Polygon"
            }
        },
        {
            "type": "Feature",
            "properties": {},
            "geometry": {
                "coordinates": [
                    [
                        [
                            33.7141227722168,
                            27.720726393473367
                        ],
                        [
                            33.713822364807015,
                            27.71905483151249
                        ],
                        [
                            33.71528148651123,
                            27.718750908402928
                        ],
                        [
                            33.71562480926514,
                            27.720346495277806
                        ],
                        [
                            33.7141227722168,
                            27.720726393473367
                        ]
                    ]
                ],
                "type": "Polygon"
            }
        },
        {
            "type": "Feature",
            "properties": {},
            "geometry": {
                "coordinates": [
                    [
                        [
                            33.87351036071766,
                            27.564058368962822
                        ],
                        [
                            33.87351036071766,
                            27.56375401496904
                        ],
                        [
                            33.872480392456055,
                            27.56010170122112
                        ],
                        [
                            33.87814521789551,
                            27.558503775746193
                        ],
                        [
                            33.88226509094238,
                            27.559873427577205
                        ],
                        [
                            33.87951850891113,
                            27.562384411553854
                        ],
                        [
                            33.87351036071766,
                            27.564058368962822
                        ]
                    ]
                ],
                "type": "Polygon"
            }
        },
        {
            "type": "Feature",
            "properties": {},
            "geometry": {
                "coordinates": [
                    [
                        [
                            33.85479927062988,
                            27.55546004383634
                        ],
                        [
                            33.85213851928711,
                            27.555383949457532
                        ],
                        [
                            33.852996826171875,
                            27.55279670920263
                        ],
                        [
                            33.855228424072266,
                            27.55043770172714
                        ],
                        [
                            33.85668754577637,
                            27.551503066216533
                        ],
                        [
                            33.85479927062988,
                            27.55546004383634
                        ]
                    ]
                ],
                "type": "Polygon"
            }
        },
        {
            "type": "Feature",
            "properties": {},
            "geometry": {
                "coordinates": [
                    [
                        [
                            33.92681121826172,
                            27.54084895630426
                        ],
                        [
                            33.91754150390625,
                            27.53354268376982
                        ],
                        [
                            33.910675048828125,
                            27.52562700706048
                        ],
                        [
                            33.924407958984375,
                            27.50248560761655
                        ],
                        [
                            33.94775390625,
                            27.49578587297129
                        ],
                        [
                            33.97212982177723,
                            27.489694851258268
                        ],
                        [
                            34.01470184326172,
                            27.447657620512906
                        ],
                        [
                            34.035987854003906,
                            27.44125924530304
                        ],
                        [
                            34.043197631835824,
                            27.45466493898314
                        ],
                        [
                            34.023284912109375,
                            27.508271413876017
                        ],
                        [
                            33.98895263671875,
                            27.520146589303053
                        ],
                        [
                            33.96217346191406,
                            27.540544537980857
                        ],
                        [
                            33.92681121826172,
                            27.54084895630426
                        ]
                    ]
                ],
                "type": "Polygon"
            }
        },
        {
            "type": "Feature",
            "properties": {},
            "geometry": {
                "coordinates": [
                    [
                        [
                            36.184501647949105,
                            23.63383071857914
                        ],
                        [
                            36.18175506591797,
                            23.5923065800113
                        ],
                        [
                            36.22123718261719,
                            23.60740778883866
                        ],
                        [
                            36.184501647949105,
                            23.63383071857914
                        ]
                    ]
                ],
                "type": "Polygon"
            }
        },
        {
            "type": "Feature",
            "properties": {},
            "geometry": {
                "coordinates": [
                    [
                        [
                            36.24183654785156,
                            23.567448722411452
                        ],
                        [
                            36.24252319335926,
                            23.560210740100597
                        ],
                        [
                            36.249046325683594,
                            23.560840145696922
                        ],
                        [
                            36.25007629394531,
                            23.56618997152585
                        ],
                        [
                            36.24183654785156,
                            23.567448722411452
                        ]
                    ]
                ],
                "type": "Polygon"
            }
        },
        {
            "type": "Feature",
            "properties": {},
            "geometry": {
                "coordinates": [
                    [
                        [
                            35.60497283935547,
                            23.833088639680096
                        ],
                        [
                            35.59776306152344,
                            23.828691915436455
                        ],
                        [
                            35.595703125,
                            23.818327618730915
                        ],
                        [
                            35.595703125,
                            23.8120458239552
                        ],
                        [
                            35.603256225585824,
                            23.815814937298633
                        ],
                        [
                            35.60497283935547,
                            23.833088639680096
                        ]
                    ]
                ],
                "type": "Polygon"
            }
        },
        {
            "type": "Feature",
            "properties": {},
            "geometry": {
                "coordinates": [
                    [
                        [
                            35.6671142578125,
                            23.72469742804084
                        ],
                        [
                            35.648231506347656,
                            23.72375449976146
                        ],
                        [
                            35.64720153808594,
                            23.720297037726205
                        ],
                        [
                            35.66230773925781,
                            23.71149581161786
                        ],
                        [
                            35.6671142578125,
                            23.72469742804084
                        ]
                    ]
                ],
                "type": "Polygon"
            }
        },
        {
            "type": "Feature",
            "properties": {},
            "geometry": {
                "coordinates": [
                    [
                        [
                            35.714149475097656,
                            23.710552787882357
                        ],
                        [
                            35.706939697265625,
                            23.710238445122357
                        ],
                        [
                            35.7007598876952,
                            23.704265788783243
                        ],
                        [
                            35.70281982421875,
                            23.691062104790806
                        ],
                        [
                            35.71037292480469,
                            23.70049344392525
                        ],
                        [
                            35.714149475097656,
                            23.710552787882357
                        ]
                    ]
                ],
                "type": "Polygon"
            }
        }
    ]
}