{
    "type": "FeatureCollection",
    "features": [
        {
            "type": "Feature",
            "properties": {},
            "geometry": {
                "coordinates": [
                    [
                        [
                            -89.392864481385,
                            14.449718236413155
                        ],
                        [
                            -89.41724922867637,
                            14.420970297761217
                        ],
                        [
                            -89.439697265625,
                            14.41473022788048
                        ],
                        [
                            -89.47040257268807,
                            14.428303181750312
                        ],
                        [
                            -89.48997649017441,
                            14.416954036082025
                        ],
                        [
                            -89.50877572352302,
                            14.407480933294844
                        ],
                        [
                            -89.52933113919669,
                            14.378781009870764
                        ],
                        [
                            -89.54410270987108,
                            14.415924073670277
                        ],
                        [
                            -89.57516031096043,
                            14.416571765248097
                        ],
                        [
                            -89.58075903767336,
                            14.394214375152318
                        ],
                        [
                            -89.57861092301233,
                            14.370356242715488
                        ],
                        [
                            -89.5636807990999,
                            14.353129718172383
                        ],
                        [
                            -89.58928049343166,
                            14.345640180453383
                        ],
                        [
                            -89.59202700570921,
                            14.311507475129966
                        ],
                        [
                            -89.56839922671,
                            14.31813768098542
                        ],
                        [
                            -89.54787018426002,
                            14.30224869684153
                        ],
                        [
                            -89.54980706898883,
                            14.273473335768491
                        ],
                        [
                            -89.5203694205368,
                            14.236192360393462
                        ],
                        [
                            -89.52357371973697,
                            14.221155817687901
                        ],
                        [
                            -89.53723625479306,
                            14.21813620374742
                        ],
                        [
                            -89.55004924497446,
                            14.220597610617508
                        ],
                        [
                            -89.55898881446886,
                            14.21066857682774
                        ],
                        [
                            -89.5923616362066,
                            14.201324097856379
                        ],
                        [
                            -89.62889459832152,
                            14.20366293897959
                        ],
                        [
                            -89.66650168752152,
                            14.18454504413113
                        ],
                        [
                            -89.67234672708548,
                            14.17406509570869
                        ],
                        [
                            -89.71402987927954,
                            14.137715097241093
                        ],
                        [
                            -89.72782440252547,
                            14.116765023759624
                        ],
                        [
                            -89.7391450821312,
                            14.080876327069893
                        ],
                        [
                            -89.7473321166538,
                            14.055906447330129
                        ],
                        [
                            -89.73537736360323,
                            14.03319146770311
                        ],
                        [
                            -89.7771043258495,
                            14.033943049247204
                        ],
                        [
                            -89.81784519964118,
                            14.061851402294783
                        ],
                        [
                            -89.85478341149347,
                            14.05561718955034
                        ],
                        [
                            -89.86383299439764,
                            14.04224391878682
                        ],
                        [
                            -89.895101790543,
                            14.043303273798246
                        ],
                        [
                            -89.90948608890264,
                            14.012932074347791
                        ],
                        [
                            -89.923095703125,
                            14.007363918807133
                        ],
                        [
                            -89.96033716054367,
                            13.978338465618155
                        ],
                        [
                            -89.96319501466975,
                            13.96916298087858
                        ],
                        [
                            -89.99319123639071,
                            13.955252946874054
                        ],
                        [
                            -89.99951679559919,
                            13.956136784065588
                        ],
                        [
                            -90.00995884876927,
                            13.945331777919343
                        ],
                        [
                            -90.02406000768181,
                            13.93837395476665
                        ],
                        [
                            -90.02745204144713,
                            13.929425413900237
                        ],
                        [
                            -90.03109126725948,
                            13.927914435476755
                        ],
                        [
                            -90.0280975351877,
                            13.919711614763132
                        ],
                        [
                            -90.03777922928666,
                            13.917125386237661
                        ],
                        [
                            -90.03609008923502,
                            13.89750339912731
                        ],
                        [
                            -90.03936796332223,
                            13.897234106758596
                        ],
                        [
                            -90.04042110898874,
                            13.893845372415022
                        ],
                        [
                            -90.04876642003492,
                            13.893096184727476
                        ],
                        [
                            -90.05439261856638,
                            13.889707425461348
                        ],
                        [
                            -90.06737535995653,
                            13.888029196390779
                        ],
                        [
                            -90.06626815468258,
                            13.881551626369895
                        ],
                        [
                            -90.08123359138285,
                            13.876395678971903
                        ],
                        [
                            -90.08730011440029,
                            13.862360468347037
                        ],
                        [
                            -90.09819630712337,
                            13.855710228804174
                        ],
                        [
                            -90.09542526792954,
                            13.846085127298135
                        ],
                        [
                            -90.09883402990506,
                            13.838860111291925
                        ],
                        [
                            -90.11222188576005,
                            13.834200917794055
                        ],
                        [
                            -90.1132896246071,
                            13.82680299635721
                        ],
                        [
                            -90.10508766170078,
                            13.817245771648698
                        ],
                        [
                            -90.10630130925358,
                            13.80730626233489
                        ],
                        [
                            -90.1150654705724,
                            13.806057317167294
                        ],
                        [
                            -90.11116661766529,
                            13.799911616534335
                        ],
                        [
                            -90.1174026386761,
                            13.797366753021082
                        ],
                        [
                            -90.11303386093817,
                            13.795878209770546
                        ],
                        [
                            -90.11805838097713,
                            13.787907967692497
                        ],
                        [
                            -90.11412218932122,
                            13.776876860441366
                        ],
                        [
                            -90.10672530901071,
                            13.781690787079382
                        ],
                        [
                            -90.10441474675123,
                            13.779795124641968
                        ],
                        [
                            -90.1043289129125,
                            13.773818122605187
                        ],
                        [
                            -90.09649429178481,
                            13.766666137368892
                        ],
                        [
                            -90.10110510683388,
                            13.763810443496151
                        ],
                        [
                            -90.10052488890169,
                            13.757593424487398
                        ],
                        [
                            -90.09331725324616,
                            13.75763119958508
                        ],
                        [
                            -90.09377257104082,
                            13.752626845049242
                        ],
                        [
                            -90.10234616007851,
                            13.747300151921902
                        ],
                        [
                            -90.1020208354334,
                            13.740172516283126
                        ],
                        [
                            -90.10614496762969,
                            13.742889618942407
                        ],
                        [
                            -90.10929312588941,
                            13.744393377072754
                        ],
                        [
                            -90.11599643998967,
                            13.740222849135971
                        ],
                        [
                            -90.11380084040707,
                            13.744936606329352
                        ],
                        [
                            -90.11781417083073,
                            13.749321636440168
                        ],
                        [
                            -90.12002473790697,
                            13.743811157587064
                        ],
                        [
                            -90.12568183229459,
                            13.74239470385978
                        ],
                        [
                            -90.12809710738455,
                            13.746284876119603
                        ],
                        [
                            -90.13416361779952,
                            13.747582100656057
                        ],
                        [
                            -90.13863368518045,
                            13.738651349536644
                        ],
                        [
                            -90.04188537597656,
                            13.696693336737654
                        ],
                        [
                            -89.84756469726562,
                            13.595936801163843
                        ],
                        [
                            -89.84481811523438,
                            13.553886614976653
                        ],
                        [
                            -89.81254577636719,
                            13.51516716592339
                        ],
                        [
                            -89.68482971191406,
                            13.520508153934646
                        ],
                        [
                            -89.56947326660156,
                            13.493802017602025
                        ],
                        [
                            -89.36897277832031,
                            13.474438200382698
                        ],
                        [
                            -89.29893493652344,
                            13.472434957338379
                        ],
                        [
                            -89.10186767578125,
                            13.37826364685014
                        ],
                        [
                            -88.93295288085949,
                            13.290738146556912
                        ],
                        [
                            -88.74961853027344,
                            13.225240385217575
                        ],
                        [
                            -88.50242614746094,
                            13.172428352471007
                        ],
                        [
                            -88.41522216796875,
                            13.151032891510475
                        ],
                        [
                            -88.35136413574219,
                            13.164405273565496
                        ],
                        [
                            -88.29093933105469,
                            13.150364253259132
                        ],
                        [
                            -88.13095092773438,
                            13.156381931881313
                        ],
                        [
                            -88.04168701171875,
                            13.159725022841753
                        ],
                        [
                            -87.92427062988281,
                            13.154041741079057
                        ],
                        [
                            -87.90452957153332,
                            13.152370162543688
                        ],
                        [
                            -87.89405822753906,
                            13.155713308217418
                        ],
                        [
                            -87.89654731750488,
                            13.17025546122301
                        ],
                        [
                            -87.9059886932373,
                            13.173849078628908
                        ],
                        [
                            -87.91276931762695,
                            13.177442643278578
                        ],
                        [
                            -87.91397094726562,
                            13.187554483847634
                        ],
                        [
                            -87.90976524353027,
                            13.191899939779542
                        ],
                        [
                            -87.9067611694336,
                            13.199002922547585
                        ],
                        [
                            -87.90066719055176,
                            13.203849545203568
                        ],
                        [
                            -87.88744926452637,
                            13.210868621273727
                        ],
                        [
                            -87.8807544708252,
                            13.210617943460635
                        ],
                        [
                            -87.87337303161621,
                            13.21621635327962
                        ],
                        [
                            -87.86247253417969,
                            13.222065300943527
                        ],
                        [
                            -87.85835266113281,
                            13.229835828692034
                        ],
                        [
                            -87.83878326416016,
                            13.232342397703176
                        ],
                        [
                            -87.8203296661377,
                            13.244457117680135
                        ],
                        [
                            -87.7991294860841,
                            13.264925446774104
                        ],
                        [
                            -87.79123306274425,
                            13.274783047575648
                        ],
                        [
                            -87.78685569763184,
                            13.283053098923494
                        ],
                        [
                            -87.78488159179688,
                            13.288983972342638
                        ],
                        [
                            -87.77732849121094,
                            13.288816907470162
                        ],
                        [
                            -87.77853012084961,
                            13.29717001012572
                        ],
                        [
                            -87.78264999389648,
                            13.303267593342289
                        ],
                        [
                            -87.7891731262207,
                            13.309030921357767
                        ],
                        [
                            -87.80196189880371,
                            13.318218551989082
                        ],
                        [
                            -87.81054496765137,
                            13.321058294546802
                        ],
                        [
                            -87.81148910522461,
                            13.32874213671501
                        ],
                        [
                            -87.81595230102539,
                            13.334922441309196
                        ],
                        [
                            -87.82299041748047,
                            13.338346596101768
                        ],
                        [
                            -87.82891273498535,
                            13.341520159660119
                        ],
                        [
                            -87.83397674560547,
                            13.341019073448415
                        ],
                        [
                            -87.84092903137207,
                            13.343190439526364
                        ],
                        [
                            -87.85243034362793,
                            13.352126240604578
                        ],
                        [
                            -87.86221504211426,
                            13.356301735203267
                        ],
                        [
                            -87.86710739135742,
                            13.362314320497216
                        ],
                        [
                            -87.86667823791504,
                            13.367575209688894
                        ],
                        [
                            -87.86084175109875,
                            13.37141642135745
                        ],
                        [
                            -87.85612106323242,
                            13.375007063866363
                        ],
                        [
                            -87.84530639648438,
                            13.380184175153818
                        ],
                        [
                            -87.84539222717285,
                            13.387365145296295
                        ],
                        [
                            -87.85097122192383,
                            13.38970308935882
                        ],
                        [
                            -87.85646438598633,
                            13.390287571826326
                        ],
                        [
                            -87.86384582519531,
                            13.392959473601616
                        ],
                        [
                            -87.85869598388672,
                            13.403813769430139
                        ],
                        [
                            -87.84187316894531,
                            13.406986471063451
                        ],
                        [
                            -87.82613221161186,
                            13.412863600974346
                        ],
                        [
                            -87.80883691764282,
                            13.41041420501769
                        ],
                        [
                            -87.79051275944086,
                            13.413768755441792
                        ],
                        [
                            -87.78311641584473,
                            13.42992168874833
                        ],
                        [
                            -87.77622788019359,
                            13.424289864780722
                        ],
                        [
                            -87.77324946722409,
                            13.432929293945632
                        ],
                        [
                            -87.75505004918122,
                            13.440770529141213
                        ],
                        [
                            -87.74672143631993,
                            13.435998440844429
                        ],
                        [
                            -87.7404461358106,
                            13.443874576008234
                        ],
                        [
                            -87.73089988489555,
                            13.447462253309524
                        ],
                        [
                            -87.72152474334285,
                            13.442562532438993
                        ],
                        [
                            -87.72185371372433,
                            13.461896706723756
                        ],
                        [
                            -87.71688491803654,
                            13.46680087707246
                        ],
                        [
                            -87.72203365531642,
                            13.476984611527577
                        ],
                        [
                            -87.72407813543872,
                            13.492338865875151
                        ],
                        [
                            -87.72120018907638,
                            13.506338598594704
                        ],
                        [
                            -87.73887634277344,
                            13.511828987642952
                        ],
                        [
                            -87.74599614980961,
                            13.506189404666145
                        ],
                        [
                            -87.74969376959308,
                            13.515856280757653
                        ],
                        [
                            -87.7550897866733,
                            13.518007226066093
                        ],
                        [
                            -87.76014358502877,
                            13.515832555195772
                        ],
                        [
                            -87.76118238551935,
                            13.509154116814367
                        ],
                        [
                            -87.76668548583984,
                            13.507823112015922
                        ],
                        [
                            -87.78235524086412,
                            13.51324790507506
                        ],
                        [
                            -87.77886074727435,
                            13.520336420934344
                        ],
                        [
                            -87.79274820636321,
                            13.522853383238743
                        ],
                        [
                            -87.78161395347729,
                            13.534106380466486
                        ],
                        [
                            -87.78665560751739,
                            13.543060050206034
                        ],
                        [
                            -87.78656398067837,
                            13.5553407410266
                        ],
                        [
                            -87.77890257071735,
                            13.567241423859576
                        ],
                        [
                            -87.78332633308554,
                            13.570714256209763
                        ],
                        [
                            -87.77261166586196,
                            13.576314740768227
                        ],
                        [
                            -87.77180130688564,
                            13.58413166927613
                        ],
                        [
                            -87.76840209960938,
                            13.596604204326937
                        ],
                        [
                            -87.76084899902344,
                            13.59994119193663
                        ],
                        [
                            -87.75514138824461,
                            13.60388637209406
                        ],
                        [
                            -87.75284122979781,
                            13.65710558599763
                        ],
                        [
                            -87.75518881613222,
                            13.688746848770064
                        ],
                        [
                            -87.7487471319589,
                            13.693674242012023
                        ],
                        [
                            -87.73305326358152,
                            13.715826665929592
                        ],
                        [
                            -87.72611360540859,
                            13.733853781059391
                        ],
                        [
                            -87.7368514665547,
                            13.745182068418622
                        ],
                        [
                            -87.7309799194336,
                            13.75005680956885
                        ],
                        [
                            -87.72927259076145,
                            13.759193889251886
                        ],
                        [
                            -87.720943151462,
                            13.76481171067751
                        ],
                        [
                            -87.70770717526311,
                            13.80100717246986
                        ],
                        [
                            -87.71444167181744,
                            13.8164396913696
                        ],
                        [
                            -87.74591601929104,
                            13.83450908068832
                        ],
                        [
                            -87.74725837253004,
                            13.858405878058324
                        ],
                        [
                            -87.78121742743095,
                            13.876533040980204
                        ],
                        [
                            -87.80002131203015,
                            13.893318901401432
                        ],
                        [
                            -87.79594112301702,
                            13.910641561601091
                        ],
                        [
                            -87.8040726057107,
                            13.921356501471733
                        ],
                        [
                            -87.83170648489359,
                            13.918848669638775
                        ],
                        [
                            -87.8486880736084,
                            13.896318165656838
                        ],
                        [
                            -87.89934287901141,
                            13.90340993242095
                        ],
                        [
                            -87.91171177204289,
                            13.898189573649452
                        ],
                        [
                            -87.913839513476,
                            13.892726690502744
                        ],
                        [
                            -87.91959370145456,
                            13.89537949595072
                        ],
                        [
                            -87.91910798283268,
                            13.886668193563542
                        ],
                        [
                            -87.92361794791785,
                            13.885231350106789
                        ],
                        [
                            -87.93391554252001,
                            13.89486663606557
                        ],
                        [
                            -87.95217644354021,
                            13.89248620736429
                        ],
                        [
                            -87.95919705622018,
                            13.90295698523371
                        ],
                        [
                            -87.98572696884325,
                            13.888049542604573
                        ],
                        [
                            -88.01275644983691,
                            13.872899270954207
                        ],
                        [
                            -88.01697194946708,
                            13.892750266901523
                        ],
                        [
                            -88.06425546039902,
                            13.946979114684629
                        ],
                        [
                            -88.07307220678965,
                            13.992480766189775
                        ],
                        [
                            -88.10880225542162,
                            14.00087233840549
                        ],
                        [
                            -88.16341745574809,
                            13.98530143136659
                        ],
                        [
                            -88.19807469222276,
                            13.996415631902195
                        ],
                        [
                            -88.21795823786117,
                            13.99415023631315
                        ],
                        [
                            -88.2278496432249,
                            14.000131987925252
                        ],
                        [
                            -88.23761917460747,
                            13.993778706552298
                        ],
                        [
                            -88.23454428833509,
                            13.968197199211772
                        ],
                        [
                            -88.21965044939424,
                            13.953447995722804
                        ],
                        [
                            -88.22728945496395,
                            13.93796887721171
                        ],
                        [
                            -88.23660422485854,
                            13.939719329590966
                        ],
                        [
                            -88.26561724920184,
                            13.936690223184737
                        ],
                        [
                            -88.2640518720871,
                            13.916690235887193
                        ],
                        [
                            -88.2808715324573,
                            13.909755423272188
                        ],
                        [
                            -88.28860782118593,
                            13.914555733042604
                        ],
                        [
                            -88.31669897284472,
                            13.899916707590464
                        ],
                        [
                            -88.31542803402111,
                            13.890715371079082
                        ],
                        [
                            -88.34473166773148,
                            13.895682373162012
                        ],
                        [
                            -88.3494573303378,
                            13.890780047564004
                        ],
                        [
                            -88.34958673357285,
                            13.881415864082964
                        ],
                        [
                            -88.35575501637717,
                            13.870973933471458
                        ],
                        [
                            -88.36480853957839,
                            13.86985086436125
                        ],
                        [
                            -88.37700610964585,
                            13.885452630482503
                        ],
                        [
                            -88.3873099983576,
                            13.885322438121012
                        ],
                        [
                            -88.39423600172633,
                            13.88098725146963
                        ],
                        [
                            -88.40247522205803,
                            13.8827076369839
                        ],
                        [
                            -88.41448994115966,
                            13.878850492901833
                        ],
                        [
                            -88.41895366272223,
                            13.88519224575952
                        ],
                        [
                            -88.42405134878244,
                            13.878633297986532
                        ],
                        [
                            -88.43111886028713,
                            13.879404850219053
                        ],
                        [
                            -88.43769391543087,
                            13.870933503584872
                        ],
                        [
                            -88.44000101544371,
                            13.859593576264409
                        ],
                        [
                            -88.44395860698793,
                            13.864643458501753
                        ],
                        [
                            -88.45054263245895,
                            13.864593489415933
                        ],
                        [
                            -88.45159930780035,
                            13.85929397189869
                        ],
                        [
                            -88.46553161115241,
                            13.86240071405183
                        ],
                        [
                            -88.46682420123334,
                            13.848055849205995
                        ],
                        [
                            -88.472056442204,
                            13.854111245113906
                        ],
                        [
                            -88.49200049336402,
                            13.860800702704429
                        ],
                        [
                            -88.49676004191761,
                            13.869079146591407
                        ],
                        [
                            -88.49216205666986,
                            13.87607355135593
                        ],
                        [
                            -88.50540671655959,
                            13.908814319568961
                        ],
                        [
                            -88.51124014309764,
                            13.912388524868128
                        ],
                        [
                            -88.50660585882815,
                            13.923579517637233
                        ],
                        [
                            -88.50722444241138,
                            13.943374213158874
                        ],
                        [
                            -88.49755151983551,
                            13.950538227430865
                        ],
                        [
                            -88.49921714609468,
                            13.96741798737029
                        ],
                        [
                            -88.52794566083854,
                            13.985479205487827
                        ],
                        [
                            -88.56832802929463,
                            13.978581063259746
                        ],
                        [
                            -88.57834178205754,
                            13.997590974645334
                        ],
                        [
                            -88.59262348995058,
                            14.009274056572488
                        ],
                        [
                            -88.607397654205,
                            14.005029194215513
                        ],
                        [
                            -88.62250012270063,
                            14.016392787721255
                        ],
                        [
                            -88.62775393739038,
                            14.022874458704091
                        ],
                        [
                            -88.63969624085871,
                            14.017128980818871
                        ],
                        [
                            -88.65295176129078,
                            14.017754029431867
                        ],
                        [
                            -88.66239098163223,
                            14.024418947388465
                        ],
                        [
                            -88.6703936342114,
                            14.0094359402575
                        ],
                        [
                            -88.68332085040215,
                            14.010698187112052
                        ],
                        [
                            -88.68225433503774,
                            14.02118562908269
                        ],
                        [
                            -88.70196016417934,
                            14.036090771964197
                        ],
                        [
                            -88.71083952806728,
                            14.036279289471302
                        ],
                        [
                            -88.72400199647188,
                            14.050035071036154
                        ],
                        [
                            -88.73920067421201,
                            14.058201775292748
                        ],
                        [
                            -88.73120583992761,
                            14.10173814700866
                        ],
                        [
                            -88.74261687858736,
                            14.116821697977311
                        ],
                        [
                            -88.75033620389229,
                            14.115392586865129
                        ],
                        [
                            -88.75397134139871,
                            14.10955211674218
                        ],
                        [
                            -88.76454064150123,
                            14.110050089386629
                        ],
                        [
                            -88.7668641544536,
                            14.105092149248083
                        ],
                        [
                            -88.77125994588286,
                            14.106472772208742
                        ],
                        [
                            -88.77447231745747,
                            14.10258625719738
                        ],
                        [
                            -88.78174954296733,
                            14.10604324597829
                        ],
                        [
                            -88.78344755719327,
                            14.104553030852717
                        ],
                        [
                            -88.82263050072339,
                            14.108975266858351
                        ],
                        [
                            -88.83168570331775,
                            14.103812366789693
                        ],
                        [
                            -88.83054219993213,
                            14.112492583810472
                        ],
                        [
                            -88.84039771307825,
                            14.131066762378838
                        ],
                        [
                            -88.84687803832504,
                            14.131732237204865
                        ],
                        [
                            -88.849851430764,
                            14.147855956463967
                        ],
                        [
                            -88.85856344052453,
                            14.152850443085457
                        ],
                        [
                            -88.86130898319536,
                            14.173015714502498
                        ],
                        [
                            -88.88216597041526,
                            14.189491901661519
                        ],
                        [
                            -88.90104298396993,
                            14.192166589182914
                        ],
                        [
                            -88.90302295763516,
                            14.20596808882054
                        ],
                        [
                            -88.92419773386437,
                            14.208020077946196
                        ],
                        [
                            -88.93102596679081,
                            14.203272705896982
                        ],
                        [
                            -88.97148887346043,
                            14.21243304567477
                        ],
                        [
                            -88.97433195546965,
                            14.21757566206201
                        ],
                        [
                            -88.97008249190954,
                            14.223620353389945
                        ],
                        [
                            -88.98978609133178,
                            14.25717040594523
                        ],
                        [
                            -89.01428456026142,
                            14.270550918577719
                        ],
                        [
                            -89.02603054625533,
                            14.271263316915098
                        ],
                        [
                            -89.02550939114732,
                            14.282975900931753
                        ],
                        [
                            -89.02180011530598,
                            14.289127212791154
                        ],
                        [
                            -89.0244670809325,
                            14.300067374443998
                        ],
                        [
                            -89.02267067753152,
                            14.313787934435343
                        ],
                        [
                            -89.03414174119689,
                            14.317518796523967
                        ],
                        [
                            -89.0366860668073,
                            14.33206137468601
                        ],
                        [
                            -89.0655315223388,
                            14.335513716922696
                        ],
                        [
                            -89.08258093115501,
                            14.340819365403114
                        ],
                        [
                            -89.08261990302512,
                            14.347118891563442
                        ],
                        [
                            -89.08584699562934,
                            14.349711978936863
                        ],
                        [
                            -89.08110378639903,
                            14.355702700189244
                        ],
                        [
                            -89.08146157034281,
                            14.370341349195341
                        ],
                        [
                            -89.08958775965924,
                            14.395230746354915
                        ],
                        [
                            -89.10233320548426,
                            14.404554592152477
                        ],
                        [
                            -89.11268502402909,
                            14.402460580465998
                        ],
                        [
                            -89.11680845849877,
                            14.39231699697923
                        ],
                        [
                            -89.1244388257755,
                            14.387731908629856
                        ],
                        [
                            -89.12630945324659,
                            14.38072348904384
                        ],
                        [
                            -89.14822299637241,
                            14.353427548982854
                        ],
                        [
                            -89.16861739522939,
                            14.366236605889902
                        ],
                        [
                            -89.18846105333813,
                            14.36627328727334
                        ],
                        [
                            -89.21149283218102,
                            14.374339804891564
                        ],
                        [
                            -89.21228507544407,
                            14.385531306474032
                        ],
                        [
                            -89.25912543495956,
                            14.39531801445887
                        ],
                        [
                            -89.30002145812693,
                            14.415368334713587
                        ],
                        [
                            -89.32164115713637,
                            14.411014600806862
                        ],
                        [
                            -89.35592779250543,
                            14.420621219249922
                        ],
                        [
                            -89.37860347895884,
                            14.436692197692835
                        ],
                        [
                            -89.38418461189687,
                            14.429325978348135
                        ],
                        [
                            -89.392864481385,
                            14.449718236413155
                        ]
                    ]
                ],
                "type": "Polygon"
            }
        },
        {
            "type": "Feature",
            "properties": {},
            "geometry": {
                "coordinates": [
                    [
                        [
                            -87.75835990905773,
                            13.323898003779394
                        ],
                        [
                            -87.76582717895508,
                            13.320223079606539
                        ],
                        [
                            -87.76926040649414,
                            13.318302074304617
                        ],
                        [
                            -87.77157783508312,
                            13.314042399467569
                        ],
                        [
                            -87.76960372924805,
                            13.29717001012572
                        ],
                        [
                            -87.77174949645996,
                            13.294747639977237
                        ],
                        [
                            -87.77106285095215,
                            13.29090521010616
                        ],
                        [
                            -87.76702880859375,
                            13.29082167834592
                        ],
                        [
                            -87.7628231048584,
                            13.289485166269705
                        ],
                        [
                            -87.75424003601074,
                            13.290738146556912
                        ],
                        [
                            -87.74943351745605,
                            13.294413518057494
                        ],
                        [
                            -87.75089263916016,
                            13.29909118303323
                        ],
                        [
                            -87.7507209777832,
                            13.307360405609643
                        ],
                        [
                            -87.74574279785156,
                            13.308863870301405
                        ],
                        [
                            -87.74102210998535,
                            13.313040112142843
                        ],
                        [
                            -87.74007797241211,
                            13.317550372427247
                        ],
                        [
                            -87.74308204650879,
                            13.320390122825199
                        ],
                        [
                            -87.74642944335949,
                            13.320640687437008
                        ],
                        [
                            -87.74986267089844,
                            13.319471383695648
                        ],
                        [
                            -87.75372505187988,
                            13.316798668215363
                        ],
                        [
                            -87.7573299407959,
                            13.318385596591323
                        ],
                        [
                            -87.75835990905773,
                            13.323898003779394
                        ]
                    ]
                ],
                "type": "Polygon"
            }
        },
        {
            "type": "Feature",
            "properties": {},
            "geometry": {
                "coordinates": [
                    [
                        [
                            -87.74402618408214,
                            13.302849955550155
                        ],
                        [
                            -87.74711608886719,
                            13.300260585174211
                        ],
                        [
                            -87.747802734375,
                            13.298088833850661
                        ],
                        [
                            -87.74548530578613,
                            13.29641824266964
                        ],
                        [
                            -87.7412796020509,
                            13.298506479847086
                        ],
                        [
                            -87.74213790893555,
                            13.301597037855169
                        ],
                        [
                            -87.74402618408214,
                            13.302849955550155
                        ]
                    ]
                ],
                "type": "Polygon"
            }
        },
        {
            "type": "Feature",
            "properties": {},
            "geometry": {
                "coordinates": [
                    [
                        [
                            -87.7426528930664,
                            13.29082167834592
                        ],
                        [
                            -87.74514198303234,
                            13.285726186578177
                        ],
                        [
                            -87.74874687194824,
                            13.281967148653584
                        ],
                        [
                            -87.74651527404785,
                            13.2759525668876
                        ],
                        [
                            -87.74024963378906,
                            13.277122080567008
                        ],
                        [
                            -87.73286819458008,
                            13.279711697953314
                        ],
                        [
                            -87.73355484008789,
                            13.282718960896405
                        ],
                        [
                            -87.73415565490723,
                            13.287730982994756
                        ],
                        [
                            -87.7372455596925,
                            13.289652230681952
                        ],
                        [
                            -87.7426528930664,
                            13.29082167834592
                        ]
                    ]
                ],
                "type": "Polygon"
            }
        },
        {
            "type": "Feature",
            "properties": {},
            "geometry": {
                "coordinates": [
                    [
                        [
                            -87.77475357055664,
                            13.249804112685796
                        ],
                        [
                            -87.7818775177002,
                            13.244122926592132
                        ],
                        [
                            -87.7822208404541,
                            13.238525157676479
                        ],
                        [
                            -87.77990341186523,
                            13.226911465595856
                        ],
                        [
                            -87.77655601501465,
                            13.218890175328857
                        ],
                        [
                            -87.76891708374023,
                            13.212957593036728
                        ],
                        [
                            -87.7617073059082,
                            13.212623358756245
                        ],
                        [
                            -87.75775909423828,
                            13.216299910662245
                        ],
                        [
                            -87.75604248046875,
                            13.224906167767365
                        ],
                        [
                            -87.75029182434082,
                            13.223569293385058
                        ],
                        [
                            -87.74900436401367,
                            13.229167405934861
                        ],
                        [
                            -87.74917602539074,
                            13.236352854486555
                        ],
                        [
                            -87.75312423706055,
                            13.23752255861166
                        ],
                        [
                            -87.75424003601074,
                            13.2405303434237
                        ],
                        [
                            -87.75999069213867,
                            13.24880156007061
                        ],
                        [
                            -87.77475357055664,
                            13.249804112685796
                        ]
                    ]
                ],
                "type": "Polygon"
            }
        },
        {
            "type": "Feature",
            "properties": {},
            "geometry": {
                "coordinates": [
                    [
                        [
                            -87.7199935913086,
                            13.219558626261724
                        ],
                        [
                            -87.72857666015625,
                            13.215547893188281
                        ],
                        [
                            -87.72994995117188,
                            13.208528951673102
                        ],
                        [
                            -87.72771835327148,
                            13.20067418260245
                        ],
                        [
                            -87.73149490356445,
                            13.195994625638177
                        ],
                        [
                            -87.72977828979492,
                            13.19198350548278
                        ],
                        [
                            -87.73080825805675,
                            13.188473721351187
                        ],
                        [
                            -87.72909164428711,
                            13.18496388683676
                        ],
                        [
                            -87.73029327392578,
                            13.182289693397331
                        ],
                        [
                            -87.725830078125,
                            13.178111207624287
                        ],
                        [
                            -87.72531509399414,
                            13.172595497152834
                        ],
                        [
                            -87.7261734008789,
                            13.165742471635616
                        ],
                        [
                            -87.72394180297852,
                            13.164405273565496
                        ],
                        [
                            -87.71690368652344,
                            13.164739573767363
                        ],
                        [
                            -87.71295547485352,
                            13.1677482550529
                        ],
                        [
                            -87.70969390869152,
                            13.166411067933177
                        ],
                        [
                            -87.70917892456055,
                            13.160393635561435
                        ],
                        [
                            -87.7042007446289,
                            13.160393635561435
                        ],
                        [
                            -87.70145416259766,
                            13.164238123293474
                        ],
                        [
                            -87.69372940063477,
                            13.164906723697234
                        ],
                        [
                            -87.68909454345703,
                            13.168751140601348
                        ],
                        [
                            -87.68943786621094,
                            13.165073873513025
                        ],
                        [
                            -87.6808547973634,
                            13.16407097290741
                        ],
                        [
                            -87.68205642700195,
                            13.170756899376459
                        ],
                        [
                            -87.68548965454102,
                            13.177609784536234
                        ],
                        [
                            -87.69115447998047,
                            13.175436939282593
                        ],
                        [
                            -87.69218444824219,
                            13.183125381987821
                        ],
                        [
                            -87.69338607788086,
                            13.192484899102244
                        ],
                        [
                            -87.69733428955078,
                            13.203849545203568
                        ],
                        [
                            -87.703857421875,
                            13.215380777879282
                        ],
                        [
                            -87.7199935913086,
                            13.219558626261724
                        ]
                    ]
                ],
                "type": "Polygon"
            }
        }
    ]
}