{
    "type": "FeatureCollection",
    "features": [
        {
            "type": "Feature",
            "properties": {},
            "geometry": {
                "coordinates": [
                    [
                        [
                            9.818344116210938,
                            2.3511007789125795
                        ],
                        [
                            9.75860595703125,
                            2.3394375828714224
                        ],
                        [
                            9.768218994140625,
                            2.302389142619243
                        ],
                        [
                            9.781951904296875,
                            2.148696612364129
                        ],
                        [
                            9.746246337890625,
                            2.1088986592431382
                        ],
                        [
                            9.779205322265625,
                            1.9579318145300846
                        ],
                        [
                            9.768218994140625,
                            1.9071489490958786
                        ],
                        [
                            9.732513427734261,
                            1.864599987320306
                        ],
                        [
                            9.713287353515625,
                            1.786362132001665
                        ],
                        [
                            9.6624755859375,
                            1.750673573853698
                        ],
                        [
                            9.592437744140625,
                            1.6738036204848048
                        ],
                        [
                            9.580078124999886,
                            1.6010489221228235
                        ],
                        [
                            9.5526123046875,
                            1.5063266895717826
                        ],
                        [
                            9.53338623046875,
                            1.5063266895717826
                        ],
                        [
                            9.529266357421875,
                            1.4720060101903352
                        ],
                        [
                            9.444122314453125,
                            1.4019901993378632
                        ],
                        [
                            9.449615478515625,
                            1.33883688455388
                        ],
                        [
                            9.422149658203011,
                            1.3058866783157643
                        ],
                        [
                            9.383697509765625,
                            1.2852925793638545
                        ],
                        [
                            9.3548583984375,
                            1.205660524693437
                        ],
                        [
                            9.326019287109375,
                            1.1782006476145548
                        ],
                        [
                            9.38232421875,
                            1.087581167162357
                        ],
                        [
                            9.446868896484375,
                            1.1081767506977553
                        ],
                        [
                            9.499053955078125,
                            1.1219070603263213
                        ],
                        [
                            9.52789306640625,
                            1.1150419135172274
                        ],
                        [
                            9.564971923828125,
                            1.0230474408858183
                        ],
                        [
                            9.586944580078125,
                            1.02167436848739
                        ],
                        [
                            9.636383056640625,
                            1.0408973283066083
                        ],
                        [
                            9.6624755859375,
                            1.0601201709472332
                        ],
                        [
                            9.67620849609375,
                            1.0656123898763876
                        ],
                        [
                            9.69818115234375,
                            1.0697315476496112
                        ],
                        [
                            9.727020263671875,
                            1.06698544308055
                        ],
                        [
                            9.75860595703125,
                            1.0587471146907559
                        ],
                        [
                            9.779205322265625,
                            1.0354050659349445
                        ],
                        [
                            9.795684814453011,
                            0.9997051308419692
                        ],
                        [
                            9.83929567197859,
                            1.005235153325338
                        ],
                        [
                            9.874380022760974,
                            0.9904403882011796
                        ],
                        [
                            9.886686675012292,
                            0.9798930892404593
                        ],
                        [
                            9.89237402532805,
                            0.9536534710442286
                        ],
                        [
                            9.921973477555632,
                            0.9415532963950264
                        ],
                        [
                            9.950055884883147,
                            0.9206807255046737
                        ],
                        [
                            9.993555690051569,
                            0.935856403730996
                        ],
                        [
                            9.984918044014774,
                            0.9768745521475289
                        ],
                        [
                            9.996848247478567,
                            0.999629725226107
                        ],
                        [
                            11.334419381337057,
                            0.9992380226319328
                        ],
                        [
                            11.335561959579223,
                            2.1195944802029
                        ],
                        [
                            11.365009191730564,
                            2.1772308133487646
                        ],
                        [
                            11.35711669921875,
                            2.1775151734461176
                        ],
                        [
                            10.86822509765625,
                            2.1733982697221115
                        ],
                        [
                            10.1898193359375,
                            2.1733982697221115
                        ],
                        [
                            10.174713134765623,
                            2.1637921174107735
                        ],
                        [
                            10.1568603515625,
                            2.1733982697221115
                        ],
                        [
                            10.12115478515625,
                            2.155558224128649
                        ],
                        [
                            10.108795166015625,
                            2.1624198049638905
                        ],
                        [
                            10.046997070312498,
                            2.172025965984948
                        ],
                        [
                            10.031890869140625,
                            2.161047491275904
                        ],
                        [
                            9.946746826171875,
                            2.1926103907087064
                        ],
                        [
                            9.908294677734375,
                            2.19947180282785
                        ],
                        [
                            9.8712158203125,
                            2.2351506349126393
                        ],
                        [
                            9.84649658203125,
                            2.2584786340574547
                        ],
                        [
                            9.836883544921875,
                            2.296900402511997
                        ],
                        [
                            9.83001708984375,
                            2.33806543577458
                        ],
                        [
                            9.82452392578125,
                            2.3490425749158272
                        ],
                        [
                            9.818344116210938,
                            2.3511007789125795
                        ]
                    ]
                ],
                "type": "Polygon"
            }
        },
        {
            "type": "Feature",
            "properties": {},
            "geometry": {
                "coordinates": [
                    [
                        [
                            9.516906738281136,
                            1.0093166905895439
                        ],
                        [
                            9.503173828125,
                            1.0038243741947595
                        ],
                        [
                            9.494247436523438,
                            0.990093542958559
                        ],
                        [
                            9.490814208984375,
                            0.968124095022725
                        ],
                        [
                            9.513473510742188,
                            0.9694971897227194
                        ],
                        [
                            9.514846801757812,
                            0.9852877385504372
                        ],
                        [
                            9.526519775390625,
                            0.999018589780164
                        ],
                        [
                            9.516906738281136,
                            1.0093166905895439
                        ]
                    ]
                ],
                "type": "Polygon"
            }
        },
        {
            "type": "Feature",
            "properties": {},
            "geometry": {
                "coordinates": [
                    [
                        [
                            9.328079223632812,
                            0.9406620852966898
                        ],
                        [
                            9.308853149414062,
                            0.9386024257764903
                        ],
                        [
                            9.29168701171875,
                            0.8912299274053905
                        ],
                        [
                            9.301986694335938,
                            0.8733792609738106
                        ],
                        [
                            9.347991943359375,
                            0.8795583474978542
                        ],
                        [
                            9.366531372070312,
                            0.8905433649005147
                        ],
                        [
                            9.345245361328125,
                            0.907707388901788
                        ],
                        [
                            9.3438720703125,
                            0.9269309989943929
                        ],
                        [
                            9.328079223632812,
                            0.9406620852966898
                        ]
                    ]
                ],
                "type": "Polygon"
            }
        },
        {
            "type": "Feature",
            "properties": {},
            "geometry": {
                "coordinates": [
                    [
                        [
                            8.720741271972656,
                            3.7921464336064883
                        ],
                        [
                            8.707523345947266,
                            3.7919751480577375
                        ],
                        [
                            8.688640594482422,
                            3.783753401834242
                        ],
                        [
                            8.676109313964844,
                            3.760115447396889
                        ],
                        [
                            8.628902435302734,
                            3.6994760343002473
                        ],
                        [
                            8.60830307006836,
                            3.6730948773002683
                        ],
                        [
                            8.604354858398438,
                            3.644828486751665
                        ],
                        [
                            8.60177993774414,
                            3.593261454408213
                        ],
                        [
                            8.600234985351562,
                            3.5689331357309206
                        ],
                        [
                            8.582725524902344,
                            3.5463175009986707
                        ],
                        [
                            8.566417694091797,
                            3.54700283140946
                        ],
                        [
                            8.562984466552734,
                            3.5427195080095513
                        ],
                        [
                            8.570365905761719,
                            3.5358661493439993
                        ],
                        [
                            8.566761016845703,
                            3.5171904901812794
                        ],
                        [
                            8.579635620117188,
                            3.5021126207252737
                        ],
                        [
                            8.559722900390625,
                            3.466987098499992
                        ],
                        [
                            8.541698455810547,
                            3.4738409617941186
                        ],
                        [
                            8.501014709472656,
                            3.4738409617941186
                        ],
                        [
                            8.476810455322266,
                            3.4788099815663336
                        ],
                        [
                            8.452606201171875,
                            3.4668157512808078
                        ],
                        [
                            8.43252182006836,
                            3.433573805430382
                        ],
                        [
                            8.415355682373047,
                            3.387821402321977
                        ],
                        [
                            8.412609100341797,
                            3.3626309519569997
                        ],
                        [
                            8.417930603027344,
                            3.326129350152451
                        ],
                        [
                            8.429088592529297,
                            3.307620978418619
                        ],
                        [
                            8.43475341796875,
                            3.277972589620052
                        ],
                        [
                            8.451061248779297,
                            3.267861088056153
                        ],
                        [
                            8.45895767211914,
                            3.265804498987707
                        ],
                        [
                            8.496894836425781,
                            3.2515796427492862
                        ],
                        [
                            8.50341796875,
                            3.2541504147798626
                        ],
                        [
                            8.5638427734375,
                            3.2352979345920176
                        ],
                        [
                            8.572769165039062,
                            3.2412964891479743
                        ],
                        [
                            8.585987091064453,
                            3.241639262620417
                        ],
                        [
                            8.624439239501953,
                            3.228271011252635
                        ],
                        [
                            8.657054901123047,
                            3.212503104078515
                        ],
                        [
                            8.677825927734261,
                            3.204961844910741
                        ],
                        [
                            8.702888488769531,
                            3.2313560079790022
                        ],
                        [
                            8.70992660522461,
                            3.2467808507631157
                        ],
                        [
                            8.725719451904297,
                            3.2695749090602817
                        ],
                        [
                            8.762798309326172,
                            3.3079637291894457
                        ],
                        [
                            8.775501251220703,
                            3.3434377908244373
                        ],
                        [
                            8.776016235351562,
                            3.364344608719728
                        ],
                        [
                            8.769149780273438,
                            3.3893636535443257
                        ],
                        [
                            8.776187896728516,
                            3.3931335906240574
                        ],
                        [
                            8.801937103271484,
                            3.4088986225131213
                        ],
                        [
                            8.813438415527344,
                            3.4308321498413354
                        ],
                        [
                            8.830089569091797,
                            3.464074191553031
                        ],
                        [
                            8.833694458007812,
                            3.4746976912084464
                        ],
                        [
                            8.859100341796761,
                            3.5233586392724643
                        ],
                        [
                            8.870429992675781,
                            3.550258143919881
                        ],
                        [
                            8.899269104003906,
                            3.5869224477702284
                        ],
                        [
                            8.922443389892464,
                            3.6141627314282783
                        ],
                        [
                            8.933773040771484,
                            3.6321511499212433
                        ],
                        [
                            8.941154479980469,
                            3.6691547673074063
                        ],
                        [
                            8.93463134765625,
                            3.7200322358784814
                        ],
                        [
                            8.928966522216797,
                            3.7273980915530562
                        ],
                        [
                            8.91592025756836,
                            3.759258987716435
                        ],
                        [
                            8.899097442626953,
                            3.767994836955116
                        ],
                        [
                            8.893089294433594,
                            3.7698790282386434
                        ],
                        [
                            8.867168426513558,
                            3.768337417492072
                        ],
                        [
                            8.825969696044922,
                            3.7650828969455423
                        ],
                        [
                            8.78133773803711,
                            3.769365158293423
                        ],
                        [
                            8.743228912353516,
                            3.7671383850225566
                        ],
                        [
                            8.731040954589844,
                            3.769365158293423
                        ],
                        [
                            8.734302520751953,
                            3.783753401834242
                        ],
                        [
                            8.720741271972656,
                            3.7921464336064883
                        ]
                    ]
                ],
                "type": "Polygon"
            }
        }
    ]
}