{
    "type": "FeatureCollection",
    "features": [
        {
            "type": "Feature",
            "geometry": {
                "type": "Polygon",
                "coordinates": [
                    [
                        [
                            31.41815185546875,
                            -25.71949790260446
                        ],
                        [
                            31.309661865234375,
                            -25.74424009303626
                        ],
                        [
                            31.291809082031246,
                            -25.780107118422233
                        ],
                        [
                            31.131134033203125,
                            -25.91729099501283
                        ],
                        [
                            31.102294921875,
                            -26.006189922544344
                        ],
                        [
                            31.05422973632812,
                            -26.092554970388317
                        ],
                        [
                            30.970458984375,
                            -26.246619716222096
                        ],
                        [
                            30.901794433593746,
                            -26.310650616574282
                        ],
                        [
                            30.84823608398437,
                            -26.384488478587258
                        ],
                        [
                            30.805664062500004,
                            -26.466885003671486
                        ],
                        [
                            30.787811279296875,
                            -26.622907579744325
                        ],
                        [
                            30.80291748046875,
                            -26.8179430155512
                        ],
                        [
                            30.808410644531246,
                            -26.842452086767693
                        ],
                        [
                            30.87844848632812,
                            -26.80691220379828
                        ],
                        [
                            30.890808105468746,
                            -26.786073298224665
                        ],
                        [
                            30.90728759765625,
                            -26.85838013872656
                        ],
                        [
                            30.974578857421875,
                            -26.906150838533303
                        ],
                        [
                            30.973205566406254,
                            -26.956349533411863
                        ],
                        [
                            30.956726074218746,
                            -26.988171269702267
                        ],
                        [
                            30.985565185546875,
                            -27.03955660216318
                        ],
                        [
                            31.059722900390625,
                            -27.092141037744
                        ],
                        [
                            31.146240234375,
                            -27.199678736492334
                        ],
                        [
                            31.4923095703125,
                            -27.31443407662588
                        ],
                        [
                            31.977081298828125,
                            -27.318094530276976
                        ],
                        [
                            31.97433471679687,
                            -27.12147976230783
                        ],
                        [
                            31.999053955078125,
                            -26.920845451974085
                        ],
                        [
                            32.010040283203125,
                            -26.815491816810276
                        ],
                        [
                            32.02926635742187,
                            -26.80691220379828
                        ],
                        [
                            32.05261230468749,
                            -26.8179430155512
                        ],
                        [
                            32.09930419921874,
                            -26.803235028047382
                        ],
                        [
                            32.12591102106376,
                            -26.840283230042814
                        ],
                        [
                            32.135758478218406,
                            -26.53984185332782
                        ],
                        [
                            32.07558389565577,
                            -26.41803850490517
                        ],
                        [
                            32.07008487025851,
                            -26.311562909786087
                        ],
                        [
                            32.10379647478433,
                            -26.167322159599856
                        ],
                        [
                            32.082937124129494,
                            -26.01612502617948
                        ],
                        [
                            32.00437603789976,
                            -25.99439158365631
                        ],
                        [
                            31.97874734954373,
                            -25.970796578400815
                        ],
                        [
                            31.97379142412653,
                            -25.953330324033814
                        ],
                        [
                            31.868591308593746,
                            -26.00001855669683
                        ],
                        [
                            31.41815185546875,
                            -25.71949790260446
                        ]
                    ]
                ]
            },
            "properties": {}
        }
    ]
}