{
    "type": "FeatureCollection",
    "features": [
        {
            "type": "Feature",
            "geometry": {
                "type": "Polygon",
                "coordinates": [
                    [
                        [
                            11.660614013671875,
                            2.3174830687583046
                        ],
                        [
                            11.613922119140625,
                            2.302389142619243
                        ],
                        [
                            11.557617187499998,
                            2.30925003801887
                        ],
                        [
                            11.504058837890625,
                            2.296900402511997
                        ],
                        [
                            11.36810302734375,
                            2.2927838335884942
                        ],
                        [
                            11.377716064453125,
                            2.248873032494986
                        ],
                        [
                            11.358489990234375,
                            2.236522880456262
                        ],
                        [
                            11.35711669921875,
                            2.1775151734461176
                        ],
                        [
                            11.365009191730564,
                            2.1772308133487646
                        ],
                        [
                            11.335561959579223,
                            2.1195944802029
                        ],
                        [
                            11.334419381337057,
                            0.9992380226319328
                        ],
                        [
                            9.996848247478567,
                            0.999629725226107
                        ],
                        [
                            9.984918044014774,
                            0.9768745521475289
                        ],
                        [
                            9.993555690051569,
                            0.935856403730996
                        ],
                        [
                            9.950055884883147,
                            0.9206807255046737
                        ],
                        [
                            9.921973477555632,
                            0.9415532963950264
                        ],
                        [
                            9.89237402532805,
                            0.9536534710442286
                        ],
                        [
                            9.886686675012292,
                            0.9798930892404593
                        ],
                        [
                            9.874380022760974,
                            0.9904403882011796
                        ],
                        [
                            9.83929567197859,
                            1.005235153325338
                        ],
                        [
                            9.795684814453011,
                            0.9997051308419692
                        ],
                        [
                            9.779205322265625,
                            1.0354050659349445
                        ],
                        [
                            9.75860595703125,
                            1.0587471146907559
                        ],
                        [
                            9.727020263671875,
                            1.06698544308055
                        ],
                        [
                            9.69818115234375,
                            1.0697315476496112
                        ],
                        [
                            9.67620849609375,
                            1.0656123898763876
                        ],
                        [
                            9.6624755859375,
                            1.0601201709472332
                        ],
                        [
                            9.636383056640625,
                            1.0408973283066083
                        ],
                        [
                            9.586944580078125,
                            1.02167436848739
                        ],
                        [
                            9.564971923828125,
                            1.0230474408858183
                        ],
                        [
                            9.547119140625,
                            0.9475276082358396
                        ],
                        [
                            9.54986572265625,
                            0.8294388013837057
                        ],
                        [
                            9.580078124999886,
                            0.686629072209557
                        ],
                        [
                            9.453735351562386,
                            0.7113464708253319
                        ],
                        [
                            9.332885742187386,
                            0.6921218386632358
                        ],
                        [
                            9.266967773437386,
                            0.5987439850125229
                        ],
                        [
                            9.264221191406136,
                            0.3488137632611333
                        ],
                        [
                            9.261474609375,
                            0.09063716922855582
                        ],
                        [
                            9.269714355468636,
                            -0.16204812380265493
                        ],
                        [
                            9.2120361328125,
                            -0.3680394611934528
                        ],
                        [
                            9.11865234375,
                            -0.5383221578577079
                        ],
                        [
                            8.90167236328125,
                            -0.6619115458012323
                        ],
                        [
                            8.79730224609375,
                            -0.6262082358143821
                        ],
                        [
                            8.67645263671875,
                            -0.5712795966325395
                        ],
                        [
                            8.668212890625,
                            -0.6783899107121523
                        ],
                        [
                            8.7286376953125,
                            -0.9063342699592115
                        ],
                        [
                            8.90716552734375,
                            -1.2413579498795597
                        ],
                        [
                            9.16259765625,
                            -1.8096965844979593
                        ],
                        [
                            9.41802978515625,
                            -2.180259769681343
                        ],
                        [
                            9.5361328125,
                            -2.438228596940692
                        ],
                        [
                            9.84100341796875,
                            -2.7318134936852414
                        ],
                        [
                            10.41778564453125,
                            -3.1816521475691357
                        ],
                        [
                            10.6182861328125,
                            -3.4585910482810767
                        ],
                        [
                            10.9918212890625,
                            -3.8724755890318225
                        ],
                        [
                            11.135416595234942,
                            -3.973046591719164
                        ],
                        [
                            11.178108609831696,
                            -3.909531246251863
                        ],
                        [
                            11.194919425461876,
                            -3.864115602919872
                        ],
                        [
                            11.220027583879471,
                            -3.8228898112378626
                        ],
                        [
                            11.20018700247428,
                            -3.7643174416067176
                        ],
                        [
                            11.220488642337072,
                            -3.7113522365581266
                        ],
                        [
                            11.238447019478855,
                            -3.6881555465467053
                        ],
                        [
                            11.2774658203125,
                            -3.662131049890822
                        ],
                        [
                            11.300029744684366,
                            -3.6164755162360174
                        ],
                        [
                            11.342480930920487,
                            -3.590104628445663
                        ],
                        [
                            11.432647705078125,
                            -3.5881217226705777
                        ],
                        [
                            11.457118997991387,
                            -3.5612892967895804
                        ],
                        [
                            11.47306441265198,
                            -3.5174379672291263
                        ],
                        [
                            11.477346355581005,
                            -3.466476153694901
                        ],
                        [
                            11.493272587252108,
                            -3.4144896493116508
                        ],
                        [
                            11.568434991684427,
                            -3.4136582399267246
                        ],
                        [
                            11.608476643770473,
                            -3.454240180073513
                        ],
                        [
                            11.635751709310028,
                            -3.4952871613895775
                        ],
                        [
                            11.670465494246656,
                            -3.5396036108901967
                        ],
                        [
                            11.725998084082818,
                            -3.645485022000837
                        ],
                        [
                            11.749286661565634,
                            -3.6724064536242014
                        ],
                        [
                            11.852540935006857,
                            -3.7385039054262443
                        ],
                        [
                            11.909516735382311,
                            -3.7063884444585455
                        ],
                        [
                            11.927671427517424,
                            -3.6712612978851675
                        ],
                        [
                            11.90579414865445,
                            -3.633474123910088
                        ],
                        [
                            11.887569536993396,
                            -3.61123765789709
                        ],
                        [
                            11.862398869641169,
                            -3.579593537867992
                        ],
                        [
                            11.854438801648115,
                            -3.5563658464886445
                        ],
                        [
                            11.86248779296875,
                            -3.517533166202176
                        ],
                        [
                            11.871722547561772,
                            -3.503334259094271
                        ],
                        [
                            11.90636641297422,
                            -3.5031076015782454
                        ],
                        [
                            11.932484400131612,
                            -3.4896432082278253
                        ],
                        [
                            11.964095551352074,
                            -3.4142870082116934
                        ],
                        [
                            11.9647502849393,
                            -3.36384006974147
                        ],
                        [
                            11.972824734121104,
                            -3.3279827856147595
                        ],
                        [
                            11.984529619674419,
                            -3.298718992425756
                        ],
                        [
                            11.984790652346957,
                            -3.2559277208994017
                        ],
                        [
                            11.927630551258062,
                            -3.241563185457835
                        ],
                        [
                            11.852910253183238,
                            -3.204022416961613
                        ],
                        [
                            11.80781718501629,
                            -3.144836366030762
                        ],
                        [
                            11.745239935074494,
                            -3.1093744738915174
                        ],
                        [
                            11.740970541888657,
                            -3.060937449371935
                        ],
                        [
                            11.799551622686806,
                            -3.017714206502897
                        ],
                        [
                            11.632718995119717,
                            -2.797083149468069
                        ],
                        [
                            11.595745196173027,
                            -2.8786335896894886
                        ],
                        [
                            11.561737060546875,
                            -2.868978563877516
                        ],
                        [
                            11.537017822265625,
                            -2.844290042813274
                        ],
                        [
                            11.550750732421873,
                            -2.792168101511883
                        ],
                        [
                            11.612548828125,
                            -2.7030068118137596
                        ],
                        [
                            11.649627685546875,
                            -2.6110952436574415
                        ],
                        [
                            11.59332275390625,
                            -2.4972253455486704
                        ],
                        [
                            11.5960693359375,
                            -2.405299050286773
                        ],
                        [
                            11.574096679687498,
                            -2.3325768339780804
                        ],
                        [
                            11.624908447265625,
                            -2.335321137556577
                        ],
                        [
                            11.65374755859375,
                            -2.355903243095241
                        ],
                        [
                            11.68670654296875,
                            -2.355903243095241
                        ],
                        [
                            11.68670654296875,
                            -2.3929502647502896
                        ],
                        [
                            11.726531982421875,
                            -2.3984386276428595
                        ],
                        [
                            11.743011474609375,
                            -2.4341124474560187
                        ],
                        [
                            11.76361083984375,
                            -2.3902060750621508
                        ],
                        [
                            11.806182861328125,
                            -2.3751129338801293
                        ],
                        [
                            11.888580322265625,
                            -2.3545311121600307
                        ],
                        [
                            11.9146728515625,
                            -2.351786846237024
                        ],
                        [
                            11.95037841796875,
                            -2.3312046801806106
                        ],
                        [
                            11.98271527483449,
                            -2.336456092375258
                        ],
                        [
                            12.042776024007622,
                            -2.414603537324775
                        ],
                        [
                            12.104531433286127,
                            -2.426566373911966
                        ],
                        [
                            12.4872066574423,
                            -2.4225806751966705
                        ],
                        [
                            12.515391992714704,
                            -2.4218613175637387
                        ],
                        [
                            12.502721065638227,
                            -2.336585375988917
                        ],
                        [
                            12.464246841445771,
                            -2.300159509032893
                        ],
                        [
                            12.498321533203125,
                            -2.210449996536631
                        ],
                        [
                            12.484588623046875,
                            -2.15967517634759
                        ],
                        [
                            12.503599800057401,
                            -2.1303424397182757
                        ],
                        [
                            12.47222900390625,
                            -2.071844477055493
                        ],
                        [
                            12.44476318359375,
                            -2.014202920630027
                        ],
                        [
                            12.446136474609375,
                            -1.9661667298513326
                        ],
                        [
                            12.448883056640625,
                            -1.916756634399981
                        ],
                        [
                            12.440643310546875,
                            -1.8893059628373186
                        ],
                        [
                            12.450256347656248,
                            -1.8664869677842653
                        ],
                        [
                            12.476864044219695,
                            -1.8938095125968064
                        ],
                        [
                            12.498321533203125,
                            -1.920874197326819
                        ],
                        [
                            12.527160644531248,
                            -1.8920510496201288
                        ],
                        [
                            12.527160644531248,
                            -1.8769530187180836
                        ],
                        [
                            12.588958740234375,
                            -1.8179322021255016
                        ],
                        [
                            12.638397216796873,
                            -1.8330307367362537
                        ],
                        [
                            12.652130126953125,
                            -1.8247951881212265
                        ],
                        [
                            12.73040771484375,
                            -1.8577371545974832
                        ],
                        [
                            12.7716064453125,
                            -1.9057764182382697
                        ],
                        [
                            12.81829833984375,
                            -1.9044038862866266
                        ],
                        [
                            12.827911376953125,
                            -1.9400893594220445
                        ],
                        [
                            12.84576416015625,
                            -1.9510693541804334
                        ],
                        [
                            12.8485107421875,
                            -1.9963610704462869
                        ],
                        [
                            12.869110107421875,
                            -2.0128304775309442
                        ],
                        [
                            12.873229980468748,
                            -2.0485136203038063
                        ],
                        [
                            12.90069580078125,
                            -2.0787064285136343
                        ],
                        [
                            12.891082763671875,
                            -2.102036839765739
                        ],
                        [
                            12.9144287109375,
                            -2.1130157364105773
                        ],
                        [
                            12.902069091796875,
                            -2.137717969453257
                        ],
                        [
                            12.926788330078123,
                            -2.1898658170467677
                        ],
                        [
                            12.948760986328125,
                            -2.1939826756524683
                        ],
                        [
                            12.96112060546875,
                            -2.180259769681343
                        ],
                        [
                            13.003692626953125,
                            -2.2337783880862476
                        ],
                        [
                            13.011932373046875,
                            -2.2667119562867235
                        ],
                        [
                            13.033905029296873,
                            -2.273573022378629
                        ],
                        [
                            13.017425537109373,
                            -2.2914116413147223
                        ],
                        [
                            13.006439208984375,
                            -2.335321137556577
                        ],
                        [
                            12.98858642578125,
                            -2.365508121744195
                        ],
                        [
                            12.996826171875,
                            -2.3737408219431484
                        ],
                        [
                            13.03802490234375,
                            -2.327088210764743
                        ],
                        [
                            13.121795654296875,
                            -2.3600196277862464
                        ],
                        [
                            13.15338134765625,
                            -2.3737408219431484
                        ],
                        [
                            13.2000732421875,
                            -2.3613917533090936
                        ],
                        [
                            13.270111083984375,
                            -2.3723687086440504
                        ],
                        [
                            13.2989501953125,
                            -2.397066538982145
                        ],
                        [
                            13.38958740234375,
                            -2.4272521703917294
                        ],
                        [
                            13.42254638671875,
                            -2.419019791962254
                        ],
                        [
                            13.459625244140625,
                            -2.4231359874337914
                        ],
                        [
                            13.481597900390625,
                            -2.4327403948333925
                        ],
                        [
                            13.506317138671875,
                            -2.3943223575350774
                        ],
                        [
                            13.558502197265625,
                            -2.3641360002888567
                        ],
                        [
                            13.594207763671875,
                            -2.3284603685731593
                        ],
                        [
                            13.62579345703125,
                            -2.3161109002885927
                        ],
                        [
                            13.624420166015625,
                            -2.2790618517710675
                        ],
                        [
                            13.728790283203123,
                            -2.184376654647316
                        ],
                        [
                            13.726043701171875,
                            -2.1459519590201226
                        ],
                        [
                            13.742523193359373,
                            -2.1281115924775746
                        ],
                        [
                            13.75762939453125,
                            -2.093802616586725
                        ],
                        [
                            13.775482177734375,
                            -2.1185051556509773
                        ],
                        [
                            13.812561035156248,
                            -2.148696612364116
                        ],
                        [
                            13.82080078125,
                            -2.2090777267549297
                        ],
                        [
                            13.87847900390625,
                            -2.2831784600851037
                        ],
                        [
                            13.888092041015625,
                            -2.3325768339780804
                        ],
                        [
                            13.933410644531248,
                            -2.3504147112508176
                        ],
                        [
                            13.90045166015625,
                            -2.3792292615104698
                        ],
                        [
                            13.890838623046875,
                            -2.405299050286773
                        ],
                        [
                            13.8592529296875,
                            -2.414903583998337
                        ],
                        [
                            13.863372802734373,
                            -2.471157337748159
                        ],
                        [
                            13.92242431640625,
                            -2.4889933987096002
                        ],
                        [
                            13.974609375,
                            -2.471157337748159
                        ],
                        [
                            14.006195068359375,
                            -2.471157337748159
                        ],
                        [
                            14.006195068359375,
                            -2.4958533579862623
                        ],
                        [
                            14.041900634765625,
                            -2.4876214025668446
                        ],
                        [
                            14.0570068359375,
                            -2.4752733731473158
                        ],
                        [
                            14.077606201171875,
                            -2.4793893957642683
                        ],
                        [
                            14.083099365234375,
                            -2.4999693163742798
                        ],
                        [
                            14.116058349609375,
                            -2.4944813689918286
                        ],
                        [
                            14.1229248046875,
                            -2.458809155069633
                        ],
                        [
                            14.14764404296875,
                            -2.435484498681974
                        ],
                        [
                            14.14764404296875,
                            -2.3998107149273102
                        ],
                        [
                            14.19158935546875,
                            -2.355903243095241
                        ],
                        [
                            14.256134033203123,
                            -2.3504147112508176
                        ],
                        [
                            14.234161376953125,
                            -2.3147387304897524
                        ],
                        [
                            14.21356201171875,
                            -2.2886672528230743
                        ],
                        [
                            14.187469482421875,
                            -2.2790618517710675
                        ],
                        [
                            14.173736572265625,
                            -2.2447563267360313
                        ],
                        [
                            14.158630371093748,
                            -2.2406396093827206
                        ],
                        [
                            14.18060302734375,
                            -2.2090777267549297
                        ],
                        [
                            14.22454833984375,
                            -2.1898658170467677
                        ],
                        [
                            14.219055175781248,
                            -2.1514412607751456
                        ],
                        [
                            14.24652099609375,
                            -2.1390903041196987
                        ],
                        [
                            14.267120361328125,
                            -2.0292997182390056
                        ],
                        [
                            14.247894287109375,
                            -2.0128304775309442
                        ],
                        [
                            14.26025390625,
                            -1.963421762583793
                        ],
                        [
                            14.302825927734373,
                            -1.9579318145300846
                        ],
                        [
                            14.3206787109375,
                            -1.9332268264771106
                        ],
                        [
                            14.429168701171875,
                            -1.9016588191044044
                        ],
                        [
                            14.426422119140625,
                            -1.8700902342354968
                        ],
                        [
                            14.41680908203125,
                            -1.8495017201443444
                        ],
                        [
                            14.426422119140625,
                            -1.7877347550967717
                        ],
                        [
                            14.41680908203125,
                            -1.7451829657932278
                        ],
                        [
                            14.441528320312498,
                            -1.6998848422406068
                        ],
                        [
                            14.46624755859375,
                            -1.6861579269987852
                        ],
                        [
                            14.455261230468748,
                            -1.6710582084456997
                        ],
                        [
                            14.423675537109373,
                            -1.6724309149453698
                        ],
                        [
                            14.412689208984377,
                            -1.6298765708472964
                        ],
                        [
                            14.387969970703125,
                            -1.6134036787865347
                        ],
                        [
                            14.436035156250002,
                            -1.5749664142187085
                        ],
                        [
                            14.459381103515627,
                            -1.5447652080901106
                        ],
                        [
                            14.481353759765625,
                            -1.5433924157292807
                        ],
                        [
                            14.460754394531248,
                            -1.5035810549524486
                        ],
                        [
                            14.470367431640623,
                            -1.4788701887242113
                        ],
                        [
                            14.473114013671877,
                            -1.4404305182774488
                        ],
                        [
                            14.50469970703125,
                            -1.4047359575424712
                        ],
                        [
                            14.490966796875,
                            -1.3772782313340988
                        ],
                        [
                            14.453887939453125,
                            -1.345701455472609
                        ],
                        [
                            14.447021484374998,
                            -1.3154972002419345
                        ],
                        [
                            14.478607177734373,
                            -1.2784278426751117
                        ],
                        [
                            14.47998046875,
                            -1.205660524693437
                        ],
                        [
                            14.447021484374998,
                            -1.1672166206429195
                        ],
                        [
                            14.453887939453125,
                            -1.1164149441630131
                        ],
                        [
                            14.43328857421875,
                            -1.0752237494085795
                        ],
                        [
                            14.4195556640625,
                            -1.0340319988533222
                        ],
                        [
                            14.43328857421875,
                            -0.9049611504960419
                        ],
                        [
                            14.486846923828125,
                            -0.8459165322899671
                        ],
                        [
                            14.481353759765625,
                            -0.7992294508519651
                        ],
                        [
                            14.47174072265625,
                            -0.7786320384912766
                        ],
                        [
                            14.482727050781252,
                            -0.7182123915862891
                        ],
                        [
                            14.529418945312498,
                            -0.6248350266391767
                        ],
                        [
                            14.503995237947663,
                            -0.5901390818148616
                        ],
                        [
                            14.460905995964822,
                            -0.5310011977115494
                        ],
                        [
                            14.436842195095151,
                            -0.5270955213406012
                        ],
                        [
                            14.433716609477358,
                            -0.48156467151935756
                        ],
                        [
                            14.335570894480723,
                            -0.45112587471879484
                        ],
                        [
                            14.304475652575007,
                            -0.43357680618961003
                        ],
                        [
                            14.278672941623569,
                            -0.4575640920400784
                        ],
                        [
                            14.239654541015625,
                            -0.4378347782801545
                        ],
                        [
                            14.18849053889565,
                            -0.4536717463381335
                        ],
                        [
                            14.18060302734375,
                            -0.40374421719872633
                        ],
                        [
                            14.17143141001597,
                            -0.3573922044760526
                        ],
                        [
                            14.150314824281905,
                            -0.2830216344480176
                        ],
                        [
                            14.081966860890844,
                            -0.2513114500312772
                        ],
                        [
                            14.007532712223423,
                            -0.25020121935611583
                        ],
                        [
                            13.968121923507141,
                            -0.2657219211892811
                        ],
                        [
                            13.94837862879129,
                            -0.23804232508022707
                        ],
                        [
                            13.934783935546875,
                            -0.221099304774852
                        ],
                        [
                            13.909988896548782,
                            -0.16901711600739786
                        ],
                        [
                            14.003582196826414,
                            -0.09158242278744644
                        ],
                        [
                            14.00035854786327,
                            -0.011365331934084628
                        ],
                        [
                            13.935515173675242,
                            0.003451051208486919
                        ],
                        [
                            13.956970609425468,
                            0.03381505278254046
                        ],
                        [
                            13.91998093724348,
                            0.05218505137865288
                        ],
                        [
                            13.913480101228885,
                            0.07394367701674272
                        ],
                        [
                            13.921982896625932,
                            0.1291382777811563
                        ],
                        [
                            13.888948111532812,
                            0.20841431060857218
                        ],
                        [
                            13.969027025697756,
                            0.3529335590553053
                        ],
                        [
                            14.054964722989837,
                            0.4229831642162841
                        ],
                        [
                            14.08815110951656,
                            0.46484945921378984
                        ],
                        [
                            14.066619873046875,
                            0.49585442874471175
                        ],
                        [
                            14.112897116841253,
                            0.5610383836223355
                        ],
                        [
                            14.250600715575471,
                            0.542896617003105
                        ],
                        [
                            14.373590501244792,
                            0.6376575745401031
                        ],
                        [
                            14.354444734156345,
                            0.6750639232134588
                        ],
                        [
                            14.416554910836112,
                            0.7599605222503661
                        ],
                        [
                            14.45444080710186,
                            0.7969111218395264
                        ],
                        [
                            14.48009191661842,
                            0.8201165496832524
                        ],
                        [
                            14.468414503931513,
                            0.8763885211893222
                        ],
                        [
                            14.492340087890623,
                            0.8816180407359536
                        ],
                        [
                            14.491457248329937,
                            0.927572969622831
                        ],
                        [
                            14.432472657265405,
                            0.9672413793697145
                        ],
                        [
                            14.41597978055617,
                            1.0220131794755152
                        ],
                        [
                            14.403076171875,
                            1.0711045990129324
                        ],
                        [
                            14.371793681384105,
                            1.1213409581002602
                        ],
                        [
                            14.344024658203123,
                            1.1452484383931727
                        ],
                        [
                            14.298278019427585,
                            1.2455526330806266
                        ],
                        [
                            14.297332763671875,
                            1.3096667267135262
                        ],
                        [
                            14.272952375410654,
                            1.3445069468686823
                        ],
                        [
                            14.234161376953125,
                            1.3621763466641712
                        ],
                        [
                            14.173736572265625,
                            1.3964986732737172
                        ],
                        [
                            14.1229248046875,
                            1.3964986732737172
                        ],
                        [
                            14.080352783203125,
                            1.3800240182955519
                        ],
                        [
                            14.017181396484375,
                            1.425329040790274
                        ],
                        [
                            13.985595703125,
                            1.4157189580307432
                        ],
                        [
                            13.904571533203125,
                            1.425329040790274
                        ],
                        [
                            13.88397216796875,
                            1.4308204986633148
                        ],
                        [
                            13.844146728515625,
                            1.4239561742738192
                        ],
                        [
                            13.802947998046873,
                            1.4294476354255539
                        ],
                        [
                            13.805694580078125,
                            1.4006173190275208
                        ],
                        [
                            13.79058837890625,
                            1.3951257897508365
                        ],
                        [
                            13.787841796875,
                            1.3662950519144486
                        ],
                        [
                            13.7603759765625,
                            1.3539389150639312
                        ],
                        [
                            13.734283447265625,
                            1.3649221509479303
                        ],
                        [
                            13.69720458984375,
                            1.3415827152334823
                        ],
                        [
                            13.629913330078125,
                            1.3470743673411147
                        ],
                        [
                            13.635406494140625,
                            1.3251076851500867
                        ],
                        [
                            13.60107421875,
                            1.3182430568620136
                        ],
                        [
                            13.553009033203125,
                            1.2770548931316255
                        ],
                        [
                            13.51043701171875,
                            1.270190134428826
                        ],
                        [
                            13.47198486328125,
                            1.2660712704472294
                        ],
                        [
                            13.426666259765623,
                            1.2990219972826829
                        ],
                        [
                            13.38409423828125,
                            1.2866655244903518
                        ],
                        [
                            13.36761474609375,
                            1.2756819428547417
                        ],
                        [
                            13.37860107421875,
                            1.2646983143314452
                        ],
                        [
                            13.325042724609375,
                            1.2646983143314452
                        ],
                        [
                            13.319549560546873,
                            1.2331201247997963
                        ],
                        [
                            13.2989501953125,
                            1.218017379393734
                        ],
                        [
                            13.278350830078125,
                            1.2303741774326145
                        ],
                        [
                            13.217926025390625,
                            1.2207633394303754
                        ],
                        [
                            13.195953369140625,
                            1.2166443983257476
                        ],
                        [
                            13.157501220703125,
                            1.2344930974215016
                        ],
                        [
                            13.171234130859375,
                            1.2550876012281633
                        ],
                        [
                            13.190460205078125,
                            1.2935302390231982
                        ],
                        [
                            13.22479248046875,
                            1.2866655244903518
                        ],
                        [
                            13.23028564453125,
                            1.3003949349844803
                        ],
                        [
                            13.2550048828125,
                            1.3196159840368622
                        ],
                        [
                            13.261871337890625,
                            1.334718132769963
                        ],
                        [
                            13.245391845703123,
                            1.334718132769963
                        ],
                        [
                            13.253631591796875,
                            1.355311822279069
                        ],
                        [
                            13.24676513671875,
                            1.3676679520963495
                        ],
                        [
                            13.250885009765625,
                            1.3868884718166363
                        ],
                        [
                            13.250885009765625,
                            1.4102274642652444
                        ],
                        [
                            13.228912353515623,
                            1.4198375698213372
                        ],
                        [
                            13.2275390625,
                            1.4404305182774615
                        ],
                        [
                            13.220672607421875,
                            1.4514133481911609
                        ],
                        [
                            13.205566406249998,
                            1.485734346027758
                        ],
                        [
                            13.193206787109375,
                            1.4829886856602814
                        ],
                        [
                            13.187713623046875,
                            1.511817948424566
                        ],
                        [
                            13.1781005859375,
                            1.528291641442136
                        ],
                        [
                            13.157501220703125,
                            1.526918838498519
                        ],
                        [
                            13.131408691406248,
                            1.5584930827826757
                        ],
                        [
                            13.13690185546875,
                            1.5804574958256679
                        ],
                        [
                            13.127288818359375,
                            1.5818302639606454
                        ],
                        [
                            13.146514892578125,
                            1.598303410509457
                        ],
                        [
                            13.138275146484373,
                            1.7067482633111748
                        ],
                        [
                            13.1561279296875,
                            1.720475031859581
                        ],
                        [
                            13.15887451171875,
                            1.7410649992245233
                        ],
                        [
                            13.176727294921875,
                            1.749300923344271
                        ],
                        [
                            13.18084716796875,
                            1.7808716293733382
                        ],
                        [
                            13.18634033203125,
                            1.794597855161131
                        ],
                        [
                            13.195953369140625,
                            1.795970472086267
                        ],
                        [
                            13.187713623046875,
                            1.8261677821806934
                        ],
                        [
                            13.205566406249998,
                            1.849501720144357
                        ],
                        [
                            13.182220458984375,
                            1.8728353512547844
                        ],
                        [
                            13.154754638671873,
                            1.8742079081520906
                        ],
                        [
                            13.1671142578125,
                            1.9071489490958786
                        ],
                        [
                            13.18634033203125,
                            1.9181291564769816
                        ],
                        [
                            13.1890869140625,
                            1.930481805525243
                        ],
                        [
                            13.209686279296875,
                            1.948324362195086
                        ],
                        [
                            13.205566406249998,
                            1.9812639689556257
                        ],
                        [
                            13.250885009765625,
                            2.0210651187669897
                        ],
                        [
                            13.286590576171875,
                            2.040279118941826
                        ],
                        [
                            13.2989501953125,
                            2.074589261211884
                        ],
                        [
                            13.300323486328125,
                            2.1061539350780007
                        ],
                        [
                            13.289337158203123,
                            2.1390903041196987
                        ],
                        [
                            13.297277247696854,
                            2.1732806895373247
                        ],
                        [
                            13.289337158203123,
                            2.188493528330194
                        ],
                        [
                            13.303070068359375,
                            2.20633318338883
                        ],
                        [
                            13.281097412109375,
                            2.2475007985315845
                        ],
                        [
                            13.239898681640625,
                            2.274945231685862
                        ],
                        [
                            13.2110595703125,
                            2.2639675207386034
                        ],
                        [
                            13.193206787109375,
                            2.273573022378629
                        ],
                        [
                            13.171234130859375,
                            2.2831784600851037
                        ],
                        [
                            13.108062744140623,
                            2.2708285998506694
                        ],
                        [
                            13.097076416015625,
                            2.242011849787458
                        ],
                        [
                            13.070983886718748,
                            2.248873032494986
                        ],
                        [
                            13.042144775390625,
                            2.2406396093827334
                        ],
                        [
                            13.006439208984375,
                            2.250245265167782
                        ],
                        [
                            12.957000732421873,
                            2.2447563267360438
                        ],
                        [
                            12.924041748046875,
                            2.2529897266383387
                        ],
                        [
                            12.910308837890625,
                            2.2406396093827334
                        ],
                        [
                            12.880096435546875,
                            2.2433840889054952
                        ],
                        [
                            12.8704833984375,
                            2.228289387968784
                        ],
                        [
                            12.829284667968748,
                            2.242011849787458
                        ],
                        [
                            12.8265380859375,
                            2.25436195543456
                        ],
                        [
                            12.781219482421875,
                            2.239267367692098
                        ],
                        [
                            12.73040771484375,
                            2.2269171347403813
                        ],
                        [
                            12.689208984375,
                            2.242011849787458
                        ],
                        [
                            12.621917724609375,
                            2.2447563267360438
                        ],
                        [
                            12.608184814453123,
                            2.2584786340574547
                        ],
                        [
                            12.59033203125,
                            2.2557341829369952
                        ],
                        [
                            12.579345703125,
                            2.269456386631507
                        ],
                        [
                            12.528533935546875,
                            2.25436195543456
                        ],
                        [
                            12.491455078125,
                            2.265339739162693
                        ],
                        [
                            12.466735839843748,
                            2.25436195543456
                        ],
                        [
                            12.308807373046875,
                            2.2831784600851037
                        ],
                        [
                            12.27996826171875,
                            2.261223079993419
                        ],
                        [
                            12.238769531249998,
                            2.2475007985315845
                        ],
                        [
                            12.208557128906248,
                            2.276317439687528
                        ],
                        [
                            12.16461181640625,
                            2.2804340558513765
                        ],
                        [
                            12.152252197265625,
                            2.269456386631507
                        ],
                        [
                            12.124786376953123,
                            2.2927838335884942
                        ],
                        [
                            12.108306884765625,
                            2.2818062586229892
                        ],
                        [
                            11.997070312499998,
                            2.2886672528230743
                        ],
                        [
                            11.865234375,
                            2.2831784600851037
                        ],
                        [
                            11.7608642578125,
                            2.2708285998506694
                        ],
                        [
                            11.74713134765625,
                            2.2900394477259947
                        ],
                        [
                            11.696319580078125,
                            2.30925003801887
                        ],
                        [
                            11.660614013671875,
                            2.3174830687583046
                        ]
                    ]
                ]
            },
            "properties": {}
        }
    ]
}