{
    "type": "FeatureCollection",
    "features": [
        {
            "type": "Feature",
            "properties": {},
            "geometry": {
                "coordinates": [
                    [
                        [
                            -15.06115534383855,
                            13.827153644898022
                        ],
                        [
                            -15.067413544596889,
                            13.826089331824766
                        ],
                        [
                            -15.125352234035262,
                            13.805329762215425
                        ],
                        [
                            -15.150351053998833,
                            13.790817094948153
                        ],
                        [
                            -15.166090706822672,
                            13.780330250240834
                        ],
                        [
                            -15.19651380916713,
                            13.763080530492426
                        ],
                        [
                            -15.215274846979604,
                            13.751065465475982
                        ],
                        [
                            -15.240999170131701,
                            13.751107231806778
                        ],
                        [
                            -15.244613073670706,
                            13.755601773785948
                        ],
                        [
                            -15.25710293818748,
                            13.766832945626852
                        ],
                        [
                            -15.275042330362183,
                            13.777770716739036
                        ],
                        [
                            -15.29457253174084,
                            13.785826295329027
                        ],
                        [
                            -15.30789905389696,
                            13.787529828061762
                        ],
                        [
                            -15.32416307934438,
                            13.787212099625908
                        ],
                        [
                            -15.345119753608472,
                            13.783218986126407
                        ],
                        [
                            -15.372198276848366,
                            13.773468427806012
                        ],
                        [
                            -15.406070970383382,
                            13.750732389945831
                        ],
                        [
                            -15.412478428830411,
                            13.744153417506693
                        ],
                        [
                            -15.432835333124629,
                            13.721712034847506
                        ],
                        [
                            -15.45067979059175,
                            13.689914072640365
                        ],
                        [
                            -15.465603996392687,
                            13.646100458786506
                        ],
                        [
                            -15.47457172396858,
                            13.59186918281422
                        ],
                        [
                            -15.601925080851032,
                            13.592061518839376
                        ],
                        [
                            -16.555023193359375,
                            13.591264926381516
                        ],
                        [
                            -16.544723510742188,
                            13.572576506543767
                        ],
                        [
                            -16.53717041015625,
                            13.551216510435106
                        ],
                        [
                            -16.536483764648438,
                            13.52584902223084
                        ],
                        [
                            -16.541976928710938,
                            13.507155459536346
                        ],
                        [
                            -16.558456420898438,
                            13.48779272503007
                        ],
                        [
                            -16.568756103515625,
                            13.468428420913316
                        ],
                        [
                            -16.583175659179688,
                            13.470431697514472
                        ],
                        [
                            -16.607208251953125,
                            13.480447828815223
                        ],
                        [
                            -16.62506103515625,
                            13.479112368885975
                        ],
                        [
                            -16.644287109375,
                            13.481783281282777
                        ],
                        [
                            -16.6717529296875,
                            13.496472765758952
                        ],
                        [
                            -16.691665649414062,
                            13.488460431671312
                        ],
                        [
                            -16.725311279296875,
                            13.45774399578658
                        ],
                        [
                            -16.791915893554688,
                            13.390287571826326
                        ],
                        [
                            -16.800155639648438,
                            13.38026767603707
                        ],
                        [
                            -16.80908203125,
                            13.360894695816238
                        ],
                        [
                            -16.821441650390625,
                            13.340183927452808
                        ],
                        [
                            -16.80908203125,
                            13.318135029644733
                        ],
                        [
                            -16.81663513183605,
                            13.275367807935659
                        ],
                        [
                            -16.791915893554688,
                            13.252644655996221
                        ],
                        [
                            -16.79088592529297,
                            13.157384863957459
                        ],
                        [
                            -16.775436401367188,
                            13.106564481465524
                        ],
                        [
                            -16.77474975585949,
                            13.07680293502934
                        ],
                        [
                            -16.75586700439453,
                            13.062088034413131
                        ],
                        [
                            -16.74356424825006,
                            13.038216158010357
                        ],
                        [
                            -16.73873336911201,
                            13.040093967054222
                        ],
                        [
                            -16.736917081693,
                            13.043485456331823
                        ],
                        [
                            -16.73832802383383,
                            13.048630355527315
                        ],
                        [
                            -16.742364088127516,
                            13.059010636855437
                        ],
                        [
                            -16.745832381616978,
                            13.066105012140042
                        ],
                        [
                            -16.74444395505381,
                            13.071516173473379
                        ],
                        [
                            -16.740744375087644,
                            13.074246767946025
                        ],
                        [
                            -16.736297607421875,
                            13.073793140373411
                        ],
                        [
                            -16.732522842039913,
                            13.075175302003448
                        ],
                        [
                            -16.729215068970404,
                            13.078831884342312
                        ],
                        [
                            -16.729551538879157,
                            13.083712054052775
                        ],
                        [
                            -16.73290880188047,
                            13.088265275709315
                        ],
                        [
                            -16.73190352331588,
                            13.0913780670557
                        ],
                        [
                            -16.728235014710222,
                            13.092775474798493
                        ],
                        [
                            -16.725909080810624,
                            13.096897211610624
                        ],
                        [
                            -16.727466438797848,
                            13.09903722065355
                        ],
                        [
                            -16.730813896392874,
                            13.098561939373042
                        ],
                        [
                            -16.732809800110488,
                            13.101098421415074
                        ],
                        [
                            -16.73579467651342,
                            13.102248474800618
                        ],
                        [
                            -16.737065417846907,
                            13.104548588517146
                        ],
                        [
                            -16.736327218032805,
                            13.109736482493492
                        ],
                        [
                            -16.73502961209128,
                            13.113235379578978
                        ],
                        [
                            -16.7299730132452,
                            13.113804271485986
                        ],
                        [
                            -16.730823361587532,
                            13.111441475800099
                        ],
                        [
                            -16.72910044174229,
                            13.107117313591461
                        ],
                        [
                            -16.723361036926832,
                            13.106641402300632
                        ],
                        [
                            -16.716384887695312,
                            13.110576999074475
                        ],
                        [
                            -16.717524644266987,
                            13.113445692823795
                        ],
                        [
                            -16.720006975546912,
                            13.11184685310615
                        ],
                        [
                            -16.725531044234067,
                            13.116058736811073
                        ],
                        [
                            -16.72561482150168,
                            13.121649437018347
                        ],
                        [
                            -16.723209107849215,
                            13.122370555052559
                        ],
                        [
                            -16.72186599853535,
                            13.1188005458274
                        ],
                        [
                            -16.719131469726562,
                            13.118601837938455
                        ],
                        [
                            -16.715087828521888,
                            13.119881056784632
                        ],
                        [
                            -16.710037256287023,
                            13.12268572535941
                        ],
                        [
                            -16.70864120750371,
                            13.1271248814987
                        ],
                        [
                            -16.710210011199578,
                            13.13243573408744
                        ],
                        [
                            -16.708424844665245,
                            13.13444990753068
                        ],
                        [
                            -16.705847457472828,
                            13.130772664427237
                        ],
                        [
                            -16.70371759518426,
                            13.130799905431495
                        ],
                        [
                            -16.699513811218424,
                            13.134395427961437
                        ],
                        [
                            -16.703551960418636,
                            13.136831396288986
                        ],
                        [
                            -16.702107929565415,
                            13.140247943735694
                        ],
                        [
                            -16.702708744385117,
                            13.144167598482856
                        ],
                        [
                            -16.706106589843834,
                            13.145908236821795
                        ],
                        [
                            -16.707979506835315,
                            13.148844774453867
                        ],
                        [
                            -16.70982335998471,
                            13.15384628249295
                        ],
                        [
                            -16.7079967847598,
                            13.155599815166665
                        ],
                        [
                            -16.706282090759487,
                            13.155828114904079
                        ],
                        [
                            -16.704810624206743,
                            13.151981371938893
                        ],
                        [
                            -16.702123555023483,
                            13.15254441853794
                        ],
                        [
                            -16.69898896093751,
                            13.155286387729394
                        ],
                        [
                            -16.70183809265105,
                            13.161151607595999
                        ],
                        [
                            -16.701047244994683,
                            13.161987667706567
                        ],
                        [
                            -16.698122974975746,
                            13.160827278053224
                        ],
                        [
                            -16.696624911117482,
                            13.158882311632414
                        ],
                        [
                            -16.693224866424714,
                            13.15873492241981
                        ],
                        [
                            -16.689557451354062,
                            13.159747455438387
                        ],
                        [
                            -16.68900421461217,
                            13.162531865282407
                        ],
                        [
                            -16.689513849510544,
                            13.165643090645712
                        ],
                        [
                            -16.688854900925087,
                            13.167398954174146
                        ],
                        [
                            -16.686865716400106,
                            13.16807824334349
                        ],
                        [
                            -16.680985366516637,
                            13.167584845676004
                        ],
                        [
                            -16.661876564852705,
                            13.167385842118847
                        ],
                        [
                            -16.648977171207576,
                            13.165607211442662
                        ],
                        [
                            -16.546930263965358,
                            13.16609801144201
                        ],
                        [
                            -16.231691637114736,
                            13.16346931578755
                        ],
                        [
                            -16.147554049601666,
                            13.165440829151901
                        ],
                        [
                            -15.97778422151822,
                            13.165477179007619
                        ],
                        [
                            -15.929041069715566,
                            13.16572923791672
                        ],
                        [
                            -15.894968714429325,
                            13.165889795585144
                        ],
                        [
                            -15.859877257345635,
                            13.165106970825587
                        ],
                        [
                            -15.821843319998163,
                            13.165563130796052
                        ],
                        [
                            -15.802239255786922,
                            13.166785187616115
                        ],
                        [
                            -15.802993973947597,
                            13.168626715499311
                        ],
                        [
                            -15.803271533145946,
                            13.173565642528718
                        ],
                        [
                            -15.803904610978549,
                            13.185887418024796
                        ],
                        [
                            -15.803185416841828,
                            13.344879060663049
                        ],
                        [
                            -15.803026049529564,
                            13.347518228259103
                        ],
                        [
                            -15.733755738843968,
                            13.348009713116774
                        ],
                        [
                            -15.709729051933493,
                            13.354270405204307
                        ],
                        [
                            -15.69280783581327,
                            13.361086821503282
                        ],
                        [
                            -15.680168193417984,
                            13.368627726133669
                        ],
                        [
                            -15.67769117494391,
                            13.368988697119065
                        ],
                        [
                            -15.646825461119832,
                            13.357848952095509
                        ],
                        [
                            -15.621394332443998,
                            13.351688635690664
                        ],
                        [
                            -15.600912894692677,
                            13.34866112620984
                        ],
                        [
                            -15.581827622287008,
                            13.348259930606318
                        ],
                        [
                            -15.572325005895806,
                            13.350898913613294
                        ],
                        [
                            -15.54857740101529,
                            13.362472189110633
                        ],
                        [
                            -15.541676857965934,
                            13.369064496654744
                        ],
                        [
                            -15.532715811729862,
                            13.379532352441824
                        ],
                        [
                            -15.522053779052534,
                            13.385979582821328
                        ],
                        [
                            -15.512457502597968,
                            13.391811323699628
                        ],
                        [
                            -15.497174212653789,
                            13.39387682992651
                        ],
                        [
                            -15.489839114742614,
                            13.392639404044242
                        ],
                        [
                            -15.479711686141894,
                            13.389228864004547
                        ],
                        [
                            -15.446798263144409,
                            13.375163881599757
                        ],
                        [
                            -15.42732410660794,
                            13.370758155932357
                        ],
                        [
                            -15.388189638155467,
                            13.358324896922541
                        ],
                        [
                            -15.38077446317425,
                            13.354554470582006
                        ],
                        [
                            -15.376710085022868,
                            13.354497042163139
                        ],
                        [
                            -15.371932125548263,
                            13.356374500743424
                        ],
                        [
                            -15.367402401841176,
                            13.357050348947599
                        ],
                        [
                            -15.360390663598453,
                            13.355866377090454
                        ],
                        [
                            -15.343761011803,
                            13.358569776220952
                        ],
                        [
                            -15.300821628486808,
                            13.365063186820331
                        ],
                        [
                            -15.292197344283878,
                            13.3675452535838
                        ],
                        [
                            -15.281464214154738,
                            13.373233863868878
                        ],
                        [
                            -15.268561101347984,
                            13.3822567114932
                        ],
                        [
                            -15.259983553535399,
                            13.388985193887503
                        ],
                        [
                            -15.235024332341382,
                            13.410926371152616
                        ],
                        [
                            -15.226432384167737,
                            13.420945691410328
                        ],
                        [
                            -15.218742412168012,
                            13.433380048097112
                        ],
                        [
                            -15.216867204343256,
                            13.4389303419883
                        ],
                        [
                            -15.213781986552355,
                            13.45054702562804
                        ],
                        [
                            -15.210031570902785,
                            13.463098736300402
                        ],
                        [
                            -15.206626157950014,
                            13.47770238827291
                        ],
                        [
                            -15.205213838045612,
                            13.48953136979926
                        ],
                        [
                            -15.203692285891755,
                            13.496535995253364
                        ],
                        [
                            -15.200369948513055,
                            13.510274996018651
                        ],
                        [
                            -15.19679683751789,
                            13.528977544247716
                        ],
                        [
                            -15.194862966147575,
                            13.530545532234406
                        ],
                        [
                            -15.188240574117728,
                            13.534270338754673
                        ],
                        [
                            -15.179575281896945,
                            13.540617461958925
                        ],
                        [
                            -15.16636191595108,
                            13.553242340369923
                        ],
                        [
                            -15.150093404427071,
                            13.56623889282072
                        ],
                        [
                            -15.145663720694678,
                            13.570699758604807
                        ],
                        [
                            -15.142761471073515,
                            13.576011480716417
                        ],
                        [
                            -15.142150580636663,
                            13.578947370554966
                        ],
                        [
                            -15.141234314319561,
                            13.580364513880099
                        ],
                        [
                            -15.138333035444788,
                            13.582469430301563
                        ],
                        [
                            -15.133183022615947,
                            13.584146959223968
                        ],
                        [
                            -15.124985729583205,
                            13.587689476526538
                        ],
                        [
                            -15.11355708162669,
                            13.59005723346661
                        ],
                        [
                            -15.10311463099136,
                            13.592598715857257
                        ],
                        [
                            -15.091258708101726,
                            13.598120549720232
                        ],
                        [
                            -15.089554997131714,
                            13.59775542127791
                        ],
                        [
                            -15.085131815123674,
                            13.589565323700633
                        ],
                        [
                            -15.080687061505515,
                            13.574185586041732
                        ],
                        [
                            -15.075508703394547,
                            13.563249694551118
                        ],
                        [
                            -15.06639347170045,
                            13.554434025627124
                        ],
                        [
                            -15.047161648987267,
                            13.531330864110052
                        ],
                        [
                            -15.027534808470072,
                            13.51223185405269
                        ],
                        [
                            -15.017286720487661,
                            13.50410099461183
                        ],
                        [
                            -15.004239451689585,
                            13.495960489176174
                        ],
                        [
                            -14.996953087293793,
                            13.492939791613983
                        ],
                        [
                            -14.989497429553618,
                            13.489315473598502
                        ],
                        [
                            -14.984010110260545,
                            13.485414185178497
                        ],
                        [
                            -14.955936843862766,
                            13.471410686615833
                        ],
                        [
                            -14.9311660109462,
                            13.460196099956274
                        ],
                        [
                            -14.913902942831072,
                            13.453682330874361
                        ],
                        [
                            -14.897151921970114,
                            13.448410020771638
                        ],
                        [
                            -14.89185641743235,
                            13.447583274088394
                        ],
                        [
                            -14.881829719505248,
                            13.445600494608497
                        ],
                        [
                            -14.863807843786958,
                            13.445586599785578
                        ],
                        [
                            -14.852932369592565,
                            13.44665648060993
                        ],
                        [
                            -14.844604535675312,
                            13.43791999632576
                        ],
                        [
                            -14.830520728038742,
                            13.427042908799223
                        ],
                        [
                            -14.82041106952964,
                            13.422303887020064
                        ],
                        [
                            -14.811252251032641,
                            13.418973555135754
                        ],
                        [
                            -14.797561965456794,
                            13.416045545168867
                        ],
                        [
                            -14.785982106475501,
                            13.415239523238023
                        ],
                        [
                            -14.775400067454392,
                            13.415632975770666
                        ],
                        [
                            -14.76854248201549,
                            13.416465556114542
                        ],
                        [
                            -14.760921871545662,
                            13.41802092974339
                        ],
                        [
                            -14.756942775041324,
                            13.407397410458834
                        ],
                        [
                            -14.753824604491285,
                            13.403677569520125
                        ],
                        [
                            -14.750706433941247,
                            13.397981539689784
                        ],
                        [
                            -14.733748181011734,
                            13.379013525208043
                        ],
                        [
                            -14.72660894207354,
                            13.373001644569818
                        ],
                        [
                            -14.715100525721397,
                            13.366586689439721
                        ],
                        [
                            -14.70381783382686,
                            13.360940367770828
                        ],
                        [
                            -14.696231379959016,
                            13.358643178582998
                        ],
                        [
                            -14.69125309961278,
                            13.35634159946169
                        ],
                        [
                            -14.684418763593563,
                            13.35228083330998
                        ],
                        [
                            -14.68074457000705,
                            13.350745723317818
                        ],
                        [
                            -14.676910580308233,
                            13.348911969176543
                        ],
                        [
                            -14.668900688108696,
                            13.346035025850284
                        ],
                        [
                            -14.65863687742894,
                            13.343575565702478
                        ],
                        [
                            -14.647752324484184,
                            13.342324073456265
                        ],
                        [
                            -14.641382260730964,
                            13.34206092365391
                        ],
                        [
                            -14.628994024373156,
                            13.343314420977105
                        ],
                        [
                            -14.616068085784832,
                            13.343734908456403
                        ],
                        [
                            -14.60388269688351,
                            13.347400264624547
                        ],
                        [
                            -14.583345502978474,
                            13.358093665818993
                        ],
                        [
                            -14.579967099914967,
                            13.359275228346531
                        ],
                        [
                            -14.577550601553419,
                            13.358369975294512
                        ],
                        [
                            -14.57560874787995,
                            13.35643493599982
                        ],
                        [
                            -14.57084533846016,
                            13.348899573147655
                        ],
                        [
                            -14.556419052205655,
                            13.331166621731512
                        ],
                        [
                            -14.551008129206254,
                            13.326791583541004
                        ],
                        [
                            -14.545145883358575,
                            13.322656665211753
                        ],
                        [
                            -14.539203641548628,
                            13.318794197539109
                        ],
                        [
                            -14.53268991033412,
                            13.313976951896857
                        ],
                        [
                            -14.52530324853673,
                            13.310075671794625
                        ],
                        [
                            -14.519555205952571,
                            13.307884436656858
                        ],
                        [
                            -14.515035971605764,
                            13.30680612845033
                        ],
                        [
                            -14.501240753997667,
                            13.304141993855424
                        ],
                        [
                            -14.483553057667939,
                            13.301497400271295
                        ],
                        [
                            -14.474626752415485,
                            13.301087719053307
                        ],
                        [
                            -14.461412133542431,
                            13.300878298774823
                        ],
                        [
                            -14.458924960700003,
                            13.300093495915405
                        ],
                        [
                            -14.454201317265728,
                            13.296206114040892
                        ],
                        [
                            -14.449595882432956,
                            13.291325736571597
                        ],
                        [
                            -14.443172856284143,
                            13.2797356670726
                        ],
                        [
                            -14.438474627123966,
                            13.273269050918309
                        ],
                        [
                            -14.434718969435238,
                            13.271071965792496
                        ],
                        [
                            -14.428509018248324,
                            13.265616917762596
                        ],
                        [
                            -14.423865956124423,
                            13.262723942132752
                        ],
                        [
                            -14.416460098754685,
                            13.256449934558582
                        ],
                        [
                            -14.408041291398636,
                            13.250734458620832
                        ],
                        [
                            -14.400228957697102,
                            13.246136279099035
                        ],
                        [
                            -14.389116930799517,
                            13.240478504041528
                        ],
                        [
                            -14.375918158015025,
                            13.235996112232906
                        ],
                        [
                            -14.354616910691547,
                            13.230307299255102
                        ],
                        [
                            -14.344534589070603,
                            13.230536613140988
                        ],
                        [
                            -14.33627830271723,
                            13.232337479604947
                        ],
                        [
                            -14.328164255396011,
                            13.23447490534947
                        ],
                        [
                            -14.311936160753632,
                            13.23777354273834
                        ],
                        [
                            -14.301416418372952,
                            13.239001881829376
                        ],
                        [
                            -14.28764729886825,
                            13.239628261675032
                        ],
                        [
                            -14.279395054538842,
                            13.240307708018836
                        ],
                        [
                            -14.267758329830436,
                            13.242329571234038
                        ],
                        [
                            -14.262786144685506,
                            13.240882432001772
                        ],
                        [
                            -14.258122212479833,
                            13.23479975825451
                        ],
                        [
                            -14.25307547689448,
                            13.228984510462773
                        ],
                        [
                            -14.242442277613598,
                            13.221308133545293
                        ],
                        [
                            -14.225954055669305,
                            13.218631010432086
                        ],
                        [
                            -14.20809753114208,
                            13.220282761827225
                        ],
                        [
                            -14.192327755962925,
                            13.229100734801747
                        ],
                        [
                            -14.184083644990807,
                            13.22926066743359
                        ],
                        [
                            -14.156221050043893,
                            13.221446516223782
                        ],
                        [
                            -14.137252421886977,
                            13.225620512758038
                        ],
                        [
                            -14.12189215819744,
                            13.23929619399179
                        ],
                        [
                            -14.114432774731739,
                            13.257989044474371
                        ],
                        [
                            -14.114323029218525,
                            13.280074998864588
                        ],
                        [
                            -14.062425173513105,
                            13.292436705729795
                        ],
                        [
                            -14.028986747588455,
                            13.289042426912365
                        ],
                        [
                            -13.994864170371486,
                            13.29630133038222
                        ],
                        [
                            -13.953985067603043,
                            13.320472430513922
                        ],
                        [
                            -13.889515216356003,
                            13.3149921178553
                        ],
                        [
                            -13.86472614002011,
                            13.322493934764637
                        ],
                        [
                            -13.84535646435701,
                            13.330603020789814
                        ],
                        [
                            -13.825302637402473,
                            13.345701882376101
                        ],
                        [
                            -13.815297640323081,
                            13.361254185037486
                        ],
                        [
                            -13.801592166544893,
                            13.383146463985295
                        ],
                        [
                            -13.79335990309923,
                            13.409364260487283
                        ],
                        [
                            -13.791363704537478,
                            13.435042476819792
                        ],
                        [
                            -13.79894562405787,
                            13.445082168148065
                        ],
                        [
                            -13.811372857932792,
                            13.454515070590267
                        ],
                        [
                            -13.823912602432891,
                            13.468723715349675
                        ],
                        [
                            -13.833940763019072,
                            13.489157734315764
                        ],
                        [
                            -13.841682360941633,
                            13.499422746680212
                        ],
                        [
                            -13.866584421172405,
                            13.516585961914473
                        ],
                        [
                            -13.878575834167066,
                            13.535299993116828
                        ],
                        [
                            -13.890183691104191,
                            13.551632733635191
                        ],
                        [
                            -13.897855778067466,
                            13.558988844594243
                        ],
                        [
                            -13.91350270352919,
                            13.563400113279984
                        ],
                        [
                            -13.942682072422897,
                            13.569754109538025
                        ],
                        [
                            -13.956572488723879,
                            13.575372304179778
                        ],
                        [
                            -13.969045977603997,
                            13.578725489808484
                        ],
                        [
                            -13.986060739531695,
                            13.57722289468194
                        ],
                        [
                            -14.02591890628878,
                            13.554811993892871
                        ],
                        [
                            -14.045658432044249,
                            13.552647024507433
                        ],
                        [
                            -14.083986839351248,
                            13.555832174879832
                        ],
                        [
                            -14.095067608374706,
                            13.554013901934445
                        ],
                        [
                            -14.136991842033012,
                            13.53858017494962
                        ],
                        [
                            -14.156713302585473,
                            13.535507576814553
                        ],
                        [
                            -14.166346969209059,
                            13.530733446084273
                        ],
                        [
                            -14.175526508528208,
                            13.527872579735565
                        ],
                        [
                            -14.19559333129871,
                            13.516723311463586
                        ],
                        [
                            -14.213626114675776,
                            13.503255562986379
                        ],
                        [
                            -14.236043340780782,
                            13.478250347183792
                        ],
                        [
                            -14.264946892978571,
                            13.474222448035555
                        ],
                        [
                            -14.298391718223911,
                            13.465189403291017
                        ],
                        [
                            -14.318657632095068,
                            13.45698668048735
                        ],
                        [
                            -14.363614521726504,
                            13.468514217437907
                        ],
                        [
                            -14.372241226980066,
                            13.473122698729194
                        ],
                        [
                            -14.391462522474114,
                            13.487933952780864
                        ],
                        [
                            -14.423328056942944,
                            13.500965848537463
                        ],
                        [
                            -14.431578971565944,
                            13.50619696952143
                        ],
                        [
                            -14.433245975523654,
                            13.512832503271033
                        ],
                        [
                            -14.437488238048118,
                            13.518744443234294
                        ],
                        [
                            -14.45475255765669,
                            13.532040997512206
                        ],
                        [
                            -14.462635682533218,
                            13.536193531955021
                        ],
                        [
                            -14.467794043580824,
                            13.540787703482982
                        ],
                        [
                            -14.469594527060671,
                            13.561199525701209
                        ],
                        [
                            -14.475482156282894,
                            13.586026552661497
                        ],
                        [
                            -14.485743657044765,
                            13.602425831322336
                        ],
                        [
                            -14.497748706417106,
                            13.617047686437285
                        ],
                        [
                            -14.522620696090044,
                            13.636672786271994
                        ],
                        [
                            -14.549052807126174,
                            13.65032562602997
                        ],
                        [
                            -14.563751220703125,
                            13.65399383320737
                        ],
                        [
                            -14.592454306175846,
                            13.657592392777149
                        ],
                        [
                            -14.622065646258974,
                            13.657954843003793
                        ],
                        [
                            -14.64132512360797,
                            13.653384243911669
                        ],
                        [
                            -14.663614143799805,
                            13.643527147713161
                        ],
                        [
                            -14.702399743600012,
                            13.616531176001182
                        ],
                        [
                            -14.714240456652817,
                            13.61660421810407
                        ],
                        [
                            -14.779648931779978,
                            13.650993033191199
                        ],
                        [
                            -14.783447469232506,
                            13.655666999603799
                        ],
                        [
                            -14.784989513407496,
                            13.671194057310327
                        ],
                        [
                            -14.788376353294296,
                            13.688716969194441
                        ],
                        [
                            -14.789485074628075,
                            13.704579830478114
                        ],
                        [
                            -14.795891947850663,
                            13.720299031605418
                        ],
                        [
                            -14.800651076999426,
                            13.734298591813486
                        ],
                        [
                            -14.815249631084491,
                            13.753297475689415
                        ],
                        [
                            -14.828703659356037,
                            13.765121916373761
                        ],
                        [
                            -14.846529169805507,
                            13.775832529256558
                        ],
                        [
                            -14.874005899219924,
                            13.788139077305939
                        ],
                        [
                            -14.893418465873289,
                            13.794492223925618
                        ],
                        [
                            -14.9285741124245,
                            13.800698380895476
                        ],
                        [
                            -14.951050662761787,
                            13.80046802175966
                        ],
                        [
                            -14.971109303705276,
                            13.796409422525063
                        ],
                        [
                            -14.987232174675569,
                            13.798819171304803
                        ],
                        [
                            -15.000301283252,
                            13.803403822399545
                        ],
                        [
                            -15.002925463819253,
                            13.80651842205162
                        ],
                        [
                            -15.06115534383855,
                            13.827153644898022
                        ]
                    ]
                ],
                "type": "Polygon"
            }
        },
        {
            "type": "Feature",
            "properties": {},
            "geometry": {
                "coordinates": [
                    [
                        [
                            -16.8145751953125,
                            13.387386019897297
                        ],
                        [
                            -16.8165922164917,
                            13.386342287628942
                        ],
                        [
                            -16.819210052490348,
                            13.384839305213386
                        ],
                        [
                            -16.821119785308838,
                            13.383837311724244
                        ],
                        [
                            -16.8241024017334,
                            13.38412956025594
                        ],
                        [
                            -16.82382345199585,
                            13.382501313919779
                        ],
                        [
                            -16.821742057800293,
                            13.382772689073661
                        ],
                        [
                            -16.820025444030875,
                            13.383378063314964
                        ],
                        [
                            -16.81736469268799,
                            13.384380058715099
                        ],
                        [
                            -16.815154552459717,
                            13.385215051696855
                        ],
                        [
                            -16.812708377838135,
                            13.38519417690759
                        ],
                        [
                            -16.809897422790527,
                            13.3845470575431
                        ],
                        [
                            -16.808996200561523,
                            13.3845470575431
                        ],
                        [
                            -16.809940338134766,
                            13.386154415340089
                        ],
                        [
                            -16.81185007095337,
                            13.386759781079286
                        ],
                        [
                            -16.8145751953125,
                            13.387386019897297
                        ]
                    ]
                ],
                "type": "Polygon"
            }
        }
    ]
}