{
    "type": "FeatureCollection",
    "features": [
        {
            "type": "Feature",
            "properties": {},
            "geometry": {
                "coordinates": [
                    [
                        [
                            40.242278723083224,
                            43.58699765298092
                        ],
                        [
                            40.222953326561054,
                            43.57912534460293
                        ],
                        [
                            40.212967601051574,
                            43.5747712288417
                        ],
                        [
                            40.19299615003444,
                            43.57526432027132
                        ],
                        [
                            40.188351594324146,
                            43.57332985860894
                        ],
                        [
                            40.17698247548417,
                            43.574372631059475
                        ],
                        [
                            40.17142923246938,
                            43.576187490943624
                        ],
                        [
                            40.16419484867212,
                            43.573401222230444
                        ],
                        [
                            40.15696046487486,
                            43.57494545153426
                        ],
                        [
                            40.13052264848725,
                            43.56595223843805
                        ],
                        [
                            40.11889148436478,
                            43.5685614881959
                        ],
                        [
                            40.10950184128792,
                            43.56981731738783
                        ],
                        [
                            40.09809434781763,
                            43.56590839491705
                        ],
                        [
                            40.0980681581493,
                            43.562151223433276
                        ],
                        [
                            40.090628196656866,
                            43.55473740332846
                        ],
                        [
                            40.09283218822782,
                            43.5499437142506
                        ],
                        [
                            40.092202723384716,
                            43.54789003284803
                        ],
                        [
                            40.09331288783548,
                            43.54511584453848
                        ],
                        [
                            40.09255099509102,
                            43.53992770683976
                        ],
                        [
                            40.09573433306721,
                            43.534446632605516
                        ],
                        [
                            40.09543841245568,
                            43.529506053698285
                        ],
                        [
                            40.09260990499584,
                            43.52773225567021
                        ],
                        [
                            40.089105193937094,
                            43.523203656032805
                        ],
                        [
                            40.078517706466315,
                            43.51696313506085
                        ],
                        [
                            40.07200532129295,
                            43.51006865137727
                        ],
                        [
                            40.06320536494655,
                            43.50511120005706
                        ],
                        [
                            40.05852841272814,
                            43.49609848214769
                        ],
                        [
                            40.04818043440778,
                            43.48258149533265
                        ],
                        [
                            40.04851772019894,
                            43.479687931859374
                        ],
                        [
                            40.044381673518885,
                            43.473909057913325
                        ],
                        [
                            40.044310689688594,
                            43.46722042247369
                        ],
                        [
                            40.04093798191114,
                            43.45258081342138
                        ],
                        [
                            40.03717478800212,
                            43.45017997168978
                        ],
                        [
                            40.033318123367344,
                            43.44191346692548
                        ],
                        [
                            40.02697627402843,
                            43.43617313517758
                        ],
                        [
                            40.013547019937874,
                            43.43001540373979
                        ],
                        [
                            40.009552211054825,
                            43.42365573950721
                        ],
                        [
                            40.01622518305686,
                            43.41978079723034
                        ],
                        [
                            40.008944093996206,
                            43.40481260230253
                        ],
                        [
                            40.00924326526702,
                            43.39661754401882
                        ],
                        [
                            40.006907666197144,
                            43.38972102144356
                        ],
                        [
                            40.00879688112755,
                            43.38192150324235
                        ],
                        [
                            40.019562019888696,
                            43.37675329623784
                        ],
                        [
                            40.06645202636719,
                            43.37460952707158
                        ],
                        [
                            40.09803771972656,
                            43.35963443090036
                        ],
                        [
                            40.153656005859375,
                            43.33766426918899
                        ],
                        [
                            40.23880004882801,
                            43.31568615529564
                        ],
                        [
                            40.27107238769531,
                            43.193663217995
                        ],
                        [
                            40.30059814453125,
                            43.16211758327644
                        ],
                        [
                            40.3472900390625,
                            43.14208015043435
                        ],
                        [
                            40.384368896484375,
                            43.167125915000284
                        ],
                        [
                            40.457153320312386,
                            43.13907396889933
                        ],
                        [
                            40.516204833984375,
                            43.14208015043435
                        ],
                        [
                            40.5450439453125,
                            43.11201168384308
                        ],
                        [
                            40.587615966796875,
                            43.0819284373621
                        ],
                        [
                            40.727691650390625,
                            43.08393444692567
                        ],
                        [
                            40.8636474609375,
                            43.07189740429312
                        ],
                        [
                            40.951538085937386,
                            42.984558134256076
                        ],
                        [
                            40.994110107421875,
                            42.98355351219673
                        ],
                        [
                            41.04904174804676,
                            42.98154421882687
                        ],
                        [
                            41.09161376953125,
                            42.84375132629021
                        ],
                        [
                            41.14654541015625,
                            42.78733853171998
                        ],
                        [
                            41.200103759765625,
                            42.79237748061043
                        ],
                        [
                            41.364898681640625,
                            42.75407118101084
                        ],
                        [
                            41.448669433593636,
                            42.71473218539458
                        ],
                        [
                            41.49810791015625,
                            42.593532625649935
                        ],
                        [
                            41.54205322265625,
                            42.387965757279154
                        ],
                        [
                            41.583251953125,
                            42.37376383130166
                        ],
                        [
                            41.623077392578125,
                            42.25495072629938
                        ],
                        [
                            41.6162109375,
                            42.200038266046754
                        ],
                        [
                            41.661529541015625,
                            42.12572883050418
                        ],
                        [
                            41.741180419921875,
                            42.014611228817955
                        ],
                        [
                            41.75079345703125,
                            41.95029860413908
                        ],
                        [
                            41.757659912109375,
                            41.80714914168836
                        ],
                        [
                            41.71234130859375,
                            41.723155575519826
                        ],
                        [
                            41.658782958984375,
                            41.66162721430806
                        ],
                        [
                            41.638183593749886,
                            41.66983439613616
                        ],
                        [
                            41.561279296875,
                            41.61441561788573
                        ],
                        [
                            41.54891967773426,
                            41.55381099217959
                        ],
                        [
                            41.535186767578125,
                            41.52297326747377
                        ],
                        [
                            41.55522076796058,
                            41.51825275452136
                        ],
                        [
                            41.57137378732074,
                            41.519797880330714
                        ],
                        [
                            41.581154647458575,
                            41.51533743773094
                        ],
                        [
                            41.583901229489896,
                            41.50869747905283
                        ],
                        [
                            41.6202989453414,
                            41.50049915145443
                        ],
                        [
                            41.632983202665,
                            41.48651759084497
                        ],
                        [
                            41.67073586307444,
                            41.48246944416441
                        ],
                        [
                            41.709070400145606,
                            41.49608303288466
                        ],
                        [
                            41.71721397141272,
                            41.489506764094386
                        ],
                        [
                            41.71388763696895,
                            41.47976812153399
                        ],
                        [
                            41.70765056675876,
                            41.474390788754555
                        ],
                        [
                            41.75065440912539,
                            41.47057931009846
                        ],
                        [
                            41.77191376899562,
                            41.4621301000219
                        ],
                        [
                            41.78710909601401,
                            41.46095166663666
                        ],
                        [
                            41.788881763497386,
                            41.450116653744
                        ],
                        [
                            41.80530061535745,
                            41.44572863680079
                        ],
                        [
                            41.81423772522905,
                            41.43507929650914
                        ],
                        [
                            41.822204589843636,
                            41.43243112846178
                        ],
                        [
                            41.84469114384467,
                            41.440623026208385
                        ],
                        [
                            41.846802547469,
                            41.44845125417713
                        ],
                        [
                            41.88122423831015,
                            41.4601070586898
                        ],
                        [
                            41.887093507654754,
                            41.47145380693354
                        ],
                        [
                            41.896322787039914,
                            41.47576670007352
                        ],
                        [
                            41.89269631678094,
                            41.48044306254738
                        ],
                        [
                            41.908729262411015,
                            41.4937935894012
                        ],
                        [
                            41.91076718318692,
                            41.49895307579767
                        ],
                        [
                            41.96180248939177,
                            41.52482134056241
                        ],
                        [
                            41.98667854282769,
                            41.521192062634356
                        ],
                        [
                            41.99386963608774,
                            41.50500854137099
                        ],
                        [
                            42.04427835790614,
                            41.49372665859358
                        ],
                        [
                            42.086063259566515,
                            41.5100213550322
                        ],
                        [
                            42.14170321598752,
                            41.506502560572386
                        ],
                        [
                            42.177886962890625,
                            41.51474739095224
                        ],
                        [
                            42.205352783203125,
                            41.49212083968776
                        ],
                        [
                            42.263702467465976,
                            41.494302837034006
                        ],
                        [
                            42.334442138671875,
                            41.469486382476376
                        ],
                        [
                            42.39349365234375,
                            41.469486382476376
                        ],
                        [
                            42.42095947265625,
                            41.451476055470145
                        ],
                        [
                            42.469024658203125,
                            41.43706419269923
                        ],
                        [
                            42.4958038330077,
                            41.44272637767212
                        ],
                        [
                            42.521209716796875,
                            41.43654942411456
                        ],
                        [
                            42.515716552734375,
                            41.47308784765203
                        ],
                        [
                            42.534942626953125,
                            41.49109217223111
                        ],
                        [
                            42.570648193359375,
                            41.50754889134497
                        ],
                        [
                            42.56858825683594,
                            41.52554363946853
                        ],
                        [
                            42.57957458496094,
                            41.54044978347556
                        ],
                        [
                            42.56721496582031,
                            41.56357320617609
                        ],
                        [
                            42.60360717773426,
                            41.58668835697237
                        ],
                        [
                            42.680511474609375,
                            41.6010669423553
                        ],
                        [
                            42.73475646972656,
                            41.59644560350027
                        ],
                        [
                            42.78282165527344,
                            41.577443289333814
                        ],
                        [
                            42.7862548828125,
                            41.58617477682803
                        ],
                        [
                            42.826080322265625,
                            41.590796851056005
                        ],
                        [
                            42.842559814453125,
                            41.58771550500517
                        ],
                        [
                            42.823333740234375,
                            41.55946298001454
                        ],
                        [
                            42.7972412109375,
                            41.519374575145406
                        ],
                        [
                            42.801361083984375,
                            41.50137811173191
                        ],
                        [
                            42.82676696777344,
                            41.482862244540875
                        ],
                        [
                            42.85560607910156,
                            41.471029892051355
                        ],
                        [
                            42.87208557128895,
                            41.5008638535525
                        ],
                        [
                            42.897491455078125,
                            41.501892365827516
                        ],
                        [
                            42.89680480957031,
                            41.482862244540875
                        ],
                        [
                            42.92083740234375,
                            41.47411680095253
                        ],
                        [
                            42.9352569580077,
                            41.46485563325681
                        ],
                        [
                            42.96821594238281,
                            41.45199070565348
                        ],
                        [
                            42.963409423828125,
                            41.43449030894922
                        ],
                        [
                            42.98606872558594,
                            41.425738340753924
                        ],
                        [
                            42.98606872558594,
                            41.41235069554362
                        ],
                        [
                            43.00048828125,
                            41.40514082047109
                        ],
                        [
                            43.021087646484375,
                            41.3757780692323
                        ],
                        [
                            43.03276062011719,
                            41.37165592008984
                        ],
                        [
                            43.04306030273426,
                            41.37732380781498
                        ],
                        [
                            43.06846618652344,
                            41.36495687061056
                        ],
                        [
                            43.10623168945301,
                            41.35155670241318
                        ],
                        [
                            43.12889099121094,
                            41.323716768786745
                        ],
                        [
                            43.15910339355469,
                            41.31649706577905
                        ],
                        [
                            43.18382263183594,
                            41.304634388885916
                        ],
                        [
                            43.21381416261718,
                            41.305914888436156
                        ],
                        [
                            43.21275658541069,
                            41.2896857001887
                        ],
                        [
                            43.19343566894531,
                            41.28301974499966
                        ],
                        [
                            43.17970275878895,
                            41.27471022807078
                        ],
                        [
                            43.12727824423297,
                            41.25395918101813
                        ],
                        [
                            43.13784644565695,
                            41.251922943652545
                        ],
                        [
                            43.14774253299562,
                            41.24576536629218
                        ],
                        [
                            43.17599108719359,
                            41.25386600085733
                        ],
                        [
                            43.194122314453125,
                            41.25251621514944
                        ],
                        [
                            43.238067626953125,
                            41.18433864424431
                        ],
                        [
                            43.22982788085926,
                            41.17348566059416
                        ],
                        [
                            43.28544616699219,
                            41.18692242290296
                        ],
                        [
                            43.32939147949219,
                            41.19828983779905
                        ],
                        [
                            43.37333679199219,
                            41.20500601879902
                        ],
                        [
                            43.41170816941653,
                            41.18605448856423
                        ],
                        [
                            43.448181152343636,
                            41.17710352162799
                        ],
                        [
                            43.4739420391364,
                            41.12340470958206
                        ],
                        [
                            43.538818359375,
                            41.13729606112276
                        ],
                        [
                            43.562164306640625,
                            41.14660386635527
                        ],
                        [
                            43.59100341796874,
                            41.13833032693901
                        ],
                        [
                            43.606109619140625,
                            41.12798693490564
                        ],
                        [
                            43.66790771484375,
                            41.13212448741625
                        ],
                        [
                            43.707733154296875,
                            41.12074559016745
                        ],
                        [
                            43.748931884765625,
                            41.11143411567732
                        ],
                        [
                            43.83544921875,
                            41.15280833593456
                        ],
                        [
                            43.886260986328125,
                            41.16314781378642
                        ],
                        [
                            43.943939208984375,
                            41.17451935556443
                        ],
                        [
                            43.952178955078125,
                            41.16521551363405
                        ],
                        [
                            43.96453857421875,
                            41.16728314823924
                        ],
                        [
                            44.02496337890625,
                            41.18485540813213
                        ],
                        [
                            44.062042236328125,
                            41.194156460760546
                        ],
                        [
                            44.089508056640625,
                            41.20035642843989
                        ],
                        [
                            44.100494384765625,
                            41.18898937242474
                        ],
                        [
                            44.147186279296875,
                            41.192089674364105
                        ],
                        [
                            44.1705322265625,
                            41.19932314127607
                        ],
                        [
                            44.18975830078125,
                            41.229281845547625
                        ],
                        [
                            44.180145263671875,
                            41.24787000204815
                        ],
                        [
                            44.21173095703125,
                            41.23238023874139
                        ],
                        [
                            44.235076904296875,
                            41.235478485093836
                        ],
                        [
                            44.259796142578125,
                            41.21585377825921
                        ],
                        [
                            44.295501708984375,
                            41.20552261955812
                        ],
                        [
                            44.31610107421874,
                            41.20758898181025
                        ],
                        [
                            44.33944702148437,
                            41.20035642843989
                        ],
                        [
                            44.34356689453124,
                            41.22721616850761
                        ],
                        [
                            44.3572998046875,
                            41.229281845547625
                        ],
                        [
                            44.373779296875,
                            41.21791981422846
                        ],
                        [
                            44.410858154296875,
                            41.20345619205131
                        ],
                        [
                            44.446563720703125,
                            41.18898937242474
                        ],
                        [
                            44.474029541015625,
                            41.1817547636353
                        ],
                        [
                            44.49737548828125,
                            41.18692242290296
                        ],
                        [
                            44.51934814453125,
                            41.21068840283448
                        ],
                        [
                            44.531707763671875,
                            41.21895280774118
                        ],
                        [
                            44.539947509765625,
                            41.20345619205131
                        ],
                        [
                            44.5440673828125,
                            41.192089674364105
                        ],
                        [
                            44.57427978515625,
                            41.20345619205131
                        ],
                        [
                            44.593505859375,
                            41.19105625669688
                        ],
                        [
                            44.60449218749999,
                            41.19932314127607
                        ],
                        [
                            44.605865478515625,
                            41.221018745822505
                        ],
                        [
                            44.60861206054687,
                            41.23134745732574
                        ],
                        [
                            44.677276611328125,
                            41.23341300384136
                        ],
                        [
                            44.693756103515625,
                            41.21688680440109
                        ],
                        [
                            44.71710205078125,
                            41.21895280774118
                        ],
                        [
                            44.726715087890625,
                            41.20138969929042
                        ],
                        [
                            44.751434326171875,
                            41.21791981422846
                        ],
                        [
                            44.7857666015625,
                            41.21998578493921
                        ],
                        [
                            44.798126220703125,
                            41.22205169039092
                        ],
                        [
                            44.813232421875,
                            41.20758898181025
                        ],
                        [
                            44.842071533203125,
                            41.21172151054787
                        ],
                        [
                            44.86541748046875,
                            41.20242295382758
                        ],
                        [
                            44.90112304687499,
                            41.20242295382758
                        ],
                        [
                            44.902496337890625,
                            41.221018745822505
                        ],
                        [
                            44.87365722656249,
                            41.223084618644435
                        ],
                        [
                            44.847564697265625,
                            41.235478485093836
                        ],
                        [
                            44.82147216796875,
                            41.237543901082574
                        ],
                        [
                            44.811859130859375,
                            41.24890252240322
                        ],
                        [
                            44.8077392578125,
                            41.2602591693733
                        ],
                        [
                            44.81597900390625,
                            41.297412572239566
                        ],
                        [
                            44.847564697265625,
                            41.27780646738183
                        ],
                        [
                            44.86541748046875,
                            41.26851730884114
                        ],
                        [
                            44.89288330078125,
                            41.26851730884114
                        ],
                        [
                            44.92034912109374,
                            41.25922682850889
                        ],
                        [
                            44.951934814453125,
                            41.2602591693733
                        ],
                        [
                            44.973907470703125,
                            41.27058168052551
                        ],
                        [
                            44.99038696289062,
                            41.28296653985038
                        ],
                        [
                            45.014703984626344,
                            41.29714971909307
                        ],
                        [
                            45.0494384765625,
                            41.31907562295139
                        ],
                        [
                            45.076904296875,
                            41.343824581185686
                        ],
                        [
                            45.11260986328125,
                            41.347948493443546
                        ],
                        [
                            45.17578125,
                            41.41801503608024
                        ],
                        [
                            45.230712890625,
                            41.43243112846178
                        ],
                        [
                            45.26641845703125,
                            41.46742831254425
                        ],
                        [
                            45.3240966796875,
                            41.47360232634395
                        ],
                        [
                            45.37628173828124,
                            41.43654942411456
                        ],
                        [
                            45.43670654296875,
                            41.428312571522916
                        ],
                        [
                            45.45318603515625,
                            41.45301999377133
                        ],
                        [
                            45.49713134765624,
                            41.43243112846178
                        ],
                        [
                            45.55206298828124,
                            41.41183573100123
                        ],
                        [
                            45.5877685546875,
                            41.393294288784865
                        ],
                        [
                            45.57952880859375,
                            41.376808565702355
                        ],
                        [
                            45.65093994140625,
                            41.376808565702355
                        ],
                        [
                            45.68939208984375,
                            41.35825713137813
                        ],
                        [
                            45.74432373046875,
                            41.36238012945531
                        ],
                        [
                            45.76629638671874,
                            41.343824581185686
                        ],
                        [
                            45.7305908203125,
                            41.335575973123916
                        ],
                        [
                            45.70587158203125,
                            41.29844430929419
                        ],
                        [
                            45.81298828124999,
                            41.21585377825921
                        ],
                        [
                            45.889892578125,
                            41.21172151054787
                        ],
                        [
                            45.9503173828125,
                            41.1724519493126
                        ],
                        [
                            46.07391357421875,
                            41.18485540813213
                        ],
                        [
                            46.1041259765625,
                            41.17038447781618
                        ],
                        [
                            46.14532470703125,
                            41.19518982948959
                        ],
                        [
                            46.21124267578125,
                            41.18485540813213
                        ],
                        [
                            46.241455078125,
                            41.18072118284585
                        ],
                        [
                            46.2799072265625,
                            41.18898937242474
                        ],
                        [
                            46.37603759765625,
                            41.11867648776222
                        ],
                        [
                            46.37054443359374,
                            41.106260503564485
                        ],
                        [
                            46.43646240234375,
                            41.104190944576466
                        ],
                        [
                            46.461181640625,
                            41.09384217129622
                        ],
                        [
                            46.483154296875,
                            41.054501963290505
                        ],
                        [
                            46.54632568359375,
                            41.11660732012896
                        ],
                        [
                            46.59027099609375,
                            41.10212132036491
                        ],
                        [
                            46.63970947265624,
                            41.09798187627375
                        ],
                        [
                            46.6534423828125,
                            41.135227480564936
                        ],
                        [
                            46.66168212890625,
                            41.168316941075766
                        ],
                        [
                            46.65618896484375,
                            41.193123075718695
                        ],
                        [
                            46.669921875,
                            41.22824901518529
                        ],
                        [
                            46.70013427734375,
                            41.25922682850889
                        ],
                        [
                            46.7303466796875,
                            41.28606238749825
                        ],
                        [
                            46.702880859375,
                            41.31082388091818
                        ],
                        [
                            46.68365478515625,
                            41.33970040774419
                        ],
                        [
                            46.64794921875,
                            41.36031866306708
                        ],
                        [
                            46.62872314453125,
                            41.38711263243966
                        ],
                        [
                            46.5765380859375,
                            41.40565583808169
                        ],
                        [
                            46.4886474609375,
                            41.41801503608024
                        ],
                        [
                            46.4227294921875,
                            41.46537017728069
                        ],
                        [
                            46.38427734375,
                            41.48389104267175
                        ],
                        [
                            46.34857177734375,
                            41.50240661583931
                        ],
                        [
                            46.31561279296875,
                            41.53531012183376
                        ],
                        [
                            46.3018798828125,
                            41.57847058443442
                        ],
                        [
                            46.34307861328124,
                            41.572306568724365
                        ],
                        [
                            46.33209228515625,
                            41.60312076451184
                        ],
                        [
                            46.3128662109375,
                            41.611335399441735
                        ],
                        [
                            46.29364013671875,
                            41.60312076451184
                        ],
                        [
                            46.2744140625,
                            41.60312076451184
                        ],
                        [
                            46.2689208984375,
                            41.63186741069748
                        ],
                        [
                            46.241455078125,
                            41.60312076451184
                        ],
                        [
                            46.20025634765625,
                            41.6195489884308
                        ],
                        [
                            46.18927001953125,
                            41.63597302844412
                        ],
                        [
                            46.20300292968749,
                            41.65854925140818
                        ],
                        [
                            46.17828369140625,
                            41.69547509615208
                        ],
                        [
                            46.18377685546875,
                            41.734429390721
                        ],
                        [
                            46.20025634765625,
                            41.75287318430239
                        ],
                        [
                            46.20300292968749,
                            41.76926321969369
                        ],
                        [
                            46.25518798828125,
                            41.75492216766298
                        ],
                        [
                            46.30462646484375,
                            41.77950486590359
                        ],
                        [
                            46.32659912109375,
                            41.81431422987254
                        ],
                        [
                            46.3623046875,
                            41.82454867985508
                        ],
                        [
                            46.395263671875,
                            41.85115059465234
                        ],
                        [
                            46.40625,
                            41.87365126992505
                        ],
                        [
                            46.410140459444335,
                            41.8934222139128
                        ],
                        [
                            46.426616122912854,
                            41.91249837604663
                        ],
                        [
                            46.40968322753906,
                            41.92271616673922
                        ],
                        [
                            46.397323608398324,
                            41.94008427751427
                        ],
                        [
                            46.35955810546875,
                            41.93446570034958
                        ],
                        [
                            46.333465576171875,
                            41.94417020453614
                        ],
                        [
                            46.32179260253906,
                            41.93140081325834
                        ],
                        [
                            46.28471374511719,
                            41.94774517589915
                        ],
                        [
                            46.265487670898324,
                            41.97940045674709
                        ],
                        [
                            46.24900817871094,
                            41.983483863503515
                        ],
                        [
                            46.25587463378906,
                            42.00542768820574
                        ],
                        [
                            46.22360229492176,
                            42.01512138664375
                        ],
                        [
                            46.176910400390625,
                            41.996753126923714
                        ],
                        [
                            46.15287780761719,
                            41.990629195207816
                        ],
                        [
                            46.153564453125,
                            42.01410106690003
                        ],
                        [
                            46.130218505859375,
                            42.004407212963585
                        ],
                        [
                            46.10687255859375,
                            41.986546246720934
                        ],
                        [
                            46.086273193359375,
                            42.007978804701
                        ],
                        [
                            46.07322692871094,
                            42.04011410708205
                        ],
                        [
                            46.042327880859375,
                            42.02124296136385
                        ],
                        [
                            46.021728515625,
                            42.02736394680203
                        ],
                        [
                            46.020355224609375,
                            42.042153895364
                        ],
                        [
                            46.00730895996094,
                            42.03603433407788
                        ],
                        [
                            45.981903076171875,
                            42.044193618165224
                        ],
                        [
                            45.959930419921875,
                            42.0227732629691
                        ],
                        [
                            45.944824218749886,
                            42.03501434990212
                        ],
                        [
                            45.929718017578125,
                            42.029404144327636
                        ],
                        [
                            45.93109130859375,
                            42.05337156043361
                        ],
                        [
                            45.91323852539051,
                            42.06458724463074
                        ],
                        [
                            45.921478271484375,
                            42.08191667830631
                        ],
                        [
                            45.894699096679574,
                            42.10637370579324
                        ],
                        [
                            45.85350036621094,
                            42.11401459274903
                        ],
                        [
                            45.828781127929574,
                            42.10739254393655
                        ],
                        [
                            45.80818176269531,
                            42.115033308085884
                        ],
                        [
                            45.7855224609375,
                            42.10280764334724
                        ],
                        [
                            45.76972961425781,
                            42.12623809606465
                        ],
                        [
                            45.73883056640625,
                            42.12980284036179
                        ],
                        [
                            45.7470703125,
                            42.146096259707384
                        ],
                        [
                            45.72647094726551,
                            42.154241397276955
                        ],
                        [
                            45.677032470703125,
                            42.18579390537848
                        ],
                        [
                            45.65093994140625,
                            42.185285118838806
                        ],
                        [
                            45.62141418457031,
                            42.20665062795389
                        ],
                        [
                            45.60699462890625,
                            42.21122801157102
                        ],
                        [
                            45.611114501953125,
                            42.233093155022765
                        ],
                        [
                            45.6207275390625,
                            42.24071874922666
                        ],
                        [
                            45.616607666015625,
                            42.25088477477567
                        ],
                        [
                            45.65437316894531,
                            42.292040424916145
                        ],
                        [
                            45.666046142578125,
                            42.28289704723818
                        ],
                        [
                            45.693511962890625,
                            42.2884848246275
                        ],
                        [
                            45.70381164550781,
                            42.29661161608281
                        ],
                        [
                            45.72441101074219,
                            42.288992779814045
                        ],
                        [
                            45.75050354003906,
                            42.3037216984154
                        ],
                        [
                            45.755310058593636,
                            42.32504712815144
                        ],
                        [
                            45.74501037597656,
                            42.332153998913704
                        ],
                        [
                            45.736083984375,
                            42.3793435424587
                        ],
                        [
                            45.778656005859375,
                            42.44068764258161
                        ],
                        [
                            45.7745361328125,
                            42.49133996306382
                        ],
                        [
                            45.72372436523426,
                            42.478680725216975
                        ],
                        [
                            45.69969177246094,
                            42.48323834594139
                        ],
                        [
                            45.688018798828125,
                            42.507033860318465
                        ],
                        [
                            45.66055297851551,
                            42.50197174319114
                        ],
                        [
                            45.63514709472656,
                            42.50956476517422
                        ],
                        [
                            45.615234375,
                            42.51007093384861
                        ],
                        [
                            45.60081481933594,
                            42.51614463822353
                        ],
                        [
                            45.575408935546875,
                            42.55004530600437
                        ],
                        [
                            45.521163940429574,
                            42.54397489736545
                        ],
                        [
                            45.49507141113281,
                            42.535374141307415
                        ],
                        [
                            45.451812744140625,
                            42.54701017547381
                        ],
                        [
                            45.432586669921875,
                            42.53992763032448
                        ],
                        [
                            45.42022705078125,
                            42.549033612225145
                        ],
                        [
                            45.406494140625,
                            42.54397489736545
                        ],
                        [
                            45.35980224609375,
                            42.521711682043765
                        ],
                        [
                            45.32958984375,
                            42.525760129656845
                        ],
                        [
                            45.315856933593636,
                            42.57229842044635
                        ],
                        [
                            45.303497314453125,
                            42.57128708742757
                        ],
                        [
                            45.28839111328125,
                            42.58746644784856
                        ],
                        [
                            45.28427124023426,
                            42.60566321006408
                        ],
                        [
                            45.256805419921875,
                            42.6026307853624
                        ],
                        [
                            45.22109985351551,
                            42.65820178455667
                        ],
                        [
                            45.17852783203125,
                            42.685463935766094
                        ],
                        [
                            45.155181884765625,
                            42.70867781741311
                        ],
                        [
                            45.083770751953125,
                            42.707668698664335
                        ],
                        [
                            45.065917968749886,
                            42.69252994883861
                        ],
                        [
                            45.03570556640625,
                            42.69858589169842
                        ],
                        [
                            45,
                            42.72078596277834
                        ],
                        [
                            44.96978759765625,
                            42.748020652091924
                        ],
                        [
                            44.88739013671875,
                            42.744995166137286
                        ],
                        [
                            44.869537353515625,
                            42.73188302070198
                        ],
                        [
                            44.866790771484375,
                            42.70665956351041
                        ],
                        [
                            44.857177734375,
                            42.67637788071963
                        ],
                        [
                            44.835205078125,
                            42.67637788071963
                        ],
                        [
                            44.82421875,
                            42.64305097803165
                        ],
                        [
                            44.839324951171875,
                            42.61678083779763
                        ],
                        [
                            44.800872802734375,
                            42.61678083779763
                        ],
                        [
                            44.773406982421875,
                            42.64406114661688
                        ],
                        [
                            44.747314453125,
                            42.69959515809203
                        ],
                        [
                            44.754180908203125,
                            42.72381262999295
                        ],
                        [
                            44.68414306640625,
                            42.75306280054229
                        ],
                        [
                            44.583892822265625,
                            42.744995166137286
                        ],
                        [
                            44.553680419921875,
                            42.76314586689492
                        ],
                        [
                            44.520721435546875,
                            42.756087892726086
                        ],
                        [
                            44.504241943359375,
                            42.7379351246715
                        ],
                        [
                            44.520721435546875,
                            42.696567309696974
                        ],
                        [
                            44.427337646484375,
                            42.72280375732727
                        ],
                        [
                            44.402618408203125,
                            42.707668698664335
                        ],
                        [
                            44.373779296875,
                            42.717759147911806
                        ],
                        [
                            44.314727783203125,
                            42.72078596277834
                        ],
                        [
                            44.25018310546875,
                            42.68243539838623
                        ],
                        [
                            44.23095703125,
                            42.630927675654135
                        ],
                        [
                            44.188385009765625,
                            42.628906895633456
                        ],
                        [
                            44.15679931640625,
                            42.60768474453004
                        ],
                        [
                            44.11834716796875,
                            42.6147595985433
                        ],
                        [
                            44.0606689453125,
                            42.6026307853624
                        ],
                        [
                            44.018096923828125,
                            42.59656549315401
                        ],
                        [
                            43.968658447265625,
                            42.54802190204827
                        ],
                        [
                            43.8629150390625,
                            42.59049961054768
                        ],
                        [
                            43.803863525390625,
                            42.60060908689335
                        ],
                        [
                            43.77227783203125,
                            42.59049961054768
                        ],
                        [
                            43.74755859375,
                            42.61577022637093
                        ],
                        [
                            43.7200927734375,
                            42.63597933867727
                        ],
                        [
                            43.759918212890625,
                            42.65315192577889
                        ],
                        [
                            43.8079833984375,
                            42.71473218539458
                        ],
                        [
                            43.80523681640625,
                            42.73995236140946
                        ],
                        [
                            43.78326416015625,
                            42.7500375606934
                        ],
                        [
                            43.7420654296875,
                            42.767178634023345
                        ],
                        [
                            43.696746826171875,
                            42.783307077249624
                        ],
                        [
                            43.6871337890625,
                            42.80043894556553
                        ],
                        [
                            43.65966796875,
                            42.7964083443613
                        ],
                        [
                            43.634948730468636,
                            42.81051429991593
                        ],
                        [
                            43.614349365234375,
                            42.81555136172695
                        ],
                        [
                            43.611602783203125,
                            42.83468845508063
                        ],
                        [
                            43.567657470703125,
                            42.867912483915305
                        ],
                        [
                            43.507232666015625,
                            42.868918993667116
                        ],
                        [
                            43.4783935546875,
                            42.89105805581562
                        ],
                        [
                            43.4564208984375,
                            42.890051907144574
                        ],
                        [
                            43.3905029296875,
                            42.897094603161904
                        ],
                        [
                            43.33831787109375,
                            42.89206418807337
                        ],
                        [
                            43.317718505859375,
                            42.911177582396384
                        ],
                        [
                            43.2916259765625,
                            42.91419494510531
                        ],
                        [
                            43.1927490234375,
                            42.938328528472546
                        ],
                        [
                            43.1817626953125,
                            42.96245265666877
                        ],
                        [
                            43.147430419921875,
                            42.96948707959155
                        ],
                        [
                            43.1048583984375,
                            42.99862111927107
                        ],
                        [
                            43.04031372070301,
                            43.02472955416351
                        ],
                        [
                            43.0169677734375,
                            43.06587799626204
                        ],
                        [
                            43.04168701171875,
                            43.09095496313368
                        ],
                        [
                            42.996368408203125,
                            43.113014204188914
                        ],
                        [
                            42.93182373046875,
                            43.12905229628564
                        ],
                        [
                            42.935943603515625,
                            43.14909399920127
                        ],
                        [
                            42.887878417968636,
                            43.158110622265646
                        ],
                        [
                            42.87139892578125,
                            43.177141346631714
                        ],
                        [
                            42.821960449218636,
                            43.16912913272099
                        ],
                        [
                            42.78762817382801,
                            43.184151171516795
                        ],
                        [
                            42.7423095703125,
                            43.18314981723581
                        ],
                        [
                            42.681884765625,
                            43.17013071694503
                        ],
                        [
                            42.66677856445301,
                            43.137069765760344
                        ],
                        [
                            42.611846923828125,
                            43.16512263158296
                        ],
                        [
                            42.449798583984375,
                            43.22118973298753
                        ],
                        [
                            42.449798583984375,
                            43.24020079624684
                        ],
                        [
                            42.418212890625,
                            43.25520534158046
                        ],
                        [
                            42.35641479492176,
                            43.24620305791017
                        ],
                        [
                            42.35092163085926,
                            43.22319117678928
                        ],
                        [
                            42.29598999023426,
                            43.213183300738876
                        ],
                        [
                            42.258911132812386,
                            43.21418416226072
                        ],
                        [
                            42.242431640625,
                            43.229195113965005
                        ],
                        [
                            42.20672607421875,
                            43.23019571266879
                        ],
                        [
                            42.1875,
                            43.2151850073567
                        ],
                        [
                            42.16964721679676,
                            43.22118973298753
                        ],
                        [
                            42.09488586042144,
                            43.21397740417701
                        ],
                        [
                            42.03990590757914,
                            43.18724975877627
                        ],
                        [
                            42.01995849609375,
                            43.21818744408914
                        ],
                        [
                            41.951293945312386,
                            43.21018061761849
                        ],
                        [
                            41.94305419921875,
                            43.22519255488632
                        ],
                        [
                            41.900482177734375,
                            43.229195113965005
                        ],
                        [
                            41.89783418359205,
                            43.24488456200251
                        ],
                        [
                            41.88285711979458,
                            43.25124721544436
                        ],
                        [
                            41.877635072427935,
                            43.24461609461741
                        ],
                        [
                            41.8634033203125,
                            43.24420236973
                        ],
                        [
                            41.862030029296875,
                            43.23419794321918
                        ],
                        [
                            41.8524169921875,
                            43.213183300738876
                        ],
                        [
                            41.829071044921875,
                            43.213183300738876
                        ],
                        [
                            41.80416400309204,
                            43.202410611384025
                        ],
                        [
                            41.784513027831,
                            43.22243507652003
                        ],
                        [
                            41.77288344563128,
                            43.218964909552156
                        ],
                        [
                            41.72663762939575,
                            43.243137008743034
                        ],
                        [
                            41.70288205583013,
                            43.22032901699612
                        ],
                        [
                            41.68505391959954,
                            43.2173885336104
                        ],
                        [
                            41.65993903175672,
                            43.23740109684859
                        ],
                        [
                            41.643004255840275,
                            43.22996942742351
                        ],
                        [
                            41.636501769632204,
                            43.22219225571686
                        ],
                        [
                            41.61922904233515,
                            43.22115017245763
                        ],
                        [
                            41.59312012402465,
                            43.23683079178077
                        ],
                        [
                            41.58777635310335,
                            43.23493724201472
                        ],
                        [
                            41.576608809862535,
                            43.2531825186616
                        ],
                        [
                            41.567921111507815,
                            43.249326405956865
                        ],
                        [
                            41.561820866353116,
                            43.24903012039686
                        ],
                        [
                            41.54524642831899,
                            43.2696249173401
                        ],
                        [
                            41.52041923895488,
                            43.272843066612296
                        ],
                        [
                            41.50536687279039,
                            43.27773579936966
                        ],
                        [
                            41.50573658926763,
                            43.28145120812851
                        ],
                        [
                            41.49949133834866,
                            43.28147431697266
                        ],
                        [
                            41.488646170630126,
                            43.28610183306692
                        ],
                        [
                            41.47385571039244,
                            43.29682136627112
                        ],
                        [
                            41.46123698311908,
                            43.30926209723249
                        ],
                        [
                            41.44801355094794,
                            43.30736747537709
                        ],
                        [
                            41.44370179326353,
                            43.30537411355321
                        ],
                        [
                            41.43795256157752,
                            43.30630967206157
                        ],
                        [
                            41.42688666903692,
                            43.31381761238659
                        ],
                        [
                            41.423361344536815,
                            43.313171535369975
                        ],
                        [
                            41.413223639634914,
                            43.324239305038674
                        ],
                        [
                            41.416810298235404,
                            43.32629479959658
                        ],
                        [
                            41.416508750633625,
                            43.32998779634947
                        ],
                        [
                            41.41076639683508,
                            43.33249793798022
                        ],
                        [
                            41.40933646503858,
                            43.33814482849361
                        ],
                        [
                            41.412226497446426,
                            43.3402378135763
                        ],
                        [
                            41.41110668705994,
                            43.34588768953566
                        ],
                        [
                            41.4172044154879,
                            43.34924247738179
                        ],
                        [
                            41.41330016353993,
                            43.35699822110313
                        ],
                        [
                            41.40443695845057,
                            43.359459563505126
                        ],
                        [
                            41.39356128976176,
                            43.365683322809886
                        ],
                        [
                            41.37267243678238,
                            43.36663506712401
                        ],
                        [
                            41.36539410682565,
                            43.37021069567568
                        ],
                        [
                            41.36228656577251,
                            43.368274031710115
                        ],
                        [
                            41.36159527964553,
                            43.36312566876727
                        ],
                        [
                            41.3574540559203,
                            43.357768292097255
                        ],
                        [
                            41.3439967020654,
                            43.35363753992128
                        ],
                        [
                            41.34031417141307,
                            43.346371041765764
                        ],
                        [
                            41.32184661640224,
                            43.34845344299814
                        ],
                        [
                            41.323189144555734,
                            43.34553088384297
                        ],
                        [
                            41.31878177670832,
                            43.33905399570514
                        ],
                        [
                            41.30392965021517,
                            43.340736152586004
                        ],
                        [
                            41.29281495612135,
                            43.33677270066571
                        ],
                        [
                            41.28745015802832,
                            43.33782767497
                        ],
                        [
                            41.27765610803781,
                            43.34866863773504
                        ],
                        [
                            41.27993683964952,
                            43.35219219007894
                        ],
                        [
                            41.276323927860254,
                            43.35571595034821
                        ],
                        [
                            41.277598427670824,
                            43.359239710617494
                        ],
                        [
                            41.25816442306868,
                            43.364649871927554
                        ],
                        [
                            41.25102851188191,
                            43.35791649646301
                        ],
                        [
                            41.24019295755635,
                            43.36042265058266
                        ],
                        [
                            41.238557236832676,
                            43.366900178588565
                        ],
                        [
                            41.2293029039075,
                            43.371078754597605
                        ],
                        [
                            41.22234852938493,
                            43.38110876757975
                        ],
                        [
                            41.20454255478964,
                            43.38054852390901
                        ],
                        [
                            41.181561673794135,
                            43.386256704820454
                        ],
                        [
                            41.16842748969981,
                            43.38324157046769
                        ],
                        [
                            41.15529330560548,
                            43.388792832781974
                        ],
                        [
                            41.15455149645818,
                            43.40073898724697
                        ],
                        [
                            41.150934739310486,
                            43.40453842959118
                        ],
                        [
                            41.129148129395475,
                            43.398480286612056
                        ],
                        [
                            41.11454888948302,
                            43.39889761252972
                        ],
                        [
                            41.10619378265602,
                            43.40411873999679
                        ],
                        [
                            41.099793177997846,
                            43.400069298586146
                        ],
                        [
                            41.10431737574062,
                            43.394348749703205
                        ],
                        [
                            41.09697856762463,
                            43.384787666027805
                        ],
                        [
                            41.08004608972105,
                            43.39053761075523
                        ],
                        [
                            41.07344856696995,
                            43.387249355321146
                        ],
                        [
                            41.05218880941649,
                            43.39754084136535
                        ],
                        [
                            41.04730991892529,
                            43.3949967231606
                        ],
                        [
                            41.03840610123521,
                            43.39892841614251
                        ],
                        [
                            41.036123185052666,
                            43.40700026714589
                        ],
                        [
                            41.02614978297146,
                            43.4112601104677
                        ],
                        [
                            41.01732636008863,
                            43.41865262763322
                        ],
                        [
                            41.00416976816271,
                            43.43214198194843
                        ],
                        [
                            40.98478694071944,
                            43.430876159248456
                        ],
                        [
                            40.97912045419808,
                            43.42523231318959
                        ],
                        [
                            40.96090623913703,
                            43.42261919819127
                        ],
                        [
                            40.95740528020717,
                            43.42016416330082
                        ],
                        [
                            40.9501668888759,
                            43.41958846713072
                        ],
                        [
                            40.944842656334146,
                            43.42532937935963
                        ],
                        [
                            40.93780517578125,
                            43.424315023948665
                        ],
                        [
                            40.929946293903036,
                            43.426463940170365
                        ],
                        [
                            40.926123218265374,
                            43.43378072781396
                        ],
                        [
                            40.92952243143898,
                            43.44409501318992
                        ],
                        [
                            40.92357620649943,
                            43.448066736285895
                        ],
                        [
                            40.913879628171046,
                            43.449685358812594
                        ],
                        [
                            40.90474698743557,
                            43.45376039649304
                        ],
                        [
                            40.89216086765211,
                            43.458360566205315
                        ],
                        [
                            40.89987650119371,
                            43.46858890921254
                        ],
                        [
                            40.896877320479845,
                            43.47298441892984
                        ],
                        [
                            40.89810767170779,
                            43.47676605362117
                        ],
                        [
                            40.89126340388922,
                            43.48166979041021
                        ],
                        [
                            40.89432655229217,
                            43.487190438779265
                        ],
                        [
                            40.89146835597725,
                            43.48964240330723
                        ],
                        [
                            40.87797563418869,
                            43.484838650167966
                        ],
                        [
                            40.87104260750939,
                            43.487202651481866
                        ],
                        [
                            40.84747342185399,
                            43.486907135807655
                        ],
                        [
                            40.837554931640625,
                            43.489793926746216
                        ],
                        [
                            40.829261432917136,
                            43.48826617613605
                        ],
                        [
                            40.81702037104563,
                            43.49410285959751
                        ],
                        [
                            40.77392830675382,
                            43.50659361010595
                        ],
                        [
                            40.766695441106265,
                            43.51296280990851
                        ],
                        [
                            40.76129537263316,
                            43.5123792138744
                        ],
                        [
                            40.756459241753014,
                            43.515271909747085
                        ],
                        [
                            40.75600662757766,
                            43.51948195878442
                        ],
                        [
                            40.74554412113671,
                            43.52154600554141
                        ],
                        [
                            40.736773427474674,
                            43.52810810846704
                        ],
                        [
                            40.69610595703125,
                            43.534516870979196
                        ],
                        [
                            40.688087964155756,
                            43.54003928524017
                        ],
                        [
                            40.691639012740154,
                            43.54824530131212
                        ],
                        [
                            40.67672189369196,
                            43.550321337850434
                        ],
                        [
                            40.6747621010806,
                            43.55809898119456
                        ],
                        [
                            40.668753143959094,
                            43.55925309029131
                        ],
                        [
                            40.6620500443492,
                            43.56308993518892
                        ],
                        [
                            40.637701216949736,
                            43.551148028135415
                        ],
                        [
                            40.62769800096165,
                            43.548932066764095
                        ],
                        [
                            40.619954752936096,
                            43.550788398354044
                        ],
                        [
                            40.60817035015205,
                            43.54678721156537
                        ],
                        [
                            40.59396394564102,
                            43.531003437031146
                        ],
                        [
                            40.58709212421497,
                            43.53024128521636
                        ],
                        [
                            40.56494916805963,
                            43.518742396943246
                        ],
                        [
                            40.540287262212196,
                            43.51936065784152
                        ],
                        [
                            40.53135925275292,
                            43.52165674143872
                        ],
                        [
                            40.522094095816286,
                            43.52062363717323
                        ],
                        [
                            40.516993793805646,
                            43.52462386103384
                        ],
                        [
                            40.50517352398029,
                            43.525242195417746
                        ],
                        [
                            40.49492974327171,
                            43.532430019159
                        ],
                        [
                            40.48723115168502,
                            43.54389543982445
                        ],
                        [
                            40.476973260969686,
                            43.54921491626955
                        ],
                        [
                            40.46640880855597,
                            43.54642415035874
                        ],
                        [
                            40.447425835617075,
                            43.55017489337837
                        ],
                        [
                            40.43980949784479,
                            43.55656527607757
                        ],
                        [
                            40.43238113402442,
                            43.55747399738193
                        ],
                        [
                            40.42718943643965,
                            43.554060315845334
                        ],
                        [
                            40.42165170964357,
                            43.554275730384674
                        ],
                        [
                            40.411392131905366,
                            43.55214972967266
                        ],
                        [
                            40.40379593690078,
                            43.555282195501874
                        ],
                        [
                            40.38886844701332,
                            43.554902578018115
                        ],
                        [
                            40.38114799277452,
                            43.55758469686206
                        ],
                        [
                            40.37117449065052,
                            43.558761716181436
                        ],
                        [
                            40.35473950828812,
                            43.564440976011284
                        ],
                        [
                            40.33944882838401,
                            43.5637466115813
                        ],
                        [
                            40.32900035823689,
                            43.566405415196755
                        ],
                        [
                            40.321906887443205,
                            43.57059481789689
                        ],
                        [
                            40.31964883244658,
                            43.575912554049694
                        ],
                        [
                            40.31504684380499,
                            43.576176140697065
                        ],
                        [
                            40.31380713672833,
                            43.5788755360084
                        ],
                        [
                            40.30585961370119,
                            43.57776465244104
                        ],
                        [
                            40.300542825259015,
                            43.571349076981505
                        ],
                        [
                            40.29415779051073,
                            43.5715826578877
                        ],
                        [
                            40.28646520182288,
                            43.5766881620555
                        ],
                        [
                            40.2796725217814,
                            43.579050037564016
                        ],
                        [
                            40.2718865363823,
                            43.577220175554714
                        ],
                        [
                            40.2659684851879,
                            43.580397120068774
                        ],
                        [
                            40.26085694592523,
                            43.585938950012945
                        ],
                        [
                            40.25156783450423,
                            43.586468301496936
                        ],
                        [
                            40.24841762615566,
                            43.584838738263485
                        ],
                        [
                            40.242278723083224,
                            43.58699765298092
                        ]
                    ]
                ],
                "type": "Polygon"
            }
        }
    ]
}