{
    "type": "FeatureCollection",
    "features": [
        {
            "type": "Feature",
            "geometry": {
                "coordinates": [
                    [
                        [
                            -0.28263295862086574,
                            11.168894691385987
                        ],
                        [
                            -0.2883576508845067,
                            11.148020783449718
                        ],
                        [
                            -0.28013463598912836,
                            11.137611562190942
                        ],
                        [
                            -0.27191162109374994,
                            11.127202340932167
                        ],
                        [
                            -0.33096313476562494,
                            11.106989519283017
                        ],
                        [
                            -0.35430908203125,
                            11.074646093681734
                        ],
                        [
                            -0.380401611328125,
                            11.125854863092481
                        ],
                        [
                            -0.429840087890625,
                            11.113727282172755
                        ],
                        [
                            -0.438079833984375,
                            11.035559686828236
                        ],
                        [
                            -0.48339843749999994,
                            11.030168049748383
                        ],
                        [
                            -0.506744384765625,
                            10.991075726040743
                        ],
                        [
                            -0.523223876953125,
                            10.999164218664298
                        ],
                        [
                            -0.542449951171875,
                            10.97759441224152
                        ],
                        [
                            -0.561676025390625,
                            10.99512000008428
                        ],
                        [
                            -0.59051513671875,
                            10.926359814133871
                        ],
                        [
                            -0.6166076660156249,
                            10.916920895841397
                        ],
                        [
                            -0.62896728515625,
                            10.946585056517058
                        ],
                        [
                            -0.6468200683593749,
                            10.95871953933339
                        ],
                        [
                            -0.671539306640625,
                            10.961416023513427
                        ],
                        [
                            -0.6536865234375,
                            10.985683274406332
                        ],
                        [
                            -0.67840576171875,
                            10.987031396553103
                        ],
                        [
                            -0.685272216796875,
                            11.001860333561694
                        ],
                        [
                            -0.8102416992187499,
                            10.997816151968104
                        ],
                        [
                            -0.8102416992187499,
                            11.009948530242026
                        ],
                        [
                            -0.8294677734375,
                            11.005904459659451
                        ],
                        [
                            -0.828094482421875,
                            10.993771914898083
                        ],
                        [
                            -0.855560302734375,
                            10.99512000008428
                        ],
                        [
                            -0.88165283203125,
                            10.96006778449538
                        ],
                        [
                            -0.88714599609375,
                            10.978942571323032
                        ],
                        [
                            -0.91461181640625,
                            10.984335146101955
                        ],
                        [
                            -0.9228515625,
                            11.001860333561694
                        ],
                        [
                            -0.995635986328125,
                            10.997816151968104
                        ],
                        [
                            -1.001129150390625,
                            11.00860051288406
                        ],
                        [
                            -1.11236572265625,
                            11.003208381761434
                        ],
                        [
                            -1.116485595703125,
                            10.987031396553103
                        ],
                        [
                            -1.3938903808593748,
                            10.988379512541584
                        ],
                        [
                            -1.4241027832031248,
                            11.01938447893334
                        ],
                        [
                            -1.61773681640625,
                            11.022080408704667
                        ],
                        [
                            -1.61224365234375,
                            10.988379512541584
                        ],
                        [
                            -1.6864013671875,
                            10.982987011640736
                        ],
                        [
                            -1.70013427734375,
                            10.970853524549222
                        ],
                        [
                            -1.74957275390625,
                            10.972201714389914
                        ],
                        [
                            -1.75506591796875,
                            10.985683274406332
                        ],
                        [
                            -2.127227783203125,
                            10.985683274406332
                        ],
                        [
                            -2.264556884765625,
                            10.996468079107856
                        ],
                        [
                            -2.352447509765625,
                            10.988379512541584
                        ],
                        [
                            -2.63946533203125,
                            11.000512279195748
                        ],
                        [
                            -2.72186279296875,
                            11.003208381761434
                        ],
                        [
                            -2.8330993652343746,
                            11.00860051288406
                        ],
                        [
                            -2.8399658203125,
                            10.966808918131894
                        ],
                        [
                            -2.816619873046875,
                            10.935798432254016
                        ],
                        [
                            -2.830352783203125,
                            10.895345099603954
                        ],
                        [
                            -2.860565185546875,
                            10.885905196767663
                        ],
                        [
                            -2.871551513671875,
                            10.846793844137942
                        ],
                        [
                            -2.900390625,
                            10.755064433001634
                        ],
                        [
                            -2.940216064453125,
                            10.715936036343722
                        ],
                        [
                            -2.9086303710937496,
                            10.694345789406778
                        ],
                        [
                            -2.92510986328125,
                            10.661957538939191
                        ],
                        [
                            -2.940216064453125,
                            10.62956584126984
                        ],
                        [
                            -2.915496826171875,
                            10.566122152662007
                        ],
                        [
                            -2.866058349609375,
                            10.459453269048119
                        ],
                        [
                            -2.7740478515625,
                            10.425689637204096
                        ],
                        [
                            -2.786407470703125,
                            10.402728275524264
                        ],
                        [
                            -2.8289794921874996,
                            10.395974612177655
                        ],
                        [
                            -2.8482055664062496,
                            10.316270379412671
                        ],
                        [
                            -2.8028869628906246,
                            10.273032511740157
                        ],
                        [
                            -2.767181396484375,
                            10.266276060027122
                        ],
                        [
                            -2.7575683593749996,
                            10.227085797160932
                        ],
                        [
                            -2.7987670898437496,
                            10.196000424383561
                        ],
                        [
                            -2.79052734375,
                            10.151394375623681
                        ],
                        [
                            -2.797393798828125,
                            10.112189985988717
                        ],
                        [
                            -2.7877807617187496,
                            10.025653047262292
                        ],
                        [
                            -2.750701904296875,
                            9.985080889293013
                        ],
                        [
                            -2.74383544921875,
                            9.945856327741382
                        ],
                        [
                            -2.76031494140625,
                            9.920154922509878
                        ],
                        [
                            -2.76031494140625,
                            9.874157904704258
                        ],
                        [
                            -2.739715576171875,
                            9.841685549450675
                        ],
                        [
                            -2.728729248046875,
                            9.828154458476808
                        ],
                        [
                            -2.7410888671875,
                            9.810563212682444
                        ],
                        [
                            -2.7726745605468746,
                            9.77131783956118
                        ],
                        [
                            -2.7877807617187496,
                            9.745602842202617
                        ],
                        [
                            -2.7877807617187496,
                            9.686044719454854
                        ],
                        [
                            -2.7520751953125,
                            9.677922337005096
                        ],
                        [
                            -2.74658203125,
                            9.637307482396151
                        ],
                        [
                            -2.7685546874999996,
                            9.593979582094619
                        ],
                        [
                            -2.77130126953125,
                            9.560125804733719
                        ],
                        [
                            -2.736968994140625,
                            9.53168602752469
                        ],
                        [
                            -2.698516845703125,
                            9.511370449204525
                        ],
                        [
                            -2.68837599913158,
                            9.490407260123186
                        ],
                        [
                            -2.6839697878529165,
                            9.484738553276514
                        ],
                        [
                            -2.6896321407563804,
                            9.451598357203569
                        ],
                        [
                            -2.68890380859375,
                            9.43009609103695
                        ],
                        [
                            -2.6751708984375,
                            9.367772770859636
                        ],
                        [
                            -2.7191162109375,
                            9.333896705061013
                        ],
                        [
                            -2.717742919921875,
                            9.313569484495481
                        ],
                        [
                            -2.6971435546875,
                            9.286464684304082
                        ],
                        [
                            -2.68341064453125,
                            9.286464684304082
                        ],
                        [
                            -2.654571533203125,
                            9.247159001154094
                        ],
                        [
                            -2.7108764648438637,
                            9.209204520155922
                        ],
                        [
                            -2.73284912109375,
                            9.160399913698976
                        ],
                        [
                            -2.7713012695313637,
                            9.14413021993131
                        ],
                        [
                            -2.761688232421875,
                            9.089892543543131
                        ],
                        [
                            -2.783660888671875,
                            9.062770621486498
                        ],
                        [
                            -2.769927978515625,
                            9.042427835611676
                        ],
                        [
                            -2.70263671875,
                            9.028865339591997
                        ],
                        [
                            -2.654571533203125,
                            9.012589671033295
                        ],
                        [
                            -2.65594482421875,
                            8.939340105948668
                        ],
                        [
                            -2.61474609375,
                            8.918990384830087
                        ],
                        [
                            -2.625732421875,
                            8.882358029987763
                        ],
                        [
                            -2.596893310546875,
                            8.822653022233062
                        ],
                        [
                            -2.629852294921875,
                            8.795511185738743
                        ],
                        [
                            -2.6133728027344887,
                            8.781939521035971
                        ],
                        [
                            -2.588845965534688,
                            8.786322308952386
                        ],
                        [
                            -2.5521280115442977,
                            8.551681338551855
                        ],
                        [
                            -2.501896045413588,
                            8.314539244105717
                        ],
                        [
                            -2.493902381707244,
                            8.204929013138996
                        ],
                        [
                            -2.549961230960406,
                            8.173609960730793
                        ],
                        [
                            -2.597418582205478,
                            8.174177723960167
                        ],
                        [
                            -2.618382648020969,
                            8.140382057388363
                        ],
                        [
                            -2.5889763121525107,
                            8.083295555138532
                        ],
                        [
                            -2.5884487633878734,
                            8.056510162184548
                        ],
                        [
                            -2.6019532831523406,
                            8.04151484917326
                        ],
                        [
                            -2.634182866365137,
                            8.040621939126828
                        ],
                        [
                            -2.669938560091225,
                            8.028163309746114
                        ],
                        [
                            -2.68251698645955,
                            8.01877871795433
                        ],
                        [
                            -2.6909843857787976,
                            7.998990812041129
                        ],
                        [
                            -2.7353260314121286,
                            7.950367592559351
                        ],
                        [
                            -2.746128199132926,
                            7.922558404005074
                        ],
                        [
                            -2.764218218724551,
                            7.943421805935224
                        ],
                        [
                            -2.781142697032493,
                            7.948865158816626
                        ],
                        [
                            -2.790992970530368,
                            7.859750218585428
                        ],
                        [
                            -2.8280747766188767,
                            7.82008537585424
                        ],
                        [
                            -2.831260447438382,
                            7.7992303702594965
                        ],
                        [
                            -2.848890737580774,
                            7.780181733776038
                        ],
                        [
                            -2.850275823259693,
                            7.762237381513205
                        ],
                        [
                            -2.8657412168002026,
                            7.736571978068213
                        ],
                        [
                            -2.922773661617782,
                            7.609060130777078
                        ],
                        [
                            -2.9326698793005903,
                            7.486966542266264
                        ],
                        [
                            -2.9476278786986683,
                            7.449942356577566
                        ],
                        [
                            -2.947558724360789,
                            7.429652934022041
                        ],
                        [
                            -2.9731770177128283,
                            7.317050701847693
                        ],
                        [
                            -2.9761389869722166,
                            7.270719515878164
                        ],
                        [
                            -2.951188561710353,
                            7.231657544423589
                        ],
                        [
                            -3.0262986862117316,
                            7.1405579968572646
                        ],
                        [
                            -3.03685030210994,
                            7.069305015603262
                        ],
                        [
                            -3.08990478515625,
                            7.051330724173474
                        ],
                        [
                            -3.143868216371928,
                            6.958869498813184
                        ],
                        [
                            -3.2283483290188713,
                            6.820052511518415
                        ],
                        [
                            -3.2292454152051278,
                            6.767503987016232
                        ],
                        [
                            -3.210930258041458,
                            6.750436543547791
                        ],
                        [
                            -3.198066772336773,
                            6.716056536806625
                        ],
                        [
                            -3.2171308139131725,
                            6.694389450317789
                        ],
                        [
                            -3.229259246072928,
                            6.662160216620848
                        ],
                        [
                            -3.2496135934585766,
                            6.6417132143358755
                        ],
                        [
                            -3.25395082261943,
                            6.6083540913531404
                        ],
                        [
                            -3.2350389205868453,
                            6.596347328987839
                        ],
                        [
                            -3.2368469238282387,
                            6.5391025879031535
                        ],
                        [
                            -3.1695556640625,
                            6.296188782911237
                        ],
                        [
                            -3.175434817972018,
                            6.244279412214664
                        ],
                        [
                            -3.1553921109552334,
                            6.2471349475518965
                        ],
                        [
                            -3.1040236851595466,
                            6.151522356517782
                        ],
                        [
                            -3.076171875,
                            5.9862410909496715
                        ],
                        [
                            -3.0545261729883038,
                            5.97261126603394
                        ],
                        [
                            -3.0583558008536613,
                            5.948232363015148
                        ],
                        [
                            -3.0212402343751137,
                            5.856474565300485
                        ],
                        [
                            -3.026688075807158,
                            5.709147794417029
                        ],
                        [
                            -2.954753136317663,
                            5.715980147882751
                        ],
                        [
                            -2.9668975983987877,
                            5.641618707753413
                        ],
                        [
                            -2.946745494091047,
                            5.6352179025768745
                        ],
                        [
                            -2.931919620870758,
                            5.616821187241606
                        ],
                        [
                            -2.919589930219871,
                            5.626137232733027
                        ],
                        [
                            -2.8888160820996376,
                            5.636582175262977
                        ],
                        [
                            -2.8605651855469887,
                            5.652885532073467
                        ],
                        [
                            -2.828235359317773,
                            5.631924205975113
                        ],
                        [
                            -2.8001104523696654,
                            5.621563869664393
                        ],
                        [
                            -2.7895611218229988,
                            5.626919311742117
                        ],
                        [
                            -2.786932505627952,
                            5.615643559128484
                        ],
                        [
                            -2.7763646192293976,
                            5.61239240371952
                        ],
                        [
                            -2.77766259539991,
                            5.602745333542804
                        ],
                        [
                            -2.761431401279623,
                            5.599593883752519
                        ],
                        [
                            -2.769067705240019,
                            5.5546161869223845
                        ],
                        [
                            -2.7650070925343115,
                            5.535949637055063
                        ],
                        [
                            -2.750590692542872,
                            5.448014753310311
                        ],
                        [
                            -2.747335066780437,
                            5.4349537782743225
                        ],
                        [
                            -2.725229630485188,
                            5.38919364037966
                        ],
                        [
                            -2.7250002338478794,
                            5.341751159272049
                        ],
                        [
                            -2.737741768772473,
                            5.346679460930083
                        ],
                        [
                            -2.755495228025083,
                            5.344621578468578
                        ],
                        [
                            -2.769703494955337,
                            5.3568025027201465
                        ],
                        [
                            -2.777106164636862,
                            5.330817473848576
                        ],
                        [
                            -2.7654091269429273,
                            5.316242643831554
                        ],
                        [
                            -2.7700279557061265,
                            5.2947001819758155
                        ],
                        [
                            -2.7844097873646376,
                            5.292922334746223
                        ],
                        [
                            -2.7836200985188952,
                            5.278775677969859
                        ],
                        [
                            -2.7688239575985847,
                            5.268855393811929
                        ],
                        [
                            -2.77870440433108,
                            5.265075241814323
                        ],
                        [
                            -2.752575081266542,
                            5.247273108852612
                        ],
                        [
                            -2.761644376122348,
                            5.245811004678623
                        ],
                        [
                            -2.7650789041744446,
                            5.237414855172181
                        ],
                        [
                            -2.7557802939783187,
                            5.23324535828559
                        ],
                        [
                            -2.756668194382044,
                            5.218931711715586
                        ],
                        [
                            -2.7634982259688456,
                            5.216453012136498
                        ],
                        [
                            -2.7568194606822374,
                            5.201819669738033
                        ],
                        [
                            -2.748804198148747,
                            5.202067650392214
                        ],
                        [
                            -2.7414010633494854,
                            5.178009267415968
                        ],
                        [
                            -2.7457638168407925,
                            5.166508362042467
                        ],
                        [
                            -2.7377586829876464,
                            5.162026053500221
                        ],
                        [
                            -2.740788935616422,
                            5.15669831083032
                        ],
                        [
                            -2.7282925455160694,
                            5.146813088431215
                        ],
                        [
                            -2.725982666015625,
                            5.136082412577522
                        ],
                        [
                            -2.7407292834587693,
                            5.126722662400478
                        ],
                        [
                            -2.7401961350032735,
                            5.115671950168069
                        ],
                        [
                            -2.7548340419329804,
                            5.116821450032685
                        ],
                        [
                            -2.7580173264955476,
                            5.102297610087388
                        ],
                        [
                            -2.765683599098878,
                            5.11015001963892
                        ],
                        [
                            -2.7858575961544574,
                            5.11375912615959
                        ],
                        [
                            -2.7903273893692244,
                            5.10679947013642
                        ],
                        [
                            -2.811331865423071,
                            5.109888852477676
                        ],
                        [
                            -2.8183298894023494,
                            5.107059705341063
                        ],
                        [
                            -2.8333115842044094,
                            5.122628081474481
                        ],
                        [
                            -2.837943607795495,
                            5.108614489428176
                        ],
                        [
                            -2.878530210529675,
                            5.127253801733845
                        ],
                        [
                            -2.921172426725221,
                            5.115414771828471
                        ],
                        [
                            -2.9358017387718007,
                            5.1035757419230965
                        ],
                        [
                            -2.9309562809316816,
                            5.096906990742399
                        ],
                        [
                            -2.942391391460717,
                            5.094548868260461
                        ],
                        [
                            -2.9703932799114057,
                            5.096108321286194
                        ],
                        [
                            -3.0247741516554356,
                            5.125487349867879
                        ],
                        [
                            -3.07342529296875,
                            5.131979068086922
                        ],
                        [
                            -3.1118864860478936,
                            5.123426596261995
                        ],
                        [
                            -3.1114199384214487,
                            5.076011315044145
                        ],
                        [
                            -3.099517822265625,
                            5.073161573666542
                        ],
                        [
                            -2.98004150390625,
                            5.0499066636015275
                        ],
                        [
                            -2.8125,
                            5.01844281132416
                        ],
                        [
                            -2.418365478515625,
                            4.940460657683822
                        ],
                        [
                            -2.289276123046875,
                            4.888467448761478
                        ],
                        [
                            -2.220611572265625,
                            4.800890838853971
                        ],
                        [
                            -2.140960693359375,
                            4.774889359065682
                        ],
                        [
                            -2.1162414550782387,
                            4.732463778365804
                        ],
                        [
                            -1.9720458984375,
                            4.73656959376131
                        ],
                        [
                            -1.90887451171875,
                            4.8036277791704
                        ],
                        [
                            -1.814117431640625,
                            4.850154078505659
                        ],
                        [
                            -1.731719970703125,
                            4.876152675027723
                        ],
                        [
                            -1.7193603515625,
                            4.904886794837085
                        ],
                        [
                            -1.68914794921875,
                            4.913096316540102
                        ],
                        [
                            -1.687774658203125,
                            4.950037910516145
                        ],
                        [
                            -1.624603271484375,
                            4.966455735507073
                        ],
                        [
                            -1.6094970703125,
                            5.015706752326533
                        ],
                        [
                            -1.3375854492188637,
                            5.062218190718204
                        ],
                        [
                            -1.22222900390625,
                            5.096415645847096
                        ],
                        [
                            -1.1041259765625,
                            5.171643622831006
                        ],
                        [
                            -0.9297180175782387,
                            5.193526452535153
                        ],
                        [
                            -0.800628662109375,
                            5.200364681183489
                        ],
                        [
                            -0.718231201171875,
                            5.281050143427336
                        ],
                        [
                            -0.6509399414063637,
                            5.30156172853782
                        ],
                        [
                            -0.600128173828125,
                            5.337113527125027
                        ],
                        [
                            -0.48614501953125,
                            5.363092385212534
                        ],
                        [
                            -0.44769287109375,
                            5.42051540331158
                        ],
                        [
                            -0.383148193359375,
                            5.469730789244445
                        ],
                        [
                            -0.141448974609375,
                            5.542179397650237
                        ],
                        [
                            -0.05218505859375,
                            5.5790837692940904
                        ],
                        [
                            0.031585693359375,
                            5.621452591118845
                        ],
                        [
                            0.06317138671875,
                            5.672017791509176
                        ],
                        [
                            0.270538330078125,
                            5.758105076529984
                        ],
                        [
                            0.407867431640625,
                            5.7786001342050906
                        ],
                        [
                            0.63995361328125,
                            5.75537234625931
                        ],
                        [
                            0.8953857421875,
                            5.7690358661221355
                        ],
                        [
                            0.966796875,
                            5.7908968128719565
                        ],
                        [
                            1.0052490234375,
                            5.868769539456535
                        ],
                        [
                            1.0038757324217613,
                            5.928874387781904
                        ],
                        [
                            1.0697937011717613,
                            6.012190719736564
                        ],
                        [
                            1.138458251953125,
                            6.076376577831838
                        ],
                        [
                            1.199895773098035,
                            6.107565801288768
                        ],
                        [
                            1.19824001330133,
                            6.166138482076528
                        ],
                        [
                            1.0855279685180506,
                            6.166661327920157
                        ],
                        [
                            1.0822343653906756,
                            6.190359176068627
                        ],
                        [
                            1.058603010042873,
                            6.223886222758423
                        ],
                        [
                            1.0363478850131003,
                            6.237475257314747
                        ],
                        [
                            1.018101352965516,
                            6.277454837394654
                        ],
                        [
                            0.9986110070883285,
                            6.334010396908481
                        ],
                        [
                            0.891265869140625,
                            6.334407588395717
                        ],
                        [
                            0.87615966796875,
                            6.361705003612828
                        ],
                        [
                            0.836334228515625,
                            6.395824732995197
                        ],
                        [
                            0.786895751953125,
                            6.4162954782289034
                        ],
                        [
                            0.7827758789061363,
                            6.43403612558649
                        ],
                        [
                            0.758056640625,
                            6.442223907855765
                        ],
                        [
                            0.745697021484375,
                            6.477702768909363
                        ],
                        [
                            0.7223510742186363,
                            6.492712306196848
                        ],
                        [
                            0.715484619140625,
                            6.528187613695336
                        ],
                        [
                            0.7470703125,
                            6.563660407838105
                        ],
                        [
                            0.734710693359375,
                            6.5895812371657
                        ],
                        [
                            0.6880187988280113,
                            6.5909454538633145
                        ],
                        [
                            0.696258544921875,
                            6.599130675207247
                        ],
                        [
                            0.671539306640625,
                            6.6114082535287215
                        ],
                        [
                            0.65643310546875,
                            6.6086799291228076
                        ],
                        [
                            0.6330871582030113,
                            6.642782900356179
                        ],
                        [
                            0.65093994140625,
                            6.6741555464614395
                        ],
                        [
                            0.648193359375,
                            6.738258606353293
                        ],
                        [
                            0.6207275390625,
                            6.75496493006856
                        ],
                        [
                            0.6090545654296875,
                            6.746100421898313
                        ],
                        [
                            0.600128173828125,
                            6.756328686143602
                        ],
                        [
                            0.5812454223632812,
                            6.7617836719808135
                        ],
                        [
                            0.5733489990234375,
                            6.7737162387535
                        ],
                        [
                            0.5791854858398438,
                            6.775079941885627
                        ],
                        [
                            0.5668258666992188,
                            6.7829211600411945
                        ],
                        [
                            0.5709457397460938,
                            6.800648660813861
                        ],
                        [
                            0.5767822265625,
                            6.8050804338725115
                        ],
                        [
                            0.560302734375,
                            6.82826134882511
                        ],
                        [
                            0.536956787109375,
                            6.829624897122784
                        ],
                        [
                            0.534210205078125,
                            6.858258512427753
                        ],
                        [
                            0.545196533203125,
                            6.859621975047315
                        ],
                        [
                            0.539703369140625,
                            6.874619806083099
                        ],
                        [
                            0.558929443359375,
                            6.888253787244411
                        ],
                        [
                            0.5644226074217613,
                            6.923700302184781
                        ],
                        [
                            0.52734375,
                            6.942785785094588
                        ],
                        [
                            0.517730712890625,
                            6.972775693390873
                        ],
                        [
                            0.5548095703125,
                            6.993222257973445
                        ],
                        [
                            0.594635009765625,
                            7.00140063335305
                        ],
                        [
                            0.604248046875,
                            7.026616387569721
                        ],
                        [
                            0.5990982055664062,
                            7.062733867690454
                        ],
                        [
                            0.6128311157226562,
                            7.10259611283154
                        ],
                        [
                            0.5960083007811363,
                            7.114520045511842
                        ],
                        [
                            0.6303405761717613,
                            7.20172564595797
                        ],
                        [
                            0.65643310546875,
                            7.310709042647455
                        ],
                        [
                            0.644073486328125,
                            7.393791036980679
                        ],
                        [
                            0.61798095703125,
                            7.406047717076271
                        ],
                        [
                            0.5712890625,
                            7.391067284066375
                        ],
                        [
                            0.5218505859375,
                            7.4537093393381415
                        ],
                        [
                            0.528717041015625,
                            7.47958062149775
                        ],
                        [
                            0.520477294921875,
                            7.595301717200048
                        ],
                        [
                            0.5877685546875,
                            7.618442212274373
                        ],
                        [
                            0.59051513671875,
                            7.6973827067235465
                        ],
                        [
                            0.624847412109375,
                            7.7082699006796815
                        ],
                        [
                            0.615234375,
                            7.750455129045224
                        ],
                        [
                            0.6330871582030113,
                            7.768144452028487
                        ],
                        [
                            0.61798095703125,
                            7.7994391205004225
                        ],
                        [
                            0.62347412109375,
                            7.866102552589316
                        ],
                        [
                            0.5960083007811363,
                            7.985797676445874
                        ],
                        [
                            0.605621337890625,
                            7.993957436359008
                        ],
                        [
                            0.5843353271484375,
                            8.102058786536976
                        ],
                        [
                            0.5912017822265625,
                            8.103418367881105
                        ],
                        [
                            0.594635009765625,
                            8.138086138067298
                        ],
                        [
                            0.6090545654296875,
                            8.140805052181381
                        ],
                        [
                            0.6063079833984375,
                            8.172071236432545
                        ],
                        [
                            0.61248779296875,
                            8.174789919410912
                        ],
                        [
                            0.613861083984375,
                            8.185664465951138
                        ],
                        [
                            0.600128173828125,
                            8.185664465951138
                        ],
                        [
                            0.5884552001953125,
                            8.201975728982468
                        ],
                        [
                            0.6049346923828125,
                            8.21420873710816
                        ],
                        [
                            0.6241607666015625,
                            8.220325099822952
                        ],
                        [
                            0.6255340576171875,
                            8.235955375848445
                        ],
                        [
                            0.6378936767578125,
                            8.247507791970772
                        ],
                        [
                            0.6365203857421875,
                            8.259059870475873
                        ],
                        [
                            0.6722259521484375,
                            8.258380345800186
                        ],
                        [
                            0.6818389892578125,
                            8.263136993960478
                        ],
                        [
                            0.68389892578125,
                            8.275368111531822
                        ],
                        [
                            0.71136474609375,
                            8.289637268700774
                        ],
                        [
                            0.7305908203125,
                            8.286919373892305
                        ],
                        [
                            0.7305908203125,
                            8.34263245555328
                        ],
                        [
                            0.718231201171875,
                            8.341273694199122
                        ],
                        [
                            0.718231201171875,
                            8.348067453709643
                        ],
                        [
                            0.7120513916015625,
                            8.35418173620506
                        ],
                        [
                            0.7120513916015625,
                            8.384751710086855
                        ],
                        [
                            0.7010650634765625,
                            8.386789622967713
                        ],
                        [
                            0.70587158203125,
                            8.39426187874921
                        ],
                        [
                            0.696258544921875,
                            8.395620455263652
                        ],
                        [
                            0.685272216796875,
                            8.409885221474008
                        ],
                        [
                            0.6536865234375,
                            8.424149462643895
                        ],
                        [
                            0.65093994140625,
                            8.463543203534632
                        ],
                        [
                            0.6461334228514488,
                            8.491388072978754
                        ],
                        [
                            0.6296539306640625,
                            8.49614187335958
                        ],
                        [
                            0.6282806396484375,
                            8.509723835399154
                        ],
                        [
                            0.5898284912109375,
                            8.521268124414094
                        ],
                        [
                            0.5733489990234375,
                            8.526021553917841
                        ],
                        [
                            0.5664825439453125,
                            8.542997605026342
                        ],
                        [
                            0.54107666015625,
                            8.553861881323066
                        ],
                        [
                            0.5307769775390625,
                            8.568120773682582
                        ],
                        [
                            0.5225372314451988,
                            8.563367868922992
                        ],
                        [
                            0.50537109375,
                            8.571515669286475
                        ],
                        [
                            0.49163818359375,
                            8.594600154729617
                        ],
                        [
                            0.471038818359375,
                            8.594600154729617
                        ],
                        [
                            0.3831481933592613,
                            8.73647082983753
                        ],
                        [
                            0.3755950927734375,
                            8.755473347064394
                        ],
                        [
                            0.399627685546875,
                            8.761581093002746
                        ],
                        [
                            0.38177490234375,
                            8.771081831652914
                        ],
                        [
                            0.3797149658203125,
                            8.79076115963277
                        ],
                        [
                            0.4195404052734375,
                            8.79008257950273
                        ],
                        [
                            0.4264068603515625,
                            8.781260924757706
                        ],
                        [
                            0.439453125,
                            8.788725415514568
                        ],
                        [
                            0.4305267333983238,
                            8.794832614310419
                        ],
                        [
                            0.4559326171875,
                            8.811117985203378
                        ],
                        [
                            0.468292236328125,
                            8.794154041638729
                        ],
                        [
                            0.4868316650390625,
                            8.798904024226378
                        ],
                        [
                            0.498504638671875,
                            8.8158677499556
                        ],
                        [
                            0.498504638671875,
                            8.836901687944978
                        ],
                        [
                            0.517730712890625,
                            8.853185202744987
                        ],
                        [
                            0.516357421875,
                            8.861326689929978
                        ],
                        [
                            0.5252838134765625,
                            8.876252281225671
                        ],
                        [
                            0.5101776123046875,
                            8.915598654293941
                        ],
                        [
                            0.516357421875,
                            8.93730518495303
                        ],
                        [
                            0.4950714111328125,
                            8.951549393099837
                        ],
                        [
                            0.4689788818359375,
                            9.005129744450642
                        ],
                        [
                            0.457305908203125,
                            9.039037259473996
                        ],
                        [
                            0.45867919921875,
                            9.07226352747096
                        ],
                        [
                            0.4854583740233238,
                            9.100062735102263
                        ],
                        [
                            0.4799652099609375,
                            9.146841887238088
                        ],
                        [
                            0.5088043212890625,
                            9.159722024656395
                        ],
                        [
                            0.5328369140623863,
                            9.207171129195654
                        ],
                        [
                            0.5060577392578125,
                            9.255969278048351
                        ],
                        [
                            0.5403900146484375,
                            9.304760654787902
                        ],
                        [
                            0.5568695068359375,
                            9.308826296084192
                        ],
                        [
                            0.545196533203125,
                            9.341349722426134
                        ],
                        [
                            0.5657958984375,
                            9.405710041600022
                        ],
                        [
                            0.55206298828125,
                            9.422644980835543
                        ],
                        [
                            0.520477294921875,
                            9.436869687932754
                        ],
                        [
                            0.5074310302734375,
                            9.436869687932754
                        ],
                        [
                            0.49713134765625,
                            9.451093808076601
                        ],
                        [
                            0.5019378662109375,
                            9.472090244206223
                        ],
                        [
                            0.484771728515625,
                            9.488344668146576
                        ],
                        [
                            0.4497528076171875,
                            9.49511711740931
                        ],
                        [
                            0.416107177734375,
                            9.500534980425044
                        ],
                        [
                            0.3907012939453125,
                            9.493762638264792
                        ],
                        [
                            0.358428955078125,
                            9.497148826084286
                        ],
                        [
                            0.3460693359373863,
                            9.489699168705691
                        ],
                        [
                            0.347442626953125,
                            9.474799368327114
                        ],
                        [
                            0.33782958984375,
                            9.452448455542408
                        ],
                        [
                            0.3179168701171875,
                            9.447029833692698
                        ],
                        [
                            0.2794647216796875,
                            9.427386615032363
                        ],
                        [
                            0.2519989013671875,
                            9.434837622834896
                        ],
                        [
                            0.230712890625,
                            9.462608141517805
                        ],
                        [
                            0.229339599609375,
                            9.484958393336216
                        ],
                        [
                            0.26092529296875,
                            9.476153922371239
                        ],
                        [
                            0.2767181396484375,
                            9.4842811343613
                        ],
                        [
                            0.3076171875,
                            9.499180522706906
                        ],
                        [
                            0.3096771240234375,
                            9.51272485867024
                        ],
                        [
                            0.281524658203125,
                            9.524237122440443
                        ],
                        [
                            0.2513122558592613,
                            9.518819634862778
                        ],
                        [
                            0.23345947265625,
                            9.538457618319674
                        ],
                        [
                            0.24169921875,
                            9.576376039055797
                        ],
                        [
                            0.2698516845701988,
                            9.569605202508594
                        ],
                        [
                            0.3234100341796875,
                            9.579084335882534
                        ],
                        [
                            0.3460693359373863,
                            9.575021882542638
                        ],
                        [
                            0.3815159270484969,
                            9.584922566369116
                        ],
                        [
                            0.37036447209149514,
                            9.612377529425771
                        ],
                        [
                            0.3594963465673544,
                            9.622389643388132
                        ],
                        [
                            0.3661661845050901,
                            9.651512710829296
                        ],
                        [
                            0.3511253287829277,
                            9.672301763763187
                        ],
                        [
                            0.3520840186757539,
                            9.691877572524886
                        ],
                        [
                            0.3398895263671875,
                            9.721239437055331
                        ],
                        [
                            0.32135009765625,
                            9.725300127953927
                        ],
                        [
                            0.3275299072265625,
                            9.770641154544265
                        ],
                        [
                            0.336456298828125,
                            9.775377920756757
                        ],
                        [
                            0.3302764892576988,
                            9.790941105980911
                        ],
                        [
                            0.3412628173828125,
                            9.815976003248139
                        ],
                        [
                            0.3577423095703125,
                            9.851833503938185
                        ],
                        [
                            0.350189208984375,
                            9.90324500326577
                        ],
                        [
                            0.3591156005859375,
                            9.926918645909456
                        ],
                        [
                            0.3865814208984375,
                            9.937063968975368
                        ],
                        [
                            0.384521484375,
                            9.949914259696394
                        ],
                        [
                            0.366668701171875,
                            9.968174329301792
                        ],
                        [
                            0.35980224609375,
                            9.998605505008365
                        ],
                        [
                            0.362548828125,
                            10.033766870069249
                        ],
                        [
                            0.4126739501953125,
                            10.020243719192832
                        ],
                        [
                            0.4167938232421875,
                            10.063515813179098
                        ],
                        [
                            0.394134521484375,
                            10.079065306698537
                        ],
                        [
                            0.3646087646483238,
                            10.084473650421396
                        ],
                        [
                            0.350189208984375,
                            10.106106116928428
                        ],
                        [
                            0.363922119140625,
                            10.137876162180557
                        ],
                        [
                            0.3536224365234375,
                            10.17099477058418
                        ],
                        [
                            0.3549957275390625,
                            10.206813072484595
                        ],
                        [
                            0.363922119140625,
                            10.264249096368573
                        ],
                        [
                            0.3810882568359375,
                            10.273708148970899
                        ],
                        [
                            0.3701019287109375,
                            10.281815683073859
                        ],
                        [
                            0.3975677490234375,
                            10.306137036108558
                        ],
                        [
                            0.3948211669921875,
                            10.313568186415065
                        ],
                        [
                            0.35430908203125,
                            10.311541526447186
                        ],
                        [
                            0.3172302246092613,
                            10.310865970226073
                        ],
                        [
                            0.3343963623046875,
                            10.33586058454231
                        ],
                        [
                            0.3179168701171875,
                            10.337211588171092
                        ],
                        [
                            0.3137969970703125,
                            10.365581321019082
                        ],
                        [
                            0.2931976318359375,
                            10.378414404173913
                        ],
                        [
                            0.300750732421875,
                            10.39327310593904
                        ],
                        [
                            0.2986907958983238,
                            10.40745575291668
                        ],
                        [
                            0.2863311767578125,
                            10.420962436314879
                        ],
                        [
                            0.2725982666014488,
                            10.418936471116536
                        ],
                        [
                            0.267791748046875,
                            10.409481792727005
                        ],
                        [
                            0.2506256103515625,
                            10.414209167764772
                        ],
                        [
                            0.23895263671875,
                            10.414884501204682
                        ],
                        [
                            0.21697998046875,
                            10.423663702751158
                        ],
                        [
                            0.20599365234375,
                            10.419611794313038
                        ],
                        [
                            0.20599365234375,
                            10.404754346034307
                        ],
                        [
                            0.1908874511717613,
                            10.4034036338225
                        ],
                        [
                            0.18951416015625,
                            10.414884501204682
                        ],
                        [
                            0.1723480224609375,
                            10.425014327184186
                        ],
                        [
                            0.16754150390625,
                            10.43919552993234
                        ],
                        [
                            0.171661376953125,
                            10.447298784079655
                        ],
                        [
                            0.155181884765625,
                            10.464855109617483
                        ],
                        [
                            0.155181884765625,
                            10.47430810424045
                        ],
                        [
                            0.14556884765625,
                            10.523594042104941
                        ],
                        [
                            0.1277160644530113,
                            10.528994762650957
                        ],
                        [
                            0.119476318359375,
                            10.542496149969237
                        ],
                        [
                            0.0624847412109375,
                            10.56072208353705
                        ],
                        [
                            0.05767822265625,
                            10.582996756583686
                        ],
                        [
                            0.042572021484375,
                            10.600545359681696
                        ],
                        [
                            -0.01373291015625,
                            10.616068285545188
                        ],
                        [
                            -0.0164794921875,
                            10.624841764608254
                        ],
                        [
                            -0.05905151367198869,
                            10.632940136988802
                        ],
                        [
                            -0.075531005859375,
                            10.6822006000841
                        ],
                        [
                            -0.0899505615234375,
                            10.713912016045523
                        ],
                        [
                            -0.072784423828125,
                            10.71930937343816
                        ],
                        [
                            -0.07209777832042619,
                            10.736850120022627
                        ],
                        [
                            -0.0734710693359375,
                            10.767881253339015
                        ],
                        [
                            -0.064544677734375,
                            10.774626729292933
                        ],
                        [
                            -0.04119873046875,
                            10.800932640687549
                        ],
                        [
                            -0.020599365234375,
                            10.819817515515387
                        ],
                        [
                            -0.0240325927734375,
                            10.833305983642491
                        ],
                        [
                            -0.028839111328125,
                            10.854886268472459
                        ],
                        [
                            -0.0254058837890625,
                            10.868035990515247
                        ],
                        [
                            -0.024719238281363687,
                            10.880847982905198
                        ],
                        [
                            -0.0164794921875,
                            10.892985151950407
                        ],
                        [
                            -0.0144195556640625,
                            10.90613319340842
                        ],
                        [
                            -0.008068084716796875,
                            10.91371833755091
                        ],
                        [
                            -0.008754730224609375,
                            10.915741009961256
                        ],
                        [
                            -0.006694793701171875,
                            10.919112100042435
                        ],
                        [
                            -0.00926971435546875,
                            10.922483151860485
                        ],
                        [
                            -0.011844635009765625,
                            10.94371989773879
                        ],
                        [
                            -0.007381439208984375,
                            10.94591090400321
                        ],
                        [
                            -0.00789642333984375,
                            10.952989428868403
                        ],
                        [
                            -0.006008148193359375,
                            10.954000632893342
                        ],
                        [
                            -0.004978179931640625,
                            10.959225131989095
                        ],
                        [
                            -0.00652313232421875,
                            10.95956219327959
                        ],
                        [
                            -0.0054931640625,
                            10.964281011023713
                        ],
                        [
                            0.00583648681640625,
                            10.966640391663683
                        ],
                        [
                            0.008411407470703125,
                            10.96562923083733
                        ],
                        [
                            0.010128021240234375,
                            10.965966284830309
                        ],
                        [
                            0.0130462646484375,
                            10.969505328558837
                        ],
                        [
                            0.01373291015625,
                            10.970853524549222
                        ],
                        [
                            0.0157928466796875,
                            10.970347951773446
                        ],
                        [
                            0.018711090087890625,
                            10.97338137545531
                        ],
                        [
                            0.02197265625,
                            10.975909204736666
                        ],
                        [
                            0.0274658203125,
                            10.976751809690821
                        ],
                        [
                            0.0336456298828125,
                            10.978437012388598
                        ],
                        [
                            0.031585693359375,
                            10.983155528785064
                        ],
                        [
                            0.03295898437488631,
                            10.985009211023787
                        ],
                        [
                            0.03398895263671875,
                            10.992592335305472
                        ],
                        [
                            0.028324127197265625,
                            11.004387918877434
                        ],
                        [
                            0.02368927001953125,
                            11.05931540857543
                        ],
                        [
                            0.024204254150390625,
                            11.06217944365074
                        ],
                        [
                            0.0089263916015625,
                            11.075488415758324
                        ],
                        [
                            0.006694793701058188,
                            11.079868451477992
                        ],
                        [
                            0.00274658203125,
                            11.086606839926732
                        ],
                        [
                            0.0015449523924644382,
                            11.095029607110636
                        ],
                        [
                            -0.004978179931640625,
                            11.101599196968122
                        ],
                        [
                            -0.00446319580078125,
                            11.107326411122665
                        ],
                        [
                            -0.0102996826171875,
                            11.109853087523101
                        ],
                        [
                            -0.0144195556640625,
                            11.112042856038396
                        ],
                        [
                            -0.01922607421875,
                            11.114064166232335
                        ],
                        [
                            -0.02094268798828125,
                            11.113221955353792
                        ],
                        [
                            -0.025920867919921875,
                            11.111369082861199
                        ],
                        [
                            -0.0350189208984375,
                            11.109684643110402
                        ],
                        [
                            -0.0446319580078125,
                            11.100925399681124
                        ],
                        [
                            -0.054931640625,
                            11.085427633155152
                        ],
                        [
                            -0.0954437255859375,
                            11.085427633155152
                        ],
                        [
                            -0.10093688964855119,
                            11.09351352693142
                        ],
                        [
                            -0.127716064453125,
                            11.106315734437102
                        ],
                        [
                            -0.142822265625,
                            11.102946786877578
                        ],
                        [
                            -0.1435089111328125,
                            11.122486141228997
                        ],
                        [
                            -0.14036455002846537,
                            11.139995806496142
                        ],
                        [
                            -0.28263295862086574,
                            11.168894691385987
                        ]
                    ]
                ],
                "type": "Polygon"
            },
            "properties": {}
        }
    ]
}