{
    "type": "FeatureCollection",
    "features": [
        {
            "type": "Feature",
            "properties": {},
            "geometry": {
                "type": "Polygon",
                "coordinates": [
                    [
                        [
                            -61.38336181640625,
                            12.528255757842778
                        ],
                        [
                            -61.385765075683594,
                            12.52792060967768
                        ],
                        [
                            -61.39194488525402,
                            12.524569104069464
                        ],
                        [
                            -61.39554977416992,
                            12.520882397599383
                        ],
                        [
                            -61.39778137207031,
                            12.51669289448165
                        ],
                        [
                            -61.40035629272461,
                            12.516190149536929
                        ],
                        [
                            -61.40138626098633,
                            12.51200057025112
                        ],
                        [
                            -61.404476165771484,
                            12.509486790045637
                        ],
                        [
                            -61.403446197509766,
                            12.507308160740656
                        ],
                        [
                            -61.40035629272461,
                            12.504459156229695
                        ],
                        [
                            -61.39966964721691,
                            12.511497816167825
                        ],
                        [
                            -61.397438049316406,
                            12.515184656709671
                        ],
                        [
                            -61.393489837646484,
                            12.515184656709671
                        ],
                        [
                            -61.39142990112305,
                            12.511497816167825
                        ],
                        [
                            -61.3861083984375,
                            12.510492305064476
                        ],
                        [
                            -61.37838363647461,
                            12.509989548044475
                        ],
                        [
                            -61.37632369995117,
                            12.515352239119562
                        ],
                        [
                            -61.37735366821289,
                            12.524066374471696
                        ],
                        [
                            -61.38336181640625,
                            12.528255757842778
                        ]
                    ]
                ]
            }
        },
        {
            "type": "Feature",
            "properties": {},
            "geometry": {
                "type": "Polygon",
                "coordinates": [
                    [
                        [
                            -61.43709182739258,
                            12.531439643682564
                        ],
                        [
                            -61.445674896240234,
                            12.5259097115395
                        ],
                        [
                            -61.450138092041016,
                            12.518871444591673
                        ],
                        [
                            -61.45236968994152,
                            12.510659890520282
                        ],
                        [
                            -61.45133972167969,
                            12.502783256546401
                        ],
                        [
                            -61.45631790161133,
                            12.49725271047603
                        ],
                        [
                            -61.457519531250114,
                            12.488370070697348
                        ],
                        [
                            -61.46232604980469,
                            12.482336405564322
                        ],
                        [
                            -61.47382736206055,
                            12.481665989643425
                        ],
                        [
                            -61.47829055786133,
                            12.480157547472627
                        ],
                        [
                            -61.481895446777344,
                            12.475464560067579
                        ],
                        [
                            -61.490135192871094,
                            12.475464560067579
                        ],
                        [
                            -61.494426727295036,
                            12.478313883993835
                        ],
                        [
                            -61.495113372802734,
                            12.484012437768987
                        ],
                        [
                            -61.49219512939453,
                            12.483677232196392
                        ],
                        [
                            -61.48841857910156,
                            12.486023662086156
                        ],
                        [
                            -61.484642028808594,
                            12.482168801746893
                        ],
                        [
                            -61.4769172668457,
                            12.484347642907375
                        ],
                        [
                            -61.477603912353516,
                            12.488202470788021
                        ],
                        [
                            -61.483612060546875,
                            12.488370070697348
                        ],
                        [
                            -61.48824691772461,
                            12.487867270643601
                        ],
                        [
                            -61.490821838378906,
                            12.491051654478557
                        ],
                        [
                            -61.4959716796875,
                            12.491051654478557
                        ],
                        [
                            -61.49820327758789,
                            12.482001197820946
                        ],
                        [
                            -61.49940490722656,
                            12.479319520246259
                        ],
                        [
                            -61.50043487548828,
                            12.473285644146848
                        ],
                        [
                            -61.501121520996094,
                            12.469598206217626
                        ],
                        [
                            -61.497859954833984,
                            12.464234566458812
                        ],
                        [
                            -61.49116516113281,
                            12.461385087691017
                        ],
                        [
                            -61.485328674316406,
                            12.460379381824952
                        ],
                        [
                            -61.48653030395519,
                            12.455015551333084
                        ],
                        [
                            -61.49185180664074,
                            12.455853657159608
                        ],
                        [
                            -61.496829986572266,
                            12.450992605676278
                        ],
                        [
                            -61.49957656860363,
                            12.447137224230152
                        ],
                        [
                            -61.49991989135742,
                            12.441437859814076
                        ],
                        [
                            -61.50129318237305,
                            12.435235468182054
                        ],
                        [
                            -61.49820327758789,
                            12.435235468182054
                        ],
                        [
                            -61.49528503417969,
                            12.434732565073272
                        ],
                        [
                            -61.49580001831055,
                            12.431379852809478
                        ],
                        [
                            -61.49322509765625,
                            12.430038755794001
                        ],
                        [
                            -61.49150848388672,
                            12.43188276240635
                        ],
                        [
                            -61.492881774902344,
                            12.435906004146295
                        ],
                        [
                            -61.49116516113281,
                            12.437247070883249
                        ],
                        [
                            -61.490821838378906,
                            12.44009681471286
                        ],
                        [
                            -61.49219512939453,
                            12.44160548996483
                        ],
                        [
                            -61.48910522460949,
                            12.444622814174567
                        ],
                        [
                            -61.48447036743164,
                            12.446131463130346
                        ],
                        [
                            -61.479835510253906,
                            12.444622814174567
                        ],
                        [
                            -61.46953582763672,
                            12.44344941448153
                        ],
                        [
                            -61.46575927734375,
                            12.448813484069879
                        ],
                        [
                            -61.46095275878906,
                            12.45183072449865
                        ],
                        [
                            -61.454429626464844,
                            12.456356519355719
                        ],
                        [
                            -61.447391510009766,
                            12.453674576378504
                        ],
                        [
                            -61.44378662109375,
                            12.455853657159608
                        ],
                        [
                            -61.44035339355469,
                            12.453506954021801
                        ],
                        [
                            -61.436405181884766,
                            12.455853657159608
                        ],
                        [
                            -61.42902374267578,
                            12.456859380576915
                        ],
                        [
                            -61.427650451660156,
                            12.463061255465224
                        ],
                        [
                            -61.4300537109375,
                            12.465743101360932
                        ],
                        [
                            -61.4300537109375,
                            12.471944763700149
                        ],
                        [
                            -61.42902374267578,
                            12.48283921636538
                        ],
                        [
                            -61.42576217651367,
                            12.484347642907375
                        ],
                        [
                            -61.420783996582145,
                            12.486526465722836
                        ],
                        [
                            -61.42250061035156,
                            12.489375667873109
                        ],
                        [
                            -61.422157287597656,
                            12.494906382453262
                        ],
                        [
                            -61.4190673828125,
                            12.496414738626745
                        ],
                        [
                            -61.418037414550895,
                            12.501610120300349
                        ],
                        [
                            -61.428165435791016,
                            12.50931920382852
                        ],
                        [
                            -61.42850875854492,
                            12.517028057234057
                        ],
                        [
                            -61.42610549926769,
                            12.522725757420622
                        ],
                        [
                            -61.42850875854492,
                            12.526915162568734
                        ],
                        [
                            -61.433658599853516,
                            12.527585461076974
                        ],
                        [
                            -61.43709182739258,
                            12.531439643682564
                        ]
                    ]
                ]
            }
        },
        {
            "type": "Feature",
            "properties": {},
            "geometry": {
                "type": "Polygon",
                "coordinates": [
                    [
                        [
                            -61.467390060424805,
                            12.437917601655743
                        ],
                        [
                            -61.471853256225586,
                            12.435319285272223
                        ],
                        [
                            -61.47459983825695,
                            12.434313478405775
                        ],
                        [
                            -61.47751808166504,
                            12.433056214348024
                        ],
                        [
                            -61.48000717163086,
                            12.437666152818881
                        ],
                        [
                            -61.48009300231945,
                            12.437330887324444
                        ],
                        [
                            -61.48266792297375,
                            12.436827988271569
                        ],
                        [
                            -61.48318290710449,
                            12.433978208585147
                        ],
                        [
                            -61.481122970581055,
                            12.43230185299374
                        ],
                        [
                            -61.478891372680664,
                            12.432385671030126
                        ],
                        [
                            -61.47683143615723,
                            12.430038755794001
                        ],
                        [
                            -61.47279739379883,
                            12.428027097298003
                        ],
                        [
                            -61.46953582763672,
                            12.428530013381335
                        ],
                        [
                            -61.46824836730957,
                            12.432050398722405
                        ],
                        [
                            -61.469879150390625,
                            12.434313478405775
                        ],
                        [
                            -61.46919250488281,
                            12.435822187245407
                        ],
                        [
                            -61.464385986328125,
                            12.43339148535818
                        ],
                        [
                            -61.46369934082031,
                            12.436073637866981
                        ],
                        [
                            -61.467390060424805,
                            12.437917601655743
                        ]
                    ]
                ]
            }
        },
        {
            "type": "Feature",
            "properties": {},
            "geometry": {
                "type": "Polygon",
                "coordinates": [
                    [
                        [
                            -61.4794921875,
                            12.42115381334247
                        ],
                        [
                            -61.480865478515625,
                            12.418806796734687
                        ],
                        [
                            -61.48103713989258,
                            12.415034761405082
                        ],
                        [
                            -61.48232460021973,
                            12.412855338295852
                        ],
                        [
                            -61.48129463195801,
                            12.410592071908097
                        ],
                        [
                            -61.47794723510742,
                            12.410340596650506
                        ],
                        [
                            -61.47932052612305,
                            12.4064007859083
                        ],
                        [
                            -61.47597312927246,
                            12.405478693936168
                        ],
                        [
                            -61.47605895996105,
                            12.410172946343852
                        ],
                        [
                            -61.47279739379883,
                            12.411011196797642
                        ],
                        [
                            -61.473655700683594,
                            12.414699466729896
                        ],
                        [
                            -61.473484039306754,
                            12.417884748703305
                        ],
                        [
                            -61.47580146789551,
                            12.418806796734687
                        ],
                        [
                            -61.47768974304199,
                            12.417633280491332
                        ],
                        [
                            -61.47794723510742,
                            12.41998030768522
                        ],
                        [
                            -61.4794921875,
                            12.42115381334247
                        ]
                    ]
                ]
            }
        },
        {
            "type": "Feature",
            "properties": {},
            "geometry": {
                "type": "Polygon",
                "coordinates": [
                    [
                        [
                            -61.489620208740234,
                            12.412855338295852
                        ],
                        [
                            -61.49365425109863,
                            12.409250867727735
                        ],
                        [
                            -61.49519920349121,
                            12.406903743789924
                        ],
                        [
                            -61.49228096008301,
                            12.40313153600544
                        ],
                        [
                            -61.486873626708984,
                            12.40028138723254
                        ],
                        [
                            -61.48429870605469,
                            12.402880053544287
                        ],
                        [
                            -61.483955383300895,
                            12.406149306603275
                        ],
                        [
                            -61.48524284362804,
                            12.408412611606948
                        ],
                        [
                            -61.487131118774414,
                            12.411346496223496
                        ],
                        [
                            -61.489620208740234,
                            12.412855338295852
                        ]
                    ]
                ]
            }
        },
        {
            "type": "Feature",
            "properties": {},
            "geometry": {
                "type": "Polygon",
                "coordinates": [
                    [
                        [
                            -61.495628356933594,
                            12.398269498741449
                        ],
                        [
                            -61.49554252624512,
                            12.39793418248298
                        ],
                        [
                            -61.49622917175293,
                            12.39684440166372
                        ],
                        [
                            -61.493825912475586,
                            12.395419296794728
                        ],
                        [
                            -61.49416923522949,
                            12.39365886237742
                        ],
                        [
                            -61.497087478637695,
                            12.393239709573685
                        ],
                        [
                            -61.50026321411133,
                            12.390892441421457
                        ],
                        [
                            -61.49957656860363,
                            12.38854515214251
                        ],
                        [
                            -61.49176597595215,
                            12.393910353736237
                        ],
                        [
                            -61.49022102355957,
                            12.39785035335095
                        ],
                        [
                            -61.495628356933594,
                            12.398269498741449
                        ]
                    ]
                ]
            }
        },
        {
            "type": "Feature",
            "properties": {},
            "geometry": {
                "type": "Polygon",
                "coordinates": [
                    [
                        [
                            -61.55433654785156,
                            12.322477077067125
                        ],
                        [
                            -61.55768394470215,
                            12.316104147728723
                        ],
                        [
                            -61.55734062194824,
                            12.312666055787023
                        ],
                        [
                            -61.553306579589844,
                            12.312833768633878
                        ],
                        [
                            -61.54987335205078,
                            12.310401921867571
                        ],
                        [
                            -61.54789924621582,
                            12.312498342833022
                        ],
                        [
                            -61.54343605041504,
                            12.31417546755111
                        ],
                        [
                            -61.54240608215332,
                            12.318116668453886
                        ],
                        [
                            -61.54549598693848,
                            12.318871359746291
                        ],
                        [
                            -61.55013084411621,
                            12.316691134534631
                        ],
                        [
                            -61.55116081237804,
                            12.31979375726673
                        ],
                        [
                            -61.55433654785156,
                            12.322477077067125
                        ]
                    ]
                ]
            }
        },
        {
            "type": "Feature",
            "properties": {},
            "geometry": {
                "type": "Polygon",
                "coordinates": [
                    [
                        [
                            -61.58489227294922,
                            12.331616929098328
                        ],
                        [
                            -61.586608886718864,
                            12.329352958742273
                        ],
                        [
                            -61.58583641052246,
                            12.324489548902823
                        ],
                        [
                            -61.582746505737305,
                            12.323064049614377
                        ],
                        [
                            -61.583518981933594,
                            12.321386981708667
                        ],
                        [
                            -61.58652305603027,
                            12.319374486068565
                        ],
                        [
                            -61.58935546875,
                            12.31853594166211
                        ],
                        [
                            -61.58815383911133,
                            12.311743633214018
                        ],
                        [
                            -61.595706939697266,
                            12.302016070637249
                        ],
                        [
                            -61.59956932067871,
                            12.30260308893772
                        ],
                        [
                            -61.60334587097168,
                            12.302938527377695
                        ],
                        [
                            -61.60626411438,
                            12.300506588985181
                        ],
                        [
                            -61.60686492919922,
                            12.30260308893772
                        ],
                        [
                            -61.613216400146484,
                            12.30151291105009
                        ],
                        [
                            -61.61287307739269,
                            12.298158489180256
                        ],
                        [
                            -61.60386085510254,
                            12.29916482023709
                        ],
                        [
                            -61.599225997924805,
                            12.300255007866772
                        ],
                        [
                            -61.59613609313965,
                            12.296984431410634
                        ],
                        [
                            -61.589012145996094,
                            12.292539736638817
                        ],
                        [
                            -61.59012794494629,
                            12.28742405154593
                        ],
                        [
                            -61.58738136291504,
                            12.282475999186014
                        ],
                        [
                            -61.581459045410156,
                            12.280714805555176
                        ],
                        [
                            -61.577510833740234,
                            12.284069449934172
                        ],
                        [
                            -61.57510757446289,
                            12.285411295711558
                        ],
                        [
                            -61.57390594482422,
                            12.29295905067637
                        ],
                        [
                            -61.5824031829834,
                            12.292204284927344
                        ],
                        [
                            -61.57656669616699,
                            12.302686948587873
                        ],
                        [
                            -61.57785415649414,
                            12.308473199794943
                        ],
                        [
                            -61.57459259033203,
                            12.317445829927179
                        ],
                        [
                            -61.58128738403332,
                            12.318871359746291
                        ],
                        [
                            -61.579227447509766,
                            12.329604511969709
                        ],
                        [
                            -61.58489227294922,
                            12.331616929098328
                        ]
                    ]
                ]
            }
        },
        {
            "type": "Feature",
            "properties": {},
            "geometry": {
                "type": "Polygon",
                "coordinates": [
                    [
                        [
                            -61.65973663330078,
                            12.238023225867888
                        ],
                        [
                            -61.669864654541016,
                            12.231983780737888
                        ],
                        [
                            -61.682395935058594,
                            12.223595433556314
                        ],
                        [
                            -61.688575744628906,
                            12.221582190636493
                        ],
                        [
                            -61.69389724731445,
                            12.216716790325519
                        ],
                        [
                            -61.70024871826172,
                            12.21302573731198
                        ],
                        [
                            -61.70917510986328,
                            12.19893215251624
                        ],
                        [
                            -61.717586517333984,
                            12.195240851657381
                        ],
                        [
                            -61.72616958618164,
                            12.185173406306372
                        ],
                        [
                            -61.73011779785156,
                            12.173259769199573
                        ],
                        [
                            -61.7350959777832,
                            12.169568111199663
                        ],
                        [
                            -61.73784255981445,
                            12.152787201288435
                        ],
                        [
                            -61.7457389831543,
                            12.14540326552877
                        ],
                        [
                            -61.75518035888672,
                            12.121404060520385
                        ],
                        [
                            -61.75037384033203,
                            12.115361962252532
                        ],
                        [
                            -61.753807067871094,
                            12.109319727206248
                        ],
                        [
                            -61.765995025634766,
                            12.08514942051868
                        ],
                        [
                            -61.757240295410156,
                            12.073399176991117
                        ],
                        [
                            -61.759300231933594,
                            12.062823517087029
                        ],
                        [
                            -61.75741195678722,
                            12.045532254064469
                        ],
                        [
                            -61.75912857055664,
                            12.032437158499388
                        ],
                        [
                            -61.767539978027344,
                            12.026560946680092
                        ],
                        [
                            -61.777496337890625,
                            12.026560946680092
                        ],
                        [
                            -61.77938461303711,
                            12.02034881172051
                        ],
                        [
                            -61.79414749145508,
                            12.012457514578047
                        ],
                        [
                            -61.803932189941406,
                            12.006245054122994
                        ],
                        [
                            -61.804447174072266,
                            12.001879455662426
                        ],
                        [
                            -61.79380416870117,
                            11.997345874721201
                        ],
                        [
                            -61.78281784057617,
                            11.997849609701975
                        ],
                        [
                            -61.77835464477539,
                            11.995498838406581
                        ],
                        [
                            -61.76736831665039,
                            11.990965150182246
                        ],
                        [
                            -61.76633834838867,
                            11.985759710481634
                        ],
                        [
                            -61.754150390625,
                            11.985088033528603
                        ],
                        [
                            -61.750030517578125,
                            11.991636812505515
                        ],
                        [
                            -61.743507385253906,
                            11.994827185700814
                        ],
                        [
                            -61.733551025390625,
                            11.99281221754698
                        ],
                        [
                            -61.722564697265625,
                            11.987606813482893
                        ],
                        [
                            -61.71689987182617,
                            11.993819703505672
                        ],
                        [
                            -61.70969009399414,
                            11.990461402342326
                        ],
                        [
                            -61.70454025268555,
                            11.995498838406581
                        ],
                        [
                            -61.69921875,
                            12.002886907738452
                        ],
                        [
                            -61.69355392456055,
                            12.008763636442705
                        ],
                        [
                            -61.686859130859375,
                            12.006580866459446
                        ],
                        [
                            -61.6691780090332,
                            12.01279331916878
                        ],
                        [
                            -61.65596008300781,
                            12.019845118815587
                        ],
                        [
                            -61.64308547973633,
                            12.03210137842666
                        ],
                        [
                            -61.63278579711914,
                            12.040159984384582
                        ],
                        [
                            -61.627464294433594,
                            12.055101343153842
                        ],
                        [
                            -61.623172760009766,
                            12.061480546288802
                        ],
                        [
                            -61.620769500732536,
                            12.06752386190144
                        ],
                        [
                            -61.624202728271484,
                            12.073231312633732
                        ],
                        [
                            -61.6193962097168,
                            12.071720528683752
                        ],
                        [
                            -61.61527633666992,
                            12.077763613355387
                        ],
                        [
                            -61.61836624145508,
                            12.08229583736359
                        ],
                        [
                            -61.62282943725586,
                            12.093206432208977
                        ],
                        [
                            -61.622314453125,
                            12.098409789924855
                        ],
                        [
                            -61.613216400146484,
                            12.095556348233572
                        ],
                        [
                            -61.612186431884766,
                            12.098241941256738
                        ],
                        [
                            -61.620426177978516,
                            12.103613046351187
                        ],
                        [
                            -61.6248893737793,
                            12.108144832291314
                        ],
                        [
                            -61.61836624145508,
                            12.121236226304873
                        ],
                        [
                            -61.60926818847656,
                            12.122243230013998
                        ],
                        [
                            -61.6022300720216,
                            12.119725713614175
                        ],
                        [
                            -61.60102844238281,
                            12.12711036101314
                        ],
                        [
                            -61.60737991333008,
                            12.129459978666885
                        ],
                        [
                            -61.60703659057617,
                            12.146577996283598
                        ],
                        [
                            -61.603946685791016,
                            12.163862720673372
                        ],
                        [
                            -61.60051345825195,
                            12.1667154312476
                        ],
                        [
                            -61.60240173339855,
                            12.184837818214202
                        ],
                        [
                            -61.599998474121094,
                            12.192556236931258
                        ],
                        [
                            -61.6022300720216,
                            12.193898547692125
                        ],
                        [
                            -61.60497665405285,
                            12.202958967545086
                        ],
                        [
                            -61.608238220214844,
                            12.212522407913047
                        ],
                        [
                            -61.603946685791016,
                            12.221414419701489
                        ],
                        [
                            -61.60360336303711,
                            12.227454106314886
                        ],
                        [
                            -61.60360336303711,
                            12.230809428155695
                        ],
                        [
                            -61.600685119628906,
                            12.23349365496175
                        ],
                        [
                            -61.59931182861328,
                            12.228460707338765
                        ],
                        [
                            -61.59381866455078,
                            12.225944197593392
                        ],
                        [
                            -61.59004211425781,
                            12.227621873418352
                        ],
                        [
                            -61.58832550048828,
                            12.218562297527434
                        ],
                        [
                            -61.58266067504883,
                            12.218058978657982
                        ],
                        [
                            -61.58266067504883,
                            12.225105355689214
                        ],
                        [
                            -61.58918380737316,
                            12.231144957997328
                        ],
                        [
                            -61.5948486328125,
                            12.236010092830112
                        ],
                        [
                            -61.60463333129883,
                            12.23517128287023
                        ],
                        [
                            -61.61184310913086,
                            12.230977193129753
                        ],
                        [
                            -61.620941162109375,
                            12.234500232984992
                        ],
                        [
                            -61.63227081298828,
                            12.228125174089982
                        ],
                        [
                            -61.64411544799805,
                            12.227621873418352
                        ],
                        [
                            -61.65321350097656,
                            12.23668113888057
                        ],
                        [
                            -61.65973663330078,
                            12.238023225867888
                        ]
                    ]
                ]
            }
        },
        {
            "type": "Feature",
            "properties": {},
            "geometry": {
                "type": "Polygon",
                "coordinates": [
                    [
                        [
                            -61.786015033721924,
                            11.988803225725357
                        ],
                        [
                            -61.78734540939331,
                            11.988383432560205
                        ],
                        [
                            -61.7878818511964,
                            11.98653633487476
                        ],
                        [
                            -61.78841829299927,
                            11.985507831820135
                        ],
                        [
                            -61.78783893585205,
                            11.98458427471685
                        ],
                        [
                            -61.785736083984375,
                            11.985654761067915
                        ],
                        [
                            -61.785264015197754,
                            11.98796363874192
                        ],
                        [
                            -61.786015033721924,
                            11.988803225725357
                        ]
                    ]
                ]
            }
        }
    ]
}