{
    "type": "FeatureCollection",
    "features": [
        {
            "type": "Feature",
            "geometry": {
                "type": "Polygon",
                "coordinates": [
                    [
                        [
                            -90.98876953125,
                            17.817993302605785
                        ],
                        [
                            -90.99151611328125,
                            17.253613343555305
                        ],
                        [
                            -91.44195556640625,
                            17.258859247458478
                        ],
                        [
                            -91.4227294921875,
                            17.211640745316966
                        ],
                        [
                            -91.35749816894531,
                            17.189338926239902
                        ],
                        [
                            -91.35269165039062,
                            17.161129838680704
                        ],
                        [
                            -91.33964538574219,
                            17.157193345758362
                        ],
                        [
                            -91.32110595703125,
                            17.184747041763956
                        ],
                        [
                            -91.263427734375,
                            17.167034421464095
                        ],
                        [
                            -91.27716064453125,
                            17.147351748174778
                        ],
                        [
                            -91.27372741699219,
                            17.109292665395643
                        ],
                        [
                            -91.23184204101562,
                            17.104042525557904
                        ],
                        [
                            -91.21536254882812,
                            17.062036080716222
                        ],
                        [
                            -91.16935729980469,
                            17.010827945516336
                        ],
                        [
                            -91.12472534179688,
                            17.0009786203744
                        ],
                        [
                            -91.11579895019531,
                            16.979308283127494
                        ],
                        [
                            -91.06636047363281,
                            16.92544994794521
                        ],
                        [
                            -91.07185363769543,
                            16.903770900789002
                        ],
                        [
                            -91.0272216796875,
                            16.892601933667347
                        ],
                        [
                            -90.98533630371094,
                            16.86237670846054
                        ],
                        [
                            -90.98052978515625,
                            16.903113921033686
                        ],
                        [
                            -90.95718383789062,
                            16.899171994430837
                        ],
                        [
                            -90.96885681152344,
                            16.866319403426395
                        ],
                        [
                            -90.93864440917969,
                            16.859091066501644
                        ],
                        [
                            -90.92079162597656,
                            16.825574258731486
                        ],
                        [
                            -90.88302612304688,
                            16.822945238563165
                        ],
                        [
                            -90.85830688476562,
                            16.804541076383455
                        ],
                        [
                            -90.80337524414074,
                            16.796653031618053
                        ],
                        [
                            -90.79925537109375,
                            16.77693148580347
                        ],
                        [
                            -90.72097778320312,
                            16.73090658973393
                        ],
                        [
                            -90.70449829101562,
                            16.703286314536903
                        ],
                        [
                            -90.66329956054688,
                            16.644086562020597
                        ],
                        [
                            -90.65231323242188,
                            16.598029661082162
                        ],
                        [
                            -90.6646728515625,
                            16.587500818610298
                        ],
                        [
                            -90.64407348632812,
                            16.57828760863749
                        ],
                        [
                            -90.63583374023438,
                            16.592765311912014
                        ],
                        [
                            -90.63034057617188,
                            16.574338955046137
                        ],
                        [
                            -90.64544677734375,
                            16.56117619154576
                        ],
                        [
                            -90.64132690429688,
                            16.51246615211248
                        ],
                        [
                            -90.61386108398438,
                            16.516416072648976
                        ],
                        [
                            -90.61111450195312,
                            16.49403212250543
                        ],
                        [
                            -90.63858032226562,
                            16.486131286358887
                        ],
                        [
                            -90.62759399414062,
                            16.479547009916406
                        ],
                        [
                            -90.59463500976562,
                            16.486131286358887
                        ],
                        [
                            -90.58502197265636,
                            16.470328646858505
                        ],
                        [
                            -90.54794311523438,
                            16.480863883114882
                        ],
                        [
                            -90.54656982421875,
                            16.46769474828897
                        ],
                        [
                            -90.52871704101562,
                            16.45715879614139
                        ],
                        [
                            -90.516357421875,
                            16.47296250963095
                        ],
                        [
                            -90.49301147460949,
                            16.458475821466738
                        ],
                        [
                            -90.47927856445312,
                            16.458475821466738
                        ],
                        [
                            -90.4833984375,
                            16.428181977548803
                        ],
                        [
                            -90.41748046875,
                            16.424230258208873
                        ],
                        [
                            -90.40786743164062,
                            16.407105212877628
                        ],
                        [
                            -90.38864135742188,
                            16.415009267332383
                        ],
                        [
                            -90.39962768554688,
                            16.38866117075937
                        ],
                        [
                            -90.36529541015625,
                            16.372850601795864
                        ],
                        [
                            -90.38040161132812,
                            16.363627177831862
                        ],
                        [
                            -90.39825439453136,
                            16.37153299650259
                        ],
                        [
                            -90.41061401367188,
                            16.364944836525122
                        ],
                        [
                            -90.40924072265625,
                            16.34781457966891
                        ],
                        [
                            -90.39962768554688,
                            16.354403317877185
                        ],
                        [
                            -90.38177490234375,
                            16.33990780045184
                        ],
                        [
                            -90.39688110351562,
                            16.337272136282255
                        ],
                        [
                            -90.40924072265625,
                            16.32804703184379
                        ],
                        [
                            -90.40924072265625,
                            16.31091354072156
                        ],
                        [
                            -90.439453125,
                            16.304323337114724
                        ],
                        [
                            -90.43807983398438,
                            16.280596768800887
                        ],
                        [
                            -90.42572021484375,
                            16.25686733062344
                        ],
                        [
                            -90.44906616210938,
                            16.26345912888603
                        ],
                        [
                            -90.450439453125,
                            16.246319993438693
                        ],
                        [
                            -90.42984008789074,
                            16.235772090429855
                        ],
                        [
                            -90.4559326171875,
                            16.22258641647705
                        ],
                        [
                            -90.450439453125,
                            16.185661834157298
                        ],
                        [
                            -90.42709350585938,
                            16.164558970251598
                        ],
                        [
                            -90.44631958007812,
                            16.148730343552515
                        ],
                        [
                            -90.428466796875,
                            16.140815555276024
                        ],
                        [
                            -90.4339599609375,
                            16.12366576198564
                        ],
                        [
                            -90.4559326171875,
                            16.122346485628785
                        ],
                        [
                            -90.45455932617188,
                            16.097278567218588
                        ],
                        [
                            -90.42709350585938,
                            16.101236870159934
                        ],
                        [
                            -90.44906616210938,
                            16.0774858690887
                        ],
                        [
                            -91.73309326171875,
                            16.074846693720456
                        ],
                        [
                            -92.21099853515636,
                            15.264313402687444
                        ],
                        [
                            -92.06130981445312,
                            15.074775626862015
                        ],
                        [
                            -92.10250854492188,
                            15.016422215225292
                        ],
                        [
                            -92.12997436523438,
                            15.013769408093117
                        ],
                        [
                            -92.14508056640636,
                            14.988566098048448
                        ],
                        [
                            -92.14096069335938,
                            14.885068818553282
                        ],
                        [
                            -92.1697998046875,
                            14.870469041106201
                        ],
                        [
                            -92.18490600585938,
                            14.83861155338482
                        ],
                        [
                            -92.16156005859375,
                            14.764259178591587
                        ],
                        [
                            -92.16842651367188,
                            14.753635331540442
                        ],
                        [
                            -92.15606689453125,
                            14.72972977937996
                        ],
                        [
                            -92.14645385742188,
                            14.671282952734934
                        ],
                        [
                            -92.17666625976574,
                            14.624780006426109
                        ],
                        [
                            -92.18490600585938,
                            14.574279940609872
                        ],
                        [
                            -92.21649169921875,
                            14.564976033268987
                        ],
                        [
                            -92.23297119140625,
                            14.527756480538844
                        ],
                        [
                            -92.14096069335938,
                            14.458617840015375
                        ],
                        [
                            -91.988525390625,
                            14.32825967774278
                        ],
                        [
                            -91.79489135742188,
                            14.185843309021124
                        ],
                        [
                            -91.50100708007812,
                            14.018023316924577
                        ],
                        [
                            -91.24969482421875,
                            13.924736835233936
                        ],
                        [
                            -91.02447509765636,
                            13.902075852500495
                        ],
                        [
                            -90.83358764648438,
                            13.904741965684968
                        ],
                        [
                            -90.64544677734375,
                            13.919405039068675
                        ],
                        [
                            -90.472412109375,
                            13.879412651181758
                        ],
                        [
                            -90.13863368518045,
                            13.738651349536644
                        ],
                        [
                            -90.13416361779952,
                            13.747582100656057
                        ],
                        [
                            -90.12809710738455,
                            13.746284876119603
                        ],
                        [
                            -90.12568183229459,
                            13.74239470385978
                        ],
                        [
                            -90.12002473790697,
                            13.743811157587064
                        ],
                        [
                            -90.11781417083073,
                            13.749321636440168
                        ],
                        [
                            -90.11380084040707,
                            13.744936606329352
                        ],
                        [
                            -90.11599643998967,
                            13.740222849135971
                        ],
                        [
                            -90.10929312588941,
                            13.744393377072754
                        ],
                        [
                            -90.10614496762969,
                            13.742889618942407
                        ],
                        [
                            -90.1020208354334,
                            13.740172516283126
                        ],
                        [
                            -90.10234616007851,
                            13.747300151921902
                        ],
                        [
                            -90.09377257104082,
                            13.752626845049242
                        ],
                        [
                            -90.09331725324616,
                            13.75763119958508
                        ],
                        [
                            -90.10052488890169,
                            13.757593424487398
                        ],
                        [
                            -90.10110510683388,
                            13.763810443496151
                        ],
                        [
                            -90.09649429178481,
                            13.766666137368892
                        ],
                        [
                            -90.1043289129125,
                            13.773818122605187
                        ],
                        [
                            -90.10441474675123,
                            13.779795124641968
                        ],
                        [
                            -90.10672530901071,
                            13.781690787079382
                        ],
                        [
                            -90.11412218932122,
                            13.776876860441366
                        ],
                        [
                            -90.11805838097713,
                            13.787907967692497
                        ],
                        [
                            -90.11303386093817,
                            13.795878209770546
                        ],
                        [
                            -90.1174026386761,
                            13.797366753021082
                        ],
                        [
                            -90.11116661766529,
                            13.799911616534335
                        ],
                        [
                            -90.1150654705724,
                            13.806057317167294
                        ],
                        [
                            -90.10630130925358,
                            13.80730626233489
                        ],
                        [
                            -90.10508766170078,
                            13.817245771648698
                        ],
                        [
                            -90.1132896246071,
                            13.82680299635721
                        ],
                        [
                            -90.11222188576005,
                            13.834200917794055
                        ],
                        [
                            -90.09883402990506,
                            13.838860111291925
                        ],
                        [
                            -90.09542526792954,
                            13.846085127298135
                        ],
                        [
                            -90.09819630712337,
                            13.855710228804174
                        ],
                        [
                            -90.08730011440029,
                            13.862360468347037
                        ],
                        [
                            -90.08123359138285,
                            13.876395678971903
                        ],
                        [
                            -90.06626815468258,
                            13.881551626369895
                        ],
                        [
                            -90.06737535995653,
                            13.888029196390779
                        ],
                        [
                            -90.05439261856638,
                            13.889707425461348
                        ],
                        [
                            -90.04876642003492,
                            13.893096184727476
                        ],
                        [
                            -90.04042110898874,
                            13.893845372415022
                        ],
                        [
                            -90.03936796332223,
                            13.897234106758596
                        ],
                        [
                            -90.03609008923502,
                            13.89750339912731
                        ],
                        [
                            -90.03777922928666,
                            13.917125386237661
                        ],
                        [
                            -90.0280975351877,
                            13.919711614763132
                        ],
                        [
                            -90.03109126725948,
                            13.927914435476755
                        ],
                        [
                            -90.02745204144713,
                            13.929425413900237
                        ],
                        [
                            -90.02406000768181,
                            13.93837395476665
                        ],
                        [
                            -90.00995884876927,
                            13.945331777919343
                        ],
                        [
                            -89.99951679559919,
                            13.956136784065588
                        ],
                        [
                            -89.99319123639071,
                            13.955252946874054
                        ],
                        [
                            -89.96319501466975,
                            13.96916298087858
                        ],
                        [
                            -89.96033716054367,
                            13.978338465618155
                        ],
                        [
                            -89.923095703125,
                            14.007363918807133
                        ],
                        [
                            -89.90948608890264,
                            14.012932074347791
                        ],
                        [
                            -89.895101790543,
                            14.043303273798246
                        ],
                        [
                            -89.86383299439764,
                            14.04224391878682
                        ],
                        [
                            -89.85478341149347,
                            14.05561718955034
                        ],
                        [
                            -89.81784519964118,
                            14.061851402294783
                        ],
                        [
                            -89.7771043258495,
                            14.033943049247204
                        ],
                        [
                            -89.73537736360323,
                            14.03319146770311
                        ],
                        [
                            -89.7473321166538,
                            14.055906447330129
                        ],
                        [
                            -89.7391450821312,
                            14.080876327069893
                        ],
                        [
                            -89.72782440252547,
                            14.116765023759624
                        ],
                        [
                            -89.71402987927954,
                            14.137715097241093
                        ],
                        [
                            -89.67234672708548,
                            14.17406509570869
                        ],
                        [
                            -89.66650168752152,
                            14.18454504413113
                        ],
                        [
                            -89.62889459832152,
                            14.20366293897959
                        ],
                        [
                            -89.5923616362066,
                            14.201324097856379
                        ],
                        [
                            -89.55898881446886,
                            14.21066857682774
                        ],
                        [
                            -89.55004924497446,
                            14.220597610617508
                        ],
                        [
                            -89.53723625479306,
                            14.21813620374742
                        ],
                        [
                            -89.52357371973697,
                            14.221155817687901
                        ],
                        [
                            -89.5203694205368,
                            14.236192360393462
                        ],
                        [
                            -89.54980706898883,
                            14.273473335768491
                        ],
                        [
                            -89.54787018426002,
                            14.30224869684153
                        ],
                        [
                            -89.56839922671,
                            14.31813768098542
                        ],
                        [
                            -89.59202700570921,
                            14.311507475129966
                        ],
                        [
                            -89.58928049343166,
                            14.345640180453383
                        ],
                        [
                            -89.5636807990999,
                            14.353129718172383
                        ],
                        [
                            -89.57861092301233,
                            14.370356242715488
                        ],
                        [
                            -89.58075903767336,
                            14.394214375152318
                        ],
                        [
                            -89.57516031096043,
                            14.416571765248097
                        ],
                        [
                            -89.54410270987108,
                            14.415924073670277
                        ],
                        [
                            -89.52933113919669,
                            14.378781009870764
                        ],
                        [
                            -89.50877572352302,
                            14.407480933294844
                        ],
                        [
                            -89.48997649017441,
                            14.416954036082025
                        ],
                        [
                            -89.47040257268807,
                            14.428303181750312
                        ],
                        [
                            -89.439697265625,
                            14.41473022788048
                        ],
                        [
                            -89.41724922867637,
                            14.420970297761217
                        ],
                        [
                            -89.392864481385,
                            14.449718236413155
                        ],
                        [
                            -89.38418461189687,
                            14.429325978348135
                        ],
                        [
                            -89.37860347895884,
                            14.436692197692835
                        ],
                        [
                            -89.35592779250543,
                            14.420621219249922
                        ],
                        [
                            -89.34768676757812,
                            14.433350271733687
                        ],
                        [
                            -89.351806640625,
                            14.474574824274661
                        ],
                        [
                            -89.31198120117188,
                            14.487871434931572
                        ],
                        [
                            -89.30648803710949,
                            14.502496785767889
                        ],
                        [
                            -89.28176879882812,
                            14.53839127853098
                        ],
                        [
                            -89.2474365234375,
                            14.56364687159736
                        ],
                        [
                            -89.24606323242199,
                            14.576938127714257
                        ],
                        [
                            -89.19662475585938,
                            14.583583455156525
                        ],
                        [
                            -89.1650390625,
                            14.575609038170498
                        ],
                        [
                            -89.14718627929688,
                            14.610162758873233
                        ],
                        [
                            -89.14718627929688,
                            14.67261146331253
                        ],
                        [
                            -89.13070678710938,
                            14.71113475887066
                        ],
                        [
                            -89.1650390625,
                            14.743010965702727
                        ],
                        [
                            -89.17190551757812,
                            14.778866120581371
                        ],
                        [
                            -89.22271728515625,
                            14.834629037218
                        ],
                        [
                            -89.2254638671875,
                            14.885068818553282
                        ],
                        [
                            -89.18701171875,
                            14.90497601233392
                        ],
                        [
                            -89.15130615234386,
                            14.980606541077973
                        ],
                        [
                            -89.1815185546875,
                            14.997851873680595
                        ],
                        [
                            -89.17327880859375,
                            15.036317218124129
                        ],
                        [
                            -89.15130615234386,
                            15.076101654988374
                        ],
                        [
                            -88.97964477539062,
                            15.13709000177038
                        ],
                        [
                            -88.83682250976562,
                            15.248414679139852
                        ],
                        [
                            -88.6761474609375,
                            15.347761924346937
                        ],
                        [
                            -88.59375000000011,
                            15.423234239729025
                        ],
                        [
                            -88.55804443359375,
                            15.436472173319213
                        ],
                        [
                            -88.55392456054688,
                            15.45235657881628
                        ],
                        [
                            -88.33831787109375,
                            15.630972001280334
                        ],
                        [
                            -88.3135986328125,
                            15.669320984759295
                        ],
                        [
                            -88.27377319335938,
                            15.682543103837817
                        ],
                        [
                            -88.23806762695312,
                            15.689153842187904
                        ],
                        [
                            -88.23532104492188,
                            15.716916602876832
                        ],
                        [
                            -88.21197509765625,
                            15.724848125257582
                        ],
                        [
                            -88.2366943359375,
                            15.74071024249738
                        ],
                        [
                            -88.3355712890625,
                            15.820002241903946
                        ],
                        [
                            -88.43307495117199,
                            15.871525383375822
                        ],
                        [
                            -88.50723266601562,
                            15.908508237156719
                        ],
                        [
                            -88.53744506835938,
                            15.960008730012214
                        ],
                        [
                            -88.60198974609375,
                            15.977172621632809
                        ],
                        [
                            -88.6376953125,
                            15.978492860034876
                        ],
                        [
                            -88.62945556640625,
                            15.933599871796204
                        ],
                        [
                            -88.59375000000011,
                            15.91379094700381
                        ],
                        [
                            -88.5662841796875,
                            15.876809064146757
                        ],
                        [
                            -88.5772705078125,
                            15.85171034696568
                        ],
                        [
                            -88.57452392578125,
                            15.802824941413187
                        ],
                        [
                            -88.61709594726562,
                            15.757892806176324
                        ],
                        [
                            -88.65554809570312,
                            15.776395479504297
                        ],
                        [
                            -88.71185302734375,
                            15.817359675222445
                        ],
                        [
                            -88.76541137695312,
                            15.853031409959842
                        ],
                        [
                            -88.82171630859375,
                            15.882092606338153
                        ],
                        [
                            -88.87802124023438,
                            15.874167241081153
                        ],
                        [
                            -88.91029357910156,
                            15.899263160896083
                        ],
                        [
                            -88.92059326171874,
                            15.891338471591837
                        ],
                        [
                            -88.97483825683594,
                            15.890678066728546
                        ],
                        [
                            -88.99749755859375,
                            15.901904654626879
                        ],
                        [
                            -89.02015686035156,
                            15.89398006937341
                        ],
                        [
                            -89.01878356933594,
                            15.909168583480563
                        ],
                        [
                            -89.05105590820312,
                            15.912470282559344
                        ],
                        [
                            -89.07714843749999,
                            15.906527185170441
                        ],
                        [
                            -89.11216735839844,
                            15.906527185170441
                        ],
                        [
                            -89.13825988769531,
                            15.898602782043078
                        ],
                        [
                            -89.16023254394531,
                            15.903885752157375
                        ],
                        [
                            -89.17671203613281,
                            15.91379094700381
                        ],
                        [
                            -89.19387817382811,
                            15.901244284446545
                        ],
                        [
                            -89.22340393066406,
                            15.888696839136989
                        ],
                        [
                            -89.22752380371094,
                            15.901244284446545
                        ],
                        [
                            -89.19456481933594,
                            16.404470456702423
                        ],
                        [
                            -89.15542602539062,
                            16.968800551835564
                        ],
                        [
                            -89.14993286132812,
                            17.064661760709804
                        ],
                        [
                            -89.14924621582031,
                            17.523582506809756
                        ],
                        [
                            -89.15208954162266,
                            17.815216221346866
                        ],
                        [
                            -89.7308349609375,
                            17.815378445751627
                        ],
                        [
                            -90.35980224609375,
                            17.811456088564483
                        ],
                        [
                            -90.98876953125,
                            17.817993302605785
                        ]
                    ]
                ]
            },
            "properties": {}
        }
    ]
}