{
    "type": "FeatureCollection",
    "features": [
        {
            "type": "Feature",
            "properties": {},
            "geometry": {
                "coordinates": [
                    [
                        [
                            -59.931279984360586,
                            8.549756860030488
                        ],
                        [
                            -60.002566321241346,
                            8.532551618888178
                        ],
                        [
                            -59.8040771484375,
                            8.274009117211348
                        ],
                        [
                            -59.842529296875,
                            8.233237111274565
                        ],
                        [
                            -59.9359130859375,
                            8.211490323420682
                        ],
                        [
                            -59.99359130859375,
                            8.189742344383703
                        ],
                        [
                            -59.9908447265625,
                            8.140805052181381
                        ],
                        [
                            -60.026550292968864,
                            8.034753784830734
                        ],
                        [
                            -60.106201171875,
                            8.029314508148934
                        ],
                        [
                            -60.1336669921875,
                            8.004836862364069
                        ],
                        [
                            -60.22979736328125,
                            7.953157008138382
                        ],
                        [
                            -60.26275634765625,
                            7.89875012596088
                        ],
                        [
                            -60.35064697265625,
                            7.841615185204699
                        ],
                        [
                            -60.4248046875,
                            7.83073144786945
                        ],
                        [
                            -60.5291748046875,
                            7.828010469092214
                        ],
                        [
                            -60.58135986328125,
                            7.743651345263343
                        ],
                        [
                            -60.586853027343864,
                            7.645664723491027
                        ],
                        [
                            -60.6170654296875,
                            7.640220359946592
                        ],
                        [
                            -60.63629150390625,
                            7.591217970942776
                        ],
                        [
                            -60.68572998046875,
                            7.574882598199886
                        ],
                        [
                            -60.71868896484375,
                            7.550378378185999
                        ],
                        [
                            -60.69122314453125,
                            7.471410908357838
                        ],
                        [
                            -60.64453125,
                            7.455071023918097
                        ],
                        [
                            -60.6005859375,
                            7.3243301056761805
                        ],
                        [
                            -60.63629150390625,
                            7.264394325339793
                        ],
                        [
                            -60.633544921875,
                            7.2180748352370445
                        ],
                        [
                            -60.545654296875,
                            7.119970883040842
                        ],
                        [
                            -60.49072265625,
                            7.1962757851302035
                        ],
                        [
                            -60.44403076171875,
                            7.1962757851302035
                        ],
                        [
                            -60.397338867187614,
                            7.193550830168335
                        ],
                        [
                            -60.3314208984375,
                            7.158124929364604
                        ],
                        [
                            -60.30670166015625,
                            7.122696277518295
                        ],
                        [
                            -60.30120849609375,
                            7.054556571528508
                        ],
                        [
                            -60.35888671875,
                            7.013667927566642
                        ],
                        [
                            -60.36163330078125,
                            6.940059334882694
                        ],
                        [
                            -60.400085449218864,
                            6.961870493881151
                        ],
                        [
                            -60.526428222656364,
                            6.882800241767556
                        ],
                        [
                            -60.66650390625,
                            6.830988441534011
                        ],
                        [
                            -60.7269287109375,
                            6.770988820924266
                        ],
                        [
                            -60.81207275390625,
                            6.792807731428893
                        ],
                        [
                            -60.86700439453125,
                            6.784625755799487
                        ],
                        [
                            -60.92193603515625,
                            6.820079977465815
                        ],
                        [
                            -60.919189453125,
                            6.760078995519165
                        ],
                        [
                            -60.94940185546875,
                            6.732803355522164
                        ],
                        [
                            -61.0125732421875,
                            6.727348043372675
                        ],
                        [
                            -61.147155761718864,
                            6.730075707109153
                        ],
                        [
                            -61.1993408203125,
                            6.637326583496706
                        ],
                        [
                            -61.22955322265625,
                            6.5527459704489885
                        ],
                        [
                            -61.1773681640625,
                            6.525458832948296
                        ],
                        [
                            -61.182861328125,
                            6.489983332670651
                        ],
                        [
                            -61.14166259765625,
                            6.449046958832761
                        ],
                        [
                            -61.18560791015625,
                            6.337137394988546
                        ],
                        [
                            -61.1279296875,
                            6.282538526926375
                        ],
                        [
                            -61.1279296875,
                            6.189707330332202
                        ],
                        [
                            -61.18560791015625,
                            6.18424616128059
                        ],
                        [
                            -61.207580566406364,
                            6.1159768049268965
                        ],
                        [
                            -61.276245117187614,
                            6.110514878562125
                        ],
                        [
                            -61.32968585062238,
                            6.003826529856392
                        ],
                        [
                            -61.37820303246136,
                            5.970584022427054
                        ],
                        [
                            -61.392054725058614,
                            5.945266599855688
                        ],
                        [
                            -60.77594654239435,
                            5.2542739102057086
                        ],
                        [
                            -60.74191621343875,
                            5.199483936549296
                        ],
                        [
                            -60.738785895447876,
                            5.202800016731795
                        ],
                        [
                            -60.72505298529161,
                            5.219578261421412
                        ],
                        [
                            -60.67474365234375,
                            5.2249816885943705
                        ],
                        [
                            -60.596466064453125,
                            5.216776126697326
                        ],
                        [
                            -60.566253662109375,
                            5.196261752901776
                        ],
                        [
                            -60.51132202148443,
                            5.204467582724752
                        ],
                        [
                            -60.459136962890625,
                            5.200364681183489
                        ],
                        [
                            -60.4302978515625,
                            5.182585132438667
                        ],
                        [
                            -60.40283203125,
                            5.211305692480341
                        ],
                        [
                            -60.37261962890625,
                            5.21540852261179
                        ],
                        [
                            -60.313568115234375,
                            5.209938076480817
                        ],
                        [
                            -60.209197998046875,
                            5.2851525148341265
                        ],
                        [
                            -60.178985595703125,
                            5.234554708308622
                        ],
                        [
                            -60.13778686523443,
                            5.246862661161304
                        ],
                        [
                            -60.091094970703125,
                            5.1388179608984075
                        ],
                        [
                            -60.055389404296875,
                            5.130611280723998
                        ],
                        [
                            -60.022430419921875,
                            5.103254918829327
                        ],
                        [
                            -59.972991943359375,
                            5.073161573666542
                        ],
                        [
                            -59.9798583984375,
                            5.021178858848547
                        ],
                        [
                            -60.000457763671875,
                            4.91720103948473
                        ],
                        [
                            -60.018310546875,
                            4.832364987977763
                        ],
                        [
                            -60.03753662109375,
                            4.7926799520457655
                        ],
                        [
                            -60.0238037109375,
                            4.778994921541037
                        ],
                        [
                            -60.022430419921875,
                            4.7461497348429225
                        ],
                        [
                            -60.03753662109375,
                            4.728357938612821
                        ],
                        [
                            -60.027923583984375,
                            4.709197031653891
                        ],
                        [
                            -60.0787353515625,
                            4.659923709282437
                        ],
                        [
                            -60.0732421875,
                            4.6215976241658385
                        ],
                        [
                            -60.13092041015625,
                            4.602433803340719
                        ],
                        [
                            -60.126800537109375,
                            4.576424935853651
                        ],
                        [
                            -60.13916015625006,
                            4.576424935853651
                        ],
                        [
                            -60.15289306640625,
                            4.570949264200543
                        ],
                        [
                            -60.159759521484375,
                            4.5148212264183485
                        ],
                        [
                            -60.1116943359375,
                            4.503868906229404
                        ],
                        [
                            -60.0897216796875,
                            4.525773381296512
                        ],
                        [
                            -60.060882568359375,
                            4.520297324546131
                        ],
                        [
                            -60.07049560546875,
                            4.49291642112739
                        ],
                        [
                            -59.975738525390625,
                            4.483332861695539
                        ],
                        [
                            -59.972991943359375,
                            4.505237955279861
                        ],
                        [
                            -59.91119384765625,
                            4.476487385132403
                        ],
                        [
                            -59.904327392578125,
                            4.461427111442065
                        ],
                        [
                            -59.88922119140631,
                            4.477856485570586
                        ],
                        [
                            -59.871368408203125,
                            4.480594678760186
                        ],
                        [
                            -59.860382080078125,
                            4.457319710422141
                        ],
                        [
                            -59.80682373046875,
                            4.449104839543765
                        ],
                        [
                            -59.80133056640625,
                            4.464165366026574
                        ],
                        [
                            -59.79446411132818,
                            4.444997369727273
                        ],
                        [
                            -59.753265380859375,
                            4.424459677711272
                        ],
                        [
                            -59.73266601562506,
                            4.418982863527428
                        ],
                        [
                            -59.7052001953125,
                            4.387490398371439
                        ],
                        [
                            -59.66400146484375,
                            4.376536185637297
                        ],
                        [
                            -59.681854248046875,
                            4.361473881489629
                        ],
                        [
                            -59.676361083984375,
                            4.343672587302042
                        ],
                        [
                            -59.72991943359375,
                            4.282049489622652
                        ],
                        [
                            -59.73129272460943,
                            4.271093750647543
                        ],
                        [
                            -59.710693359375,
                            4.271093750647543
                        ],
                        [
                            -59.739532470703125,
                            4.23685605976896
                        ],
                        [
                            -59.725799560546875,
                            4.175224404743028
                        ],
                        [
                            -59.677734375,
                            4.145091607474545
                        ],
                        [
                            -59.618682861328125,
                            4.132764222542468
                        ],
                        [
                            -59.651641845703125,
                            4.07249425916745
                        ],
                        [
                            -59.622802734375,
                            4.050576786133467
                        ],
                        [
                            -59.60357666015625,
                            4.032768401966701
                        ],
                        [
                            -59.60769653320318,
                            4.012219781582052
                        ],
                        [
                            -59.58984375,
                            4.013589705718849
                        ],
                        [
                            -59.571990966796875,
                            3.9930406027902787
                        ],
                        [
                            -59.582977294921875,
                            3.977970933520605
                        ],
                        [
                            -59.54589843750006,
                            3.975230964009598
                        ],
                        [
                            -59.51431274414068,
                            3.9519408561575946
                        ],
                        [
                            -59.52392578125,
                            3.9272800291531733
                        ],
                        [
                            -59.556884765625,
                            3.9272800291531733
                        ],
                        [
                            -59.563751220703125,
                            3.890287423733636
                        ],
                        [
                            -59.591217041015625,
                            3.886177033699361
                        ],
                        [
                            -59.578857421875,
                            3.821778321387658
                        ],
                        [
                            -59.5953369140625,
                            3.8121866081122686
                        ],
                        [
                            -59.596710205078125,
                            3.793002860841048
                        ],
                        [
                            -59.613189697265625,
                            3.7984839750369748
                        ],
                        [
                            -59.63104248046875,
                            3.784781124382708
                        ],
                        [
                            -59.626922607421875,
                            3.7984839750369748
                        ],
                        [
                            -59.659881591796875,
                            3.7834108273804916
                        ],
                        [
                            -59.673614501953125,
                            3.7573747734586798
                        ],
                        [
                            -59.66400146484375,
                            3.7039299185334675
                        ],
                        [
                            -59.68597412109375,
                            3.690225587855432
                        ],
                        [
                            -59.750518798828125,
                            3.65185233973368
                        ],
                        [
                            -59.76287841796881,
                            3.638147209841437
                        ],
                        [
                            -59.80133056640625,
                            3.617589124412154
                        ],
                        [
                            -59.8480224609375,
                            3.6079951914506547
                        ],
                        [
                            -59.86724853515625,
                            3.564135926283992
                        ],
                        [
                            -59.843902587890625,
                            3.551800130051877
                        ],
                        [
                            -59.835662841796875,
                            3.5230159653948925
                        ],
                        [
                            -59.808197021484375,
                            3.5093089069576955
                        ],
                        [
                            -59.7930908203125,
                            3.4942309104349047
                        ],
                        [
                            -59.81781005859375,
                            3.4818941875610836
                        ],
                        [
                            -59.80682373046875,
                            3.469557303061473
                        ],
                        [
                            -59.832916259765625,
                            3.4627034087109094
                        ],
                        [
                            -59.83978271484375,
                            3.431174857220211
                        ],
                        [
                            -59.813690185546875,
                            3.4298040269674055
                        ],
                        [
                            -59.805450439453125,
                            3.353034418476744
                        ],
                        [
                            -59.83428955078125,
                            3.353034418476744
                        ],
                        [
                            -59.832916259765625,
                            3.331099131613748
                        ],
                        [
                            -59.885101318359375,
                            3.2433531282402988
                        ],
                        [
                            -59.87274169921875,
                            3.228271011252635
                        ],
                        [
                            -59.908447265625,
                            3.2104464025522965
                        ],
                        [
                            -59.8974609375,
                            3.1569707170633405
                        ],
                        [
                            -59.91806030273443,
                            3.14325855753886
                        ],
                        [
                            -59.904327392578125,
                            3.1144624368758076
                        ],
                        [
                            -59.923553466796875,
                            3.1144624368758076
                        ],
                        [
                            -59.94964599609381,
                            3.0788090067455465
                        ],
                        [
                            -59.9578857421875,
                            3.0212124892998897
                        ],
                        [
                            -59.948272705078125,
                            2.9951559144600104
                        ],
                        [
                            -59.974365234375,
                            2.9320690181896394
                        ],
                        [
                            -59.98809814453125,
                            2.8470332380052317
                        ],
                        [
                            -59.989471435546875,
                            2.6961479769778935
                        ],
                        [
                            -59.96337890625,
                            2.616582692541379
                        ],
                        [
                            -59.9688720703125,
                            2.596004635795748
                        ],
                        [
                            -59.92767333984375,
                            2.567194793978701
                        ],
                        [
                            -59.9249267578125,
                            2.5425001266054212
                        ],
                        [
                            -59.89471435546875,
                            2.4725293509668167
                        ],
                        [
                            -59.904327392578125,
                            2.386089780245288
                        ],
                        [
                            -59.885101318359375,
                            2.3572753726785374
                        ],
                        [
                            -59.83428955078125,
                            2.327088210764743
                        ],
                        [
                            -59.7821044921875,
                            2.2872950566067374
                        ],
                        [
                            -59.73266601562506,
                            2.28455066023697
                        ],
                        [
                            -59.720306396484375,
                            2.2447563267360438
                        ],
                        [
                            -59.736785888671875,
                            2.161047491275904
                        ],
                        [
                            -59.723052978515625,
                            2.111643378566517
                        ],
                        [
                            -59.739532470703125,
                            2.070472083193102
                        ],
                        [
                            -59.728546142578125,
                            2.0224375549171962
                        ],
                        [
                            -59.736785888671875,
                            1.9428343648096005
                        ],
                        [
                            -59.758758544921875,
                            1.914011586945798
                        ],
                        [
                            -59.74639892578125,
                            1.8549920140373837
                        ],
                        [
                            -59.684600830078125,
                            1.8508742952122486
                        ],
                        [
                            -59.67086791992193,
                            1.8385210814434376
                        ],
                        [
                            -59.66400146484375,
                            1.863227422913456
                        ],
                        [
                            -59.64752197265625,
                            1.8412662474672867
                        ],
                        [
                            -59.65576171875,
                            1.822049996860274
                        ],
                        [
                            -59.679107666015625,
                            1.802833541229859
                        ],
                        [
                            -59.688720703125,
                            1.7575368113083254
                        ],
                        [
                            -59.635162353515625,
                            1.742437655748074
                        ],
                        [
                            -59.613189697265625,
                            1.7191023594368318
                        ],
                        [
                            -59.5623779296875,
                            1.7369470236593783
                        ],
                        [
                            -59.5294189453125,
                            1.7094936248854367
                        ],
                        [
                            -59.51019287109375,
                            1.6696855009865839
                        ],
                        [
                            -59.49371337890625,
                            1.6738036204848048
                        ],
                        [
                            -59.486846923828125,
                            1.628503834970573
                        ],
                        [
                            -59.448394775390625,
                            1.616149170097301
                        ],
                        [
                            -59.42779541015625,
                            1.5612386470076711
                        ],
                        [
                            -59.39483642578125,
                            1.554374729735434
                        ],
                        [
                            -59.3756103515625,
                            1.509072320731246
                        ],
                        [
                            -59.330291748046875,
                            1.518682002452016
                        ],
                        [
                            -59.32617187500006,
                            1.4665146521435448
                        ],
                        [
                            -59.29458618164068,
                            1.4582775898253464
                        ],
                        [
                            -59.27947998046875,
                            1.411600338923334
                        ],
                        [
                            -59.220428466796875,
                            1.3786511252106772
                        ],
                        [
                            -59.173736572265625,
                            1.3649221509479303
                        ],
                        [
                            -59.1009521484375,
                            1.3429556294180167
                        ],
                        [
                            -59.041900634765625,
                            1.3292264529974078
                        ],
                        [
                            -59.0020751953125,
                            1.3264806085279128
                        ],
                        [
                            -58.975982666015625,
                            1.3058866783157643
                        ],
                        [
                            -58.92105102539068,
                            1.312751340599998
                        ],
                        [
                            -58.912811279296875,
                            1.2839196334992269
                        ],
                        [
                            -58.88397216796875,
                            1.2660712704472294
                        ],
                        [
                            -58.907318115234375,
                            1.2331201247997963
                        ],
                        [
                            -58.874359130859375,
                            1.215271416559006
                        ],
                        [
                            -58.846893310546875,
                            1.185065642505663
                        ],
                        [
                            -58.822174072265625,
                            1.1836926448854974
                        ],
                        [
                            -58.787841796875,
                            1.18094664760652
                        ],
                        [
                            -58.769989013671875,
                            1.1933036139061959
                        ],
                        [
                            -58.7493896484375,
                            1.205660524693437
                        ],
                        [
                            -58.715057373046875,
                            1.2344930974215016
                        ],
                        [
                            -58.720550537109375,
                            1.257833522873487
                        ],
                        [
                            -58.7054443359375,
                            1.2921572975992102
                        ],
                        [
                            -58.67248535156256,
                            1.2852925793638545
                        ],
                        [
                            -58.63128662109375,
                            1.2894114125257872
                        ],
                        [
                            -58.585968017578125,
                            1.2688171804967088
                        ],
                        [
                            -58.561248779296875,
                            1.2880384688779172
                        ],
                        [
                            -58.5406494140625,
                            1.2866655244903518
                        ],
                        [
                            -58.525543212890625,
                            1.263325357489324
                        ],
                        [
                            -58.51455688476568,
                            1.2743089918452106
                        ],
                        [
                            -58.49395751953125,
                            1.2715630876314767
                        ],
                        [
                            -58.489837646484375,
                            1.301767871939471
                        ],
                        [
                            -58.4747314453125,
                            1.3182430568620136
                        ],
                        [
                            -58.476104736328125,
                            1.3511930983018892
                        ],
                        [
                            -58.46099853515625,
                            1.3690408514928443
                        ],
                        [
                            -58.502197265625,
                            1.4074817125203685
                        ],
                        [
                            -58.4967041015625,
                            1.4349390834435827
                        ],
                        [
                            -58.5076904296875,
                            1.4514133481911609
                        ],
                        [
                            -58.492584228515625,
                            1.4665146521435448
                        ],
                        [
                            -58.434906005859375,
                            1.4637689680642445
                        ],
                        [
                            -58.371734619140625,
                            1.4774973547127201
                        ],
                        [
                            -58.396453857421875,
                            1.5063266895717826
                        ],
                        [
                            -58.38134765625,
                            1.5365284406473834
                        ],
                        [
                            -58.35937500000006,
                            1.542019622482221
                        ],
                        [
                            -58.347015380859375,
                            1.5708480935151505
                        ],
                        [
                            -58.32814874789558,
                            1.6008707921044871
                        ],
                        [
                            -58.31268310546875,
                            1.5722208679860477
                        ],
                        [
                            -58.259124755859375,
                            1.5681025418682442
                        ],
                        [
                            -58.2330322265625,
                            1.5516291565733218
                        ],
                        [
                            -58.193206787109375,
                            1.5735936415541505
                        ],
                        [
                            -58.15338134765625,
                            1.5516291565733218
                        ],
                        [
                            -58.1451416015625,
                            1.5008354168795537
                        ],
                        [
                            -58.09295654296875,
                            1.5145635726454074
                        ],
                        [
                            -58.06549072265625,
                            1.509072320731246
                        ],
                        [
                            -58.055877685546875,
                            1.5200548106444896
                        ],
                        [
                            -58.0023193359375,
                            1.5008354168795537
                        ],
                        [
                            -57.99407958984375,
                            1.5612386470076711
                        ],
                        [
                            -57.976226806640625,
                            1.58869409099561
                        ],
                        [
                            -57.98858642578125,
                            1.6339947728592963
                        ],
                        [
                            -58.003692626953125,
                            1.6490947745002844
                        ],
                        [
                            -57.957000732421875,
                            1.6600765219740536
                        ],
                        [
                            -57.921295166015625,
                            1.6436038780135793
                        ],
                        [
                            -57.88970947265625,
                            1.6738036204848048
                        ],
                        [
                            -57.85400390625,
                            1.6696855009865839
                        ],
                        [
                            -57.84576416015625,
                            1.684785230136972
                        ],
                        [
                            -57.79907226562506,
                            1.6902760117723716
                        ],
                        [
                            -57.79632568359375,
                            1.7191023594368318
                        ],
                        [
                            -57.72216796875,
                            1.7218477032945387
                        ],
                        [
                            -57.698822021484375,
                            1.7191023594368318
                        ],
                        [
                            -57.66998291015625,
                            1.7053755810537563
                        ],
                        [
                            -57.6397705078125,
                            1.6820398335121707
                        ],
                        [
                            -57.613677978515625,
                            1.694394087811659
                        ],
                        [
                            -57.57934570312506,
                            1.7040028978171977
                        ],
                        [
                            -57.572479248046875,
                            1.694394087811659
                        ],
                        [
                            -57.53814697265625,
                            1.7026302136023004
                        ],
                        [
                            -57.535400390625,
                            1.7177296860270803
                        ],
                        [
                            -57.512054443359375,
                            1.7218477032945387
                        ],
                        [
                            -57.51617431640625,
                            1.7547915193481107
                        ],
                        [
                            -57.491455078125,
                            1.7712632104405848
                        ],
                        [
                            -57.501068115234375,
                            1.784989507880982
                        ],
                        [
                            -57.45025634765625,
                            1.8069513703020905
                        ],
                        [
                            -57.4365234375,
                            1.837148496847902
                        ],
                        [
                            -57.429656982421875,
                            1.867345112921926
                        ],
                        [
                            -57.4365234375,
                            1.9044038862866393
                        ],
                        [
                            -57.39532470703125,
                            1.9236192337659013
                        ],
                        [
                            -57.369232177734375,
                            1.9291092933866363
                        ],
                        [
                            -57.36099243164068,
                            1.9442068658308456
                        ],
                        [
                            -57.366485595703125,
                            1.9606767908079445
                        ],
                        [
                            -57.344512939453125,
                            1.9771465537125772
                        ],
                        [
                            -57.3101806640625,
                            1.978519026596244
                        ],
                        [
                            -57.308807373046875,
                            1.9894987687132895
                        ],
                        [
                            -57.270355224609375,
                            1.984008906765771
                        ],
                        [
                            -57.242889404296875,
                            1.9455793657360467
                        ],
                        [
                            -57.229156494140625,
                            1.9400893594220445
                        ],
                        [
                            -57.22503662109375,
                            1.962049277259018
                        ],
                        [
                            -57.17010498046875,
                            1.9881263049374847
                        ],
                        [
                            -57.14813232421875,
                            1.9949886123884577
                        ],
                        [
                            -57.10968017578125,
                            2.0251824237341385
                        ],
                        [
                            -57.083587646484375,
                            2.0210651187669897
                        ],
                        [
                            -57.067108154296875,
                            1.978519026596244
                        ],
                        [
                            -57.06298828125,
                            1.9510693541804334
                        ],
                        [
                            -57.023162841796875,
                            1.9455793657360467
                        ],
                        [
                            -57.0135498046875,
                            1.914011586945798
                        ],
                        [
                            -56.976470947265625,
                            1.9057764182382697
                        ],
                        [
                            -56.9586181640625,
                            1.9222467160981036
                        ],
                        [
                            -56.921539306640625,
                            1.9277367801405985
                        ],
                        [
                            -56.898193359375,
                            1.9016588191044044
                        ],
                        [
                            -56.836395263671875,
                            1.8920510496201415
                        ],
                        [
                            -56.8048095703125,
                            1.8742079081520906
                        ],
                        [
                            -56.79656982421875,
                            1.8577371545974959
                        ],
                        [
                            -56.75811767578125,
                            1.8796981249740305
                        ],
                        [
                            -56.72515869140625,
                            1.920874197326819
                        ],
                        [
                            -56.666107177734375,
                            1.915384111222661
                        ],
                        [
                            -56.622161865234375,
                            1.9428343648096005
                        ],
                        [
                            -56.58370971679693,
                            1.914011586945798
                        ],
                        [
                            -56.556243896484375,
                            1.915384111222661
                        ],
                        [
                            -56.51092529296875,
                            1.9345993352887936
                        ],
                        [
                            -56.485160492936004,
                            1.953117699937428
                        ],
                        [
                            -56.517791748046875,
                            1.984008906765771
                        ],
                        [
                            -56.55487060546875,
                            2.0238099899065127
                        ],
                        [
                            -56.60430908203125,
                            2.0279272879011736
                        ],
                        [
                            -56.69082641601574,
                            2.0279272879011736
                        ],
                        [
                            -56.819915771484375,
                            2.20496090980601
                        ],
                        [
                            -56.819915771484375,
                            2.2475007985315845
                        ],
                        [
                            -56.836395263671875,
                            2.2776896463828633
                        ],
                        [
                            -56.87759399414074,
                            2.2872950566067374
                        ],
                        [
                            -56.88720703125,
                            2.307877861586207
                        ],
                        [
                            -56.88446044921875,
                            2.3490425749158272
                        ],
                        [
                            -56.896820068359375,
                            2.3737408219431484
                        ],
                        [
                            -56.932525634765625,
                            2.3943223575350774
                        ],
                        [
                            -56.929779052734375,
                            2.4313683408148723
                        ],
                        [
                            -56.942138671875,
                            2.4437167766633623
                        ],
                        [
                            -56.954498291015625,
                            2.482133403730576
                        ],
                        [
                            -56.9586181640625,
                            2.5164330206204784
                        ],
                        [
                            -56.990203857421875,
                            2.501341299635929
                        ],
                        [
                            -57.008056640625,
                            2.5164330206204784
                        ],
                        [
                            -56.99981689453125,
                            2.567194793978701
                        ],
                        [
                            -57.01904296875,
                            2.5795419490007094
                        ],
                        [
                            -57.025909423828125,
                            2.605607770806103
                        ],
                        [
                            -57.01904296875,
                            2.6385322473984387
                        ],
                        [
                            -57.031402587890625,
                            2.64264774589176
                        ],
                        [
                            -57.06161499023449,
                            2.631673052980167
                        ],
                        [
                            -57.06298828125,
                            2.664596840238585
                        ],
                        [
                            -57.069854736328125,
                            2.698891515557585
                        ],
                        [
                            -57.1014404296875,
                            2.733185223261409
                        ],
                        [
                            -57.086334228515625,
                            2.77159301200225
                        ],
                        [
                            -57.10968017578125,
                            2.779823090877867
                        ],
                        [
                            -57.1453857421875,
                            2.7757080586045757
                        ],
                        [
                            -57.139892578125,
                            2.7962830762573616
                        ],
                        [
                            -57.1234130859375,
                            2.8168577330377342
                        ],
                        [
                            -57.1453857421875,
                            2.833317196855306
                        ],
                        [
                            -57.18795776367199,
                            2.819600993200333
                        ],
                        [
                            -57.222290039062614,
                            2.9060103444427834
                        ],
                        [
                            -57.18109130859375,
                            2.9402979471996784
                        ],
                        [
                            -57.18795776367199,
                            2.9608700037783326
                        ],
                        [
                            -57.229156494140625,
                            2.959498545196161
                        ],
                        [
                            -57.226409912109375,
                            3.0170983347129785
                        ],
                        [
                            -57.207183837890625,
                            3.023955250363652
                        ],
                        [
                            -57.216796875000114,
                            3.0733237573840584
                        ],
                        [
                            -57.2442626953125,
                            3.09389329669897
                        ],
                        [
                            -57.240142822265625,
                            3.1377736432253345
                        ],
                        [
                            -57.2552490234375,
                            3.1309174598616396
                        ],
                        [
                            -57.282714843750114,
                            3.139144874504179
                        ],
                        [
                            -57.278594970703125,
                            3.1569707170633405
                        ],
                        [
                            -57.29095458984375,
                            3.1734250695079433
                        ],
                        [
                            -57.29095458984375,
                            3.2735166862535356
                        ],
                        [
                            -57.279968261718864,
                            3.3160183381615123
                        ],
                        [
                            -57.289581298828125,
                            3.348921589569947
                        ],
                        [
                            -57.3101806640625,
                            3.391419984682776
                        ],
                        [
                            -57.337646484375,
                            3.358518163442509
                        ],
                        [
                            -57.38983154296875,
                            3.361260024378483
                        ],
                        [
                            -57.42279052734375,
                            3.3831946339143837
                        ],
                        [
                            -57.4365234375,
                            3.358518163442509
                        ],
                        [
                            -57.473602294921875,
                            3.3365829992793588
                        ],
                        [
                            -57.527160644531364,
                            3.372227390996944
                        ],
                        [
                            -57.542266845703125,
                            3.3448087433873686
                        ],
                        [
                            -57.577972412109375,
                            3.342066836345094
                        ],
                        [
                            -57.6397705078125,
                            3.347550642760906
                        ],
                        [
                            -57.668609619140625,
                            3.392790869678844
                        ],
                        [
                            -57.63702392578125,
                            3.4585910482810767
                        ],
                        [
                            -57.658996582031364,
                            3.532610786227175
                        ],
                        [
                            -57.709808349609375,
                            3.555912080474523
                        ],
                        [
                            -57.731781005859375,
                            3.6038834748710658
                        ],
                        [
                            -57.8375244140625,
                            3.6682982193569544
                        ],
                        [
                            -57.85400390625,
                            3.756004433260587
                        ],
                        [
                            -57.91717529296875,
                            3.8656247834774597
                        ],
                        [
                            -57.981719970703125,
                            3.9300201571114752
                        ],
                        [
                            -58.040771484375,
                            3.99989036105956
                        ],
                        [
                            -58.062744140625,
                            4.108108878310174
                        ],
                        [
                            -58.06411743164074,
                            4.182072606722732
                        ],
                        [
                            -57.95013427734375,
                            4.303960496615201
                        ],
                        [
                            -57.959747314453125,
                            4.395705952493886
                        ],
                        [
                            -57.929534912109375,
                            4.432674823020461
                        ],
                        [
                            -57.83203125,
                            4.664029951910404
                        ],
                        [
                            -57.930908203125,
                            4.811838534173914
                        ],
                        [
                            -57.840270996093864,
                            4.918569274845269
                        ],
                        [
                            -57.7606201171875,
                            4.926778627933813
                        ],
                        [
                            -57.6837158203125,
                            5.011602642331368
                        ],
                        [
                            -57.62603759765625,
                            4.9924497884904175
                        ],
                        [
                            -57.527160644531364,
                            5.00339434502215
                        ],
                        [
                            -57.425537109375,
                            4.9842412512187035
                        ],
                        [
                            -57.32666015625,
                            5.0225468783063425
                        ],
                        [
                            -57.271728515625,
                            5.019810836520885
                        ],
                        [
                            -57.32666015625,
                            5.074529483496559
                        ],
                        [
                            -57.293701171875,
                            5.167540507950538
                        ],
                        [
                            -57.25799560546875,
                            5.1702759208247535
                        ],
                        [
                            -57.216796875000114,
                            5.134714634014467
                        ],
                        [
                            -57.17559814453125,
                            5.1702759208247535
                        ],
                        [
                            -57.20855712890625,
                            5.2249816885943705
                        ],
                        [
                            -57.26348876953125,
                            5.27968268025723
                        ],
                        [
                            -57.26348876953125,
                            5.2249816885943705
                        ],
                        [
                            -57.293701171875,
                            5.2386573862016
                        ],
                        [
                            -57.29644775390625,
                            5.320705259943899
                        ],
                        [
                            -57.345886230468864,
                            5.315235740232145
                        ],
                        [
                            -57.26898193359375,
                            5.369928743247048
                        ],
                        [
                            -57.26104994379555,
                            5.478631378340717
                        ],
                        [
                            -57.19711555011425,
                            5.519197030238261
                        ],
                        [
                            -57.1453857421875,
                            5.662451740971942
                        ],
                        [
                            -57.14813232421875,
                            5.766303188459986
                        ],
                        [
                            -57.1014404296875,
                            5.971217057997224
                        ],
                        [
                            -57.117919921875,
                            6.039504781196217
                        ],
                        [
                            -57.1673583984375,
                            6.1705929919922555
                        ],
                        [
                            -57.29095458984375,
                            6.282538526926375
                        ],
                        [
                            -57.4859619140625,
                            6.399918947714143
                        ],
                        [
                            -57.969360351562614,
                            6.850077654785543
                        ],
                        [
                            -58.20831298828125,
                            6.910067341594741
                        ],
                        [
                            -58.33465576171875,
                            6.989133016574015
                        ],
                        [
                            -58.414306640625,
                            7.122696277518295
                        ],
                        [
                            -58.44451904296875,
                            7.381534016633762
                        ],
                        [
                            -58.64776611328125,
                            7.64294255039654
                        ],
                        [
                            -59.1778564453125,
                            8.105457731284307
                        ],
                        [
                            -59.688720703125,
                            8.409885221474008
                        ],
                        [
                            -59.85076904296875,
                            8.510402920862324
                        ],
                        [
                            -59.931279984360586,
                            8.549756860030488
                        ]
                    ]
                ],
                "type": "Polygon"
            }
        }
    ]
}