{
    "type": "FeatureCollection",
    "features": [
        {
            "type": "Feature",
            "geometry": {
                "coordinates": [
                    [
                        [
                            42.78350830078125,
                            37.377796572371174
                        ],
                        [
                            42.73681640625,
                            37.337408137077986
                        ],
                        [
                            42.7313232421875,
                            37.318844002395444
                        ],
                        [
                            42.691497802734375,
                            37.30792178069673
                        ],
                        [
                            42.695617675781136,
                            37.292628004510924
                        ],
                        [
                            42.677764892578125,
                            37.27077435856147
                        ],
                        [
                            42.66327370216395,
                            37.272160498950925
                        ],
                        [
                            42.65588774933232,
                            37.264499766117275
                        ],
                        [
                            42.65086632652044,
                            37.25616048383578
                        ],
                        [
                            42.655792236328125,
                            37.24782120155428
                        ],
                        [
                            42.62972067340061,
                            37.219486152671635
                        ],
                        [
                            42.614593505859375,
                            37.21392518793643
                        ],
                        [
                            42.617340087890625,
                            37.20080005987362
                        ],
                        [
                            42.58767397343311,
                            37.17207137363932
                        ],
                        [
                            42.580453736087634,
                            37.14691774626975
                        ],
                        [
                            42.56897846624135,
                            37.14407233606639
                        ],
                        [
                            42.55474327404906,
                            37.15030163175786
                        ],
                        [
                            42.539734024994154,
                            37.146266476359074
                        ],
                        [
                            42.529124487825484,
                            37.13943624489127
                        ],
                        [
                            42.51644500889812,
                            37.14443123648124
                        ],
                        [
                            42.50367982522251,
                            37.14087854765338
                        ],
                        [
                            42.49988438917211,
                            37.13732585882552
                        ],
                        [
                            42.48832694293359,
                            37.1376121046664
                        ],
                        [
                            42.484704273442574,
                            37.135148112195466
                        ],
                        [
                            42.468144196538354,
                            37.13957098549994
                        ],
                        [
                            42.459605143954235,
                            37.13835585739541
                        ],
                        [
                            42.45624094577174,
                            37.13356544223062
                        ],
                        [
                            42.45046181553359,
                            37.13812590705683
                        ],
                        [
                            42.44433769500512,
                            37.13691084518605
                        ],
                        [
                            42.44264042940103,
                            37.1329704679202
                        ],
                        [
                            42.43602595455947,
                            37.13065222312359
                        ],
                        [
                            42.4367008378899,
                            37.12723241529169
                        ],
                        [
                            42.42550324305239,
                            37.12647618053866
                        ],
                        [
                            42.41855149214071,
                            37.121592363695896
                        ],
                        [
                            42.40854768032327,
                            37.12157563473091
                        ],
                        [
                            42.40159609500978,
                            37.112348653367405
                        ],
                        [
                            42.386760019022205,
                            37.109814088470316
                        ],
                        [
                            42.37768894696717,
                            37.11539250293122
                        ],
                        [
                            42.368253150825126,
                            37.11403795494387
                        ],
                        [
                            42.36207452712483,
                            37.11687912572155
                        ],
                        [
                            42.35918439483112,
                            37.107207509363825
                        ],
                        [
                            42.354415124590105,
                            37.10442943623934
                        ],
                        [
                            42.3524154542595,
                            37.10006110956955
                        ],
                        [
                            42.352294921875,
                            37.08804885952269
                        ],
                        [
                            42.374267578125,
                            37.077093191754436
                        ],
                        [
                            42.374267578125,
                            37.06394430056685
                        ],
                        [
                            42.352294921875,
                            37.05298514989097
                        ],
                        [
                            42.00347900390625,
                            36.73668306473141
                        ],
                        [
                            41.81396484375,
                            36.589068371399115
                        ],
                        [
                            41.39923095703125,
                            36.52508770278463
                        ],
                        [
                            41.2921142578125,
                            36.35495110643483
                        ],
                        [
                            41.25091552734375,
                            36.0624217151089
                        ],
                        [
                            41.3690185546875,
                            35.846760876811395
                        ],
                        [
                            41.38275146484375,
                            35.62158189955968
                        ],
                        [
                            41.261901855468636,
                            35.44500852178629
                        ],
                        [
                            41.27288818359375,
                            35.37561413174875
                        ],
                        [
                            41.2152099609375,
                            35.106428057364255
                        ],
                        [
                            41.2261962890625,
                            34.784483415461345
                        ],
                        [
                            41.11907958984375,
                            34.66032236481892
                        ],
                        [
                            41.02020263671875,
                            34.44995361537075
                        ],
                        [
                            40.9735107421875,
                            34.397844946449865
                        ],
                        [
                            40.638427734374886,
                            34.31621838080741
                        ],
                        [
                            38.792724609375,
                            33.37411872061922
                        ],
                        [
                            39.08660888671875,
                            32.498180028410744
                        ],
                        [
                            38.9849853515625,
                            32.47964619410741
                        ],
                        [
                            39.04266357421875,
                            32.30802741894789
                        ],
                        [
                            39.2596435546875,
                            32.35212281198644
                        ],
                        [
                            39.3035888671875,
                            32.22906629627297
                        ],
                        [
                            39.20308469237743,
                            32.154813985779654
                        ],
                        [
                            40.42407112885516,
                            31.945025921799527
                        ],
                        [
                            41.44317626953125,
                            31.36770891512085
                        ],
                        [
                            42.07917083093781,
                            31.120489499024508
                        ],
                        [
                            44.7198486328125,
                            29.20252099881366
                        ],
                        [
                            46.4227294921875,
                            29.059771002186196
                        ],
                        [
                            46.55411900446967,
                            29.101506915615158
                        ],
                        [
                            46.55739916287126,
                            29.10314944419423
                        ],
                        [
                            46.582873675282215,
                            29.13809327484969
                        ],
                        [
                            46.62683621921562,
                            29.168362502100273
                        ],
                        [
                            46.668366127421095,
                            29.20542958941252
                        ],
                        [
                            46.70308465559202,
                            29.250774437559414
                        ],
                        [
                            46.766032064282754,
                            29.321234489364073
                        ],
                        [
                            46.783245921310794,
                            29.353937357930764
                        ],
                        [
                            46.84707641601551,
                            29.413282951826233
                        ],
                        [
                            46.91024780273426,
                            29.5232805008286
                        ],
                        [
                            46.998138427734375,
                            29.66180275761379
                        ],
                        [
                            47.0159912109375,
                            29.73099249532227
                        ],
                        [
                            47.121734619140625,
                            29.956124387148986
                        ],
                        [
                            47.173919677734375,
                            30.02511058549258
                        ],
                        [
                            47.2796630859375,
                            30.05720849081894
                        ],
                        [
                            47.371673583984375,
                            30.10236569641242
                        ],
                        [
                            47.70927406829904,
                            30.103765026948555
                        ],
                        [
                            47.84072861063686,
                            30.053444297121793
                        ],
                        [
                            48.01339697818989,
                            29.99010783912765
                        ],
                        [
                            48.043212890625,
                            30.022732549250424
                        ],
                        [
                            48.16131591796875,
                            30.027488564694334
                        ],
                        [
                            48.42498779296875,
                            29.846599772557077
                        ],
                        [
                            48.42498779297,
                            29.846599772557
                        ],
                        [
                            48.427734375,
                            29.857319448285
                        ],
                        [
                            48.44421386719,
                            29.901377129352
                        ],
                        [
                            48.48129272460994,
                            29.903758071028
                        ],
                        [
                            48.55133056641,
                            29.904948520528
                        ],
                        [
                            48.61587524414006,
                            29.90971017627
                        ],
                        [
                            48.62617492675781,
                            29.928754522717018
                        ],
                        [
                            48.563690185546875,
                            29.950175057288813
                        ],
                        [
                            48.517684936523324,
                            29.960288706229534
                        ],
                        [
                            48.46343994140625,
                            29.991812888666043
                        ],
                        [
                            48.44764709472656,
                            30.006084698652703
                        ],
                        [
                            48.445587158203125,
                            30.061962851517574
                        ],
                        [
                            48.41606140136719,
                            30.09404881287048
                        ],
                        [
                            48.38653564453125,
                            30.1130578040595
                        ],
                        [
                            48.38310241699219,
                            30.132063138221763
                        ],
                        [
                            48.4112548828125,
                            30.164126343161097
                        ],
                        [
                            48.41606140136719,
                            30.197366063272245
                        ],
                        [
                            48.40370178222656,
                            30.21635515266855
                        ],
                        [
                            48.368682861328125,
                            30.23652704486517
                        ],
                        [
                            48.2965850830077,
                            30.314209452465885
                        ],
                        [
                            48.27186584472656,
                            30.337324394179017
                        ],
                        [
                            48.24302673339844,
                            30.33850962875121
                        ],
                        [
                            48.22998046875,
                            30.32132232320159
                        ],
                        [
                            48.2135009765625,
                            30.31539496677952
                        ],
                        [
                            48.20320129394531,
                            30.322507751454424
                        ],
                        [
                            48.18946838378906,
                            30.345028162398517
                        ],
                        [
                            48.18260192871094,
                            30.39656853856939
                        ],
                        [
                            48.16337585449219,
                            30.42676922629162
                        ],
                        [
                            48.10844421386719,
                            30.452225289045764
                        ],
                        [
                            48.05351257324219,
                            30.4687977564324
                        ],
                        [
                            48.03703308105469,
                            30.477082932837682
                        ],
                        [
                            48.02467346191406,
                            30.478858236062322
                        ],
                        [
                            48.03085327148426,
                            30.995857303597642
                        ],
                        [
                            47.68409729003906,
                            30.999977384112604
                        ],
                        [
                            47.68341064453125,
                            31.395260427356035
                        ],
                        [
                            47.86537170410156,
                            31.784216884487385
                        ],
                        [
                            47.8564453125,
                            31.806977393531774
                        ],
                        [
                            47.85438537597656,
                            31.81981418200514
                        ],
                        [
                            47.82417297363281,
                            31.83264918614865
                        ],
                        [
                            47.82073974609375,
                            31.84139930209406
                        ],
                        [
                            47.80632019042969,
                            31.84256592152673
                        ],
                        [
                            47.79808044433594,
                            31.866478368426876
                        ],
                        [
                            47.81044006347656,
                            31.879306880763227
                        ],
                        [
                            47.78434753417969,
                            31.888635586052413
                        ],
                        [
                            47.78434753417969,
                            31.906707263514612
                        ],
                        [
                            47.75413513183594,
                            31.914867503276223
                        ],
                        [
                            47.73216247558594,
                            31.941674623203507
                        ],
                        [
                            47.72529602050781,
                            31.963231199306048
                        ],
                        [
                            47.71018981933594,
                            31.96963893553137
                        ],
                        [
                            47.71705627441406,
                            31.983617898488095
                        ],
                        [
                            47.713966369628906,
                            31.993081612314143
                        ],
                        [
                            47.70795822143555,
                            31.990897765011393
                        ],
                        [
                            47.70538330078125,
                            31.995556576397757
                        ],
                        [
                            47.7110481262207,
                            31.99919610812799
                        ],
                        [
                            47.715167999267464,
                            31.99875937194732
                        ],
                        [
                            47.71293640136719,
                            32.00298106789148
                        ],
                        [
                            47.70538330078125,
                            32.005164627449425
                        ],
                        [
                            47.70795822143555,
                            32.008803777804154
                        ],
                        [
                            47.70538330078125,
                            32.011423876600105
                        ],
                        [
                            47.70246505737305,
                            32.01113275821036
                        ],
                        [
                            47.70040512084961,
                            32.01360723504819
                        ],
                        [
                            47.70589828491211,
                            32.01753714917351
                        ],
                        [
                            47.70967483520508,
                            32.01724605020329
                        ],
                        [
                            47.70933151245117,
                            32.01448056386311
                        ],
                        [
                            47.712764739990234,
                            32.01462611785646
                        ],
                        [
                            47.713279724121094,
                            32.01811934433963
                        ],
                        [
                            47.7081298828125,
                            32.0201569982896
                        ],
                        [
                            47.698001861572266,
                            32.02263123144847
                        ],
                        [
                            47.69542694091797,
                            32.01579054148044
                        ],
                        [
                            47.69062042236328,
                            32.01375279042865
                        ],
                        [
                            47.68667221069336,
                            32.01753714917351
                        ],
                        [
                            47.68238067626953,
                            32.01870153580654
                        ],
                        [
                            47.686157226562386,
                            32.02394109253916
                        ],
                        [
                            47.685298919677734,
                            32.026124152736784
                        ],
                        [
                            47.6890754699707,
                            32.026124152736784
                        ],
                        [
                            47.686157226562386,
                            32.03078117393706
                        ],
                        [
                            47.671566009521484,
                            32.03238197028519
                        ],
                        [
                            47.6703643798827,
                            32.041549628472424
                        ],
                        [
                            47.666072845458984,
                            32.04766089060862
                        ],
                        [
                            47.65336990356445,
                            32.05202582803068
                        ],
                        [
                            47.645816802978516,
                            32.06017315415814
                        ],
                        [
                            47.65388488769531,
                            32.070792686322825
                        ],
                        [
                            47.650108337402344,
                            32.08272000528196
                        ],
                        [
                            47.64667510986317,
                            32.083738118953725
                        ],
                        [
                            47.63328552246094,
                            32.09101002962886
                        ],
                        [
                            47.62350082397461,
                            32.1019168105332
                        ],
                        [
                            47.6121711730957,
                            32.109623483711225
                        ],
                        [
                            47.59757995605469,
                            32.11718411580916
                        ],
                        [
                            47.587623596191406,
                            32.11427625449043
                        ],
                        [
                            47.580413818359375,
                            32.11631176714
                        ],
                        [
                            47.577667236328125,
                            32.111659100104504
                        ],
                        [
                            47.56805419921875,
                            32.111659100104504
                        ],
                        [
                            47.55912780761719,
                            32.115148622612445
                        ],
                        [
                            47.56050109863281,
                            32.120964197033615
                        ],
                        [
                            47.55088806152344,
                            32.13521078819842
                        ],
                        [
                            47.53028869628906,
                            32.1407343780354
                        ],
                        [
                            47.53509521484375,
                            32.15352456475563
                        ],
                        [
                            47.53028869628906,
                            32.171544054655016
                        ],
                        [
                            47.56324768066406,
                            32.19304652202036
                        ],
                        [
                            47.56599426269531,
                            32.204667362701386
                        ],
                        [
                            47.57011413574219,
                            32.21570578648636
                        ],
                        [
                            47.562561035156136,
                            32.2308088266901
                        ],
                        [
                            47.54127502441406,
                            32.233132148605
                        ],
                        [
                            47.502136230468636,
                            32.27784451498272
                        ],
                        [
                            47.519989013671875,
                            32.29177633471201
                        ],
                        [
                            47.5213623046875,
                            32.30454528906485
                        ],
                        [
                            47.498016357421875,
                            32.30686672385539
                        ],
                        [
                            47.4664306640625,
                            32.31731244438278
                        ],
                        [
                            47.451324462890625,
                            32.344001590416354
                        ],
                        [
                            47.438964843749886,
                            32.35096268211342
                        ],
                        [
                            47.465057373046875,
                            32.38112122215103
                        ],
                        [
                            47.4609375,
                            32.397356268013105
                        ],
                        [
                            47.375793457031136,
                            32.47269502206151
                        ],
                        [
                            47.3236083984375,
                            32.47732919639942
                        ],
                        [
                            47.28378295898426,
                            32.49586350791503
                        ],
                        [
                            47.249450683593636,
                            32.465743313283596
                        ],
                        [
                            47.17529296875,
                            32.457632308087675
                        ],
                        [
                            47.042083740234375,
                            32.534078465469605
                        ],
                        [
                            46.929473876953125,
                            32.61392993783565
                        ],
                        [
                            46.8511962890625,
                            32.6659686609434
                        ],
                        [
                            46.7962646484375,
                            32.70988888713549
                        ],
                        [
                            46.72210693359375,
                            32.78842902722552
                        ],
                        [
                            46.674041748046875,
                            32.802281861547314
                        ],
                        [
                            46.57928466796875,
                            32.858825196463854
                        ],
                        [
                            46.50787353515625,
                            32.90380333374559
                        ],
                        [
                            46.377410888671875,
                            32.95221579117345
                        ],
                        [
                            46.26068115234375,
                            32.97295587553774
                        ],
                        [
                            46.17279052734375,
                            32.95452048540114
                        ],
                        [
                            46.110992431640625,
                            32.974107959689235
                        ],
                        [
                            46.09588623046875,
                            32.986779893387755
                        ],
                        [
                            46.09588623046875,
                            33.016724505691684
                        ],
                        [
                            46.128845214843636,
                            33.02478477990269
                        ],
                        [
                            46.16455078125,
                            33.073130945006625
                        ],
                        [
                            46.113739013671875,
                            33.073130945006625
                        ],
                        [
                            46.043701171875,
                            33.09499310776808
                        ],
                        [
                            46.0546875,
                            33.123750829710225
                        ],
                        [
                            46.11785888671875,
                            33.118000038376145
                        ],
                        [
                            46.21673583984375,
                            33.201924189778936
                        ],
                        [
                            46.185150146484375,
                            33.20537140888879
                        ],
                        [
                            46.187896728515625,
                            33.265101632548216
                        ],
                        [
                            46.11785888671875,
                            33.3087248296209
                        ],
                        [
                            46.116485595703125,
                            33.324791035897825
                        ],
                        [
                            46.07940673828125,
                            33.35347332342168
                        ],
                        [
                            46.07666015625,
                            33.38673294052008
                        ],
                        [
                            46.043701171875,
                            33.426856918285004
                        ],
                        [
                            46.02447509765625,
                            33.48414472606364
                        ],
                        [
                            46.006622314453125,
                            33.49216199827286
                        ],
                        [
                            46.007995605468636,
                            33.51162942617925
                        ],
                        [
                            45.954437255859375,
                            33.499033355121824
                        ],
                        [
                            45.937957763671875,
                            33.48185394054361
                        ],
                        [
                            45.93109130859375,
                            33.49216199827286
                        ],
                        [
                            45.869293212890625,
                            33.49216199827286
                        ],
                        [
                            45.955810546875,
                            33.55169563498065
                        ],
                        [
                            45.95855712890625,
                            33.56428403679499
                        ],
                        [
                            45.91049194335926,
                            33.606613375388086
                        ],
                        [
                            45.91461181640625,
                            33.62491152150041
                        ],
                        [
                            45.90362548828125,
                            33.637489243170826
                        ],
                        [
                            45.815734863281136,
                            33.62605502663528
                        ],
                        [
                            45.753936767578125,
                            33.59174327144985
                        ],
                        [
                            45.77178955078125,
                            33.631772324639655
                        ],
                        [
                            45.715484619140625,
                            33.66263917576218
                        ],
                        [
                            45.649566650390625,
                            33.73005042840439
                        ],
                        [
                            45.63995361328125,
                            33.747180448149855
                        ],
                        [
                            45.649566650390625,
                            33.764307046898494
                        ],
                        [
                            45.60699462890625,
                            33.80083235326659
                        ],
                        [
                            45.586395263671875,
                            33.8339199536547
                        ],
                        [
                            45.502624511718636,
                            33.95247360616282
                        ],
                        [
                            45.432586669921875,
                            33.946777683283706
                        ],
                        [
                            45.4119873046875,
                            33.980947501499635
                        ],
                        [
                            45.468292236328125,
                            34.01282694464166
                        ],
                        [
                            45.47515869140625,
                            34.057210513510306
                        ],
                        [
                            45.465545654296875,
                            34.067449577393454
                        ],
                        [
                            45.53009033203125,
                            34.120900139826965
                        ],
                        [
                            45.57952880859375,
                            34.14477139380641
                        ],
                        [
                            45.5548095703125,
                            34.19590137180652
                        ],
                        [
                            45.583648681640625,
                            34.24472995671498
                        ],
                        [
                            45.583648681640625,
                            34.30374065672995
                        ],
                        [
                            45.542449951171875,
                            34.35137289731883
                        ],
                        [
                            45.494384765625,
                            34.34116826510752
                        ],
                        [
                            45.439453124999886,
                            34.45674800347809
                        ],
                        [
                            45.46966552734375,
                            34.4793919710481
                        ],
                        [
                            45.509490966796875,
                            34.472599425831355
                        ],
                        [
                            45.525970458984375,
                            34.50881994305571
                        ],
                        [
                            45.516357421875,
                            34.54049998801135
                        ],
                        [
                            45.5328369140625,
                            34.59930237746263
                        ],
                        [
                            45.558929443359375,
                            34.591389093621565
                        ],
                        [
                            45.569915771484375,
                            34.56764471968292
                        ],
                        [
                            45.62347412109375,
                            34.548418116253366
                        ],
                        [
                            45.641326904296875,
                            34.55633549113736
                        ],
                        [
                            45.67840576171875,
                            34.55294242272581
                        ],
                        [
                            45.74981689453125,
                            34.53484372092873
                        ],
                        [
                            45.736083984375,
                            34.5902585629658
                        ],
                        [
                            45.729217529296875,
                            34.6241677899049
                        ],
                        [
                            45.71136474609375,
                            34.66597009307397
                        ],
                        [
                            45.699005126953125,
                            34.67274685882317
                        ],
                        [
                            45.701751708984375,
                            34.697590256330386
                        ],
                        [
                            45.65643310546875,
                            34.722426197808446
                        ],
                        [
                            45.682525634765625,
                            34.765307073357754
                        ],
                        [
                            45.699005126953125,
                            34.77207570297354
                        ],
                        [
                            45.703125,
                            34.79463379221121
                        ],
                        [
                            45.688018798828125,
                            34.81493079738035
                        ],
                        [
                            45.737457275390625,
                            34.84198569469109
                        ],
                        [
                            45.742950439453125,
                            34.829586636768205
                        ],
                        [
                            45.77728271484375,
                            34.84198569469109
                        ],
                        [
                            45.797882080078125,
                            34.864524651614815
                        ],
                        [
                            45.78826904296875,
                            34.90958403746169
                        ],
                        [
                            45.825347900390625,
                            34.9118363580797
                        ],
                        [
                            45.86517333984375,
                            34.89494244739732
                        ],
                        [
                            45.872039794921875,
                            34.93660780623881
                        ],
                        [
                            45.896759033203125,
                            34.95686979182949
                        ],
                        [
                            45.883026123046875,
                            35.00637800423346
                        ],
                        [
                            45.876159667968636,
                            35.0367432201753
                        ],
                        [
                            45.91323852539051,
                            35.04798673426734
                        ],
                        [
                            45.93658447265625,
                            35.04573815523954
                        ],
                        [
                            45.921478271484375,
                            35.05698043137265
                        ],
                        [
                            45.92010498046875,
                            35.09406896086629
                        ],
                        [
                            45.933837890625,
                            35.08620310578525
                        ],
                        [
                            45.944824218749886,
                            35.08957427943165
                        ],
                        [
                            46.001129150390625,
                            35.064849103829204
                        ],
                        [
                            46.01348876953125,
                            35.06934514757889
                        ],
                        [
                            46.03408813476551,
                            35.05135948674818
                        ],
                        [
                            46.053314208984375,
                            35.049111000569276
                        ],
                        [
                            46.061553955078125,
                            35.04011643687423
                        ],
                        [
                            46.078033447265625,
                            35.055856273399804
                        ],
                        [
                            46.068420410156136,
                            35.05922870088872
                        ],
                        [
                            46.07391357421875,
                            35.08620310578525
                        ],
                        [
                            46.089019775390625,
                            35.08620310578525
                        ],
                        [
                            46.110992431640625,
                            35.076088748832625
                        ],
                        [
                            46.1590576171875,
                            35.08845057036537
                        ],
                        [
                            46.187896728515625,
                            35.108674964507586
                        ],
                        [
                            46.16043090820301,
                            35.12664799144554
                        ],
                        [
                            46.153564453125,
                            35.1614594458557
                        ],
                        [
                            46.20025634765625,
                            35.18840002173177
                        ],
                        [
                            46.185150146484375,
                            35.22542873333704
                        ],
                        [
                            46.113739013671875,
                            35.23776788438302
                        ],
                        [
                            46.15631103515625,
                            35.285984736065764
                        ],
                        [
                            46.1151123046875,
                            35.33865404935909
                        ],
                        [
                            46.056060791015625,
                            35.38457160381764
                        ],
                        [
                            45.995635986328125,
                            35.48415637985317
                        ],
                        [
                            45.987396240234375,
                            35.50987173838399
                        ],
                        [
                            46.01898193359375,
                            35.52104976129943
                        ],
                        [
                            45.999755859374886,
                            35.53781387714839
                        ],
                        [
                            45.97366333007801,
                            35.58473476410106
                        ],
                        [
                            46.0272216796875,
                            35.575799570297406
                        ],
                        [
                            46.012115478515625,
                            35.631628173298445
                        ],
                        [
                            45.9942626953125,
                            35.634976650677295
                        ],
                        [
                            46.009368896484375,
                            35.66399091134812
                        ],
                        [
                            46.012115478515625,
                            35.68630240145625
                        ],
                        [
                            46.045074462890625,
                            35.705262263265716
                        ],
                        [
                            46.126098632812386,
                            35.68518697509636
                        ],
                        [
                            46.141204833984375,
                            35.69745580725804
                        ],
                        [
                            46.16729736328125,
                            35.689648586960935
                        ],
                        [
                            46.17828369140625,
                            35.713067954913896
                        ],
                        [
                            46.209869384765625,
                            35.72310272092266
                        ],
                        [
                            46.241455078125,
                            35.71641301732958
                        ],
                        [
                            46.28402709960926,
                            35.733136223133926
                        ],
                        [
                            46.285400390625,
                            35.740939184355575
                        ],
                        [
                            46.303253173828125,
                            35.75877165273057
                        ],
                        [
                            46.333465576171875,
                            35.764343479667176
                        ],
                        [
                            46.34994506835926,
                            35.79108281624994
                        ],
                        [
                            46.34307861328125,
                            35.818926727738734
                        ],
                        [
                            46.316986083984375,
                            35.82226734114509
                        ],
                        [
                            46.2908935546875,
                            35.8356283888737
                        ],
                        [
                            46.27716064453125,
                            35.817813158696616
                        ],
                        [
                            46.229095458984375,
                            35.811131416437966
                        ],
                        [
                            46.20574951171875,
                            35.793310688351724
                        ],
                        [
                            46.189270019531136,
                            35.81224507919506
                        ],
                        [
                            46.171417236328125,
                            35.79999392988527
                        ],
                        [
                            46.13983154296875,
                            35.81558597375359
                        ],
                        [
                            46.138458251953125,
                            35.8411948281412
                        ],
                        [
                            46.110992431640625,
                            35.84564769832635
                        ],
                        [
                            46.087646484375,
                            35.85789180225939
                        ],
                        [
                            46.053314208984375,
                            35.852326534859166
                        ],
                        [
                            46.023101806640625,
                            35.833401703805094
                        ],
                        [
                            45.965423583984375,
                            35.84230806912384
                        ],
                        [
                            45.95855712890625,
                            35.82449433864731
                        ],
                        [
                            45.891265869140625,
                            35.8356283888737
                        ],
                        [
                            45.874786376953125,
                            35.81224507919506
                        ],
                        [
                            45.85693359375,
                            35.818926727738734
                        ],
                        [
                            45.8349609375,
                            35.81224507919506
                        ],
                        [
                            45.79925537109375,
                            35.827834717743585
                        ],
                        [
                            45.7965087890625,
                            35.81558597375359
                        ],
                        [
                            45.762176513671875,
                            35.80444911191491
                        ],
                        [
                            45.694885253906136,
                            35.89350026142572
                        ],
                        [
                            45.67291259765625,
                            35.90684930677121
                        ],
                        [
                            45.648193359375,
                            35.93798832265393
                        ],
                        [
                            45.59051513671875,
                            35.97467213380802
                        ],
                        [
                            45.545196533203125,
                            35.996896453738124
                        ],
                        [
                            45.49163818359375,
                            36.00022956178002
                        ],
                        [
                            45.432586669921875,
                            35.99356320483023
                        ],
                        [
                            45.39825439453125,
                            35.97356075349624
                        ],
                        [
                            45.361175537109375,
                            35.97800618085566
                        ],
                        [
                            45.341949462890625,
                            36.00911716117325
                        ],
                        [
                            45.377655029296875,
                            36.07241230197147
                        ],
                        [
                            45.37078857421875,
                            36.10681461011844
                        ],
                        [
                            45.341949462890625,
                            36.116799556444995
                        ],
                        [
                            45.315856933593636,
                            36.1822249804225
                        ],
                        [
                            45.333709716796875,
                            36.20660692859011
                        ],
                        [
                            45.3131103515625,
                            36.23873516730921
                        ],
                        [
                            45.263671875,
                            36.25202575042051
                        ],
                        [
                            45.303497314453125,
                            36.27085020723902
                        ],
                        [
                            45.267791748046875,
                            36.29963177650553
                        ],
                        [
                            45.27740478515625,
                            36.33835943134044
                        ],
                        [
                            45.27191162109375,
                            36.38812384894608
                        ],
                        [
                            45.23345947265625,
                            36.43012234551576
                        ],
                        [
                            45.15792846679676,
                            36.417967220975065
                        ],
                        [
                            45.15106201171875,
                            36.40802070382984
                        ],
                        [
                            45.10162353515625,
                            36.41244153535644
                        ],
                        [
                            45.068664550781136,
                            36.4566360115962
                        ],
                        [
                            45.048065185546875,
                            36.50853235745396
                        ],
                        [
                            45.009613037109375,
                            36.52839834681223
                        ],
                        [
                            45.012359619140625,
                            36.55046568575947
                        ],
                        [
                            45.03570556640625,
                            36.56370306576917
                        ],
                        [
                            45.028839111328125,
                            36.600094165941144
                        ],
                        [
                            45.059051513671875,
                            36.619936625629215
                        ],
                        [
                            45.072784423828125,
                            36.672824886786564
                        ],
                        [
                            45.03433227539051,
                            36.73228075607201
                        ],
                        [
                            45.005493164062386,
                            36.752089156946326
                        ],
                        [
                            44.97390747070301,
                            36.75098882435508
                        ],
                        [
                            44.938201904296875,
                            36.787291466820015
                        ],
                        [
                            44.9176025390625,
                            36.775192495806465
                        ],
                        [
                            44.883270263671875,
                            36.78179217131927
                        ],
                        [
                            44.855804443359375,
                            36.775192495806465
                        ],
                        [
                            44.835205078125,
                            36.79718920417815
                        ],
                        [
                            44.8516845703125,
                            36.82907321372808
                        ],
                        [
                            44.86541748046875,
                            36.83456911447562
                        ],
                        [
                            44.855804443359375,
                            36.849955535919875
                        ],
                        [
                            44.902496337890625,
                            36.856548768788954
                        ],
                        [
                            44.907989501953125,
                            36.89170307169378
                        ],
                        [
                            44.91348266601551,
                            36.92135192790115
                        ],
                        [
                            44.88329115693446,
                            36.94966645836184
                        ],
                        [
                            44.894932790673394,
                            36.998719747064996
                        ],
                        [
                            44.904454444259585,
                            37.00471270439958
                        ],
                        [
                            44.90289838619469,
                            37.0236626993489
                        ],
                        [
                            44.857339608160316,
                            37.037735547069026
                        ],
                        [
                            44.85702630722098,
                            37.04478733175182
                        ],
                        [
                            44.84338741674489,
                            37.04845517708248
                        ],
                        [
                            44.817770062173295,
                            37.039792479782804
                        ],
                        [
                            44.802146899752444,
                            37.04829265124567
                        ],
                        [
                            44.80082056957865,
                            37.065656732839784
                        ],
                        [
                            44.77774618572652,
                            37.075063753009864
                        ],
                        [
                            44.7764773120237,
                            37.084470773179945
                        ],
                        [
                            44.784090456240335,
                            37.09204331883587
                        ],
                        [
                            44.74908857236587,
                            37.11091016932093
                        ],
                        [
                            44.74770351664084,
                            37.12398122320943
                        ],
                        [
                            44.76358115644947,
                            37.129325166597496
                        ],
                        [
                            44.7655274981083,
                            37.13756696432917
                        ],
                        [
                            44.784729876966,
                            37.144538488190335
                        ],
                        [
                            44.758300781249886,
                            37.16469418870222
                        ],
                        [
                            44.7198486328125,
                            37.17235445206048
                        ],
                        [
                            44.680023193359375,
                            37.17235445206048
                        ],
                        [
                            44.630584716796875,
                            37.18876668723709
                        ],
                        [
                            44.611358642578125,
                            37.17673139677148
                        ],
                        [
                            44.567413330078125,
                            37.158127630680866
                        ],
                        [
                            44.549560546875,
                            37.127476151584446
                        ],
                        [
                            44.53445434570301,
                            37.122001366241
                        ],
                        [
                            44.51934814453125,
                            37.11543110112874
                        ],
                        [
                            44.517974853515625,
                            37.10338413422305
                        ],
                        [
                            44.452056884765625,
                            37.07271048132943
                        ],
                        [
                            44.402618408203125,
                            37.05079312980657
                        ],
                        [
                            44.384765624999886,
                            37.05736900011469
                        ],
                        [
                            44.351806640625,
                            37.04312056092881
                        ],
                        [
                            44.36279296875,
                            37.02558034854759
                        ],
                        [
                            44.328460693359375,
                            36.99158465967016
                        ],
                        [
                            44.309234619140625,
                            36.96415770803826
                        ],
                        [
                            44.257049560546875,
                            36.98280911070616
                        ],
                        [
                            44.22958374023426,
                            37.02229110771148
                        ],
                        [
                            44.22958374023426,
                            37.047504980968164
                        ],
                        [
                            44.18426513671875,
                            37.10228886039075
                        ],
                        [
                            44.22821044921875,
                            37.158127630680866
                        ],
                        [
                            44.279022216796875,
                            37.16688291460905
                        ],
                        [
                            44.268035888671875,
                            37.19314268101434
                        ],
                        [
                            44.270782470703125,
                            37.24126187205382
                        ],
                        [
                            44.251556396484375,
                            37.24891436763243
                        ],
                        [
                            44.23095703125,
                            37.27733111863006
                        ],
                        [
                            44.197998046874886,
                            37.290442925478196
                        ],
                        [
                            44.16091918945301,
                            37.302460074782296
                        ],
                        [
                            44.12109375,
                            37.318844002395444
                        ],
                        [
                            44.084014892578125,
                            37.31119861382921
                        ],
                        [
                            44.06341552734375,
                            37.323212446730174
                        ],
                        [
                            44.0167236328125,
                            37.327580637137665
                        ],
                        [
                            43.99200439453125,
                            37.302460074782296
                        ],
                        [
                            43.960418701171875,
                            37.289350362163546
                        ],
                        [
                            43.957672119140625,
                            37.27733111863006
                        ],
                        [
                            43.941192626953125,
                            37.243448378654115
                        ],
                        [
                            43.8958740234375,
                            37.22048689588553
                        ],
                        [
                            43.85330200195301,
                            37.22595454983972
                        ],
                        [
                            43.831329345703125,
                            37.19533058280065
                        ],
                        [
                            43.81072998046875,
                            37.22048689588553
                        ],
                        [
                            43.78738403320301,
                            37.228141500433615
                        ],
                        [
                            43.72421264648426,
                            37.2368886685595
                        ],
                        [
                            43.702239990234375,
                            37.23360859943705
                        ],
                        [
                            43.66241455078125,
                            37.22595454983972
                        ],
                        [
                            43.628082275390625,
                            37.2182997233196
                        ],
                        [
                            43.60610961914051,
                            37.23798199321937
                        ],
                        [
                            43.59649658203125,
                            37.231421807404715
                        ],
                        [
                            43.5662841796875,
                            37.25656608611523
                        ],
                        [
                            43.512725830078125,
                            37.23907530202184
                        ],
                        [
                            43.47564697265625,
                            37.26203112351243
                        ],
                        [
                            43.391876220703125,
                            37.302460074782296
                        ],
                        [
                            43.375396728515625,
                            37.3101063519868
                        ],
                        [
                            43.361663818359375,
                            37.327580637137665
                        ],
                        [
                            43.331451416015625,
                            37.32539657367551
                        ],
                        [
                            43.3135986328125,
                            37.30573714593416
                        ],
                        [
                            43.271026611328125,
                            37.315567502511044
                        ],
                        [
                            43.27239990234375,
                            37.32648861334206
                        ],
                        [
                            43.255920410156136,
                            37.327580637137665
                        ],
                        [
                            43.23394775390625,
                            37.347234351336915
                        ],
                        [
                            43.221588134765625,
                            37.34395908944491
                        ],
                        [
                            43.195495605468636,
                            37.35815085913536
                        ],
                        [
                            43.16665649414051,
                            37.35815085913536
                        ],
                        [
                            43.143310546875,
                            37.37233994582318
                        ],
                        [
                            43.08013916015625,
                            37.36688292232763
                        ],
                        [
                            43.026580810546875,
                            37.353784446515775
                        ],
                        [
                            42.9840087890625,
                            37.32539657367551
                        ],
                        [
                            42.960662841796875,
                            37.31338308990806
                        ],
                        [
                            42.85079956054676,
                            37.3461426132468
                        ],
                        [
                            42.824707031249886,
                            37.34832607355296
                        ],
                        [
                            42.826080322265625,
                            37.37233994582318
                        ],
                        [
                            42.78350830078125,
                            37.377796572371174
                        ]
                    ]
                ],
                "type": "Polygon"
            },
            "properties": {}
        }
    ]
}