{
    "type": "FeatureCollection",
    "features": [
        {
            "type": "Feature",
            "properties": {},
            "geometry": {
                "coordinates": [
                    [
                        [
                            35.564117431640625,
                            33.289785856885224
                        ],
                        [
                            35.56480407714844,
                            33.273713201167375
                        ],
                        [
                            35.55313110351551,
                            33.256489214763576
                        ],
                        [
                            35.54832458496094,
                            33.251895578102406
                        ],
                        [
                            35.54695129394531,
                            33.234667289972165
                        ],
                        [
                            35.53802490234375,
                            33.23122122490653
                        ],
                        [
                            35.537338256835824,
                            33.20939299295216
                        ],
                        [
                            35.542144775390625,
                            33.195029344358204
                        ],
                        [
                            35.53802490234375,
                            33.17204260575893
                        ],
                        [
                            35.527038574218636,
                            33.14042599482224
                        ],
                        [
                            35.533905029296875,
                            33.13065128220441
                        ],
                        [
                            35.527038574218636,
                            33.120875481115334
                        ],
                        [
                            35.5023193359375,
                            33.11397426038684
                        ],
                        [
                            35.50300598144531,
                            33.089240433964726
                        ],
                        [
                            35.465240478515625,
                            33.09269208341614
                        ],
                        [
                            35.44464111328125,
                            33.089815718283326
                        ],
                        [
                            35.43228149414051,
                            33.06565053653404
                        ],
                        [
                            35.382843017578125,
                            33.060471419708115
                        ],
                        [
                            35.378336906433105,
                            33.05539990586269
                        ],
                        [
                            35.37730693817139,
                            33.05147917365951
                        ],
                        [
                            35.37996768951416,
                            33.04802590712667
                        ],
                        [
                            35.37670612335205,
                            33.04982450034387
                        ],
                        [
                            35.37464618682861,
                            33.055184090282125
                        ],
                        [
                            35.37275791168213,
                            33.0528820245061
                        ],
                        [
                            35.36996841430664,
                            33.054248883319914
                        ],
                        [
                            35.365633964538574,
                            33.054320822669666
                        ],
                        [
                            35.36730766296387,
                            33.051191406620745
                        ],
                        [
                            35.366148948669434,
                            33.04950075627579
                        ],
                        [
                            35.36121368408192,
                            33.05032809986184
                        ],
                        [
                            35.35846710205067,
                            33.056586882099324
                        ],
                        [
                            35.353317260742074,
                            33.05687463150421
                        ],
                        [
                            35.34456253051758,
                            33.06478737156016
                        ],
                        [
                            35.337867736816406,
                            33.06881540234121
                        ],
                        [
                            35.33409118652344,
                            33.07629554176801
                        ],
                        [
                            35.33082962036133,
                            33.07672706887019
                        ],
                        [
                            35.33100128173828,
                            33.07802163747579
                        ],
                        [
                            35.32602310180664,
                            33.07773395720986
                        ],
                        [
                            35.327053070068246,
                            33.08003537299405
                        ],
                        [
                            35.321044921875,
                            33.08880896825568
                        ],
                        [
                            35.32499313354492,
                            33.09542454312902
                        ],
                        [
                            35.32001495361328,
                            33.09729407189167
                        ],
                        [
                            35.32087326049805,
                            33.10103301013125
                        ],
                        [
                            35.319328308105355,
                            33.10060160229781
                        ],
                        [
                            35.3191566467284,
                            33.10218342066763
                        ],
                        [
                            35.31778335571289,
                            33.1011768122718
                        ],
                        [
                            35.31709671020508,
                            33.10491558533839
                        ],
                        [
                            35.308170318603516,
                            33.100457799216095
                        ],
                        [
                            35.30027389526367,
                            33.10060160229781
                        ],
                        [
                            35.299415588378906,
                            33.10477178931552
                        ],
                        [
                            35.294437408447266,
                            33.1077914563815
                        ],
                        [
                            35.284481048583984,
                            33.10319001753409
                        ],
                        [
                            35.280189514160156,
                            33.10103301013125
                        ],
                        [
                            35.26268005371094,
                            33.09786930351166
                        ],
                        [
                            35.24345397949219,
                            33.09441785732641
                        ],
                        [
                            35.235557556152344,
                            33.091829183756985
                        ],
                        [
                            35.226287841796875,
                            33.09830072475622
                        ],
                        [
                            35.211524963378906,
                            33.09988258453635
                        ],
                        [
                            35.20792007446289,
                            33.0939864170249
                        ],
                        [
                            35.20723342895508,
                            33.0875145584254
                        ],
                        [
                            35.1928138732909,
                            33.084494194721486
                        ],
                        [
                            35.19144058227539,
                            33.08622012954068
                        ],
                        [
                            35.18869400024414,
                            33.08334355269032
                        ],
                        [
                            35.18852233886719,
                            33.08909661229694
                        ],
                        [
                            35.18148422241211,
                            33.0909662756286
                        ],
                        [
                            35.17393112182617,
                            33.09197300095497
                        ],
                        [
                            35.172386169433594,
                            33.08880896825568
                        ],
                        [
                            35.160884857177734,
                            33.087370733934705
                        ],
                        [
                            35.16002655029297,
                            33.08521333834604
                        ],
                        [
                            35.1591682434082,
                            33.08650778205062
                        ],
                        [
                            35.15865325927723,
                            33.084781852877015
                        ],
                        [
                            35.157623291015625,
                            33.086363955913264
                        ],
                        [
                            35.152130126953125,
                            33.08607630293285
                        ],
                        [
                            35.14921188354492,
                            33.087083084247624
                        ],
                        [
                            35.1536750793457,
                            33.08852132327342
                        ],
                        [
                            35.14904022216797,
                            33.088952790393954
                        ],
                        [
                            35.15590667724598,
                            33.09111009423812
                        ],
                        [
                            35.14852523803711,
                            33.09111009423812
                        ],
                        [
                            35.13547897338867,
                            33.09211681791773
                        ],
                        [
                            35.125694274902344,
                            33.09254826739443
                        ],
                        [
                            35.11453628540039,
                            33.09254826739443
                        ],
                        [
                            35.103206634521484,
                            33.09441785732641
                        ],
                        [
                            35.09788513183594,
                            33.05155111527226
                        ],
                        [
                            35.08415222167969,
                            33.01154251170494
                        ],
                        [
                            35.07041931152344,
                            32.96345060787589
                        ],
                        [
                            35.06149291992176,
                            32.917349963900215
                        ],
                        [
                            35.066986083984375,
                            32.914179661793504
                        ],
                        [
                            35.07556915283203,
                            32.915908931564864
                        ],
                        [
                            35.076255798339844,
                            32.90092080458707
                        ],
                        [
                            35.062522888183594,
                            32.859113590538925
                        ],
                        [
                            35.04638671875,
                            32.83228893100241
                        ],
                        [
                            35.03093719482422,
                            32.82017191140528
                        ],
                        [
                            35.02166748046875,
                            32.81901782332612
                        ],
                        [
                            35.01960754394531,
                            32.828827094089085
                        ],
                        [
                            35.00999450683594,
                            32.8296925659695
                        ],
                        [
                            35.00244140625,
                            32.831711967555535
                        ],
                        [
                            34.99969482421875,
                            32.836616037356045
                        ],
                        [
                            34.98870849609375,
                            32.83690450361482
                        ],
                        [
                            34.9749755859375,
                            32.83892374118202
                        ],
                        [
                            34.94853973388672,
                            32.827096125024845
                        ],
                        [
                            34.95128631591797,
                            32.78814040356287
                        ],
                        [
                            34.939613342285156,
                            32.72375394304274
                        ],
                        [
                            34.93824005126953,
                            32.71046664083003
                        ],
                        [
                            34.92622375488281,
                            32.70526672288421
                        ],
                        [
                            34.92107391357422,
                            32.68937620714441
                        ],
                        [
                            34.92347717285156,
                            32.669725840834396
                        ],
                        [
                            34.91729736328125,
                            32.64515680456839
                        ],
                        [
                            34.9090576171875,
                            32.6093028087336
                        ],
                        [
                            34.91180419921875,
                            32.59686621467839
                        ],
                        [
                            34.89704132080078,
                            32.55173291790939
                        ],
                        [
                            34.89017486572254,
                            32.51207789841144
                        ],
                        [
                            34.87953186035156,
                            32.49933826628565
                        ],
                        [
                            34.87472534179676,
                            32.463715630462296
                        ],
                        [
                            34.85240936279297,
                            32.369232999085185
                        ],
                        [
                            34.80400085449219,
                            32.22151494505975
                        ],
                        [
                            34.759368896484375,
                            32.084901663548315
                        ],
                        [
                            34.731903076171875,
                            32.03776626173338
                        ],
                        [
                            34.67628479003906,
                            31.911370346282354
                        ],
                        [
                            34.65019226074219,
                            31.85189834587929
                        ],
                        [
                            34.62959289550781,
                            31.845482405566294
                        ],
                        [
                            34.62478637695301,
                            31.809895002118832
                        ],
                        [
                            34.54925537109375,
                            31.69837692299944
                        ],
                        [
                            34.51698303222656,
                            31.639352364896208
                        ],
                        [
                            34.4970703125,
                            31.618304843852837
                        ],
                        [
                            34.484290591267325,
                            31.59906878165426
                        ],
                        [
                            34.5684814453125,
                            31.541089879585808
                        ],
                        [
                            34.5466710848153,
                            31.511770829163275
                        ],
                        [
                            34.505391206470165,
                            31.49599115246254
                        ],
                        [
                            34.454498291015625,
                            31.453268014244355
                        ],
                        [
                            34.382527805302686,
                            31.390389259001743
                        ],
                        [
                            34.36173480839162,
                            31.364113045258446
                        ],
                        [
                            34.37347412109375,
                            31.305998291948374
                        ],
                        [
                            34.36622670640841,
                            31.289177903139265
                        ],
                        [
                            34.341700181591165,
                            31.278711768369437
                        ],
                        [
                            34.3302925642368,
                            31.259296440139185
                        ],
                        [
                            34.2946067035337,
                            31.2421855823222
                        ],
                        [
                            34.26767165796292,
                            31.220294434859607
                        ],
                        [
                            34.309959411621094,
                            31.10262754116744
                        ],
                        [
                            34.37175750732422,
                            30.939924331023445
                        ],
                        [
                            34.404029846191406,
                            30.85566874784864
                        ],
                        [
                            34.47956085205078,
                            30.712618489700507
                        ],
                        [
                            34.49604034423828,
                            30.68132558242116
                        ],
                        [
                            34.50157667064812,
                            30.6816655670543
                        ],
                        [
                            34.49999493275121,
                            30.67453427248429
                        ],
                        [
                            34.50153350830078,
                            30.660359565846754
                        ],
                        [
                            34.51454936428911,
                            30.613431913273367
                        ],
                        [
                            34.519916479965275,
                            30.596132686712746
                        ],
                        [
                            34.51972078677139,
                            30.58187177356611
                        ],
                        [
                            34.51698303222656,
                            30.577336774956887
                        ],
                        [
                            34.51788253835875,
                            30.57304147046781
                        ],
                        [
                            34.5200337008643,
                            30.566893740400378
                        ],
                        [
                            34.52024656148862,
                            30.562216168307074
                        ],
                        [
                            34.51557933255083,
                            30.554701893132624
                        ],
                        [
                            34.52015533550647,
                            30.53733890106176
                        ],
                        [
                            34.525483702579464,
                            30.526726449480186
                        ],
                        [
                            34.53277587890625,
                            30.51849823745538
                        ],
                        [
                            34.558046886821586,
                            30.494115622352727
                        ],
                        [
                            34.555487170497884,
                            30.48334534989089
                        ],
                        [
                            34.55575643470007,
                            30.47444612490917
                        ],
                        [
                            34.54464454573301,
                            30.45795745599626
                        ],
                        [
                            34.544105529785156,
                            30.452817211422317
                        ],
                        [
                            34.53826904296875,
                            30.454001045389525
                        ],
                        [
                            34.541358947753906,
                            30.44808173174511
                        ],
                        [
                            34.53655242919922,
                            30.430913689372137
                        ],
                        [
                            34.54170227050781,
                            30.426473186476493
                        ],
                        [
                            34.54273223876953,
                            30.413150465068853
                        ],
                        [
                            34.546852111816406,
                            30.409893523193663
                        ],
                        [
                            34.54753875732422,
                            30.404267640371323
                        ],
                        [
                            34.55268859863281,
                            30.402787091011795
                        ],
                        [
                            34.55577850341797,
                            30.404267640371323
                        ],
                        [
                            34.5684814453125,
                            30.393903323454275
                        ],
                        [
                            34.57981109619129,
                            30.391830328088137
                        ],
                        [
                            34.583587646484375,
                            30.385907241796573
                        ],
                        [
                            34.61448669433594,
                            30.36724717325868
                        ],
                        [
                            34.61929321289051,
                            30.344139297008034
                        ],
                        [
                            34.704437255859375,
                            30.12553046717681
                        ],
                        [
                            34.79988098144531,
                            29.87637380707133
                        ],
                        [
                            34.836273193359375,
                            29.78523727825047
                        ],
                        [
                            34.84588623046875,
                            29.77689383842361
                        ],
                        [
                            34.8541259765625,
                            29.68924576848234
                        ],
                        [
                            34.87953186035156,
                            29.64628817811431
                        ],
                        [
                            34.86785888671875,
                            29.596147812456916
                        ],
                        [
                            34.87801973912485,
                            29.579998203790197
                        ],
                        [
                            34.88629807877237,
                            29.5358101953737
                        ],
                        [
                            34.90641980200286,
                            29.499498746075858
                        ],
                        [
                            34.90928831091583,
                            29.49068247685372
                        ],
                        [
                            34.95643615722656,
                            29.547475886483856
                        ],
                        [
                            34.9783145459601,
                            29.539303058270388
                        ],
                        [
                            34.978065490722656,
                            29.577637329387468
                        ],
                        [
                            35.01926422119129,
                            29.65285233056443
                        ],
                        [
                            35.02166748046875,
                            29.6773149449586
                        ],
                        [
                            35.012054443359375,
                            29.699982298744377
                        ],
                        [
                            35.031280517578125,
                            29.78225755812941
                        ],
                        [
                            35.080718994140625,
                            29.88232754785252
                        ],
                        [
                            35.080718994140625,
                            29.945415337104453
                        ],
                        [
                            35.077972412109375,
                            29.958504019413528
                        ],
                        [
                            35.091705322265625,
                            29.966832283731062
                        ],
                        [
                            35.097198486328125,
                            29.989434054144688
                        ],
                        [
                            35.113677978515625,
                            29.99538103356813
                        ],
                        [
                            35.102691650390625,
                            30.010841512528764
                        ],
                        [
                            35.12603759765625,
                            30.060774282748074
                        ],
                        [
                            35.148010253906136,
                            30.059585699708215
                        ],
                        [
                            35.157623291015625,
                            30.140376821599734
                        ],
                        [
                            35.143890380859375,
                            30.160564279505948
                        ],
                        [
                            35.149383544921875,
                            30.287531589298727
                        ],
                        [
                            35.18646240234375,
                            30.34325042354528
                        ],
                        [
                            35.165863037109375,
                            30.416703368626855
                        ],
                        [
                            35.165863037109375,
                            30.44748978060767
                        ],
                        [
                            35.19195556640625,
                            30.497201140169295
                        ],
                        [
                            35.2056884765625,
                            30.57999697131928
                        ],
                        [
                            35.233154296875,
                            30.63436720398123
                        ],
                        [
                            35.267486572265625,
                            30.667447179098694
                        ],
                        [
                            35.277099609374886,
                            30.707600499097804
                        ],
                        [
                            35.289459228515625,
                            30.711142637210045
                        ],
                        [
                            35.294714206111294,
                            30.717524571255694
                        ],
                        [
                            35.2883363518105,
                            30.723406474578564
                        ],
                        [
                            35.29477481584155,
                            30.735670311947082
                        ],
                        [
                            35.295283619861806,
                            30.76156428232529
                        ],
                        [
                            35.311205926148034,
                            30.7654670161614
                        ],
                        [
                            35.318969034559274,
                            30.795710632207683
                        ],
                        [
                            35.336329229286775,
                            30.799723197952037
                        ],
                        [
                            35.34177348196221,
                            30.816611177474535
                        ],
                        [
                            35.330657958984375,
                            30.8432893085841
                        ],
                        [
                            35.341644287109375,
                            30.89633279665858
                        ],
                        [
                            35.37322998046875,
                            30.929322813120713
                        ],
                        [
                            35.400695800781136,
                            30.931678807582227
                        ],
                        [
                            35.418548583984375,
                            30.948169143221595
                        ],
                        [
                            35.42266845703125,
                            31.042345020859212
                        ],
                        [
                            35.453882516621064,
                            31.098197209240144
                        ],
                        [
                            35.458285235069184,
                            31.126811381352823
                        ],
                        [
                            35.45280004640318,
                            31.15916034459668
                        ],
                        [
                            35.44208034813478,
                            31.17699982492742
                        ],
                        [
                            35.41013073165075,
                            31.217983755748303
                        ],
                        [
                            35.39916088382208,
                            31.2416629147195
                        ],
                        [
                            35.39938710719272,
                            31.257045633139157
                        ],
                        [
                            35.40484810491756,
                            31.276162527354657
                        ],
                        [
                            35.42604559204375,
                            31.317468779473185
                        ],
                        [
                            35.449617497928415,
                            31.347221479772944
                        ],
                        [
                            35.46532129148733,
                            31.378413071748774
                        ],
                        [
                            35.473189403811574,
                            31.410476638916812
                        ],
                        [
                            35.47607356142589,
                            31.491578080654776
                        ],
                        [
                            35.39779597353413,
                            31.491683582251053
                        ],
                        [
                            35.233154296875,
                            31.37474411197793
                        ],
                        [
                            35.12054443359375,
                            31.35598241670874
                        ],
                        [
                            35.0079345703125,
                            31.358327833411312
                        ],
                        [
                            34.921417236328125,
                            31.344254455668054
                        ],
                        [
                            34.88433837890625,
                            31.37708906055048
                        ],
                        [
                            34.88983154296875,
                            31.425147604789192
                        ],
                        [
                            34.937896728515625,
                            31.487235582017444
                        ],
                        [
                            34.9420166015625,
                            31.5504526754715
                        ],
                        [
                            34.954376220703125,
                            31.598422257812445
                        ],
                        [
                            35.003814697265625,
                            31.651043374226855
                        ],
                        [
                            35.04913330078125,
                            31.666239488179908
                        ],
                        [
                            35.09857177734375,
                            31.7059714181356
                        ],
                        [
                            35.10749816894531,
                            31.715317635456092
                        ],
                        [
                            35.118141174316406,
                            31.71444146759931
                        ],
                        [
                            35.12603759765625,
                            31.731087240897256
                        ],
                        [
                            35.13599395751953,
                            31.734299238970124
                        ],
                        [
                            35.139427185058594,
                            31.728167146023935
                        ],
                        [
                            35.15178680419922,
                            31.738387075465727
                        ],
                        [
                            35.1617431640625,
                            31.745102415233838
                        ],
                        [
                            35.167579650878906,
                            31.741598820449646
                        ],
                        [
                            35.18268585205078,
                            31.74451849197424
                        ],
                        [
                            35.186805725097656,
                            31.747438071453356
                        ],
                        [
                            35.19264221191406,
                            31.745978293219775
                        ],
                        [
                            35.19744873046875,
                            31.749481722319228
                        ],
                        [
                            35.20122528076172,
                            31.747730024338612
                        ],
                        [
                            35.20671844482422,
                            31.74860587747124
                        ],
                        [
                            35.218048095703125,
                            31.73488322665613
                        ],
                        [
                            35.22388458251953,
                            31.73488322665613
                        ],
                        [
                            35.226974487304574,
                            31.74393456503281
                        ],
                        [
                            35.22457122802723,
                            31.745686334811598
                        ],
                        [
                            35.225257873535156,
                            31.75619625757135
                        ],
                        [
                            35.22834777832031,
                            31.756488182839366
                        ],
                        [
                            35.230751037597656,
                            31.77312640114433
                        ],
                        [
                            35.226287841796875,
                            31.776920663528124
                        ],
                        [
                            35.22663116455078,
                            31.788302516771726
                        ],
                        [
                            35.22216796875,
                            31.80289258670676
                        ],
                        [
                            35.20397186279297,
                            31.80785268578335
                        ],
                        [
                            35.189208984375,
                            31.809895002118832
                        ],
                        [
                            35.177879333496094,
                            31.808727969741742
                        ],
                        [
                            35.15419006347656,
                            31.810186757909367
                        ],
                        [
                            35.131874084472656,
                            31.81777208500157
                        ],
                        [
                            35.120887756347656,
                            31.824481662711353
                        ],
                        [
                            35.10955810546875,
                            31.826815314579356
                        ],
                        [
                            35.107154846191406,
                            31.831774128919836
                        ],
                        [
                            35.097198486328125,
                            31.832357501327564
                        ],
                        [
                            35.089988708496094,
                            31.846065691309555
                        ],
                        [
                            35.07968902587879,
                            31.853648070322727
                        ],
                        [
                            35.068016052246094,
                            31.85598098460412
                        ],
                        [
                            35.05393981933594,
                            31.85423130442635
                        ],
                        [
                            35.03814697265625,
                            31.841107644930872
                        ],
                        [
                            35.027160644531136,
                            31.830023989572435
                        ],
                        [
                            35.007591247558594,
                            31.827982118391024
                        ],
                        [
                            34.984588623046875,
                            31.83089906339438
                        ],
                        [
                            34.97669219970703,
                            31.832065815584627
                        ],
                        [
                            34.97772216796875,
                            31.838191022589953
                        ],
                        [
                            34.99248504638672,
                            31.84810716236533
                        ],
                        [
                            34.9969482421875,
                            31.852481591049187
                        ],
                        [
                            35.010337829589844,
                            31.854522920094848
                        ],
                        [
                            35.034027099609375,
                            31.855689373546713
                        ],
                        [
                            35.03986358642578,
                            31.88338830558435
                        ],
                        [
                            35.03917694091797,
                            31.907873056360206
                        ],
                        [
                            35.029563903808594,
                            31.925066785173286
                        ],
                        [
                            35.01514434814453,
                            31.927689274849715
                        ],
                        [
                            35.00141143798828,
                            31.93643036691345
                        ],
                        [
                            35.008277893066406,
                            31.94225729987551
                        ],
                        [
                            34.997291564941406,
                            31.952744848192008
                        ],
                        [
                            34.98699188232422,
                            31.96905643253628
                        ],
                        [
                            34.99317169189453,
                            31.972260153269023
                        ],
                        [
                            34.99900817871094,
                            31.997594731962774
                        ],
                        [
                            34.99969482421875,
                            32.01768269831184
                        ],
                        [
                            35.00518798828125,
                            32.020593632526015
                        ],
                        [
                            34.999351501464844,
                            32.056972505418514
                        ],
                        [
                            34.98699188232422,
                            32.08868308117335
                        ],
                        [
                            34.98321533203125,
                            32.08868308117335
                        ],
                        [
                            34.985618591308594,
                            32.10089889941537
                        ],
                        [
                            34.991111755371094,
                            32.10206222548107
                        ],
                        [
                            34.99317169189453,
                            32.10758782193262
                        ],
                        [
                            34.98767852783192,
                            32.11718411580916
                        ],
                        [
                            34.9859619140625,
                            32.12881463468951
                        ],
                        [
                            34.98973846435547,
                            32.14364139620926
                        ],
                        [
                            34.985618591308594,
                            32.14829243251915
                        ],
                        [
                            34.977035522460824,
                            32.149455154523984
                        ],
                        [
                            34.97463226318348,
                            32.152652563571095
                        ],
                        [
                            34.978065490722656,
                            32.15846574722201
                        ],
                        [
                            34.96845245361328,
                            32.16689420487807
                        ],
                        [
                            34.96192932128906,
                            32.173868890533846
                        ],
                        [
                            34.95918273925781,
                            32.17851838426062
                        ],
                        [
                            34.95780944824219,
                            32.189850530648705
                        ],
                        [
                            34.962615966796875,
                            32.1994381680643
                        ],
                        [
                            34.97394561767578,
                            32.20060023729153
                        ],
                        [
                            34.98870849609375,
                            32.208443816340534
                        ],
                        [
                            34.99420166015625,
                            32.21425343884899
                        ],
                        [
                            35.013427734375,
                            32.23487460105895
                        ],
                        [
                            35.01823425292969,
                            32.23400337900872
                        ],
                        [
                            35.02098083496094,
                            32.24300560401558
                        ],
                        [
                            35.024757385253906,
                            32.25781377497745
                        ],
                        [
                            35.03093719482422,
                            32.26478149037512
                        ],
                        [
                            35.02235412597656,
                            32.276393160680826
                        ],
                        [
                            35.01617431640625,
                            32.27987637199386
                        ],
                        [
                            35.00965118408203,
                            32.2801666335657
                        ],
                        [
                            35.013084411621094,
                            32.29525895520317
                        ],
                        [
                            35.01651763916004,
                            32.32485582675006
                        ],
                        [
                            35.01617431640625,
                            32.338200271527754
                        ],
                        [
                            35.02098083496094,
                            32.340810911053424
                        ],
                        [
                            35.02544403076172,
                            32.34023077544518
                        ],
                        [
                            35.02887725830078,
                            32.34632201382947
                        ],
                        [
                            35.041236877441406,
                            32.34632201382947
                        ],
                        [
                            35.042266845703125,
                            32.354733049796174
                        ],
                        [
                            35.04535675048828,
                            32.35879326998727
                        ],
                        [
                            35.05119323730469,
                            32.364593268313314
                        ],
                        [
                            35.051536560058594,
                            32.37097283672928
                        ],
                        [
                            35.048789978027344,
                            32.37648210165771
                        ],
                        [
                            35.042266845703125,
                            32.37822179975443
                        ],
                        [
                            35.040206909179574,
                            32.380976253240945
                        ],
                        [
                            35.0423526763916,
                            32.383585658033326
                        ],
                        [
                            35.04509925842285,
                            32.389311587713394
                        ],
                        [
                            35.04690170288086,
                            32.39003636305839
                        ],
                        [
                            35.04964828491211,
                            32.39706638207117
                        ],
                        [
                            35.05393981933594,
                            32.40293639099521
                        ],
                        [
                            35.054969787597656,
                            32.411849378403595
                        ],
                        [
                            35.0544548034668,
                            32.41206675734467
                        ],
                        [
                            35.053424835204964,
                            32.41634177010285
                        ],
                        [
                            35.0547981262207,
                            32.418153155092874
                        ],
                        [
                            35.05685806274414,
                            32.419022606970614
                        ],
                        [
                            35.05599975585926,
                            32.42402179265739
                        ],
                        [
                            35.06149291992176,
                            32.43851062048472
                        ],
                        [
                            35.065956115722656,
                            32.442856814846415
                        ],
                        [
                            35.065956115722656,
                            32.4515485748787
                        ],
                        [
                            35.07282257080078,
                            32.4535765315941
                        ],
                        [
                            35.072479248046875,
                            32.45908075544229
                        ],
                        [
                            35.08380889892578,
                            32.46863992383165
                        ],
                        [
                            35.093078613281136,
                            32.475881042545126
                        ],
                        [
                            35.103378295898324,
                            32.47732919639942
                        ],
                        [
                            35.106124877929574,
                            32.475881042545126
                        ],
                        [
                            35.14011383056629,
                            32.4929677733996
                        ],
                        [
                            35.13874053955078,
                            32.49499479734808
                        ],
                        [
                            35.14698028564453,
                            32.49644264363212
                        ],
                        [
                            35.157623291015625,
                            32.50368152547121
                        ],
                        [
                            35.17753601074219,
                            32.51844703755765
                        ],
                        [
                            35.17822265625,
                            32.521920923224314
                        ],
                        [
                            35.18096923828125,
                            32.52336833595148
                        ],
                        [
                            35.18714904785156,
                            32.523657815699146
                        ],
                        [
                            35.19813537597645,
                            32.538709477352576
                        ],
                        [
                            35.21564483642578,
                            32.54420849379695
                        ],
                        [
                            35.21598815917969,
                            32.54710257770804
                        ],
                        [
                            35.223541259765625,
                            32.55173291790939
                        ],
                        [
                            35.23521423339844,
                            32.5366834390368
                        ],
                        [
                            35.25306701660156,
                            32.52221040763492
                        ],
                        [
                            35.289459228515625,
                            32.51063030384697
                        ],
                        [
                            35.30525207519531,
                            32.51034078213685
                        ],
                        [
                            35.330657958984375,
                            32.51526252439913
                        ],
                        [
                            35.34267425537098,
                            32.51815754102393
                        ],
                        [
                            35.35778045654297,
                            32.51960501436726
                        ],
                        [
                            35.37322998046875,
                            32.51294644396104
                        ],
                        [
                            35.383872985839844,
                            32.50686644888966
                        ],
                        [
                            35.39039611816406,
                            32.50426061084722
                        ],
                        [
                            35.403099060058594,
                            32.50049648924482
                        ],
                        [
                            35.40550231933594,
                            32.48399040404987
                        ],
                        [
                            35.416831970214844,
                            32.46284660956346
                        ],
                        [
                            35.419578552246094,
                            32.45792199942182
                        ],
                        [
                            35.415802001953125,
                            32.45560444266427
                        ],
                        [
                            35.41168212890625,
                            32.43532327810856
                        ],
                        [
                            35.419235229492074,
                            32.416196857732615
                        ],
                        [
                            35.43502807617176,
                            32.40663212673305
                        ],
                        [
                            35.443267822265625,
                            32.40576255546645
                        ],
                        [
                            35.44567108154297,
                            32.410690015207734
                        ],
                        [
                            35.45631408691406,
                            32.41300872670507
                        ],
                        [
                            35.480003356933594,
                            32.410690015207734
                        ],
                        [
                            35.49270629882801,
                            32.40170444545833
                        ],
                        [
                            35.51708221435547,
                            32.3956169384015
                        ],
                        [
                            35.53047180175781,
                            32.39213817866891
                        ],
                        [
                            35.54193234560671,
                            32.38695811964158
                        ],
                        [
                            35.548088586003225,
                            32.38870980420285
                        ],
                        [
                            35.552962320544694,
                            32.38836769319528
                        ],
                        [
                            35.554972004294,
                            32.38923576248432
                        ],
                        [
                            35.5541852072705,
                            32.39155852570908
                        ],
                        [
                            35.549978394630116,
                            32.393231513423274
                        ],
                        [
                            35.5491488474101,
                            32.39739523601775
                        ],
                        [
                            35.54648104179711,
                            32.40065658288306
                        ],
                        [
                            35.551031059181156,
                            32.404091113822986
                        ],
                        [
                            35.55424426008166,
                            32.40259012197332
                        ],
                        [
                            35.55412294575501,
                            32.39986192492141
                        ],
                        [
                            35.560634847945636,
                            32.40111912548523
                        ],
                        [
                            35.55742858330461,
                            32.407508381899476
                        ],
                        [
                            35.558417122563384,
                            32.410581158316134
                        ],
                        [
                            35.56150042138745,
                            32.41105538457342
                        ],
                        [
                            35.55697764942872,
                            32.415273666890556
                        ],
                        [
                            35.55933117686149,
                            32.41862392610152
                        ],
                        [
                            35.5524207210793,
                            32.41875393078715
                        ],
                        [
                            35.55248498555909,
                            32.426030330821426
                        ],
                        [
                            35.562744140625,
                            32.42373199235633
                        ],
                        [
                            35.562362607611504,
                            32.425709209558306
                        ],
                        [
                            35.55799464988637,
                            32.426969051732186
                        ],
                        [
                            35.55581168449004,
                            32.429856207258695
                        ],
                        [
                            35.558451737913316,
                            32.436082620433645
                        ],
                        [
                            35.56184183303547,
                            32.43373103035995
                        ],
                        [
                            35.56574604400066,
                            32.4356101114396
                        ],
                        [
                            35.56865963529603,
                            32.44144374881427
                        ],
                        [
                            35.56718076162909,
                            32.44205427055682
                        ],
                        [
                            35.565026158987195,
                            32.441310393714225
                        ],
                        [
                            35.567206619889404,
                            32.44609146529376
                        ],
                        [
                            35.566684164895264,
                            32.45286838731489
                        ],
                        [
                            35.57047708998755,
                            32.45292244729542
                        ],
                        [
                            35.57373046875,
                            32.45908075544229
                        ],
                        [
                            35.57102175344512,
                            32.4602930815553
                        ],
                        [
                            35.57101595403655,
                            32.46157667705364
                        ],
                        [
                            35.56974316280085,
                            32.461221091805804
                        ],
                        [
                            35.56847037156514,
                            32.46200580204881
                        ],
                        [
                            35.56684231761786,
                            32.46101105886893
                        ],
                        [
                            35.563248345235976,
                            32.46215740247706
                        ],
                        [
                            35.56231089348202,
                            32.46487770907443
                        ],
                        [
                            35.563791779746595,
                            32.465355332853065
                        ],
                        [
                            35.56263173513901,
                            32.46666312202508
                        ],
                        [
                            35.56332994521077,
                            32.46875481769698
                        ],
                        [
                            35.565650171439785,
                            32.46752152772785
                        ],
                        [
                            35.56749341588433,
                            32.471213047571425
                        ],
                        [
                            35.56460655751107,
                            32.47134149352368
                        ],
                        [
                            35.565083333774254,
                            32.47487641634067
                        ],
                        [
                            35.56880925715538,
                            32.47586569523893
                        ],
                        [
                            35.569053674712876,
                            32.47929314381339
                        ],
                        [
                            35.565147399902344,
                            32.480804670595184
                        ],
                        [
                            35.57991027832031,
                            32.487176024732776
                        ],
                        [
                            35.572357177734375,
                            32.49789046661149
                        ],
                        [
                            35.55931091308594,
                            32.50252334353165
                        ],
                        [
                            35.56480407714844,
                            32.50657691505872
                        ],
                        [
                            35.562400817871094,
                            32.51555203025782
                        ],
                        [
                            35.560340881347656,
                            32.50831410405914
                        ],
                        [
                            35.55004119873047,
                            32.51439400122826
                        ],
                        [
                            35.554847717285156,
                            32.520183997176844
                        ],
                        [
                            35.564117431640625,
                            32.52221040763492
                        ],
                        [
                            35.566864013671875,
                            32.52568414781978
                        ],
                        [
                            35.55999755859375,
                            32.531762869982266
                        ],
                        [
                            35.563087463378906,
                            32.54507672876605
                        ],
                        [
                            35.566864013671875,
                            32.539288337047424
                        ],
                        [
                            35.570640563964844,
                            32.54015661959339
                        ],
                        [
                            35.56995391845703,
                            32.55173291790939
                        ],
                        [
                            35.574073791503906,
                            32.54912838093526
                        ],
                        [
                            35.57819366455078,
                            32.55578426965102
                        ],
                        [
                            35.570640563964844,
                            32.5664905331415
                        ],
                        [
                            35.5744171142577,
                            32.566201191466234
                        ],
                        [
                            35.57716369628906,
                            32.58037783597417
                        ],
                        [
                            35.57544708251953,
                            32.58818849872313
                        ],
                        [
                            35.57991027832031,
                            32.59802317998301
                        ],
                        [
                            35.567893981933594,
                            32.597155457405115
                        ],
                        [
                            35.56549072265625,
                            32.60380778240698
                        ],
                        [
                            35.57304382324219,
                            32.60641073163761
                        ],
                        [
                            35.57270050048828,
                            32.61450831216246
                        ],
                        [
                            35.565834045410156,
                            32.62289432006329
                        ],
                        [
                            35.56171417236328,
                            32.62549671451373
                        ],
                        [
                            35.56480407714844,
                            32.628677316086694
                        ],
                        [
                            35.567893981933594,
                            32.63417081619418
                        ],
                        [
                            35.56171417236328,
                            32.637351109472725
                        ],
                        [
                            35.56755065917969,
                            32.6390857672477
                        ],
                        [
                            35.567893981933594,
                            32.64255498188792
                        ],
                        [
                            35.559654235839844,
                            32.64602406197558
                        ],
                        [
                            35.57098388671875,
                            32.64746947229865
                        ],
                        [
                            35.57373046875,
                            32.64255498188792
                        ],
                        [
                            35.58094024658203,
                            32.64746947229865
                        ],
                        [
                            35.58643341064453,
                            32.64342226452444
                        ],
                        [
                            35.59192657470703,
                            32.646313145909126
                        ],
                        [
                            35.58952331542969,
                            32.650938361757355
                        ],
                        [
                            35.59638977050781,
                            32.65238369264856
                        ],
                        [
                            35.606002807617074,
                            32.65209462833938
                        ],
                        [
                            35.60737609863281,
                            32.65989903665079
                        ],
                        [
                            35.596046447753906,
                            32.66770276360022
                        ],
                        [
                            35.605316162109375,
                            32.67059285991286
                        ],
                        [
                            35.60565948486328,
                            32.675794797699766
                        ],
                        [
                            35.61561584472656,
                            32.68041848810963
                        ],
                        [
                            35.624753315603556,
                            32.678280774477486
                        ],
                        [
                            35.63518458173621,
                            32.68642765853204
                        ],
                        [
                            35.642159497058856,
                            32.68127999439936
                        ],
                        [
                            35.64401650036178,
                            32.67720924619297
                        ],
                        [
                            35.6570067225028,
                            32.68522154068188
                        ],
                        [
                            35.66158261656632,
                            32.68047788301615
                        ],
                        [
                            35.665685382967354,
                            32.680638051054075
                        ],
                        [
                            35.67010801886981,
                            32.68483665027546
                        ],
                        [
                            35.675754595663435,
                            32.68542632020163
                        ],
                        [
                            35.67237806053592,
                            32.690821913285795
                        ],
                        [
                            35.66497467013173,
                            32.687451880369
                        ],
                        [
                            35.65473304711027,
                            32.686626722358085
                        ],
                        [
                            35.64960933610848,
                            32.682032524296176
                        ],
                        [
                            35.643206147102504,
                            32.68349573972742
                        ],
                        [
                            35.636802958096524,
                            32.68738195147949
                        ],
                        [
                            35.638379109663354,
                            32.70480998957824
                        ],
                        [
                            35.64960499454587,
                            32.71149510100737
                        ],
                        [
                            35.64923425526902,
                            32.729835451193914
                        ],
                        [
                            35.65852736945808,
                            32.748175801380455
                        ],
                        [
                            35.65640015545243,
                            32.75541742447348
                        ],
                        [
                            35.662453837805316,
                            32.77532521548646
                        ],
                        [
                            35.65401173995939,
                            32.79198736113182
                        ],
                        [
                            35.656522009375976,
                            32.80864950677717
                        ],
                        [
                            35.64468481473489,
                            32.81137803084289
                        ],
                        [
                            35.64552182574277,
                            32.82339757708236
                        ],
                        [
                            35.64022665956752,
                            32.83412881914995
                        ],
                        [
                            35.65007691782417,
                            32.843138975207154
                        ],
                        [
                            35.63860553366361,
                            32.87189454508885
                        ],
                        [
                            35.61412972104787,
                            32.887339492669106
                        ],
                        [
                            35.618422693734004,
                            32.89130830327416
                        ],
                        [
                            35.61198435635093,
                            32.896135315274094
                        ],
                        [
                            35.61648218360273,
                            32.90536021415609
                        ],
                        [
                            35.62496682333823,
                            32.90664773095391
                        ],
                        [
                            35.62722246684311,
                            32.913086382416964
                        ],
                        [
                            35.625601576669794,
                            32.91738569296197
                        ],
                        [
                            35.63053603256652,
                            32.95646029365188
                        ],
                        [
                            35.63171769335351,
                            32.97543401562861
                        ],
                        [
                            35.63510304445625,
                            32.97694062295213
                        ],
                        [
                            35.633186495655295,
                            32.99197042656562
                        ],
                        [
                            35.62935339805088,
                            32.99374033851488
                        ],
                        [
                            35.63344054244255,
                            33.00543477859633
                        ],
                        [
                            35.633124488507704,
                            33.02531614789113
                        ],
                        [
                            35.64018648902922,
                            33.036679941649055
                        ],
                        [
                            35.64754081147349,
                            33.06495201686808
                        ],
                        [
                            35.64500246293803,
                            33.07837297180247
                        ],
                        [
                            35.65140763690664,
                            33.08487380249461
                        ],
                        [
                            35.651245736742695,
                            33.11951111042475
                        ],
                        [
                            35.669159043860994,
                            33.151547906362076
                        ],
                        [
                            35.6626525338134,
                            33.189970702655344
                        ],
                        [
                            35.66733843996637,
                            33.21136274367721
                        ],
                        [
                            35.660644755030596,
                            33.216880289501596
                        ],
                        [
                            35.659307324832795,
                            33.23463783013811
                        ],
                        [
                            35.670877357784235,
                            33.24805574830993
                        ],
                        [
                            35.64896698180131,
                            33.25044606758024
                        ],
                        [
                            35.636512109450386,
                            33.24530522758447
                        ],
                        [
                            35.6343988547231,
                            33.243522354250295
                        ],
                        [
                            35.628601924742156,
                            33.24409885906258
                        ],
                        [
                            35.62534337373623,
                            33.24181687489352
                        ],
                        [
                            35.6239987821691,
                            33.241078197501395
                        ],
                        [
                            35.61250685795882,
                            33.24872523006735
                        ],
                        [
                            35.602569580078125,
                            33.251895578102406
                        ],
                        [
                            35.583343505859375,
                            33.267398133880725
                        ],
                        [
                            35.58677673339844,
                            33.28060184458917
                        ],
                        [
                            35.564117431640625,
                            33.289785856885224
                        ]
                    ]
                ],
                "type": "Polygon"
            }
        },
        {
            "type": "Feature",
            "properties": {},
            "geometry": {
                "coordinates": [
                    [
                        [
                            35.094966888427734,
                            33.07464133493346
                        ],
                        [
                            35.09355068206776,
                            33.07428172063612
                        ],
                        [
                            35.09350776672363,
                            33.07349056400778
                        ],
                        [
                            35.09505271911621,
                            33.073130945006625
                        ],
                        [
                            35.096125602722054,
                            33.073526525827035
                        ],
                        [
                            35.094966888427734,
                            33.07464133493346
                        ]
                    ]
                ],
                "type": "Polygon"
            }
        },
        {
            "type": "Feature",
            "properties": {},
            "geometry": {
                "coordinates": [
                    [
                        [
                            35.094451904296875,
                            33.07262747593554
                        ],
                        [
                            35.093936920166016,
                            33.07248362710035
                        ],
                        [
                            35.09359359741211,
                            33.07158456655203
                        ],
                        [
                            35.09432315826416,
                            33.070973200131654
                        ],
                        [
                            35.09539604187012,
                            33.07165649173397
                        ],
                        [
                            35.09513854980469,
                            33.07241170259457
                        ],
                        [
                            35.094451904296875,
                            33.07262747593554
                        ]
                    ]
                ],
                "type": "Polygon"
            }
        },
        {
            "type": "Feature",
            "properties": {},
            "geometry": {
                "coordinates": [
                    [
                        [
                            35.24581432342529,
                            31.801616047537877
                        ],
                        [
                            35.2412223815918,
                            31.798698177500572
                        ],
                        [
                            35.23946285247803,
                            31.79950060094544
                        ],
                        [
                            35.23740291595459,
                            31.797786324219413
                        ],
                        [
                            35.23963451385498,
                            31.795889640575172
                        ],
                        [
                            35.24057865142822,
                            31.794102345367012
                        ],
                        [
                            35.240750312805176,
                            31.79198672678112
                        ],
                        [
                            35.243496894836426,
                            31.791220715008382
                        ],
                        [
                            35.24594306945801,
                            31.790308787954945
                        ],
                        [
                            35.2470588684082,
                            31.788813208112874
                        ],
                        [
                            35.24521350860596,
                            31.788521384834787
                        ],
                        [
                            35.24495601654053,
                            31.787244647162474
                        ],
                        [
                            35.246758460998535,
                            31.786296202049538
                        ],
                        [
                            35.24637222290039,
                            31.785128871631194
                        ],
                        [
                            35.24783134460449,
                            31.784764077853097
                        ],
                        [
                            35.251221656799316,
                            31.784873516137655
                        ],
                        [
                            35.251221656799316,
                            31.78695281893323
                        ],
                        [
                            35.25087833404541,
                            31.787390560931673
                        ],
                        [
                            35.248475074768066,
                            31.78833899481822
                        ],
                        [
                            35.24765968322754,
                            31.789469807120526
                        ],
                        [
                            35.24791717529297,
                            31.791767866922335
                        ],
                        [
                            35.24933338165283,
                            31.79311749446307
                        ],
                        [
                            35.24967670440674,
                            31.79417529686837
                        ],
                        [
                            35.24834632873535,
                            31.795306037776793
                        ],
                        [
                            35.24980545043945,
                            31.798369911355827
                        ],
                        [
                            35.249505043029785,
                            31.80077716933876
                        ],
                        [
                            35.24860382080078,
                            31.801397210481
                        ],
                        [
                            35.24581432342529,
                            31.801616047537877
                        ]
                    ]
                ],
                "type": "Polygon"
            }
        }
    ]
}