{
    "type": "FeatureCollection",
    "features": [
        {
            "type": "Feature",
            "properties": {},
            "geometry": {
                "type": "Polygon",
                "coordinates": [
                    [
                        [
                            -77.82852172851562,
                            18.543418653180918
                        ],
                        [
                            -77.89443969726574,
                            18.536908560288477
                        ],
                        [
                            -77.94387817382812,
                            18.516074596589366
                        ],
                        [
                            -77.96035766601574,
                            18.46918890441719
                        ],
                        [
                            -77.97958374023438,
                            18.480911530236654
                        ],
                        [
                            -78.02627563476562,
                            18.473096535392372
                        ],
                        [
                            -78.10043334960938,
                            18.470491457966812
                        ],
                        [
                            -78.16360473632812,
                            18.478306571532077
                        ],
                        [
                            -78.2171630859375,
                            18.470491457966812
                        ],
                        [
                            -78.24737548828125,
                            18.44704398132657
                        ],
                        [
                            -78.32290649414062,
                            18.402745571906404
                        ],
                        [
                            -78.35311889648438,
                            18.381895316197046
                        ],
                        [
                            -78.35998535156261,
                            18.308899579147358
                        ],
                        [
                            -78.38058471679688,
                            18.308899579147358
                        ],
                        [
                            -78.39431762695324,
                            18.25934921857089
                        ],
                        [
                            -78.34213256835938,
                            18.212393725825347
                        ],
                        [
                            -78.27621459960938,
                            18.203262019544418
                        ],
                        [
                            -78.25698852539062,
                            18.173254472950752
                        ],
                        [
                            -78.21029663085938,
                            18.188911228446756
                        ],
                        [
                            -78.12789916992188,
                            18.19152055106664
                        ],
                        [
                            -78.06472778320312,
                            18.184997171309004
                        ],
                        [
                            -78.05099487304688,
                            18.12105514965183
                        ],
                        [
                            -77.99468994140625,
                            18.093644270502615
                        ],
                        [
                            -77.9754638671875,
                            18.03619806341487
                        ],
                        [
                            -77.92327880859386,
                            18.01530387941711
                        ],
                        [
                            -77.86148071289062,
                            18.008773938560065
                        ],
                        [
                            -77.86834716796875,
                            17.955219304287816
                        ],
                        [
                            -77.83401489257824,
                            17.92386271817638
                        ],
                        [
                            -77.75711059570312,
                            17.834988937023418
                        ],
                        [
                            -77.59231567382812,
                            17.8519829495791
                        ],
                        [
                            -77.51266479492188,
                            17.8284523464182
                        ],
                        [
                            -77.40829467773438,
                            17.848061398396343
                        ],
                        [
                            -77.27920532226562,
                            17.732990849540233
                        ],
                        [
                            -77.19680786132812,
                            17.695053652675824
                        ],
                        [
                            -77.12265014648438,
                            17.70682812401954
                        ],
                        [
                            -77.11166381835938,
                            17.742146901328233
                        ],
                        [
                            -77.13088989257812,
                            17.79184300887134
                        ],
                        [
                            -77.11990356445312,
                            17.82714499951342
                        ],
                        [
                            -77.14462280273449,
                            17.850675775455457
                        ],
                        [
                            -77.10617065429688,
                            17.87551044080245
                        ],
                        [
                            -77.069091796875,
                            17.837603506092073
                        ],
                        [
                            -77.00042724609375,
                            17.8284523464182
                        ],
                        [
                            -76.937255859375,
                            17.831067011445857
                        ],
                        [
                            -76.89743041992199,
                            17.861132899477624
                        ],
                        [
                            -76.849365234375,
                            17.91863608052212
                        ],
                        [
                            -76.79855346679688,
                            17.90556881196468
                        ],
                        [
                            -76.73126220703125,
                            17.93170238549813
                        ],
                        [
                            -76.67495727539062,
                            17.901648443590073
                        ],
                        [
                            -76.61453247070312,
                            17.857211550020164
                        ],
                        [
                            -76.55410766601562,
                            17.841525287708215
                        ],
                        [
                            -76.46621704101562,
                            17.85851867611397
                        ],
                        [
                            -76.38656616210938,
                            17.84283252904802
                        ],
                        [
                            -76.30828857421875,
                            17.85851867611397
                        ],
                        [
                            -76.21627807617188,
                            17.87812441424457
                        ],
                        [
                            -76.15997314453125,
                            17.899034816533145
                        ],
                        [
                            -76.17507934570312,
                            17.942154735291442
                        ],
                        [
                            -76.21078491210949,
                            17.94607420730905
                        ],
                        [
                            -76.21353149414074,
                            17.964363928277226
                        ],
                        [
                            -76.29730224609375,
                            18.134106441464507
                        ],
                        [
                            -76.34536743164062,
                            18.177168793544702
                        ],
                        [
                            -76.42639160156261,
                            18.201957450999323
                        ],
                        [
                            -76.49093627929688,
                            18.22282937523598
                        ],
                        [
                            -76.55685424804688,
                            18.221524953272613
                        ],
                        [
                            -76.58157348632824,
                            18.255436745247998
                        ],
                        [
                            -76.64199829101562,
                            18.24761153423444
                        ],
                        [
                            -76.65985107421875,
                            18.26978204979353
                        ],
                        [
                            -76.70516967773438,
                            18.28803799525966
                        ],
                        [
                            -76.77383422851574,
                            18.294557510034192
                        ],
                        [
                            -76.78756713867188,
                            18.3336694457713
                        ],
                        [
                            -76.85897827148438,
                            18.375379094031825
                        ],
                        [
                            -76.87271118164062,
                            18.418381607361162
                        ],
                        [
                            -76.915283203125,
                            18.43401622195624
                        ],
                        [
                            -76.95236206054688,
                            18.424896202842426
                        ],
                        [
                            -77.01141357421875,
                            18.437924653474408
                        ],
                        [
                            -77.09518432617188,
                            18.43141055157181
                        ],
                        [
                            -77.14187622070312,
                            18.441832996107976
                        ],
                        [
                            -77.3162841796875,
                            18.48481889407345
                        ],
                        [
                            -77.38494873046875,
                            18.48742375381096
                        ],
                        [
                            -77.5360107421875,
                            18.505656663040547
                        ],
                        [
                            -77.68569946289062,
                            18.516074596589366
                        ],
                        [
                            -77.82852172851562,
                            18.543418653180918
                        ]
                    ]
                ]
            }
        }
    ]
}