{
    "type": "FeatureCollection",
    "features": [
        {
            "type": "Feature",
            "geometry": {
                "coordinates": [
                    [
                        [
                            38.792724609375,
                            33.37411872061922
                        ],
                        [
                            38.49884033203125,
                            33.221456636459706
                        ],
                        [
                            37.91107177734375,
                            32.90265033334125
                        ],
                        [
                            37.86163330078125,
                            32.906109289516756
                        ],
                        [
                            37.80258178710926,
                            32.90495631913751
                        ],
                        [
                            37.768249511718636,
                            32.88074047366183
                        ],
                        [
                            37.7764892578125,
                            32.82305706600969
                        ],
                        [
                            37.74627685546875,
                            32.767645729906484
                        ],
                        [
                            37.571868896484375,
                            32.7295304134847
                        ],
                        [
                            37.521057128906136,
                            32.7168216845144
                        ],
                        [
                            37.48809814453125,
                            32.69139879353123
                        ],
                        [
                            37.452392578125,
                            32.6590319138177
                        ],
                        [
                            37.42630004882801,
                            32.61161640317033
                        ],
                        [
                            37.3809814453125,
                            32.58963484306727
                        ],
                        [
                            37.35626220703125,
                            32.56301837144534
                        ],
                        [
                            37.247772216796875,
                            32.56880523294626
                        ],
                        [
                            37.19970703125,
                            32.55838861348271
                        ],
                        [
                            37.07611083984375,
                            32.43561304116276
                        ],
                        [
                            37.00469970703125,
                            32.4263401615464
                        ],
                        [
                            36.958007812499886,
                            32.439090125173585
                        ],
                        [
                            36.86187744140625,
                            32.31615186824962
                        ],
                        [
                            36.772613525390625,
                            32.32311510197487
                        ],
                        [
                            36.72454833984375,
                            32.312670050625805
                        ],
                        [
                            36.687469482421875,
                            32.33587963983594
                        ],
                        [
                            36.517181396484375,
                            32.35734321227391
                        ],
                        [
                            36.5020751953125,
                            32.3590832787397
                        ],
                        [
                            36.4910888671875,
                            32.36633319525901
                        ],
                        [
                            36.48576736450195,
                            32.36749312795217
                        ],
                        [
                            36.47478103637695,
                            32.3715527751685
                        ],
                        [
                            36.449031829833984,
                            32.37372751117402
                        ],
                        [
                            36.43770217895508,
                            32.37184274299272
                        ],
                        [
                            36.42688751220692,
                            32.37546726230071
                        ],
                        [
                            36.407833099365234,
                            32.37677205366642
                        ],
                        [
                            36.40199661254883,
                            32.37952655134669
                        ],
                        [
                            36.397361755371094,
                            32.38431047932256
                        ],
                        [
                            36.3841438293457,
                            32.389673976112896
                        ],
                        [
                            36.38139724731445,
                            32.39547199275488
                        ],
                        [
                            36.3728141784668,
                            32.39880568376252
                        ],
                        [
                            36.340370178222656,
                            32.42909314720253
                        ],
                        [
                            36.33350372314453,
                            32.432715368714646
                        ],
                        [
                            36.306209564208984,
                            32.45893591175491
                        ],
                        [
                            36.299686431884766,
                            32.459660127862826
                        ],
                        [
                            36.29522323608387,
                            32.46458464297592
                        ],
                        [
                            36.28767013549805,
                            32.47008819416478
                        ],
                        [
                            36.243896484375,
                            32.495139583025164
                        ],
                        [
                            36.24114990234375,
                            32.49774568536229
                        ],
                        [
                            36.23685836791992,
                            32.49919348736698
                        ],
                        [
                            36.22587203979492,
                            32.494415652309264
                        ],
                        [
                            36.21299743652344,
                            32.495139583025164
                        ],
                        [
                            36.20475769042969,
                            32.507011215455506
                        ],
                        [
                            36.205101013183594,
                            32.52713149992711
                        ],
                        [
                            36.199951171875,
                            32.52930248436985
                        ],
                        [
                            36.199951171875,
                            32.526842031370926
                        ],
                        [
                            36.196346282958984,
                            32.527420967550626
                        ],
                        [
                            36.18244171142578,
                            32.52061823183609
                        ],
                        [
                            36.163387298583984,
                            32.514538755672866
                        ],
                        [
                            36.15583419799793,
                            32.52336833595148
                        ],
                        [
                            36.12150192260731,
                            32.5251052004484
                        ],
                        [
                            36.07892990112305,
                            32.51367022550855
                        ],
                        [
                            36.07566833496094,
                            32.532920675187846
                        ],
                        [
                            36.07944488525379,
                            32.54348495824227
                        ],
                        [
                            36.0742950439452,
                            32.54927307941642
                        ],
                        [
                            36.06983184814453,
                            32.56489914237877
                        ],
                        [
                            36.06245040893555,
                            32.577050865561645
                        ],
                        [
                            36.02914810180664,
                            32.59802317998301
                        ],
                        [
                            36.02313995361328,
                            32.61277317797456
                        ],
                        [
                            36.02760314941406,
                            32.634026254722734
                        ],
                        [
                            36.026058197021484,
                            32.65267275602318
                        ],
                        [
                            36.023311614990234,
                            32.65700859449493
                        ],
                        [
                            36.00545883178711,
                            32.660766151072025
                        ],
                        [
                            35.983314514160156,
                            32.65975451676276
                        ],
                        [
                            35.965118408203125,
                            32.663222929583306
                        ],
                        [
                            35.946407318115234,
                            32.68460850080096
                        ],
                        [
                            35.94675064086914,
                            32.694721514549315
                        ],
                        [
                            35.938682556152344,
                            32.69919976893074
                        ],
                        [
                            35.93559265136719,
                            32.71999903656538
                        ],
                        [
                            35.925636291503906,
                            32.72230976695541
                        ],
                        [
                            35.923919677734375,
                            32.72028788113862
                        ],
                        [
                            35.920143127441406,
                            32.72144325007593
                        ],
                        [
                            35.9197998046875,
                            32.717688246300064
                        ],
                        [
                            35.91327667236328,
                            32.722598604044066
                        ],
                        [
                            35.90452194213867,
                            32.71927692103929
                        ],
                        [
                            35.90486526489258,
                            32.723320692672495
                        ],
                        [
                            35.89885711669922,
                            32.717688246300064
                        ],
                        [
                            35.882720947265625,
                            32.71422194864066
                        ],
                        [
                            35.874481201171875,
                            32.73083006775523
                        ],
                        [
                            35.8538818359375,
                            32.73083006775523
                        ],
                        [
                            35.855941772460824,
                            32.724042775453405
                        ],
                        [
                            35.843753814697266,
                            32.731552089718086
                        ],
                        [
                            35.83568572998047,
                            32.72750869140233
                        ],
                        [
                            35.826416015625,
                            32.73371812051663
                        ],
                        [
                            35.81062316894531,
                            32.735595304631836
                        ],
                        [
                            35.80942153930664,
                            32.741804170412244
                        ],
                        [
                            35.8015251159668,
                            32.73631728799479
                        ],
                        [
                            35.793113708496094,
                            32.74555815845828
                        ],
                        [
                            35.800838470458984,
                            32.74873448633905
                        ],
                        [
                            35.79620361328125,
                            32.7559529921407
                        ],
                        [
                            35.789852142333984,
                            32.74873448633905
                        ],
                        [
                            35.77594757080078,
                            32.74526939576252
                        ],
                        [
                            35.76616287231445,
                            32.74642444092992
                        ],
                        [
                            35.75654983520508,
                            32.74483624996403
                        ],
                        [
                            35.74539184570301,
                            32.731840896865684
                        ],
                        [
                            35.73749542236317,
                            32.731552089718086
                        ],
                        [
                            35.733375549316406,
                            32.72519809573988
                        ],
                        [
                            35.727195739746094,
                            32.72721987021932
                        ],
                        [
                            35.72479248046875,
                            32.722598604044066
                        ],
                        [
                            35.71998596191406,
                            32.72346510969648
                        ],
                        [
                            35.71758270263672,
                            32.71653282871485
                        ],
                        [
                            35.71037292480469,
                            32.71653282871485
                        ],
                        [
                            35.694236755371094,
                            32.70960000888512
                        ],
                        [
                            35.68016052246094,
                            32.705844506510616
                        ],
                        [
                            35.672950744628906,
                            32.69428812316931
                        ],
                        [
                            35.67237806053592,
                            32.690821913285795
                        ],
                        [
                            35.675754595663435,
                            32.68542632020163
                        ],
                        [
                            35.67010801886981,
                            32.68483665027546
                        ],
                        [
                            35.665685382967354,
                            32.680638051054075
                        ],
                        [
                            35.66158261656632,
                            32.68047788301615
                        ],
                        [
                            35.6570067225028,
                            32.68522154068188
                        ],
                        [
                            35.64401650036178,
                            32.67720924619297
                        ],
                        [
                            35.642159497058856,
                            32.68127999439936
                        ],
                        [
                            35.63518458173621,
                            32.68642765853204
                        ],
                        [
                            35.624753315603556,
                            32.678280774477486
                        ],
                        [
                            35.61561584472656,
                            32.68041848810963
                        ],
                        [
                            35.60565948486328,
                            32.675794797699766
                        ],
                        [
                            35.605316162109375,
                            32.67059285991286
                        ],
                        [
                            35.596046447753906,
                            32.66770276360022
                        ],
                        [
                            35.60737609863281,
                            32.65989903665079
                        ],
                        [
                            35.606002807617074,
                            32.65209462833938
                        ],
                        [
                            35.59638977050781,
                            32.65238369264856
                        ],
                        [
                            35.58952331542969,
                            32.650938361757355
                        ],
                        [
                            35.59192657470703,
                            32.646313145909126
                        ],
                        [
                            35.58643341064453,
                            32.64342226452444
                        ],
                        [
                            35.58094024658203,
                            32.64746947229865
                        ],
                        [
                            35.57373046875,
                            32.64255498188792
                        ],
                        [
                            35.57098388671875,
                            32.64746947229865
                        ],
                        [
                            35.559654235839844,
                            32.64602406197558
                        ],
                        [
                            35.567893981933594,
                            32.64255498188792
                        ],
                        [
                            35.56755065917969,
                            32.6390857672477
                        ],
                        [
                            35.56171417236328,
                            32.637351109472725
                        ],
                        [
                            35.567893981933594,
                            32.63417081619418
                        ],
                        [
                            35.56480407714844,
                            32.628677316086694
                        ],
                        [
                            35.56171417236328,
                            32.62549671451373
                        ],
                        [
                            35.565834045410156,
                            32.62289432006329
                        ],
                        [
                            35.57270050048828,
                            32.61450831216246
                        ],
                        [
                            35.57304382324219,
                            32.60641073163761
                        ],
                        [
                            35.56549072265625,
                            32.60380778240698
                        ],
                        [
                            35.567893981933594,
                            32.597155457405115
                        ],
                        [
                            35.57991027832031,
                            32.59802317998301
                        ],
                        [
                            35.57544708251953,
                            32.58818849872313
                        ],
                        [
                            35.57716369628906,
                            32.58037783597417
                        ],
                        [
                            35.5744171142577,
                            32.566201191466234
                        ],
                        [
                            35.570640563964844,
                            32.5664905331415
                        ],
                        [
                            35.57819366455078,
                            32.55578426965102
                        ],
                        [
                            35.574073791503906,
                            32.54912838093526
                        ],
                        [
                            35.56995391845703,
                            32.55173291790939
                        ],
                        [
                            35.570640563964844,
                            32.54015661959339
                        ],
                        [
                            35.566864013671875,
                            32.539288337047424
                        ],
                        [
                            35.563087463378906,
                            32.54507672876605
                        ],
                        [
                            35.55999755859375,
                            32.531762869982266
                        ],
                        [
                            35.566864013671875,
                            32.52568414781978
                        ],
                        [
                            35.564117431640625,
                            32.52221040763492
                        ],
                        [
                            35.554847717285156,
                            32.520183997176844
                        ],
                        [
                            35.55004119873047,
                            32.51439400122826
                        ],
                        [
                            35.560340881347656,
                            32.50831410405914
                        ],
                        [
                            35.562400817871094,
                            32.51555203025782
                        ],
                        [
                            35.56480407714844,
                            32.50657691505872
                        ],
                        [
                            35.55931091308594,
                            32.50252334353165
                        ],
                        [
                            35.572357177734375,
                            32.49789046661149
                        ],
                        [
                            35.57991027832031,
                            32.487176024732776
                        ],
                        [
                            35.565147399902344,
                            32.480804670595184
                        ],
                        [
                            35.569053674712876,
                            32.47929314381339
                        ],
                        [
                            35.56880925715538,
                            32.47586569523893
                        ],
                        [
                            35.565083333774254,
                            32.47487641634067
                        ],
                        [
                            35.56460655751107,
                            32.47134149352368
                        ],
                        [
                            35.56749341588433,
                            32.471213047571425
                        ],
                        [
                            35.565650171439785,
                            32.46752152772785
                        ],
                        [
                            35.56332994521077,
                            32.46875481769698
                        ],
                        [
                            35.56263173513901,
                            32.46666312202508
                        ],
                        [
                            35.563791779746595,
                            32.465355332853065
                        ],
                        [
                            35.56231089348202,
                            32.46487770907443
                        ],
                        [
                            35.563248345235976,
                            32.46215740247706
                        ],
                        [
                            35.56684231761786,
                            32.46101105886893
                        ],
                        [
                            35.56847037156514,
                            32.46200580204881
                        ],
                        [
                            35.56974316280085,
                            32.461221091805804
                        ],
                        [
                            35.57101595403655,
                            32.46157667705364
                        ],
                        [
                            35.57102175344512,
                            32.4602930815553
                        ],
                        [
                            35.57373046875,
                            32.45908075544229
                        ],
                        [
                            35.57047708998755,
                            32.45292244729542
                        ],
                        [
                            35.566684164895264,
                            32.45286838731489
                        ],
                        [
                            35.567206619889404,
                            32.44609146529376
                        ],
                        [
                            35.565026158987195,
                            32.441310393714225
                        ],
                        [
                            35.56718076162909,
                            32.44205427055682
                        ],
                        [
                            35.56865963529603,
                            32.44144374881427
                        ],
                        [
                            35.56574604400066,
                            32.4356101114396
                        ],
                        [
                            35.56184183303547,
                            32.43373103035995
                        ],
                        [
                            35.558451737913316,
                            32.436082620433645
                        ],
                        [
                            35.55581168449004,
                            32.429856207258695
                        ],
                        [
                            35.55799464988637,
                            32.426969051732186
                        ],
                        [
                            35.562362607611504,
                            32.425709209558306
                        ],
                        [
                            35.562744140625,
                            32.42373199235633
                        ],
                        [
                            35.55248498555909,
                            32.426030330821426
                        ],
                        [
                            35.5524207210793,
                            32.41875393078715
                        ],
                        [
                            35.55933117686149,
                            32.41862392610152
                        ],
                        [
                            35.55697764942872,
                            32.415273666890556
                        ],
                        [
                            35.56150042138745,
                            32.41105538457342
                        ],
                        [
                            35.558417122563384,
                            32.410581158316134
                        ],
                        [
                            35.55742858330461,
                            32.407508381899476
                        ],
                        [
                            35.560634847945636,
                            32.40111912548523
                        ],
                        [
                            35.55412294575501,
                            32.39986192492141
                        ],
                        [
                            35.55424426008166,
                            32.40259012197332
                        ],
                        [
                            35.551031059181156,
                            32.404091113822986
                        ],
                        [
                            35.54648104179711,
                            32.40065658288306
                        ],
                        [
                            35.5491488474101,
                            32.39739523601775
                        ],
                        [
                            35.549978394630116,
                            32.393231513423274
                        ],
                        [
                            35.5541852072705,
                            32.39155852570908
                        ],
                        [
                            35.554972004294,
                            32.38923576248432
                        ],
                        [
                            35.55999755859375,
                            32.3880794562793
                        ],
                        [
                            35.562744140625,
                            32.36488325846306
                        ],
                        [
                            35.55313110351551,
                            32.36372329228304
                        ],
                        [
                            35.5572509765625,
                            32.32079408355392
                        ],
                        [
                            35.564117431640625,
                            32.312670050625805
                        ],
                        [
                            35.5572509765625,
                            32.298741441902436
                        ],
                        [
                            35.56205749511719,
                            32.27378066442218
                        ],
                        [
                            35.5682373046875,
                            32.24300560401558
                        ],
                        [
                            35.55999755859375,
                            32.23603621746476
                        ],
                        [
                            35.569610595703125,
                            32.2308088266901
                        ],
                        [
                            35.57098388671875,
                            32.22035314303901
                        ],
                        [
                            35.566864013671875,
                            32.21861041216938
                        ],
                        [
                            35.5744171142577,
                            32.209315283375815
                        ],
                        [
                            35.566864013671875,
                            32.20873430628008
                        ],
                        [
                            35.564117431640625,
                            32.198276083995
                        ],
                        [
                            35.57098388671875,
                            32.19188435632485
                        ],
                        [
                            35.5572509765625,
                            32.16980038880356
                        ],
                        [
                            35.56137084960926,
                            32.14771106595571
                        ],
                        [
                            35.5462646484375,
                            32.145385562629315
                        ],
                        [
                            35.54901123046875,
                            32.127942397192314
                        ],
                        [
                            35.5352783203125,
                            32.10700619594571
                        ],
                        [
                            35.547637939453125,
                            32.08257455954592
                        ],
                        [
                            35.520172119140625,
                            32.04766089060862
                        ],
                        [
                            35.524291992187386,
                            32.00341778396365
                        ],
                        [
                            35.542144775390625,
                            32.00225320314841
                        ],
                        [
                            35.53802490234375,
                            31.98594751862827
                        ],
                        [
                            35.54351806640625,
                            31.970803930433096
                        ],
                        [
                            35.5462646484375,
                            31.926523733115935
                        ],
                        [
                            35.529785156249886,
                            31.918364527333846
                        ],
                        [
                            35.531158447265625,
                            31.88921859876096
                        ],
                        [
                            35.55313110351551,
                            31.87172661206501
                        ],
                        [
                            35.539398193359375,
                            31.85889704445453
                        ],
                        [
                            35.550384521484375,
                            31.829732296454807
                        ],
                        [
                            35.539398193359375,
                            31.81689688674699
                        ],
                        [
                            35.55587768554676,
                            31.76086695137955
                        ],
                        [
                            35.547637939453125,
                            31.741014875099697
                        ],
                        [
                            35.50506591796875,
                            31.695455797778713
                        ],
                        [
                            35.487213134765625,
                            31.624151855131153
                        ],
                        [
                            35.47607356142589,
                            31.491578080654776
                        ],
                        [
                            35.473189403811574,
                            31.410476638916812
                        ],
                        [
                            35.46532129148733,
                            31.378413071748774
                        ],
                        [
                            35.449617497928415,
                            31.347221479772944
                        ],
                        [
                            35.42604559204375,
                            31.317468779473185
                        ],
                        [
                            35.40484810491756,
                            31.276162527354657
                        ],
                        [
                            35.39938710719272,
                            31.257045633139157
                        ],
                        [
                            35.39916088382208,
                            31.2416629147195
                        ],
                        [
                            35.41013073165075,
                            31.217983755748303
                        ],
                        [
                            35.44208034813478,
                            31.17699982492742
                        ],
                        [
                            35.45280004640318,
                            31.15916034459668
                        ],
                        [
                            35.458285235069184,
                            31.126811381352823
                        ],
                        [
                            35.453882516621064,
                            31.098197209240144
                        ],
                        [
                            35.42266845703125,
                            31.042345020859212
                        ],
                        [
                            35.418548583984375,
                            30.948169143221595
                        ],
                        [
                            35.400695800781136,
                            30.931678807582227
                        ],
                        [
                            35.37322998046875,
                            30.929322813120713
                        ],
                        [
                            35.341644287109375,
                            30.89633279665858
                        ],
                        [
                            35.330657958984375,
                            30.8432893085841
                        ],
                        [
                            35.34177348196221,
                            30.816611177474535
                        ],
                        [
                            35.336329229286775,
                            30.799723197952037
                        ],
                        [
                            35.318969034559274,
                            30.795710632207683
                        ],
                        [
                            35.311205926148034,
                            30.7654670161614
                        ],
                        [
                            35.295283619861806,
                            30.76156428232529
                        ],
                        [
                            35.29477481584155,
                            30.735670311947082
                        ],
                        [
                            35.2883363518105,
                            30.723406474578564
                        ],
                        [
                            35.294714206111294,
                            30.717524571255694
                        ],
                        [
                            35.289459228515625,
                            30.711142637210045
                        ],
                        [
                            35.277099609374886,
                            30.707600499097804
                        ],
                        [
                            35.267486572265625,
                            30.667447179098694
                        ],
                        [
                            35.233154296875,
                            30.63436720398123
                        ],
                        [
                            35.2056884765625,
                            30.57999697131928
                        ],
                        [
                            35.19195556640625,
                            30.497201140169295
                        ],
                        [
                            35.165863037109375,
                            30.44748978060767
                        ],
                        [
                            35.165863037109375,
                            30.416703368626855
                        ],
                        [
                            35.18646240234375,
                            30.34325042354528
                        ],
                        [
                            35.149383544921875,
                            30.287531589298727
                        ],
                        [
                            35.143890380859375,
                            30.160564279505948
                        ],
                        [
                            35.157623291015625,
                            30.140376821599734
                        ],
                        [
                            35.148010253906136,
                            30.059585699708215
                        ],
                        [
                            35.12603759765625,
                            30.060774282748074
                        ],
                        [
                            35.102691650390625,
                            30.010841512528764
                        ],
                        [
                            35.113677978515625,
                            29.99538103356813
                        ],
                        [
                            35.097198486328125,
                            29.989434054144688
                        ],
                        [
                            35.091705322265625,
                            29.966832283731062
                        ],
                        [
                            35.077972412109375,
                            29.958504019413528
                        ],
                        [
                            35.080718994140625,
                            29.945415337104453
                        ],
                        [
                            35.080718994140625,
                            29.88232754785252
                        ],
                        [
                            35.031280517578125,
                            29.78225755812941
                        ],
                        [
                            35.012054443359375,
                            29.699982298744377
                        ],
                        [
                            35.02166748046875,
                            29.6773149449586
                        ],
                        [
                            35.01926422119129,
                            29.65285233056443
                        ],
                        [
                            34.978065490722656,
                            29.577637329387468
                        ],
                        [
                            34.9783145459601,
                            29.539303058270388
                        ],
                        [
                            34.99591827392578,
                            29.527462833135317
                        ],
                        [
                            34.99317169189453,
                            29.520293014753662
                        ],
                        [
                            34.989051818847656,
                            29.507147028199547
                        ],
                        [
                            34.979095458984375,
                            29.489815619374962
                        ],
                        [
                            34.969825744628906,
                            29.469193356991426
                        ],
                        [
                            34.964332580566406,
                            29.44886586369035
                        ],
                        [
                            34.970855712890625,
                            29.410890376109
                        ],
                        [
                            34.963645935058594,
                            29.403114116064064
                        ],
                        [
                            34.96227264404297,
                            29.389055521200355
                        ],
                        [
                            34.955406188964844,
                            29.3678143847754
                        ],
                        [
                            34.95849609375,
                            29.359436379841345
                        ],
                        [
                            36.072235107421875,
                            29.184538223460272
                        ],
                        [
                            36.507568359375,
                            29.50296385625194
                        ],
                        [
                            36.75201416015625,
                            29.869228848968312
                        ],
                        [
                            37.500457763671875,
                            29.997759725578906
                        ],
                        [
                            37.6666259765625,
                            30.336139145258013
                        ],
                        [
                            37.9962158203125,
                            30.500750980290693
                        ],
                        [
                            37.7655029296875,
                            30.735933961410815
                        ],
                        [
                            37.7435302734375,
                            30.766619146727496
                        ],
                        [
                            37.001953125,
                            31.501287521196705
                        ],
                        [
                            37.813568115234375,
                            31.7059714181356
                        ],
                        [
                            37.838287353515625,
                            31.695455797778713
                        ],
                        [
                            37.871246337890625,
                            31.724662910710993
                        ],
                        [
                            39.0069580078125,
                            32.001088607540446
                        ],
                        [
                            39.20308469237743,
                            32.154813985779654
                        ],
                        [
                            39.3035888671875,
                            32.22906629627297
                        ],
                        [
                            39.2596435546875,
                            32.35212281198644
                        ],
                        [
                            39.04266357421875,
                            32.30802741894789
                        ],
                        [
                            38.9849853515625,
                            32.47964619410741
                        ],
                        [
                            39.08660888671875,
                            32.498180028410744
                        ],
                        [
                            38.792724609375,
                            33.37411872061922
                        ]
                    ]
                ],
                "type": "Polygon"
            },
            "properties": {}
        }
    ]
}