{
    "type": "FeatureCollection",
    "features": [
        {
            "type": "Feature",
            "properties": {},
            "geometry": {
                "coordinates": [
                    [
                        [
                            34.41330553752037,
                            4.633141665089409
                        ],
                        [
                            34.37743000347822,
                            4.632348863667577
                        ],
                        [
                            34.04830528558071,
                            4.291299967227385
                        ],
                        [
                            33.976858673007655,
                            4.226049844624839
                        ],
                        [
                            34.01674540889553,
                            4.198436890973587
                        ],
                        [
                            34.05721888374049,
                            4.140371737663628
                        ],
                        [
                            34.04121491554554,
                            4.121260973202016
                        ],
                        [
                            34.076195226328025,
                            4.075524432898018
                        ],
                        [
                            34.08215804604532,
                            4.039042577981817
                        ],
                        [
                            34.047861446601246,
                            4.025343647047401
                        ],
                        [
                            34.05190996775406,
                            4.008038809294879
                        ],
                        [
                            34.12281576896521,
                            3.958393603293281
                        ],
                        [
                            34.10854185125993,
                            3.899302903490897
                        ],
                        [
                            34.07923308427698,
                            3.883258779573691
                        ],
                        [
                            34.078365124862614,
                            3.8584891656009743
                        ],
                        [
                            34.166107177734375,
                            3.873845743492074
                        ],
                        [
                            34.20608118931594,
                            3.8784247731296264
                        ],
                        [
                            34.21501051508699,
                            3.8318029385364927
                        ],
                        [
                            34.16936495970697,
                            3.8296022856902905
                        ],
                        [
                            34.14367073416858,
                            3.79931443188424
                        ],
                        [
                            34.18129059914048,
                            3.7915969802644356
                        ],
                        [
                            34.158521335371375,
                            3.7674357350709724
                        ],
                        [
                            34.234521996884496,
                            3.77966176480639
                        ],
                        [
                            34.29665314574763,
                            3.7088464000494468
                        ],
                        [
                            34.299607682167675,
                            3.679273708574304
                        ],
                        [
                            34.312187225332025,
                            3.728451444375313
                        ],
                        [
                            34.367035777382625,
                            3.7321684586242756
                        ],
                        [
                            34.39482854956054,
                            3.694817229628022
                        ],
                        [
                            34.450253785109794,
                            3.6738215706313277
                        ],
                        [
                            34.447275076464535,
                            3.581947636438088
                        ],
                        [
                            34.44102098082956,
                            3.513349832536142
                        ],
                        [
                            34.4256591796875,
                            3.4928601714481537
                        ],
                        [
                            34.38290877846612,
                            3.4888191647244775
                        ],
                        [
                            34.41741943359375,
                            3.4393997974141586
                        ],
                        [
                            34.39384560554555,
                            3.414191985849563
                        ],
                        [
                            34.397863530875526,
                            3.369054533746354
                        ],
                        [
                            34.43748507489488,
                            3.3037571700945287
                        ],
                        [
                            34.457244873046875,
                            3.180280972447857
                        ],
                        [
                            34.470977783203125,
                            3.1706826955909406
                        ],
                        [
                            34.49981689453125,
                            3.1460010038859347
                        ],
                        [
                            34.53826904296875,
                            3.1418873316617297
                        ],
                        [
                            34.57672119140625,
                            3.091150714460597
                        ],
                        [
                            34.57672119140625,
                            3.03492622519611
                        ],
                        [
                            34.600067138671875,
                            2.9210970187084637
                        ],
                        [
                            34.63714599609375,
                            2.9101249120129142
                        ],
                        [
                            34.646759033203125,
                            2.8703501327916534
                        ],
                        [
                            34.68246459960926,
                            2.8662354211137324
                        ],
                        [
                            34.704437255859375,
                            2.874464829653609
                        ],
                        [
                            34.753875732421875,
                            2.8292023527861603
                        ],
                        [
                            34.78546142578125,
                            2.753760978329042
                        ],
                        [
                            34.775848388671875,
                            2.6947762053677313
                        ],
                        [
                            34.847259521484375,
                            2.589145208949906
                        ],
                        [
                            34.87472534179676,
                            2.5754262439509716
                        ],
                        [
                            34.893951416015625,
                            2.594632753402095
                        ],
                        [
                            34.9090576171875,
                            2.5219208759013174
                        ],
                        [
                            34.93377685546875,
                            2.513689084314129
                        ],
                        [
                            34.957122802734375,
                            2.4629252286881287
                        ],
                        [
                            34.910430908203125,
                            2.408043209688525
                        ],
                        [
                            34.970855712890625,
                            2.1102710195104373
                        ],
                        [
                            34.984588623046875,
                            1.9826364384297503
                        ],
                        [
                            35.001068115234375,
                            1.9606767908079445
                        ],
                        [
                            35.00244140625,
                            1.7987157028424698
                        ],
                        [
                            34.99420166015625,
                            1.6628219493266643
                        ],
                        [
                            34.9420166015625,
                            1.5763391859789333
                        ],
                        [
                            34.899444580078125,
                            1.5530019436002598
                        ],
                        [
                            34.86785888671875,
                            1.533782844433069
                        ],
                        [
                            34.839019775390625,
                            1.4541590473507433
                        ],
                        [
                            34.797821044921875,
                            1.4198375698213372
                        ],
                        [
                            34.8046875,
                            1.3827698020869972
                        ],
                        [
                            34.786834716796875,
                            1.3649221509479303
                        ],
                        [
                            34.828033447265625,
                            1.3058866783157643
                        ],
                        [
                            34.828033447265625,
                            1.2743089918452106
                        ],
                        [
                            34.817047119140625,
                            1.2441038858778743
                        ],
                        [
                            34.784088134765625,
                            1.22350929666262
                        ],
                        [
                            34.671478271484375,
                            1.205660524693437
                        ],
                        [
                            34.649505615234375,
                            1.1740816425535396
                        ],
                        [
                            34.583587646484375,
                            1.1466214547504312
                        ],
                        [
                            34.575347900390625,
                            1.0971924571309455
                        ],
                        [
                            34.523162841796875,
                            1.1081767506977553
                        ],
                        [
                            34.4915771484375,
                            1.046389581112665
                        ],
                        [
                            34.479217529296875,
                            0.9379158723334092
                        ],
                        [
                            34.454498291015625,
                            0.9022149100111034
                        ],
                        [
                            34.44488525390625,
                            0.8651404631516638
                        ],
                        [
                            34.405059814453125,
                            0.8294388013837057
                        ],
                        [
                            34.4146728515625,
                            0.8060952321492764
                        ],
                        [
                            34.391326904296875,
                            0.7992294508519651
                        ],
                        [
                            34.37347412109375,
                            0.7800052024755708
                        ],
                        [
                            34.32146072387695,
                            0.7654153123887659
                        ],
                        [
                            34.314422607421875,
                            0.7607808662819371
                        ],
                        [
                            34.31081771850586,
                            0.749452199348631
                        ],
                        [
                            34.30824279785156,
                            0.7298844331565028
                        ],
                        [
                            34.309444427490234,
                            0.7254215972830975
                        ],
                        [
                            34.30652618408203,
                            0.7190706309582398
                        ],
                        [
                            34.31013107299805,
                            0.7125480076987035
                        ],
                        [
                            34.309959411621094,
                            0.7049954850243348
                        ],
                        [
                            34.31373596191406,
                            0.7005326249501653
                        ],
                        [
                            34.31201934814453,
                            0.694353273220862
                        ],
                        [
                            34.309101104736214,
                            0.6946965707517095
                        ],
                        [
                            34.30377960205067,
                            0.6907486476442014
                        ],
                        [
                            34.29948806762695,
                            0.6909202965432975
                        ],
                        [
                            34.29828643798817,
                            0.6886888603719342
                        ],
                        [
                            34.29502487182617,
                            0.6881739134146799
                        ],
                        [
                            34.29605484008789,
                            0.6843976340322561
                        ],
                        [
                            34.294166564941406,
                            0.6859424759580927
                        ],
                        [
                            34.29107666015625,
                            0.6833677391385439
                        ],
                        [
                            34.28781509399403,
                            0.6804497024083547
                        ],
                        [
                            34.282836914062386,
                            0.6818228963840709
                        ],
                        [
                            34.27906036376953,
                            0.6801064038533177
                        ],
                        [
                            34.277687072753906,
                            0.6742703246919985
                        ],
                        [
                            34.28129196166992,
                            0.6653445430514643
                        ],
                        [
                            34.28112030029297,
                            0.6632847449871807
                        ],
                        [
                            34.278202056884766,
                            0.6600233962998857
                        ],
                        [
                            34.28077697753906,
                            0.6567620454739986
                        ],
                        [
                            34.27717208862305,
                            0.6564187452630884
                        ],
                        [
                            34.27957534790039,
                            0.6538439929309058
                        ],
                        [
                            34.27991867065418,
                            0.6468063298344634
                        ],
                        [
                            34.277343749999886,
                            0.6414851634476288
                        ],
                        [
                            34.27476882934559,
                            0.6394253556163325
                        ],
                        [
                            34.27253723144531,
                            0.6406269102852002
                        ],
                        [
                            34.27236557006836,
                            0.6371938961998853
                        ],
                        [
                            34.270477294921875,
                            0.638738752822111
                        ],
                        [
                            34.26584243774414,
                            0.6368505946653173
                        ],
                        [
                            34.25708770751953,
                            0.632902625377631
                        ],
                        [
                            34.256744384765625,
                            0.6289546530848548
                        ],
                        [
                            34.24301147460926,
                            0.6303278611785316
                        ],
                        [
                            34.235458374023324,
                            0.6262082358143821
                        ],
                        [
                            34.22172546386719,
                            0.6282680489024738
                        ],
                        [
                            34.20799255371094,
                            0.6220886072127715
                        ],
                        [
                            34.19837951660145,
                            0.6241484219169411
                        ],
                        [
                            34.189453125,
                            0.6062966679651943
                        ],
                        [
                            34.17366027832031,
                            0.6042368463810651
                        ],
                        [
                            34.13726806640625,
                            0.5836385880254003
                        ],
                        [
                            34.1290283203125,
                            0.5376355426179759
                        ],
                        [
                            34.116668701171875,
                            0.5232166048991478
                        ],
                        [
                            34.12490844726551,
                            0.5184102849172981
                        ],
                        [
                            34.11872863769531,
                            0.5122307252991675
                        ],
                        [
                            34.11735534667969,
                            0.4806462179537107
                        ],
                        [
                            34.08988952636719,
                            0.4614207935306211
                        ],
                        [
                            34.08988952636719,
                            0.43326918606630227
                        ],
                        [
                            34.111175537109375,
                            0.37971218628714404
                        ],
                        [
                            34.103622436523324,
                            0.36597956693034134
                        ],
                        [
                            34.09881591796875,
                            0.3501870287272967
                        ],
                        [
                            34.069976806640625,
                            0.32478158586859623
                        ],
                        [
                            34.05830383300781,
                            0.32478158586859623
                        ],
                        [
                            34.05899047851551,
                            0.3110488871471327
                        ],
                        [
                            34.05143737792969,
                            0.3083023452333048
                        ],
                        [
                            34.04731750488281,
                            0.29594289794519385
                        ],
                        [
                            34.04182434082031,
                            0.2931963522129955
                        ],
                        [
                            34.043197631835824,
                            0.2760304263727027
                        ],
                        [
                            34.02534484863281,
                            0.2671041350464105
                        ],
                        [
                            34.02534484863281,
                            0.25680456008937463
                        ],
                        [
                            34.006805419921875,
                            0.24513169845733346
                        ],
                        [
                            33.90998840332031,
                            0.1057433481738631
                        ],
                        [
                            33.987579345703125,
                            -0.12908924625577226
                        ],
                        [
                            33.982086181640625,
                            -0.17715425874913565
                        ],
                        [
                            33.94173814755433,
                            -0.4557126879325323
                        ],
                        [
                            33.94026761009857,
                            -0.5365697673670728
                        ],
                        [
                            33.939273496212735,
                            -0.7732415135126703
                        ],
                        [
                            33.94041102760082,
                            -0.8774986531230247
                        ],
                        [
                            33.94046813320608,
                            -1.0002108745245892
                        ],
                        [
                            33.98309782325012,
                            -1.0005397278346777
                        ],
                        [
                            34.023284912109375,
                            -1.0045109142496265
                        ],
                        [
                            34.02809143066406,
                            -1.0326589311777759
                        ],
                        [
                            34.04388427734375,
                            -1.0457030500367328
                        ],
                        [
                            34.08233642578125,
                            -1.0216743684873772
                        ],
                        [
                            36.275482177734375,
                            -2.2625953010152324
                        ],
                        [
                            36.660003662109375,
                            -2.4793893957642683
                        ],
                        [
                            37.041778564453125,
                            -2.6947762053677313
                        ],
                        [
                            37.37548828125,
                            -2.873093265680476
                        ],
                        [
                            37.67349243164051,
                            -3.059610510736115
                        ],
                        [
                            37.698211669921875,
                            -3.204961844910728
                        ],
                        [
                            37.709197998046875,
                            -3.3091633559539995
                        ],
                        [
                            37.621307373046875,
                            -3.392790869678844
                        ],
                        [
                            37.585601806640625,
                            -3.4503662739260594
                        ],
                        [
                            37.628173828125,
                            -3.4585910482810767
                        ],
                        [
                            37.59796142578125,
                            -3.5189038690258543
                        ],
                        [
                            37.6885986328125,
                            -3.5065674711130708
                        ],
                        [
                            37.750396728515625,
                            -3.5449468386531353
                        ],
                        [
                            37.80670166015625,
                            -3.686114247391014
                        ],
                        [
                            39.188116963076254,
                            -4.653445910991187
                        ],
                        [
                            39.19313285151259,
                            -4.662253381645514
                        ],
                        [
                            39.200620502481,
                            -4.6613362169583565
                        ],
                        [
                            39.19940657216446,
                            -4.669135874905532
                        ],
                        [
                            39.207543160138584,
                            -4.668703940104927
                        ],
                        [
                            39.212246520572364,
                            -4.675491563185601
                        ],
                        [
                            39.20596821945949,
                            -4.681834130285219
                        ],
                        [
                            39.21727398933396,
                            -4.6857277272914715
                        ],
                        [
                            39.22565460205067,
                            -4.674637634192494
                        ],
                        [
                            39.249617994428775,
                            -4.679466818413029
                        ],
                        [
                            39.29271691862343,
                            -4.678588318152201
                        ],
                        [
                            39.328308105468636,
                            -4.680454682128579
                        ],
                        [
                            39.35028076171875,
                            -4.700985052669491
                        ],
                        [
                            39.357147216796875,
                            -4.736569593761297
                        ],
                        [
                            39.429931640625,
                            -4.709197031653891
                        ],
                        [
                            39.42031860351551,
                            -4.643498499105471
                        ],
                        [
                            39.42718505859375,
                            -4.602433803340706
                        ],
                        [
                            39.462890625,
                            -4.601064939225751
                        ],
                        [
                            39.47662353515625,
                            -4.54357027937176
                        ],
                        [
                            39.516448974609375,
                            -4.460057980320397
                        ],
                        [
                            39.54803466796875,
                            -4.4614271114420525
                        ],
                        [
                            39.6551513671875,
                            -4.160158150193397
                        ],
                        [
                            39.7869873046875,
                            -3.965640999055513
                        ],
                        [
                            39.887237548828125,
                            -3.7121524151373797
                        ],
                        [
                            39.887237548828125,
                            -3.6504818361467533
                        ],
                        [
                            39.91058349609375,
                            -3.5846952187809125
                        ],
                        [
                            39.98336791992176,
                            -3.4037578795775887
                        ],
                        [
                            40.142669677734375,
                            -3.296824268544954
                        ],
                        [
                            40.145416259765625,
                            -3.2310132310278976
                        ],
                        [
                            40.156402587890625,
                            -3.1816521475691357
                        ],
                        [
                            40.178375244140625,
                            -3.113091173334638
                        ],
                        [
                            40.198974609375,
                            -3.050011133651189
                        ],
                        [
                            40.25665283203125,
                            -3.000641560869668
                        ],
                        [
                            40.2484130859375,
                            -2.966355821119599
                        ],
                        [
                            40.208587646484375,
                            -2.9732130545158277
                        ],
                        [
                            40.1824951171875,
                            -2.9320690181896394
                        ],
                        [
                            40.19622802734375,
                            -2.8182293639272444
                        ],
                        [
                            40.20103454589844,
                            -2.7489600005046184
                        ],
                        [
                            40.283432006835824,
                            -2.644705490023192
                        ],
                        [
                            40.4358673095702,
                            -2.559649251587898
                        ],
                        [
                            40.52650451660156,
                            -2.5425001266054212
                        ],
                        [
                            40.60958862304676,
                            -2.563765007498204
                        ],
                        [
                            40.64014434814453,
                            -2.54730190464122
                        ],
                        [
                            40.69095611572254,
                            -2.496196355011141
                        ],
                        [
                            40.743141174316406,
                            -2.461896211475046
                        ],
                        [
                            40.77507019042969,
                            -2.458466148361327
                        ],
                        [
                            40.784339904785156,
                            -2.431025327092209
                        ],
                        [
                            40.82450866699219,
                            -2.4015258220963043
                        ],
                        [
                            40.83000183105469,
                            -2.384717679233563
                        ],
                        [
                            40.82691192626953,
                            -2.3613917533090936
                        ],
                        [
                            40.81146240234375,
                            -2.3521298797727495
                        ],
                        [
                            40.81695556640625,
                            -2.3411527648545176
                        ],
                        [
                            40.829315185546875,
                            -2.3411527648545176
                        ],
                        [
                            40.84545135498047,
                            -2.3219426070960747
                        ],
                        [
                            40.867424011230355,
                            -2.311308300182891
                        ],
                        [
                            40.90038299560547,
                            -2.3022176198106163
                        ],
                        [
                            40.90639114379883,
                            -2.317483068758292
                        ],
                        [
                            40.920467376708984,
                            -2.3265736512422537
                        ],
                        [
                            40.938148498535156,
                            -2.3253730116263847
                        ],
                        [
                            40.960121154785156,
                            -2.3128519948475788
                        ],
                        [
                            40.97145080566406,
                            -2.2982725895179565
                        ],
                        [
                            40.97677230834961,
                            -2.284379135289662
                        ],
                        [
                            40.99393844604492,
                            -2.268427225862371
                        ],
                        [
                            40.9929084777832,
                            -2.2598508576738756
                        ],
                        [
                            40.99153518676758,
                            -2.2526466692372193
                        ],
                        [
                            40.986127853393555,
                            -2.24638585748653
                        ],
                        [
                            40.98175048828125,
                            -2.2395246631070025
                        ],
                        [
                            40.98123550415039,
                            -2.231891546606881
                        ],
                        [
                            40.98921775817871,
                            -2.238581246364812
                        ],
                        [
                            40.99488258361805,
                            -2.2338641535504626
                        ],
                        [
                            40.993337631225586,
                            -2.2262310076468386
                        ],
                        [
                            40.98681449890137,
                            -2.2246872205187187
                        ],
                        [
                            40.98381042480469,
                            -2.2191124202217947
                        ],
                        [
                            40.97634315490723,
                            -2.2170540271038544
                        ],
                        [
                            40.96870422363281,
                            -2.2191124202217947
                        ],
                        [
                            40.96080780029297,
                            -2.221771173757653
                        ],
                        [
                            40.952653884887695,
                            -2.2310338905883143
                        ],
                        [
                            40.95076560974121,
                            -2.2265740712335385
                        ],
                        [
                            40.94364166259754,
                            -2.221085044270921
                        ],
                        [
                            40.93454360961914,
                            -2.2203131482174414
                        ],
                        [
                            40.9269905090332,
                            -2.21336606560958
                        ],
                        [
                            40.92424392700195,
                            -2.201530220314208
                        ],
                        [
                            40.921669006347656,
                            -2.1828328241061765
                        ],
                        [
                            40.925445556640625,
                            -2.164135195328481
                        ],
                        [
                            40.925960540771484,
                            -2.1450942538394675
                        ],
                        [
                            40.91978073120117,
                            -2.132400161038983
                        ],
                        [
                            40.923728942871094,
                            -2.1202205951761544
                        ],
                        [
                            40.92029571533203,
                            -2.0972335481789015
                        ],
                        [
                            40.91428756713867,
                            -2.080421911721313
                        ],
                        [
                            40.91325759887695,
                            -2.059149788554991
                        ],
                        [
                            40.919437408447266,
                            -2.0541748154455863
                        ],
                        [
                            40.929908752441406,
                            -2.0581204850467847
                        ],
                        [
                            40.928707122802734,
                            -2.0728737716719245
                        ],
                        [
                            40.9376335144043,
                            -2.081451200750413
                        ],
                        [
                            40.947418212890625,
                            -2.0860829930602764
                        ],
                        [
                            40.96424102783203,
                            -2.0840244203823404
                        ],
                        [
                            40.983295440673714,
                            -2.077848686210601
                        ],
                        [
                            40.983295440673714,
                            -2.0610368432597617
                        ],
                        [
                            40.97883224487305,
                            -2.0462834470242477
                        ],
                        [
                            40.98020553588867,
                            -2.035304087260827
                        ],
                        [
                            40.99754333496094,
                            -2.0522877526248036
                        ],
                        [
                            41.01419448852539,
                            -2.05674807933553
                        ],
                        [
                            41.033592224121094,
                            -2.0546894685553503
                        ],
                        [
                            41.046810150146484,
                            -2.0409653290012955
                        ],
                        [
                            41.05762481689453,
                            -2.0260401942861206
                        ],
                        [
                            41.07358932495117,
                            -2.021579782459311
                        ],
                        [
                            41.08560562133778,
                            -2.0116295888714357
                        ],
                        [
                            41.10191345214844,
                            -1.9980766414069957
                        ],
                        [
                            41.1280059814452,
                            -1.991557462235472
                        ],
                        [
                            41.14482879638672,
                            -1.9798914983441853
                        ],
                        [
                            41.16474151611317,
                            -1.9805777337920127
                        ],
                        [
                            41.156845092773324,
                            -1.9857244905841773
                        ],
                        [
                            41.161651611328125,
                            -1.99910598312332
                        ],
                        [
                            41.175041198730355,
                            -2.0018508912102275
                        ],
                        [
                            41.1932373046875,
                            -1.9977335273581747
                        ],
                        [
                            41.19426727294922,
                            -2.000478437740934
                        ],
                        [
                            41.19392395019531,
                            -2.0138598099636114
                        ],
                        [
                            41.208343505859375,
                            -2.0234668812680447
                        ],
                        [
                            41.21967315673828,
                            -2.022094445988445
                        ],
                        [
                            41.217269897460824,
                            -2.0114580332764684
                        ],
                        [
                            41.20868682861328,
                            -1.9953317270103128
                        ],
                        [
                            41.198730468749886,
                            -1.9870969563566325
                        ],
                        [
                            41.19804382324219,
                            -1.9713135313047698
                        ],
                        [
                            41.197357177734375,
                            -1.9500399827105799
                        ],
                        [
                            41.19941711425781,
                            -1.9328836991007605
                        ],
                        [
                            41.217269897460824,
                            -1.9352855892782115
                        ],
                        [
                            41.22997283935547,
                            -1.9623923986958347
                        ],
                        [
                            41.246795654296875,
                            -1.9730291282550503
                        ],
                        [
                            41.261558532714844,
                            -1.9603336690192947
                        ],
                        [
                            41.26842498779297,
                            -1.9665098504424654
                        ],
                        [
                            41.26670837402344,
                            -1.9939592680935176
                        ],
                        [
                            41.24542236328125,
                            -2.0145460312241674
                        ],
                        [
                            41.22344970703125,
                            -2.043367061902366
                        ],
                        [
                            41.234779357910156,
                            -2.048856723609782
                        ],
                        [
                            41.25709533691406,
                            -2.0382204870071283
                        ],
                        [
                            41.273231506347656,
                            -2.022094445988445
                        ],
                        [
                            41.29417419433594,
                            -1.992243692838055
                        ],
                        [
                            41.33674621582031,
                            -1.9472949890468665
                        ],
                        [
                            41.3580322265625,
                            -1.9253348792976916
                        ],
                        [
                            41.397857666015625,
                            -1.8899922349399827
                        ],
                        [
                            41.435279846191406,
                            -1.8505311515448557
                        ],
                        [
                            41.453819274902344,
                            -1.8247951881212265
                        ],
                        [
                            41.47785186767567,
                            -1.8120986435104993
                        ],
                        [
                            41.488151550292855,
                            -1.7935683917911092
                        ],
                        [
                            41.49742126464844,
                            -1.7740084780891991
                        ],
                        [
                            41.52179718017578,
                            -1.7534188718563812
                        ],
                        [
                            41.52111053466797,
                            -1.7414081634491516
                        ],
                        [
                            41.499481201171875,
                            -1.7517030610761755
                        ],
                        [
                            41.49982452392578,
                            -1.7420944917109331
                        ],
                        [
                            41.51287078857422,
                            -1.7191023594368318
                        ],
                        [
                            41.561279296875,
                            -1.6669400831931047
                        ],
                        [
                            41.557159423828125,
                            -1.598303410509457
                        ],
                        [
                            40.991363525390625,
                            -0.830811948265076
                        ],
                        [
                            40.98587036132801,
                            2.8278307348500062
                        ],
                        [
                            41.309967041015625,
                            3.144629781613849
                        ],
                        [
                            41.85791015625,
                            3.909468978414795
                        ],
                        [
                            41.90977975316852,
                            3.983840781437564
                        ],
                        [
                            41.846923828125,
                            3.949200800395352
                        ],
                        [
                            41.764526367187386,
                            3.982080870700533
                        ],
                        [
                            41.698608398437386,
                            3.984820817420321
                        ],
                        [
                            41.6546630859375,
                            3.962900988618503
                        ],
                        [
                            41.6162109375,
                            3.9793409148595758
                        ],
                        [
                            41.50360107421875,
                            3.962900988618503
                        ],
                        [
                            41.363525390625,
                            3.962900988618503
                        ],
                        [
                            41.325073242187386,
                            3.9437206617380762
                        ],
                        [
                            41.2371826171875,
                            3.9574209405181326
                        ],
                        [
                            41.19598388671875,
                            3.9437206617380762
                        ],
                        [
                            41.10809326171875,
                            3.9875607550126926
                        ],
                        [
                            40.98724365234375,
                            4.1135879097103
                        ],
                        [
                            40.94329833984375,
                            4.1382430839837125
                        ],
                        [
                            40.902099609375,
                            4.157418800193693
                        ],
                        [
                            40.869140625,
                            4.23685605976896
                        ],
                        [
                            40.770263671875,
                            4.288896746855406
                        ],
                        [
                            40.71258544921875,
                            4.245073244271904
                        ],
                        [
                            40.6768798828125,
                            4.239595130978847
                        ],
                        [
                            40.198974609375,
                            4.045097324980075
                        ],
                        [
                            39.86663818359375,
                            3.8724755890318354
                        ],
                        [
                            39.77325439453125,
                            3.664186777770477
                        ],
                        [
                            39.578247070312386,
                            3.4832649425390017
                        ],
                        [
                            39.55902099609375,
                            3.395532633836544
                        ],
                        [
                            39.5123291015625,
                            3.4147247646241174
                        ],
                        [
                            39.5013427734375,
                            3.4531078732956844
                        ],
                        [
                            39.3365478515625,
                            3.4668157512808078
                        ],
                        [
                            39.333801269531136,
                            3.4969723824003514
                        ],
                        [
                            39.287109375,
                            3.469557303061473
                        ],
                        [
                            39.15252685546875,
                            3.4969723824003514
                        ],
                        [
                            39.083862304687386,
                            3.532610786227175
                        ],
                        [
                            38.9739990234375,
                            3.532610786227175
                        ],
                        [
                            38.924560546875,
                            3.5161624613627884
                        ],
                        [
                            38.726806640625,
                            3.5655065601088447
                        ],
                        [
                            38.68011474609375,
                            3.617589124412154
                        ],
                        [
                            38.660888671875,
                            3.592918806526002
                        ],
                        [
                            38.572998046875,
                            3.6066246213236863
                        ],
                        [
                            38.529052734375,
                            3.655963837937759
                        ],
                        [
                            38.515319824218636,
                            3.6230713262356864
                        ],
                        [
                            38.44390869140625,
                            3.6038834748710658
                        ],
                        [
                            38.1829833984375,
                            3.6203302294725277
                        ],
                        [
                            38.12255859375,
                            3.6121068894248256
                        ],
                        [
                            37.9962158203125,
                            3.7327083213358465
                        ],
                        [
                            37.0294189453125,
                            4.371059019137535
                        ],
                        [
                            36.8426513671875,
                            4.444997369727285
                        ],
                        [
                            36.05994736068865,
                            4.453899845816721
                        ],
                        [
                            35.96193887864677,
                            4.452077399896901
                        ],
                        [
                            35.93841153728384,
                            4.518321690359459
                        ],
                        [
                            35.96307943446496,
                            4.5765561283462874
                        ],
                        [
                            35.92481937725811,
                            4.585567281720758
                        ],
                        [
                            35.93414449326134,
                            4.627576061001619
                        ],
                        [
                            34.39874994544809,
                            4.616759639773873
                        ],
                        [
                            34.41330553752037,
                            4.633141665089409
                        ]
                    ]
                ],
                "type": "Polygon"
            }
        },
        {
            "type": "Feature",
            "properties": {},
            "geometry": {
                "coordinates": [
                    [
                        [
                            41.14311218261719,
                            -2.039249803303684
                        ],
                        [
                            41.12834930419922,
                            -2.0409653290012955
                        ],
                        [
                            41.12113952636719,
                            -2.050915341901618
                        ],
                        [
                            41.113929748535156,
                            -2.045082583204209
                        ],
                        [
                            41.093673706054574,
                            -2.042680852868409
                        ],
                        [
                            41.087493896484375,
                            -2.0447394790905253
                        ],
                        [
                            41.07959747314453,
                            -2.0498860330866178
                        ],
                        [
                            41.077537536621094,
                            -2.0574342823387735
                        ],
                        [
                            41.07341766357422,
                            -2.063266995936184
                        ],
                        [
                            41.07410430908203,
                            -2.069442787016341
                        ],
                        [
                            41.073760986328125,
                            -2.0749323588966493
                        ],
                        [
                            41.06723785400379,
                            -2.075961651504293
                        ],
                        [
                            41.061058044433594,
                            -2.0800788152289886
                        ],
                        [
                            41.051788330078125,
                            -2.08282358507712
                        ],
                        [
                            41.03668212890625,
                            -2.084195968208332
                        ],
                        [
                            41.02397918701172,
                            -2.0876269208008713
                        ],
                        [
                            41.01299285888672,
                            -2.091400960002314
                        ],
                        [
                            41.00818634033203,
                            -2.0917440540252685
                        ],
                        [
                            41.005096435546875,
                            -2.0944888035064504
                        ],
                        [
                            41.0016632080077,
                            -2.091400960002314
                        ],
                        [
                            40.9961700439452,
                            -2.0927733356438414
                        ],
                        [
                            40.98896026611328,
                            -2.101007564240193
                        ],
                        [
                            40.97797393798817,
                            -2.10375229746668
                        ],
                        [
                            40.968360900878906,
                            -2.10992792955713
                        ],
                        [
                            40.96973419189453,
                            -2.1205636828530627
                        ],
                        [
                            40.98072052001953,
                            -2.126739248017543
                        ],
                        [
                            40.98278045654297,
                            -2.1404626375583957
                        ],
                        [
                            40.97831726074219,
                            -2.1435503833024976
                        ],
                        [
                            40.97179412841797,
                            -2.1480104494903385
                        ],
                        [
                            40.97282409667969,
                            -2.1559013039057975
                        ],
                        [
                            40.979347229003906,
                            -2.1586459393378736
                        ],
                        [
                            40.98896026611328,
                            -2.1552151442741625
                        ],
                        [
                            40.999603271484375,
                            -2.148696612364116
                        ],
                        [
                            41.014709472656136,
                            -2.1456088770055812
                        ],
                        [
                            41.01917266845703,
                            -2.148353530965763
                        ],
                        [
                            41.0284423828125,
                            -2.1493827749295837
                        ],
                        [
                            41.02947235107422,
                            -2.1421780526290766
                        ],
                        [
                            41.02466583251953,
                            -2.1363456335598716
                        ],
                        [
                            41.02672576904297,
                            -2.128454678401768
                        ],
                        [
                            41.02947235107422,
                            -2.131542448282107
                        ],
                        [
                            41.03771209716797,
                            -2.129483935716171
                        ],
                        [
                            41.03736877441406,
                            -2.133600958095375
                        ],
                        [
                            41.04217529296875,
                            -2.1411488038171105
                        ],
                        [
                            41.052818298339844,
                            -2.141834969768584
                        ],
                        [
                            41.06517791748047,
                            -2.1404626375583957
                        ],
                        [
                            41.07341766357422,
                            -2.138404136939895
                        ],
                        [
                            41.08715057373047,
                            -2.1459519590201226
                        ],
                        [
                            41.102256774902344,
                            -2.1466381228182336
                        ],
                        [
                            41.11804962158203,
                            -2.1390903041196987
                        ],
                        [
                            41.11530303955078,
                            -2.129827021334866
                        ],
                        [
                            41.110496520996094,
                            -2.123651468520632
                        ],
                        [
                            41.11358642578125,
                            -2.116446625713017
                        ],
                        [
                            41.10980987548828,
                            -2.108898659243126
                        ],
                        [
                            41.10603332519531,
                            -2.102036839765739
                        ],
                        [
                            41.11015319824219,
                            -2.1016937479992737
                        ],
                        [
                            41.1163330078125,
                            -2.0958611764441635
                        ],
                        [
                            41.124916076660156,
                            -2.0982628261900387
                        ],
                        [
                            41.119422912597656,
                            -2.108898659243126
                        ],
                        [
                            41.12628936767578,
                            -2.1157604484595187
                        ],
                        [
                            41.142425537109375,
                            -2.121249857978668
                        ],
                        [
                            41.15581512451172,
                            -2.1181620675179014
                        ],
                        [
                            41.15959167480469,
                            -2.108898659243126
                        ],
                        [
                            41.14620208740223,
                            -2.1047815711817273
                        ],
                        [
                            41.155128479003906,
                            -2.103066114612619
                        ],
                        [
                            41.16645812988281,
                            -2.0924302418460448
                        ],
                        [
                            41.16920471191406,
                            -2.078363331648345
                        ],
                        [
                            41.15924835205067,
                            -2.07081518177014
                        ],
                        [
                            41.147918701171875,
                            -2.0660117949367955
                        ],
                        [
                            41.13933563232422,
                            -2.058463586290031
                        ],
                        [
                            41.1280059814452,
                            -2.0574342823387735
                        ],
                        [
                            41.128692626953125,
                            -2.0502291360985065
                        ],
                        [
                            41.14997863769531,
                            -2.054346366500592
                        ],
                        [
                            41.157875061035156,
                            -2.049542930001194
                        ],
                        [
                            41.14311218261719,
                            -2.039249803303684
                        ]
                    ]
                ],
                "type": "Polygon"
            }
        },
        {
            "type": "Feature",
            "properties": {},
            "geometry": {
                "coordinates": [
                    [
                        [
                            41.0474967956543,
                            -2.1508408693570735
                        ],
                        [
                            41.04423522949219,
                            -2.154100134213272
                        ],
                        [
                            41.04166030883789,
                            -2.156930542773174
                        ],
                        [
                            41.04123115539551,
                            -2.15967517634759
                        ],
                        [
                            41.043033599853516,
                            -2.163191730868021
                        ],
                        [
                            41.05118751525879,
                            -2.167823278038477
                        ],
                        [
                            41.056251525878906,
                            -2.1673086623855204
                        ],
                        [
                            41.06217384338379,
                            -2.163706347919213
                        ],
                        [
                            41.06243133544922,
                            -2.1579597809442124
                        ],
                        [
                            41.057281494140625,
                            -2.1531566635242307
                        ],
                        [
                            41.0474967956543,
                            -2.1508408693570735
                        ]
                    ]
                ],
                "type": "Polygon"
            }
        }
    ]
}