{
    "type": "FeatureCollection",
    "features": [
        {
            "type": "Feature",
            "properties": {},
            "geometry": {
                "coordinates": [
                    [
                        [
                            47.70927406829904,
                            30.103765026948555
                        ],
                        [
                            47.371673583984375,
                            30.10236569641242
                        ],
                        [
                            47.2796630859375,
                            30.05720849081894
                        ],
                        [
                            47.173919677734375,
                            30.02511058549258
                        ],
                        [
                            47.121734619140625,
                            29.956124387148986
                        ],
                        [
                            47.0159912109375,
                            29.73099249532227
                        ],
                        [
                            46.998138427734375,
                            29.66180275761379
                        ],
                        [
                            46.91024780273426,
                            29.5232805008286
                        ],
                        [
                            46.84707641601551,
                            29.413282951826233
                        ],
                        [
                            46.783245921310794,
                            29.353937357930764
                        ],
                        [
                            46.766032064282754,
                            29.321234489364073
                        ],
                        [
                            46.70308465559202,
                            29.250774437559414
                        ],
                        [
                            46.668366127421095,
                            29.20542958941252
                        ],
                        [
                            46.62683621921562,
                            29.168362502100273
                        ],
                        [
                            46.582873675282215,
                            29.13809327484969
                        ],
                        [
                            46.55739916287126,
                            29.10314944419423
                        ],
                        [
                            46.55411900446967,
                            29.101506915615158
                        ],
                        [
                            46.553192138671875,
                            29.10177686626508
                        ],
                        [
                            47.46643317431613,
                            29.00007558221485
                        ],
                        [
                            47.49780143411694,
                            28.96515676448158
                        ],
                        [
                            47.5148377603943,
                            28.929794390212113
                        ],
                        [
                            47.542517702488226,
                            28.89857922230925
                        ],
                        [
                            47.56558395996859,
                            28.860971627881007
                        ],
                        [
                            47.588110110842166,
                            28.836665664833692
                        ],
                        [
                            47.59591346421547,
                            28.795156758406534
                        ],
                        [
                            47.60043054732708,
                            28.758098615536568
                        ],
                        [
                            47.59434721623816,
                            28.726544733299722
                        ],
                        [
                            47.59635999263203,
                            28.687446779834914
                        ],
                        [
                            47.60578867895298,
                            28.65506279300258
                        ],
                        [
                            47.63919473983043,
                            28.629792389875966
                        ],
                        [
                            47.65398398706154,
                            28.595738890252548
                        ],
                        [
                            47.70872345873619,
                            28.54320171385221
                        ],
                        [
                            47.70436436278828,
                            28.524473955902632
                        ],
                        [
                            47.892720294824294,
                            28.52732870424037
                        ],
                        [
                            48.0267333984375,
                            28.510935880224274
                        ],
                        [
                            48.101972294625284,
                            28.530537024200527
                        ],
                        [
                            48.44216909948784,
                            28.53506804954235
                        ],
                        [
                            48.429107666015625,
                            28.57608005483261
                        ],
                        [
                            48.42086791992187,
                            28.63997865130685
                        ],
                        [
                            48.415374755859375,
                            28.70504287929188
                        ],
                        [
                            48.41968586035559,
                            28.758907087371526
                        ],
                        [
                            48.35083007812499,
                            28.768862896083874
                        ],
                        [
                            48.305511474609375,
                            28.827831607445855
                        ],
                        [
                            48.297271728515625,
                            28.896385855475664
                        ],
                        [
                            48.251953125,
                            28.919227220721236
                        ],
                        [
                            48.17779541015625,
                            29.03215782622282
                        ],
                        [
                            48.140716552734375,
                            29.178543264303006
                        ],
                        [
                            48.1146240234375,
                            29.36302703778376
                        ],
                        [
                            48.0596923828125,
                            29.383371707882418
                        ],
                        [
                            47.98828124999999,
                            29.41447921856294
                        ],
                        [
                            47.942962646484375,
                            29.380978428336014
                        ],
                        [
                            47.88116455078125,
                            29.401319510041485
                        ],
                        [
                            47.801513671875,
                            29.401319510041485
                        ],
                        [
                            47.801513671875,
                            29.430029404571762
                        ],
                        [
                            47.923736572265625,
                            29.520890519025357
                        ],
                        [
                            48.01300048828125,
                            29.55315050898206
                        ],
                        [
                            48.080291748046875,
                            29.545982511818
                        ],
                        [
                            48.148956298828125,
                            29.492206334848714
                        ],
                        [
                            48.190155029296875,
                            29.53522956294847
                        ],
                        [
                            48.23410034179687,
                            29.568679425235135
                        ],
                        [
                            48.30001831054687,
                            29.610476176740104
                        ],
                        [
                            48.352203369140625,
                            29.647481692217653
                        ],
                        [
                            48.3892822265625,
                            29.698789407596585
                        ],
                        [
                            48.404388427734375,
                            29.752455480021393
                        ],
                        [
                            48.42498779296875,
                            29.846599772557077
                        ],
                        [
                            48.16131591796875,
                            30.027488564694334
                        ],
                        [
                            48.043212890625,
                            30.022732549250424
                        ],
                        [
                            48.01339697818989,
                            29.99010783912765
                        ],
                        [
                            47.84072861063686,
                            30.053444297121793
                        ],
                        [
                            47.70927406829904,
                            30.103765026948555
                        ]
                    ]
                ],
                "type": "Polygon"
            }
        },
        {
            "type": "Feature",
            "properties": {},
            "geometry": {
                "coordinates": [
                    [
                        [
                            48.2464599609375,
                            29.496389951167362
                        ],
                        [
                            48.2464599609375,
                            29.486827145697518
                        ],
                        [
                            48.256072998046875,
                            29.479654449250273
                        ],
                        [
                            48.25469970703125,
                            29.492206334848714
                        ],
                        [
                            48.2464599609375,
                            29.496389951167362
                        ]
                    ]
                ],
                "type": "Polygon"
            }
        },
        {
            "type": "Feature",
            "properties": {},
            "geometry": {
                "coordinates": [
                    [
                        [
                            48.31718444824219,
                            29.47845895048651
                        ],
                        [
                            48.294525146484375,
                            29.476665675902137
                        ],
                        [
                            48.278045654296875,
                            29.46949226032194
                        ],
                        [
                            48.261566162109375,
                            29.43541160665607
                        ],
                        [
                            48.26499938964843,
                            29.422852691411045
                        ],
                        [
                            48.28971862792969,
                            29.427039169044928
                        ],
                        [
                            48.3343505859375,
                            29.422852691411045
                        ],
                        [
                            48.343276977539055,
                            29.408497744069077
                        ],
                        [
                            48.37829589843749,
                            29.389952936381423
                        ],
                        [
                            48.40164184570312,
                            29.389354660473675
                        ],
                        [
                            48.40850830078125,
                            29.4055068748197
                        ],
                        [
                            48.40232849121094,
                            29.413282951826233
                        ],
                        [
                            48.3837890625,
                            29.432421529604852
                        ],
                        [
                            48.365936279296875,
                            29.4533502197237
                        ],
                        [
                            48.34739685058594,
                            29.46052477714048
                        ],
                        [
                            48.321990966796875,
                            29.464709701302198
                        ],
                        [
                            48.31718444824219,
                            29.47845895048651
                        ]
                    ]
                ],
                "type": "Polygon"
            }
        },
        {
            "type": "Feature",
            "properties": {},
            "geometry": {
                "coordinates": [
                    [
                        [
                            48.442411422729485,
                            29.38030530832189
                        ],
                        [
                            48.437089920043945,
                            29.379183431737633
                        ],
                        [
                            48.436660766601555,
                            29.377313609947812
                        ],
                        [
                            48.438634872436516,
                            29.375967316988138
                        ],
                        [
                            48.44249725341797,
                            29.376864847606598
                        ],
                        [
                            48.44326972961426,
                            29.378884262559794
                        ],
                        [
                            48.442411422729485,
                            29.38030530832189
                        ]
                    ]
                ],
                "type": "Polygon"
            }
        }
    ]
}