{
    "type": "FeatureCollection",
    "features": [
        {
            "type": "Feature",
            "geometry": {
                "coordinates": [
                    [
                        [
                            25.199447078162592,
                            58.085567960911355
                        ],
                        [
                            25.18962162060768,
                            58.080119966581904
                        ],
                        [
                            25.191144999057258,
                            58.07595079998652
                        ],
                        [
                            25.15392132302452,
                            58.074683500904044
                        ],
                        [
                            25.151581364220306,
                            58.07700711232558
                        ],
                        [
                            25.134512089779633,
                            58.07971035761202
                        ],
                        [
                            25.106156312346172,
                            58.07780121819763
                        ],
                        [
                            25.104760963657412,
                            58.066225544405626
                        ],
                        [
                            25.076490142191375,
                            58.06633813115727
                        ],
                        [
                            25.020675659179688,
                            58.01828230633404
                        ],
                        [
                            24.994787468957156,
                            58.01083040771085
                        ],
                        [
                            24.949264526367188,
                            58.00918912956758
                        ],
                        [
                            24.88713947943242,
                            57.988250388495345
                        ],
                        [
                            24.86601690073995,
                            57.98090965688918
                        ],
                        [
                            24.846758159715726,
                            57.97550987499456
                        ],
                        [
                            24.839147840486884,
                            57.975198435786126
                        ],
                        [
                            24.832469391078916,
                            57.97192196643612
                        ],
                        [
                            24.808191573990996,
                            57.99041089700959
                        ],
                        [
                            24.74222172509465,
                            57.98196365969288
                        ],
                        [
                            24.743482238262686,
                            57.96481321066925
                        ],
                        [
                            24.73242360014109,
                            57.96236375222237
                        ],
                        [
                            24.715118408203125,
                            57.9625075380091
                        ],
                        [
                            24.692111947559084,
                            57.946332918310965
                        ],
                        [
                            24.681518235383166,
                            57.95284118141968
                        ],
                        [
                            24.674862568005494,
                            57.9592773895943
                        ],
                        [
                            24.64446086478067,
                            57.9591352095419
                        ],
                        [
                            24.641685223480728,
                            57.954254951945046
                        ],
                        [
                            24.64569931459053,
                            57.95276106951968
                        ],
                        [
                            24.62845760730292,
                            57.941988216470534
                        ],
                        [
                            24.616727479755276,
                            57.94358108697805
                        ],
                        [
                            24.612466057860544,
                            57.94632712624741
                        ],
                        [
                            24.60978238394364,
                            57.9512425787115
                        ],
                        [
                            24.585055473396466,
                            57.9620230113257
                        ],
                        [
                            24.57304186006718,
                            57.95438918327912
                        ],
                        [
                            24.548585585373417,
                            57.94974844930137
                        ],
                        [
                            24.54314056143062,
                            57.94489153173635
                        ],
                        [
                            24.530977538533193,
                            57.94689733622154
                        ],
                        [
                            24.520482701017613,
                            57.94339572673294
                        ],
                        [
                            24.518407131692072,
                            57.936722792425854
                        ],
                        [
                            24.509756742058954,
                            57.934971223872324
                        ],
                        [
                            24.51305628146764,
                            57.93062434081037
                        ],
                        [
                            24.462093374707962,
                            57.924910506451845
                        ],
                        [
                            24.44541786281323,
                            57.90809001569519
                        ],
                        [
                            24.45956582918194,
                            57.906509723969506
                        ],
                        [
                            24.45251102666535,
                            57.89938144461842
                        ],
                        [
                            24.45976184888775,
                            57.88012503390927
                        ],
                        [
                            24.411357176720486,
                            57.86452787769497
                        ],
                        [
                            24.409402345778688,
                            57.87164328200282
                        ],
                        [
                            24.36569846079892,
                            57.876156410631324
                        ],
                        [
                            24.361239229153647,
                            57.874459269901145
                        ],
                        [
                            24.356666194604983,
                            57.87453110999543
                        ],
                        [
                            24.347995406776278,
                            57.87853812109093
                        ],
                        [
                            24.334716796875,
                            57.878356076312706
                        ],
                        [
                            24.32098388671875,
                            57.866670909995904
                        ],
                        [
                            24.30450439453125,
                            57.79501642262351
                        ],
                        [
                            24.342956542968746,
                            57.64099083690111
                        ],
                        [
                            24.33197021484375,
                            57.57477906967285
                        ],
                        [
                            24.35943603515625,
                            57.29537039904174
                        ],
                        [
                            24.32098388671875,
                            57.21365975961655
                        ],
                        [
                            23.85406494140625,
                            57.00784161664009
                        ],
                        [
                            23.5986328125,
                            56.986897595806475
                        ],
                        [
                            23.499755859375,
                            57.052681978717494
                        ],
                        [
                            23.3514404296875,
                            57.063136946750824
                        ],
                        [
                            23.280029296875,
                            57.11238500793404
                        ],
                        [
                            23.18939208984375,
                            57.328003939648994
                        ],
                        [
                            23.1427001953125,
                            57.37986126240439
                        ],
                        [
                            22.99713134765625,
                            57.410940501759036
                        ],
                        [
                            22.88726806640625,
                            57.490737584630835
                        ],
                        [
                            22.752685546874996,
                            57.54089090815916
                        ],
                        [
                            22.64556884765625,
                            57.61893364761359
                        ],
                        [
                            22.631835937499996,
                            57.73201851858309
                        ],
                        [
                            22.620849609375,
                            57.780375548168855
                        ],
                        [
                            22.03033447265625,
                            57.63952077434961
                        ],
                        [
                            21.82159423828125,
                            57.61010702068388
                        ],
                        [
                            21.678771972656246,
                            57.59097530674767
                        ],
                        [
                            21.59912109375,
                            57.48040333923341
                        ],
                        [
                            21.3848876953125,
                            57.28646531485516
                        ],
                        [
                            21.37115478515625,
                            57.04222406624694
                        ],
                        [
                            21.20635986328125,
                            56.92549369909384
                        ],
                        [
                            21.02783203125,
                            56.8444658217936
                        ],
                        [
                            21.0333251953125,
                            56.70450561416937
                        ],
                        [
                            20.97564697265625,
                            56.56856276386726
                        ],
                        [
                            20.97564697265625,
                            56.47462805805594
                        ],
                        [
                            20.953674316406246,
                            56.36829266039426
                        ],
                        [
                            20.953674316406246,
                            56.275386383661846
                        ],
                        [
                            20.97564697265625,
                            56.19906499752892
                        ],
                        [
                            21.042892029918136,
                            56.06587457206926
                        ],
                        [
                            21.143801074220757,
                            56.08077419423178
                        ],
                        [
                            21.148204144844115,
                            56.08510634372732
                        ],
                        [
                            21.162593483111102,
                            56.0858017530015
                        ],
                        [
                            21.18032895480272,
                            56.075396412305864
                        ],
                        [
                            21.20135842729013,
                            56.07712353366783
                        ],
                        [
                            21.23931884765625,
                            56.12412241244821
                        ],
                        [
                            21.232452392578125,
                            56.160082511063855
                        ],
                        [
                            21.26541137695312,
                            56.16696465022672
                        ],
                        [
                            21.284637451171875,
                            56.181489561447414
                        ],
                        [
                            21.32583618164062,
                            56.21739600108619
                        ],
                        [
                            21.402740478515625,
                            56.235718242411394
                        ],
                        [
                            21.449432373046875,
                            56.24487607796049
                        ],
                        [
                            21.46728515625,
                            56.26928626839682
                        ],
                        [
                            21.501617431640625,
                            56.29063241616282
                        ],
                        [
                            21.5496826171875,
                            56.29977711792565
                        ],
                        [
                            21.57440185546875,
                            56.31577508143522
                        ],
                        [
                            21.616973876953125,
                            56.32339080466598
                        ],
                        [
                            21.6815185546875,
                            56.31196665018476
                        ],
                        [
                            21.72821044921875,
                            56.315013425566924
                        ],
                        [
                            21.746063232421875,
                            56.333288974155664
                        ],
                        [
                            21.832580566406246,
                            56.37133494106981
                        ],
                        [
                            21.8682861328125,
                            56.36144664089131
                        ],
                        [
                            21.90948486328125,
                            56.36525013685606
                        ],
                        [
                            21.957550048828125,
                            56.38274133079222
                        ],
                        [
                            21.971282958984375,
                            56.3774187738762
                        ],
                        [
                            21.99462890625,
                            56.41314167832675
                        ],
                        [
                            22.012481689453125,
                            56.41542072586068
                        ],
                        [
                            22.023468017578125,
                            56.42377606555075
                        ],
                        [
                            22.04681396484375,
                            56.41921883505088
                        ],
                        [
                            22.089385986328125,
                            56.4252950210497
                        ],
                        [
                            22.134704589843746,
                            56.429851523562455
                        ],
                        [
                            22.169036865234375,
                            56.4199784113855
                        ],
                        [
                            22.207489013671875,
                            56.4207379725527
                        ],
                        [
                            22.236328125,
                            56.403264228051405
                        ],
                        [
                            22.254180908203125,
                            56.401744392758964
                        ],
                        [
                            22.28851318359375,
                            56.40858317369296
                        ],
                        [
                            22.315979003906246,
                            56.40630371658397
                        ],
                        [
                            22.34893798828125,
                            56.39490438293533
                        ],
                        [
                            22.35305786132812,
                            56.39946452603379
                        ],
                        [
                            22.377777099609375,
                            56.39946452603379
                        ],
                        [
                            22.424468994140625,
                            56.40706355079054
                        ],
                        [
                            22.436828613281246,
                            56.40250431799085
                        ],
                        [
                            22.4725341796875,
                            56.40250431799085
                        ],
                        [
                            22.526092529296875,
                            56.39110384643065
                        ],
                        [
                            22.57965087890625,
                            56.389583525613055
                        ],
                        [
                            22.613983154296875,
                            56.38122067612584
                        ],
                        [
                            22.630462646484375,
                            56.36753205227851
                        ],
                        [
                            22.65106201171875,
                            56.36296808481734
                        ],
                        [
                            22.678527832031246,
                            56.353077613860826
                        ],
                        [
                            22.696380615234375,
                            56.35459939177314
                        ],
                        [
                            22.7197265625,
                            56.36829266039426
                        ],
                        [
                            22.74444580078125,
                            56.37133494106981
                        ],
                        [
                            22.785644531249996,
                            56.36677142898368
                        ],
                        [
                            22.840576171875,
                            56.36525013685606
                        ],
                        [
                            22.894134521484375,
                            56.374376978893515
                        ],
                        [
                            22.927093505859375,
                            56.38578245801786
                        ],
                        [
                            22.9229736328125,
                            56.39794453902406
                        ],
                        [
                            22.939453125,
                            56.41390137600676
                        ],
                        [
                            22.966918945312496,
                            56.41466105851802
                        ],
                        [
                            22.979278564453125,
                            56.40478400265929
                        ],
                        [
                            23.00262451171875,
                            56.40478400265929
                        ],
                        [
                            23.01910400390625,
                            56.37133494106981
                        ],
                        [
                            22.9998779296875,
                            56.37133494106981
                        ],
                        [
                            23.02459716796875,
                            56.33937887967572
                        ],
                        [
                            23.045196533203125,
                            56.319583132921956
                        ],
                        [
                            23.06854248046875,
                            56.32491376704035
                        ],
                        [
                            23.091888427734375,
                            56.30663420839089
                        ],
                        [
                            23.108367919921875,
                            56.30663420839089
                        ],
                        [
                            23.119354248046875,
                            56.31196665018476
                        ],
                        [
                            23.14544677734375,
                            56.32719809668835
                        ],
                        [
                            23.17291259765625,
                            56.33271799568322
                        ],
                        [
                            23.18561553955078,
                            56.34166234368322
                        ],
                        [
                            23.177032470703125,
                            56.34375539896829
                        ],
                        [
                            23.174972534179688,
                            56.35402873217265
                        ],
                        [
                            23.180809020996094,
                            56.358593769864875
                        ],
                        [
                            23.16982269287109,
                            56.3665812707882
                        ],
                        [
                            23.174972534179688,
                            56.36829266039426
                        ],
                        [
                            23.273162841796875,
                            56.37209547329266
                        ],
                        [
                            23.2855224609375,
                            56.37304611722709
                        ],
                        [
                            23.30303192138672,
                            56.378559384389455
                        ],
                        [
                            23.306808471679688,
                            56.38236117281659
                        ],
                        [
                            23.38817596435547,
                            56.37893958030554
                        ],
                        [
                            23.404998779296875,
                            56.372285603976806
                        ],
                        [
                            23.417358398437496,
                            56.370194114276245
                        ],
                        [
                            23.4393310546875,
                            56.35117530606991
                        ],
                        [
                            23.48979949951172,
                            56.34603860104162
                        ],
                        [
                            23.511085510253906,
                            56.33595342741066
                        ],
                        [
                            23.543357849121094,
                            56.332337338622374
                        ],
                        [
                            23.560523986816406,
                            56.335001858318265
                        ],
                        [
                            23.582496643066406,
                            56.344897017087064
                        ],
                        [
                            23.620948791503906,
                            56.35688194477737
                        ],
                        [
                            23.6480712890625,
                            56.36391895643643
                        ],
                        [
                            23.703346252441406,
                            56.36639111164404
                        ],
                        [
                            23.71227264404297,
                            56.36981383108917
                        ],
                        [
                            23.74523162841797,
                            56.36981383108917
                        ],
                        [
                            23.763084411621094,
                            56.37247573371231
                        ],
                        [
                            23.780593872070312,
                            56.36791235823375
                        ],
                        [
                            23.77784729003906,
                            56.36220737044445
                        ],
                        [
                            23.762741088867188,
                            56.33633404840368
                        ],
                        [
                            23.766174316406246,
                            56.324533032142526
                        ],
                        [
                            23.781280517578125,
                            56.321487016260484
                        ],
                        [
                            23.800506591796875,
                            56.34052062876266
                        ],
                        [
                            23.81080627441406,
                            56.34242346798251
                        ],
                        [
                            23.82453918457031,
                            56.33861769463613
                        ],
                        [
                            23.913116455078125,
                            56.33937887967572
                        ],
                        [
                            23.915863037109375,
                            56.33100500901011
                        ],
                        [
                            24.015426635742188,
                            56.329482289644126
                        ],
                        [
                            24.023666381835938,
                            56.31158578617189
                        ],
                        [
                            24.04632568359375,
                            56.30015809968222
                        ],
                        [
                            24.048385620117188,
                            56.27957964862128
                        ],
                        [
                            24.094390869140625,
                            56.27653004697527
                        ],
                        [
                            24.113616943359375,
                            56.26318518028011
                        ],
                        [
                            24.118423461914062,
                            56.24983565792638
                        ],
                        [
                            24.177474975585934,
                            56.25136155328591
                        ],
                        [
                            24.20013427734375,
                            56.26623584595028
                        ],
                        [
                            24.24751281738281,
                            56.27691126048011
                        ],
                        [
                            24.28665161132812,
                            56.285296996278966
                        ],
                        [
                            24.284591674804684,
                            56.30092005179992
                        ],
                        [
                            24.3402099609375,
                            56.29672912712441
                        ],
                        [
                            24.35943603515625,
                            56.27309895443805
                        ],
                        [
                            24.388961791992188,
                            56.27957964862128
                        ],
                        [
                            24.423294067382812,
                            56.26165975623278
                        ],
                        [
                            24.44732666015625,
                            56.26013427137549
                        ],
                        [
                            24.462432861328125,
                            56.2685236855868
                        ],
                        [
                            24.580535888671875,
                            56.28987025891191
                        ],
                        [
                            24.57916259765625,
                            56.32567522544464
                        ],
                        [
                            24.62379455566406,
                            56.34775091291674
                        ],
                        [
                            24.627914428710938,
                            56.37551768046936
                        ],
                        [
                            24.689712524414062,
                            56.37703856278337
                        ],
                        [
                            24.703445434570312,
                            56.38844324516769
                        ],
                        [
                            24.69966888427734,
                            56.395854457791124
                        ],
                        [
                            24.70104217529297,
                            56.40402412294084
                        ],
                        [
                            24.710655212402344,
                            56.401174438878776
                        ],
                        [
                            24.724388122558594,
                            56.40250431799085
                        ],
                        [
                            24.741554260253906,
                            56.40212435727133
                        ],
                        [
                            24.76318359375,
                            56.404594034151934
                        ],
                        [
                            24.77382659912109,
                            56.4002244967806
                        ],
                        [
                            24.778976440429688,
                            56.40155440908047
                        ],
                        [
                            24.796142578125,
                            56.40858317369296
                        ],
                        [
                            24.808502197265625,
                            56.42301656505151
                        ],
                        [
                            24.826354980468746,
                            56.410862494272344
                        ],
                        [
                            24.862060546875,
                            56.41694001504086
                        ],
                        [
                            24.8565673828125,
                            56.4336481919449
                        ],
                        [
                            24.8785400390625,
                            56.448072074503486
                        ],
                        [
                            24.915618896484375,
                            56.44048123969255
                        ],
                        [
                            24.901885986328125,
                            56.42301656505151
                        ],
                        [
                            24.912872314453125,
                            56.410862494272344
                        ],
                        [
                            24.94171142578125,
                            56.3796999607553
                        ],
                        [
                            24.962310791015625,
                            56.36981383108917
                        ],
                        [
                            24.973297119140625,
                            56.35231670213132
                        ],
                        [
                            24.97055053710937,
                            56.31577508143522
                        ],
                        [
                            24.98428344726562,
                            56.303586764561544
                        ],
                        [
                            25.014495849609375,
                            56.29520504055592
                        ],
                        [
                            25.014495849609375,
                            56.283010159801506
                        ],
                        [
                            25.054321289062496,
                            56.265473202335386
                        ],
                        [
                            25.07354736328125,
                            56.203648570004034
                        ],
                        [
                            25.09002685546875,
                            56.18683945944164
                        ],
                        [
                            25.114746093749996,
                            56.18683945944164
                        ],
                        [
                            25.149078369140625,
                            56.17537447910369
                        ],
                        [
                            25.195770263671875,
                            56.17690334101471
                        ],
                        [
                            25.23284912109375,
                            56.191424492754585
                        ],
                        [
                            25.256195068359375,
                            56.17308107207619
                        ],
                        [
                            25.308380126953125,
                            56.14631453300371
                        ],
                        [
                            25.33447265625,
                            56.15243424341579
                        ],
                        [
                            25.39764404296875,
                            56.1570233867109
                        ],
                        [
                            25.42098999023437,
                            56.145549500679074
                        ],
                        [
                            25.445709228515625,
                            56.153964018751346
                        ],
                        [
                            25.464935302734375,
                            56.144019390345925
                        ],
                        [
                            25.506134033203125,
                            56.14478445312653
                        ],
                        [
                            25.517120361328125,
                            56.160082511063855
                        ],
                        [
                            25.54183959960937,
                            56.1646707408543
                        ],
                        [
                            25.563812255859375,
                            56.1424892190998
                        ],
                        [
                            25.583038330078125,
                            56.13636792495876
                        ],
                        [
                            25.65582275390625,
                            56.13560269465829
                        ],
                        [
                            25.675048828125,
                            56.14784455196986
                        ],
                        [
                            25.672302246093746,
                            56.13177631470135
                        ],
                        [
                            25.701141357421875,
                            56.12106042504407
                        ],
                        [
                            25.69427490234375,
                            56.10421513732823
                        ],
                        [
                            25.68191528320312,
                            56.08659626958982
                        ],
                        [
                            25.712127685546875,
                            56.082765014169944
                        ],
                        [
                            25.7574462890625,
                            56.06513633113617
                        ],
                        [
                            25.8123779296875,
                            56.05823595559604
                        ],
                        [
                            25.85506742301783,
                            56.02885608555825
                        ],
                        [
                            25.856309256462225,
                            56.001452700329764
                        ],
                        [
                            25.92498779296875,
                            55.995308966233
                        ],
                        [
                            26.04456900426156,
                            55.95311650862553
                        ],
                        [
                            26.04732816520388,
                            55.942908245923824
                        ],
                        [
                            26.117662479637715,
                            55.880761384515914
                        ],
                        [
                            26.21506265562786,
                            55.850518243086064
                        ],
                        [
                            26.23260498046875,
                            55.80899899270488
                        ],
                        [
                            26.30401611328125,
                            55.74566603524846
                        ],
                        [
                            26.34521484375,
                            55.74102787471819
                        ],
                        [
                            26.383666992187496,
                            55.70854531198258
                        ],
                        [
                            26.44134521484375,
                            55.70854531198258
                        ],
                        [
                            26.50177001953125,
                            55.688423515539995
                        ],
                        [
                            26.52615082800284,
                            55.67835046177605
                        ],
                        [
                            26.575927734375,
                            55.677584411089526
                        ],
                        [
                            26.631483387683378,
                            55.681069756785845
                        ],
                        [
                            26.63532257080081,
                            55.69345493579808
                        ],
                        [
                            26.6401290893555,
                            55.70738472066833
                        ],
                        [
                            26.71291351318362,
                            55.70428964195774
                        ],
                        [
                            26.736946105957056,
                            55.68687525596441
                        ],
                        [
                            26.77883148193362,
                            55.68068160461298
                        ],
                        [
                            26.790504455566435,
                            55.6957769113861
                        ],
                        [
                            26.82483673095707,
                            55.70351583397485
                        ],
                        [
                            26.861915588378928,
                            55.71125322432156
                        ],
                        [
                            26.87290191650393,
                            55.72904340814379
                        ],
                        [
                            26.893501281738313,
                            55.745279542927555
                        ],
                        [
                            26.909980773925813,
                            55.787770751411415
                        ],
                        [
                            26.942939758300806,
                            55.78545424314186
                        ],
                        [
                            26.959419250488317,
                            55.80243877195432
                        ],
                        [
                            26.980018615722685,
                            55.81787282598112
                        ],
                        [
                            27.00473785400394,
                            55.82713032103627
                        ],
                        [
                            27.044563293457056,
                            55.82713032103627
                        ],
                        [
                            27.07340240478518,
                            55.82481615378435
                        ],
                        [
                            27.089881896972678,
                            55.82481615378435
                        ],
                        [
                            27.096748352050806,
                            55.841783516875495
                        ],
                        [
                            27.125587463378935,
                            55.84718067096578
                        ],
                        [
                            27.184638977050806,
                            55.83175824254291
                        ],
                        [
                            27.24643707275395,
                            55.79471944978465
                        ],
                        [
                            27.280769348144574,
                            55.78545424314186
                        ],
                        [
                            27.335700988769595,
                            55.79780736228199
                        ],
                        [
                            27.35767364501957,
                            55.81015656396539
                        ],
                        [
                            27.396125793457095,
                            55.80398245276403
                        ],
                        [
                            27.50324249267583,
                            55.78622642787003
                        ],
                        [
                            27.60349273681646,
                            55.78545424314186
                        ],
                        [
                            27.636451721191445,
                            55.84024133521293
                        ],
                        [
                            27.625465393066452,
                            55.89110103788525
                        ],
                        [
                            27.65018463134771,
                            55.91111839753781
                        ],
                        [
                            27.650184631347713,
                            55.93035611867188
                        ],
                        [
                            27.716102600097717,
                            55.96034790217981
                        ],
                        [
                            27.743568420410213,
                            55.977256098736774
                        ],
                        [
                            27.764167785644585,
                            55.97341397558883
                        ],
                        [
                            27.79438018798832,
                            55.98032952249636
                        ],
                        [
                            27.80673980712898,
                            56.00106874556049
                        ],
                        [
                            27.825965881347706,
                            56.02026181132598
                        ],
                        [
                            27.80261993408208,
                            56.031773074099384
                        ],
                        [
                            27.828712463378956,
                            56.037911010971676
                        ],
                        [
                            27.894630432128977,
                            56.05095088603822
                        ],
                        [
                            27.924842834472713,
                            56.0685860558204
                        ],
                        [
                            27.928962707519585,
                            56.08697937417545
                        ],
                        [
                            27.957801818847717,
                            56.108427150562505
                        ],
                        [
                            27.98389434814458,
                            56.12220869888241
                        ],
                        [
                            28.03333282470708,
                            56.11761539787813
                        ],
                        [
                            28.055305480957088,
                            56.134454820651065
                        ],
                        [
                            28.08689117431646,
                            56.139046111076
                        ],
                        [
                            28.10749053955083,
                            56.15970013384153
                        ],
                        [
                            28.150984577738356,
                            56.169686379100376
                        ],
                        [
                            28.182678222656246,
                            56.18072522942644
                        ],
                        [
                            28.182678222656246,
                            56.203648570004034
                        ],
                        [
                            28.201904296875,
                            56.21128664026271
                        ],
                        [
                            28.18817138671875,
                            56.226558216883134
                        ],
                        [
                            28.243103027343746,
                            56.270811388414565
                        ],
                        [
                            28.196411132812496,
                            56.34851191574352
                        ],
                        [
                            28.1634521484375,
                            56.37893958030554
                        ],
                        [
                            28.19091796875,
                            56.401744392758964
                        ],
                        [
                            28.19091796875,
                            56.444276846622905
                        ],
                        [
                            28.149719238281246,
                            56.480695390196296
                        ],
                        [
                            28.12774658203125,
                            56.507986384242884
                        ],
                        [
                            28.10028076171875,
                            56.50647073300265
                        ],
                        [
                            28.10028076171875,
                            56.53525774684848
                        ],
                        [
                            28.1414794921875,
                            56.547372053078966
                        ],
                        [
                            28.13873291015625,
                            56.579153669608466
                        ],
                        [
                            28.048095703124996,
                            56.586716786451156
                        ],
                        [
                            28.015136718749996,
                            56.63357434738749
                        ],
                        [
                            27.99591064453125,
                            56.68791664640485
                        ],
                        [
                            27.894287109374996,
                            56.74971110497152
                        ],
                        [
                            27.9107666015625,
                            56.772293472653445
                        ],
                        [
                            27.9437255859375,
                            56.77379848097407
                        ],
                        [
                            27.9437255859375,
                            56.79937439008826
                        ],
                        [
                            27.97393798828125,
                            56.8129075187002
                        ],
                        [
                            27.97119140625,
                            56.83695435196053
                        ],
                        [
                            27.905095194036136,
                            56.82245318776492
                        ],
                        [
                            27.89154052734375,
                            56.850473912532856
                        ],
                        [
                            27.869190856703398,
                            56.87844112818095
                        ],
                        [
                            27.7679443359375,
                            56.8609857506449
                        ],
                        [
                            27.6470947265625,
                            56.84146141472321
                        ],
                        [
                            27.69378662109375,
                            56.912001251183156
                        ],
                        [
                            27.73223876953125,
                            56.916499275766704
                        ],
                        [
                            27.762451171875,
                            57.00485033534416
                        ],
                        [
                            27.71575927734375,
                            57.00485033534416
                        ],
                        [
                            27.762451171875,
                            57.08254550582424
                        ],
                        [
                            27.71575927734375,
                            57.09896020435966
                        ],
                        [
                            27.74871826171875,
                            57.10492738413559
                        ],
                        [
                            27.745971679687496,
                            57.125804948722575
                        ],
                        [
                            27.82562255859375,
                            57.15411997029898
                        ],
                        [
                            27.833862304687496,
                            57.21365975961655
                        ],
                        [
                            27.86407470703125,
                            57.29685437021898
                        ],
                        [
                            27.828369140625,
                            57.32355561685943
                        ],
                        [
                            27.787170410156246,
                            57.326521225217064
                        ],
                        [
                            27.773437499999996,
                            57.35171923472911
                        ],
                        [
                            27.72125244140625,
                            57.3650523595918
                        ],
                        [
                            27.68829345703125,
                            57.3872634719874
                        ],
                        [
                            27.60040283203125,
                            57.41685736898832
                        ],
                        [
                            27.56744384765625,
                            57.41685736898832
                        ],
                        [
                            27.518005371093746,
                            57.431645355186646
                        ],
                        [
                            27.5592041015625,
                            57.50106890607948
                        ],
                        [
                            27.55645751953125,
                            57.534994095666086
                        ],
                        [
                            27.518005371093746,
                            57.53941679447497
                        ],
                        [
                            27.410888671874996,
                            57.52467237801596
                        ],
                        [
                            27.38067626953125,
                            57.53057086019259
                        ],
                        [
                            27.351912185416126,
                            57.51817839521394
                        ],
                        [
                            27.349976438547124,
                            57.51790529347707
                        ],
                        [
                            27.346879146106104,
                            57.521624365649735
                        ],
                        [
                            27.32628139611876,
                            57.52307437201863
                        ],
                        [
                            27.297979052003143,
                            57.53883008428634
                        ],
                        [
                            27.27912045169488,
                            57.5383055050104
                        ],
                        [
                            27.26298908561253,
                            57.54949044300861
                        ],
                        [
                            27.223874476424996,
                            57.55254935411954
                        ],
                        [
                            27.19294156991299,
                            57.55024285799378
                        ],
                        [
                            27.159687598699094,
                            57.560297368065214
                        ],
                        [
                            27.100979441381753,
                            57.56596249741949
                        ],
                        [
                            27.067362833208065,
                            57.58124136189869
                        ],
                        [
                            27.035564381184287,
                            57.584334933626515
                        ],
                        [
                            27.043504303485534,
                            57.59670840055985
                        ],
                        [
                            27.031899047174335,
                            57.60494165657728
                        ],
                        [
                            26.99470417011827,
                            57.60483525067434
                        ],
                        [
                            26.99387241606462,
                            57.60935582308527
                        ],
                        [
                            26.976474171899383,
                            57.613520870783034
                        ],
                        [
                            26.970004212442177,
                            57.60421103340336
                        ],
                        [
                            26.942548066031293,
                            57.60254787459461
                        ],
                        [
                            26.950362294797117,
                            57.620875855003185
                        ],
                        [
                            26.9292697285141,
                            57.622423246718995
                        ],
                        [
                            26.92726780180783,
                            57.633219682473
                        ],
                        [
                            26.90826416015625,
                            57.633639928856965
                        ],
                        [
                            26.860198974609375,
                            57.611578274053905
                        ],
                        [
                            26.861572265625,
                            57.592447334458846
                        ],
                        [
                            26.82174682617176,
                            57.58214188935998
                        ],
                        [
                            26.8011474609375,
                            57.58214188935998
                        ],
                        [
                            26.792505225422047,
                            57.572892892461965
                        ],
                        [
                            26.78044747334704,
                            57.580148966194535
                        ],
                        [
                            26.777801513671875,
                            57.56152223990702
                        ],
                        [
                            26.75509190073646,
                            57.56119844754925
                        ],
                        [
                            26.771706026358657,
                            57.574617195426804
                        ],
                        [
                            26.748576918461865,
                            57.57767850956134
                        ],
                        [
                            26.738713030904194,
                            57.58785179703341
                        ],
                        [
                            26.73002048421114,
                            57.58062349894095
                        ],
                        [
                            26.73709703948984,
                            57.57503382426307
                        ],
                        [
                            26.73090837442936,
                            57.56983930104395
                        ],
                        [
                            26.724870995622645,
                            57.57157736146068
                        ],
                        [
                            26.711464049960014,
                            57.56699208898824
                        ],
                        [
                            26.69865233566034,
                            57.569678153621595
                        ],
                        [
                            26.6748046875,
                            57.5652051768538
                        ],
                        [
                            26.669311523437386,
                            57.55489201463186
                        ],
                        [
                            26.648712158203125,
                            57.552681671301556
                        ],
                        [
                            26.615318084209207,
                            57.52963577726936
                        ],
                        [
                            26.61712646484375,
                            57.5106596582981
                        ],
                        [
                            26.59130179153385,
                            57.51600252982376
                        ],
                        [
                            26.585540771484375,
                            57.537942621165705
                        ],
                        [
                            26.566314697265625,
                            57.530732906994785
                        ],
                        [
                            26.559774206681574,
                            57.52538632237548
                        ],
                        [
                            26.56723589312311,
                            57.51885265995087
                        ],
                        [
                            26.558576652067444,
                            57.514095787889104
                        ],
                        [
                            26.522871085661237,
                            57.51638884911054
                        ],
                        [
                            26.50006226125194,
                            57.52442047715298
                        ],
                        [
                            26.492459554929027,
                            57.54400935976166
                        ],
                        [
                            26.469380758209837,
                            57.575659038159614
                        ],
                        [
                            26.402022887167533,
                            57.57251597859297
                        ],
                        [
                            26.34521484375,
                            57.583614274541404
                        ],
                        [
                            26.330309181848264,
                            57.57957374479879
                        ],
                        [
                            26.3131926498894,
                            57.58422503447357
                        ],
                        [
                            26.308236608683302,
                            57.59354258455192
                        ],
                        [
                            26.283416748046875,
                            57.592447334458846
                        ],
                        [
                            26.24792661012684,
                            57.62009908235281
                        ],
                        [
                            26.253706046598694,
                            57.62564601210158
                        ],
                        [
                            26.239471435546875,
                            57.634375086633014
                        ],
                        [
                            26.24888021108243,
                            57.635406942547064
                        ],
                        [
                            26.242075939535155,
                            57.64630071239944
                        ],
                        [
                            26.230678266498018,
                            57.64797170260974
                        ],
                        [
                            26.24325684133055,
                            57.65131407299262
                        ],
                        [
                            26.239672680258195,
                            57.657999927887694
                        ],
                        [
                            26.213747384592182,
                            57.66573929540183
                        ],
                        [
                            26.21063232421875,
                            57.679191573910416
                        ],
                        [
                            26.180017432453297,
                            57.6872135690053
                        ],
                        [
                            26.20423496983895,
                            57.71529468660484
                        ],
                        [
                            26.17754011729137,
                            57.72817277162788
                        ],
                        [
                            26.142370262860112,
                            57.73377082284057
                        ],
                        [
                            26.136675854086292,
                            57.750861254914355
                        ],
                        [
                            26.071895920562014,
                            57.766014475442525
                        ],
                        [
                            26.057878148878544,
                            57.761878093663796
                        ],
                        [
                            26.048650595651708,
                            57.76206610345212
                        ],
                        [
                            26.036660478294532,
                            57.772210370030635
                        ],
                        [
                            26.02356492590885,
                            57.76938394773053
                        ],
                        [
                            26.019482521705232,
                            57.77237825257245
                        ],
                        [
                            26.027530760378774,
                            57.774829827156566
                        ],
                        [
                            26.024466363903414,
                            57.78287769362748
                        ],
                        [
                            26.03319327439646,
                            57.7897494019455
                        ],
                        [
                            26.04044627151862,
                            57.81115389029901
                        ],
                        [
                            26.0595703125,
                            57.83817241512891
                        ],
                        [
                            26.055782205820464,
                            57.84870913487259
                        ],
                        [
                            26.037192457795527,
                            57.850070110829435
                        ],
                        [
                            26.01959800886948,
                            57.84648768699366
                        ],
                        [
                            26.01242699396559,
                            57.85776885586419
                        ],
                        [
                            25.99895241808713,
                            57.859341165298524
                        ],
                        [
                            25.960546495199083,
                            57.84517792295344
                        ],
                        [
                            25.9324253296858,
                            57.85336863662903
                        ],
                        [
                            25.896873365162463,
                            57.85091142235993
                        ],
                        [
                            25.888526242731984,
                            57.84686542151187
                        ],
                        [
                            25.88349196529311,
                            57.84979397346592
                        ],
                        [
                            25.887083613395433,
                            57.855900304563036
                        ],
                        [
                            25.87674107408383,
                            57.85935877456433
                        ],
                        [
                            25.875687993048217,
                            57.86493518761419
                        ],
                        [
                            25.858553155661525,
                            57.856668963528456
                        ],
                        [
                            25.81966860222707,
                            57.86488163303873
                        ],
                        [
                            25.78601069104431,
                            57.897983958908554
                        ],
                        [
                            25.78851531386465,
                            57.90428127072609
                        ],
                        [
                            25.77265547427294,
                            57.91315051484798
                        ],
                        [
                            25.754473270114723,
                            57.91708485049719
                        ],
                        [
                            25.737351311084595,
                            57.9242491671318
                        ],
                        [
                            25.726994571447023,
                            57.921662192200785
                        ],
                        [
                            25.720463976502415,
                            57.91196516106222
                        ],
                        [
                            25.70232155871369,
                            57.90314989343911
                        ],
                        [
                            25.678836934804536,
                            57.904154090958286
                        ],
                        [
                            25.678181589603554,
                            57.91185181982632
                        ],
                        [
                            25.648956298828125,
                            57.91630666417919
                        ],
                        [
                            25.639158359528892,
                            57.9305400796789
                        ],
                        [
                            25.58088441601413,
                            57.94415718032497
                        ],
                        [
                            25.592274090627967,
                            57.95521736428376
                        ],
                        [
                            25.5899171369244,
                            57.96456584710451
                        ],
                        [
                            25.574852090237272,
                            57.9734571992295
                        ],
                        [
                            25.5646340333938,
                            57.9679088500082
                        ],
                        [
                            25.56583172109461,
                            57.96293156189046
                        ],
                        [
                            25.557026743357653,
                            57.96074618582093
                        ],
                        [
                            25.552825927734375,
                            57.97242916473158
                        ],
                        [
                            25.526694293543983,
                            57.972186092415726
                        ],
                        [
                            25.521240234375,
                            57.968059136164094
                        ],
                        [
                            25.51283311044115,
                            57.96909090287461
                        ],
                        [
                            25.52251886465237,
                            57.97469208314993
                        ],
                        [
                            25.519920449613153,
                            57.979725921421604
                        ],
                        [
                            25.485615610545096,
                            57.97462852855146
                        ],
                        [
                            25.477858787123537,
                            57.98270843736877
                        ],
                        [
                            25.443824212110172,
                            57.995812769803244
                        ],
                        [
                            25.449250834954043,
                            58.00084249860991
                        ],
                        [
                            25.46630859375,
                            58.0051873997123
                        ],
                        [
                            25.447929683798776,
                            58.01680419057267
                        ],
                        [
                            25.40887319882404,
                            58.028649154956106
                        ],
                        [
                            25.36712602926015,
                            58.02929170311795
                        ],
                        [
                            25.356395222231498,
                            58.04065397950092
                        ],
                        [
                            25.326317951914064,
                            58.063375373582986
                        ],
                        [
                            25.295545121948294,
                            58.08147534652749
                        ],
                        [
                            25.28657886573393,
                            58.08161186943272
                        ],
                        [
                            25.281055856659407,
                            58.07001512827495
                        ],
                        [
                            25.265717505046723,
                            58.06712446861341
                        ],
                        [
                            25.264958805356002,
                            58.059891350821694
                        ],
                        [
                            25.2787121805123,
                            58.0510213854335
                        ],
                        [
                            25.293881055853802,
                            58.045823139117374
                        ],
                        [
                            25.304401803925032,
                            58.034529190761134
                        ],
                        [
                            25.300859322831798,
                            58.01506268888372
                        ],
                        [
                            25.29717529171984,
                            58.01419039883345
                        ],
                        [
                            25.302263631138544,
                            58.000152850696374
                        ],
                        [
                            25.29474501212454,
                            57.99937888775456
                        ],
                        [
                            25.302230695086116,
                            57.99365398959434
                        ],
                        [
                            25.292289257729138,
                            57.992856689161506
                        ],
                        [
                            25.282881084394973,
                            57.98976180081397
                        ],
                        [
                            25.278241270863916,
                            57.99306858760413
                        ],
                        [
                            25.267090156476627,
                            57.994724808281376
                        ],
                        [
                            25.256111929191746,
                            57.993835906695004
                        ],
                        [
                            25.255679178295267,
                            58.00401153481589
                        ],
                        [
                            25.245337926094294,
                            58.00308601781831
                        ],
                        [
                            25.228663075026645,
                            58.017688530776645
                        ],
                        [
                            25.24620274943753,
                            58.018885111440696
                        ],
                        [
                            25.24467265843211,
                            58.020919401588614
                        ],
                        [
                            25.240807533726404,
                            58.020836267723546
                        ],
                        [
                            25.24019822262913,
                            58.0222311309289
                        ],
                        [
                            25.236188903055414,
                            58.0226561375825
                        ],
                        [
                            25.236356309549976,
                            58.024491468970986
                        ],
                        [
                            25.227574844438692,
                            58.02481229581892
                        ],
                        [
                            25.225453773041295,
                            58.02170986132577
                        ],
                        [
                            25.219537211819784,
                            58.02929870758862
                        ],
                        [
                            25.21661644933907,
                            58.04152677334031
                        ],
                        [
                            25.225509639092166,
                            58.047059209931355
                        ],
                        [
                            25.22841229924728,
                            58.050641235011526
                        ],
                        [
                            25.228264131816786,
                            58.05347396522121
                        ],
                        [
                            25.22184864599022,
                            58.05326181160936
                        ],
                        [
                            25.221479671148558,
                            58.050490071279626
                        ],
                        [
                            25.21739288461174,
                            58.04927825737666
                        ],
                        [
                            25.21601683638645,
                            58.059412547413515
                        ],
                        [
                            25.21250125350521,
                            58.06216383525084
                        ],
                        [
                            25.205470087742555,
                            58.061465760188185
                        ],
                        [
                            25.203686824681256,
                            58.06499086809008
                        ],
                        [
                            25.21665493492894,
                            58.07387712253577
                        ],
                        [
                            25.211855605202146,
                            58.080794947554466
                        ],
                        [
                            25.199447078162592,
                            58.085567960911355
                        ]
                    ]
                ],
                "type": "Polygon"
            },
            "properties": {}
        }
    ]
}