{
    "type": "FeatureCollection",
    "features": [
        {
            "type": "Feature",
            "properties": {},
            "geometry": {
                "coordinates": [
                    [
                        [
                            11.56585693359375,
                            33.180088650285235
                        ],
                        [
                            11.56036376953125,
                            33.144450560077985
                        ],
                        [
                            11.53019270213278,
                            33.083979514054334
                        ],
                        [
                            11.520002921715758,
                            32.98378211501608
                        ],
                        [
                            11.488156089012278,
                            32.89183337725191
                        ],
                        [
                            11.50541034305823,
                            32.84943833169691
                        ],
                        [
                            11.48895263671875,
                            32.76912716543877
                        ],
                        [
                            11.49740129428963,
                            32.70314812875779
                        ],
                        [
                            11.48398398809533,
                            32.65479581956822
                        ],
                        [
                            11.510853516000054,
                            32.60529960861647
                        ],
                        [
                            11.56249227330892,
                            32.57572377782155
                        ],
                        [
                            11.604035931389603,
                            32.52223494075891
                        ],
                        [
                            11.608470290023348,
                            32.4591893567481
                        ],
                        [
                            11.553508207376382,
                            32.409694477061535
                        ],
                        [
                            11.522980201070707,
                            32.400684226363204
                        ],
                        [
                            11.419952932875304,
                            32.35159147294299
                        ],
                        [
                            11.350302472009133,
                            32.315434466380616
                        ],
                        [
                            11.167241272067557,
                            32.262996442828126
                        ],
                        [
                            11.066575296314085,
                            32.219611986792046
                        ],
                        [
                            10.978941482571187,
                            32.178809788993135
                        ],
                        [
                            10.858601167622112,
                            32.10396730735292
                        ],
                        [
                            10.855157047160503,
                            32.08204816223365
                        ],
                        [
                            10.791331693704478,
                            31.999355571580494
                        ],
                        [
                            10.756002615305732,
                            31.986338829258695
                        ],
                        [
                            10.745440674969771,
                            31.988511739674614
                        ],
                        [
                            10.720412397559755,
                            31.96881188184388
                        ],
                        [
                            10.659872244211954,
                            31.980656874472697
                        ],
                        [
                            10.633444561854361,
                            31.95823737073806
                        ],
                        [
                            10.617311115650834,
                            31.916273385614836
                        ],
                        [
                            10.634754732076743,
                            31.878812706298167
                        ],
                        [
                            10.563291371395678,
                            31.800522772357073
                        ],
                        [
                            10.558678543305632,
                            31.774180230782715
                        ],
                        [
                            10.528277896957349,
                            31.742486174169716
                        ],
                        [
                            10.50387202589178,
                            31.742557060995498
                        ],
                        [
                            10.456976107158468,
                            31.729890152823227
                        ],
                        [
                            10.384921341346256,
                            31.740760391517245
                        ],
                        [
                            10.302450985065292,
                            31.699372062911852
                        ],
                        [
                            10.228315056069674,
                            31.59663984256489
                        ],
                        [
                            10.20921298668506,
                            31.564888911580358
                        ],
                        [
                            10.127287813319697,
                            31.47799294214166
                        ],
                        [
                            10.143514822337039,
                            31.441498477474685
                        ],
                        [
                            10.15341078463851,
                            31.393663572731526
                        ],
                        [
                            10.233135677261316,
                            31.20166542749586
                        ],
                        [
                            10.253430331455489,
                            31.1805181672585
                        ],
                        [
                            10.250071117632302,
                            31.165922820710787
                        ],
                        [
                            10.26054926970383,
                            31.11474446083462
                        ],
                        [
                            10.283186785615854,
                            31.082457226382253
                        ],
                        [
                            10.271230886790164,
                            31.03885992002187
                        ],
                        [
                            10.298759827895962,
                            30.900119908181132
                        ],
                        [
                            10.272893115688163,
                            30.819102557244754
                        ],
                        [
                            10.21090234617452,
                            30.708256866003467
                        ],
                        [
                            10.175655850425471,
                            30.686350819752672
                        ],
                        [
                            10.083384358240409,
                            30.569648313175435
                        ],
                        [
                            10.021925162820153,
                            30.507664384208383
                        ],
                        [
                            9.998005987034112,
                            30.444399737708203
                        ],
                        [
                            9.932414326494442,
                            30.378995868908543
                        ],
                        [
                            9.87618699609962,
                            30.34149685515402
                        ],
                        [
                            9.824548500127719,
                            30.337989542976512
                        ],
                        [
                            9.77667598839028,
                            30.32239247189372
                        ],
                        [
                            9.667211823686472,
                            30.278715640553052
                        ],
                        [
                            9.63233298567502,
                            30.253286493059246
                        ],
                        [
                            9.559958500383033,
                            30.230594564932193
                        ],
                        [
                            9.4207763671875,
                            30.173624550358536
                        ],
                        [
                            9.39056396484375,
                            30.171250084367482
                        ],
                        [
                            9.396057128906248,
                            30.116621582819377
                        ],
                        [
                            9.426269531249998,
                            30.007273923504556
                        ],
                        [
                            9.5361328125,
                            29.90732937685153
                        ],
                        [
                            9.77783203125,
                            29.408497744069077
                        ],
                        [
                            9.8876953125,
                            28.837455983116197
                        ],
                        [
                            9.90692138671875,
                            28.738763971370293
                        ],
                        [
                            9.832763671875,
                            28.289870471423562
                        ],
                        [
                            9.96185302734375,
                            27.86336037597851
                        ],
                        [
                            9.9481201171875,
                            27.831789750079267
                        ],
                        [
                            9.94537353515625,
                            27.73459177166548
                        ],
                        [
                            9.895935058593748,
                            27.622706835797327
                        ],
                        [
                            9.8712158203125,
                            27.593500626364456
                        ],
                        [
                            9.832763671875,
                            27.583763493386023
                        ],
                        [
                            9.81353759765625,
                            27.571590861376308
                        ],
                        [
                            9.8876953125,
                            27.569156172901426
                        ],
                        [
                            9.86846923828125,
                            27.510707451811573
                        ],
                        [
                            9.810791015625,
                            27.481471437465334
                        ],
                        [
                            9.7943115234375,
                            27.388839545525904
                        ],
                        [
                            9.788818359374998,
                            27.335175050009422
                        ],
                        [
                            9.805297851562498,
                            27.181355765758898
                        ],
                        [
                            9.849243164062498,
                            26.953901335053224
                        ],
                        [
                            9.92340087890625,
                            26.851029008675006
                        ],
                        [
                            9.898681640625,
                            26.728439943649306
                        ],
                        [
                            9.9151611328125,
                            26.64009391980515
                        ],
                        [
                            9.86297607421875,
                            26.522192867724723
                        ],
                        [
                            9.51416015625,
                            26.384488478587272
                        ],
                        [
                            9.459228515625,
                            26.249083096330665
                        ],
                        [
                            9.404296875,
                            26.194876675795218
                        ],
                        [
                            10.03326416015625,
                            25.351472502592568
                        ],
                        [
                            10.0360107421875,
                            24.948709386318527
                        ],
                        [
                            10.1898193359375,
                            24.704420062373362
                        ],
                        [
                            10.20904541015625,
                            24.666986385216273
                        ],
                        [
                            10.30242919921875,
                            24.582095141363695
                        ],
                        [
                            10.38482666015625,
                            24.50714328310284
                        ],
                        [
                            10.59906005859375,
                            24.539627918861232
                        ],
                        [
                            10.601806640625,
                            24.57210414801684
                        ],
                        [
                            10.67047119140625,
                            24.574601971051052
                        ],
                        [
                            10.7281494140625,
                            24.577099744289427
                        ],
                        [
                            10.76385498046875,
                            24.51464048322418
                        ],
                        [
                            10.78857421875,
                            24.544624809190402
                        ],
                        [
                            10.81878662109375,
                            24.57210414801684
                        ],
                        [
                            10.983581542968748,
                            24.52213723599524
                        ],
                        [
                            11.074218749999998,
                            24.41714202537204
                        ],
                        [
                            11.423034667968748,
                            24.206889622398023
                        ],
                        [
                            11.5960693359375,
                            24.26699728841817
                        ],
                        [
                            11.994242488392556,
                            23.520615520405308
                        ],
                        [
                            13.4527587890625,
                            23.2060096376488
                        ],
                        [
                            13.60107421875,
                            23.142885569598484
                        ],
                        [
                            14.23828125,
                            22.61401087437029
                        ],
                        [
                            14.997711181640625,
                            23.00264393626796
                        ],
                        [
                            16.000463254309636,
                            23.451107193137634
                        ],
                        [
                            19.090750463004525,
                            21.99705812175719
                        ],
                        [
                            22.209366479798177,
                            20.436375968929912
                        ],
                        [
                            23.9996337890625,
                            19.507204760309605
                        ],
                        [
                            24.005126953125,
                            19.993998469485504
                        ],
                        [
                            25.015869140625,
                            19.993998469485504
                        ],
                        [
                            25.00005355735553,
                            21.999466920414207
                        ],
                        [
                            24.9993896484375,
                            29.257648503615542
                        ],
                        [
                            24.884033203125,
                            29.492206334848714
                        ],
                        [
                            24.906005859375,
                            29.64509464986076
                        ],
                        [
                            24.819995163446634,
                            29.786624565012662
                        ],
                        [
                            24.840087890625,
                            29.897805610155874
                        ],
                        [
                            24.697265625,
                            30.173624550358536
                        ],
                        [
                            24.78388515955912,
                            30.32476251861665
                        ],
                        [
                            24.926752108738157,
                            30.494394936492434
                        ],
                        [
                            25.017072097349427,
                            30.781217753572253
                        ],
                        [
                            24.873046875,
                            31.16580958786196
                        ],
                        [
                            24.886009940164882,
                            31.27554938226387
                        ],
                        [
                            24.862060546874886,
                            31.363018491291182
                        ],
                        [
                            24.860133067291457,
                            31.40638534442538
                        ],
                        [
                            24.971975415263657,
                            31.493643097053447
                        ],
                        [
                            25.07513247889534,
                            31.551275406568806
                        ],
                        [
                            25.072220188631466,
                            31.584850336642038
                        ],
                        [
                            25.085688527241366,
                            31.619297402724534
                        ],
                        [
                            25.133612885205835,
                            31.66964899954681
                        ],
                        [
                            25.17059371611893,
                            31.67970986301752
                        ],
                        [
                            25.05157470703125,
                            31.863562548378965
                        ],
                        [
                            25.048828125,
                            31.959153316146658
                        ],
                        [
                            24.818115234375,
                            32.010404958190534
                        ],
                        [
                            24.66705322265625,
                            32.043004727893994
                        ],
                        [
                            24.51873779296875,
                            32.010404958190534
                        ],
                        [
                            24.161682128906246,
                            32.02903481873586
                        ],
                        [
                            24.027099609375,
                            32.0639555946604
                        ],
                        [
                            23.9776611328125,
                            32.11282228909441
                        ],
                        [
                            23.692016601562496,
                            32.19653293006282
                        ],
                        [
                            23.46954345703125,
                            32.18723554514386
                        ],
                        [
                            23.31024169921875,
                            32.23603621746476
                        ],
                        [
                            23.2196044921875,
                            32.30106302536928
                        ],
                        [
                            23.11798095703125,
                            32.34748220321868
                        ],
                        [
                            23.1866455078125,
                            32.45183828577544
                        ],
                        [
                            23.101501464843746,
                            32.54681317351514
                        ],
                        [
                            23.1591796875,
                            32.62318347873869
                        ],
                        [
                            23.05206298828125,
                            32.664812573810586
                        ],
                        [
                            22.401123046875,
                            32.88189375925038
                        ],
                        [
                            22.20611572265625,
                            32.90495631913751
                        ],
                        [
                            22.17864990234375,
                            32.94875863715422
                        ],
                        [
                            22.074279785156246,
                            32.94414888814148
                        ],
                        [
                            21.73919677734375,
                            32.95106342152381
                        ],
                        [
                            21.5936279296875,
                            32.93492866908233
                        ],
                        [
                            21.42059326171875,
                            32.8334428466495
                        ],
                        [
                            21.01959228515625,
                            32.7872745269555
                        ],
                        [
                            20.390625,
                            32.50281289041497
                        ],
                        [
                            20.00335693359375,
                            32.13375715632646
                        ],
                        [
                            19.89349365234375,
                            31.963813739260456
                        ],
                        [
                            19.89898681640625,
                            31.76086695137955
                        ],
                        [
                            19.95941162109375,
                            31.421631960419596
                        ],
                        [
                            20.10498046875,
                            31.259769987394286
                        ],
                        [
                            20.154418945312496,
                            31.11879439598953
                        ],
                        [
                            19.97039794921875,
                            30.80083339188406
                        ],
                        [
                            19.745178222656246,
                            30.55043513509528
                        ],
                        [
                            19.412841796875,
                            30.370505537135568
                        ],
                        [
                            19.18212890625,
                            30.294646395871705
                        ],
                        [
                            18.9678955078125,
                            30.308874460573502
                        ],
                        [
                            18.7591552734375,
                            30.403675423321417
                        ],
                        [
                            18.44879150390625,
                            30.619004797647808
                        ],
                        [
                            18.25653076171875,
                            30.786677249436945
                        ],
                        [
                            18.127441406249996,
                            30.831497881307918
                        ],
                        [
                            17.918701171875,
                            30.869225348040825
                        ],
                        [
                            17.885742187499996,
                            30.925788712587014
                        ],
                        [
                            17.7099609375,
                            30.979963897240086
                        ],
                        [
                            17.462768554687496,
                            31.057639814130123
                        ],
                        [
                            17.35015869140625,
                            31.107036956407075
                        ],
                        [
                            16.71295166015625,
                            31.240985378021307
                        ],
                        [
                            16.4190673828125,
                            31.24333365856142
                        ],
                        [
                            16.13067626953125,
                            31.280898205011585
                        ],
                        [
                            15.8203125,
                            31.3864682695423
                        ],
                        [
                            15.633544921875,
                            31.529385064020936
                        ],
                        [
                            15.468749999999998,
                            31.774877618507386
                        ],
                        [
                            15.3973388671875,
                            31.984782715952374
                        ],
                        [
                            15.375366210937498,
                            32.15933769278929
                        ],
                        [
                            15.29022216796875,
                            32.35444302709291
                        ],
                        [
                            15.1776123046875,
                            32.42170336417894
                        ],
                        [
                            14.7216796875,
                            32.47037784543607
                        ],
                        [
                            14.47723388671875,
                            32.53986719301091
                        ],
                        [
                            14.24102783203125,
                            32.71566625570318
                        ],
                        [
                            14.02130126953125,
                            32.75494243654723
                        ],
                        [
                            13.853759765625,
                            32.810361684869015
                        ],
                        [
                            13.62030029296875,
                            32.81728666309672
                        ],
                        [
                            13.3648681640625,
                            32.91879097277371
                        ],
                        [
                            13.216552734375,
                            32.93262346411481
                        ],
                        [
                            13.0517578125,
                            32.88420028540548
                        ],
                        [
                            12.744140625,
                            32.812670070909164
                        ],
                        [
                            12.4530029296875,
                            32.84267363195431
                        ],
                        [
                            12.238769531249998,
                            32.88420028540548
                        ],
                        [
                            11.9915771484375,
                            33.02478477990269
                        ],
                        [
                            11.810302734375,
                            33.112248870481594
                        ],
                        [
                            11.62628173828125,
                            33.165145408240285
                        ],
                        [
                            11.56585693359375,
                            33.180088650285235
                        ]
                    ]
                ],
                "type": "Polygon"
            }
        }
    ]
}