{
    "type": "FeatureCollection",
    "features": [
        {
            "type": "Feature",
            "properties": {},
            "geometry": {
                "coordinates": [
                    [
                        [
                            9.530100610080837,
                            47.27065164618086
                        ],
                        [
                            9.530402076354193,
                            47.26258891857858
                        ],
                        [
                            9.520426525789944,
                            47.24377173503659
                        ],
                        [
                            9.507637023925781,
                            47.2288945564232
                        ],
                        [
                            9.501390331273967,
                            47.22004208635694
                        ],
                        [
                            9.499804245463935,
                            47.21131021479144
                        ],
                        [
                            9.489731851574916,
                            47.19714253268577
                        ],
                        [
                            9.485902912134348,
                            47.18141998050923
                        ],
                        [
                            9.491262310034557,
                            47.16288042686528
                        ],
                        [
                            9.499893557449994,
                            47.149722740868114
                        ],
                        [
                            9.507821317040396,
                            47.14188721929892
                        ],
                        [
                            9.519883304400196,
                            47.10185993425323
                        ],
                        [
                            9.515206840085881,
                            47.085748144362846
                        ],
                        [
                            9.492497573404421,
                            47.073840431267584
                        ],
                        [
                            9.471027124803697,
                            47.06431392108174
                        ],
                        [
                            9.47596990810726,
                            47.051679158277544
                        ],
                        [
                            9.476782899466833,
                            47.05207093963561
                        ],
                        [
                            9.476534027796035,
                            47.0539096802063
                        ],
                        [
                            9.478860700678105,
                            47.05557673405758
                        ],
                        [
                            9.482121298655983,
                            47.05613030474931
                        ],
                        [
                            9.481743480119704,
                            47.05264338491292
                        ],
                        [
                            9.485451583872418,
                            47.04891785466413
                        ],
                        [
                            9.491253574904249,
                            47.05613801427056
                        ],
                        [
                            9.493432460946082,
                            47.056572427109046
                        ],
                        [
                            9.498529862909578,
                            47.053639895499366
                        ],
                        [
                            9.499850442065167,
                            47.057008171173756
                        ],
                        [
                            9.50312332514605,
                            47.056252612233486
                        ],
                        [
                            9.513750868349632,
                            47.057114214476435
                        ],
                        [
                            9.516662635758962,
                            47.06017559986148
                        ],
                        [
                            9.531007735035558,
                            47.06291810218944
                        ],
                        [
                            9.539651027960431,
                            47.06507362452187
                        ],
                        [
                            9.544630893426756,
                            47.0624913834944
                        ],
                        [
                            9.549219691181236,
                            47.060920305477694
                        ],
                        [
                            9.55305379145409,
                            47.05742212548697
                        ],
                        [
                            9.554439910075274,
                            47.05050033323293
                        ],
                        [
                            9.557418823242188,
                            47.04871533817632
                        ],
                        [
                            9.559954621004323,
                            47.048489727695994
                        ],
                        [
                            9.565098319949485,
                            47.05098157258844
                        ],
                        [
                            9.576188451872724,
                            47.05325636753619
                        ],
                        [
                            9.58209705870351,
                            47.05281858100555
                        ],
                        [
                            9.59179419236888,
                            47.057048860503
                        ],
                        [
                            9.600005629305851,
                            47.05913721919434
                        ],
                        [
                            9.603544868905864,
                            47.06180428489402
                        ],
                        [
                            9.607543945312498,
                            47.06062806303748
                        ],
                        [
                            9.613102023861991,
                            47.0664623376431
                        ],
                        [
                            9.61190719129543,
                            47.0785060656422
                        ],
                        [
                            9.618991211406385,
                            47.07872153482225
                        ],
                        [
                            9.624387003738313,
                            47.08307575994844
                        ],
                        [
                            9.6338280061793,
                            47.083736818963224
                        ],
                        [
                            9.634491942894599,
                            47.101173038829984
                        ],
                        [
                            9.620468297933627,
                            47.11056386817202
                        ],
                        [
                            9.63462670248424,
                            47.127278093292404
                        ],
                        [
                            9.624178570830477,
                            47.13171692964112
                        ],
                        [
                            9.625210388073064,
                            47.145458269904836
                        ],
                        [
                            9.620858756998174,
                            47.151581230358225
                        ],
                        [
                            9.612961847587293,
                            47.147829597818344
                        ],
                        [
                            9.60641552039911,
                            47.14867059285085
                        ],
                        [
                            9.597450134993153,
                            47.162829150852616
                        ],
                        [
                            9.579519364182827,
                            47.17117230940761
                        ],
                        [
                            9.565254290568134,
                            47.170395103031524
                        ],
                        [
                            9.573886961033878,
                            47.17662035659916
                        ],
                        [
                            9.573403201492226,
                            47.19087817862095
                        ],
                        [
                            9.584759745196264,
                            47.204360038403145
                        ],
                        [
                            9.570695613265045,
                            47.218608253521076
                        ],
                        [
                            9.55291738022035,
                            47.22494361739064
                        ],
                        [
                            9.567267316341287,
                            47.240671964947325
                        ],
                        [
                            9.56085205078125,
                            47.249406957888446
                        ],
                        [
                            9.530100610080837,
                            47.27065164618086
                        ]
                    ]
                ],
                "type": "Polygon"
            }
        }
    ]
}