{
    "type": "FeatureCollection",
    "features": [
        {
            "type": "Feature",
            "geometry": {
                "coordinates": [
                    [
                        [
                            24.8785400390625,
                            56.448072074503486
                        ],
                        [
                            24.8565673828125,
                            56.4336481919449
                        ],
                        [
                            24.862060546875,
                            56.41694001504086
                        ],
                        [
                            24.826354980468746,
                            56.410862494272344
                        ],
                        [
                            24.808502197265625,
                            56.42301656505151
                        ],
                        [
                            24.796142578125,
                            56.40858317369296
                        ],
                        [
                            24.778976440429688,
                            56.40155440908047
                        ],
                        [
                            24.77382659912109,
                            56.4002244967806
                        ],
                        [
                            24.76318359375,
                            56.404594034151934
                        ],
                        [
                            24.741554260253906,
                            56.40212435727133
                        ],
                        [
                            24.724388122558594,
                            56.40250431799085
                        ],
                        [
                            24.710655212402344,
                            56.401174438878776
                        ],
                        [
                            24.70104217529297,
                            56.40402412294084
                        ],
                        [
                            24.69966888427734,
                            56.395854457791124
                        ],
                        [
                            24.703445434570312,
                            56.38844324516769
                        ],
                        [
                            24.689712524414062,
                            56.37703856278337
                        ],
                        [
                            24.627914428710938,
                            56.37551768046936
                        ],
                        [
                            24.62379455566406,
                            56.34775091291674
                        ],
                        [
                            24.57916259765625,
                            56.32567522544464
                        ],
                        [
                            24.580535888671875,
                            56.28987025891191
                        ],
                        [
                            24.462432861328125,
                            56.2685236855868
                        ],
                        [
                            24.44732666015625,
                            56.26013427137549
                        ],
                        [
                            24.423294067382812,
                            56.26165975623278
                        ],
                        [
                            24.388961791992188,
                            56.27957964862128
                        ],
                        [
                            24.35943603515625,
                            56.27309895443805
                        ],
                        [
                            24.3402099609375,
                            56.29672912712441
                        ],
                        [
                            24.284591674804684,
                            56.30092005179992
                        ],
                        [
                            24.28665161132812,
                            56.285296996278966
                        ],
                        [
                            24.24751281738281,
                            56.27691126048011
                        ],
                        [
                            24.20013427734375,
                            56.26623584595028
                        ],
                        [
                            24.177474975585934,
                            56.25136155328591
                        ],
                        [
                            24.118423461914062,
                            56.24983565792638
                        ],
                        [
                            24.113616943359375,
                            56.26318518028011
                        ],
                        [
                            24.094390869140625,
                            56.27653004697527
                        ],
                        [
                            24.048385620117188,
                            56.27957964862128
                        ],
                        [
                            24.04632568359375,
                            56.30015809968222
                        ],
                        [
                            24.023666381835938,
                            56.31158578617189
                        ],
                        [
                            24.015426635742188,
                            56.329482289644126
                        ],
                        [
                            23.915863037109375,
                            56.33100500901011
                        ],
                        [
                            23.913116455078125,
                            56.33937887967572
                        ],
                        [
                            23.82453918457031,
                            56.33861769463613
                        ],
                        [
                            23.81080627441406,
                            56.34242346798251
                        ],
                        [
                            23.800506591796875,
                            56.34052062876266
                        ],
                        [
                            23.781280517578125,
                            56.321487016260484
                        ],
                        [
                            23.766174316406246,
                            56.324533032142526
                        ],
                        [
                            23.762741088867188,
                            56.33633404840368
                        ],
                        [
                            23.77784729003906,
                            56.36220737044445
                        ],
                        [
                            23.780593872070312,
                            56.36791235823375
                        ],
                        [
                            23.763084411621094,
                            56.37247573371231
                        ],
                        [
                            23.74523162841797,
                            56.36981383108917
                        ],
                        [
                            23.71227264404297,
                            56.36981383108917
                        ],
                        [
                            23.703346252441406,
                            56.36639111164404
                        ],
                        [
                            23.6480712890625,
                            56.36391895643643
                        ],
                        [
                            23.620948791503906,
                            56.35688194477737
                        ],
                        [
                            23.582496643066406,
                            56.344897017087064
                        ],
                        [
                            23.560523986816406,
                            56.335001858318265
                        ],
                        [
                            23.543357849121094,
                            56.332337338622374
                        ],
                        [
                            23.511085510253906,
                            56.33595342741066
                        ],
                        [
                            23.48979949951172,
                            56.34603860104162
                        ],
                        [
                            23.4393310546875,
                            56.35117530606991
                        ],
                        [
                            23.417358398437496,
                            56.370194114276245
                        ],
                        [
                            23.404998779296875,
                            56.372285603976806
                        ],
                        [
                            23.38817596435547,
                            56.37893958030554
                        ],
                        [
                            23.306808471679688,
                            56.38236117281659
                        ],
                        [
                            23.30303192138672,
                            56.378559384389455
                        ],
                        [
                            23.2855224609375,
                            56.37304611722709
                        ],
                        [
                            23.273162841796875,
                            56.37209547329266
                        ],
                        [
                            23.174972534179688,
                            56.36829266039426
                        ],
                        [
                            23.16982269287109,
                            56.3665812707882
                        ],
                        [
                            23.180809020996094,
                            56.358593769864875
                        ],
                        [
                            23.174972534179688,
                            56.35402873217265
                        ],
                        [
                            23.177032470703125,
                            56.34375539896829
                        ],
                        [
                            23.18561553955078,
                            56.34166234368322
                        ],
                        [
                            23.17291259765625,
                            56.33271799568322
                        ],
                        [
                            23.14544677734375,
                            56.32719809668835
                        ],
                        [
                            23.119354248046875,
                            56.31196665018476
                        ],
                        [
                            23.108367919921875,
                            56.30663420839089
                        ],
                        [
                            23.091888427734375,
                            56.30663420839089
                        ],
                        [
                            23.06854248046875,
                            56.32491376704035
                        ],
                        [
                            23.045196533203125,
                            56.319583132921956
                        ],
                        [
                            23.02459716796875,
                            56.33937887967572
                        ],
                        [
                            22.9998779296875,
                            56.37133494106981
                        ],
                        [
                            23.01910400390625,
                            56.37133494106981
                        ],
                        [
                            23.00262451171875,
                            56.40478400265929
                        ],
                        [
                            22.979278564453125,
                            56.40478400265929
                        ],
                        [
                            22.966918945312496,
                            56.41466105851802
                        ],
                        [
                            22.939453125,
                            56.41390137600676
                        ],
                        [
                            22.9229736328125,
                            56.39794453902406
                        ],
                        [
                            22.927093505859375,
                            56.38578245801786
                        ],
                        [
                            22.894134521484375,
                            56.374376978893515
                        ],
                        [
                            22.840576171875,
                            56.36525013685606
                        ],
                        [
                            22.785644531249996,
                            56.36677142898368
                        ],
                        [
                            22.74444580078125,
                            56.37133494106981
                        ],
                        [
                            22.7197265625,
                            56.36829266039426
                        ],
                        [
                            22.696380615234375,
                            56.35459939177314
                        ],
                        [
                            22.678527832031246,
                            56.353077613860826
                        ],
                        [
                            22.65106201171875,
                            56.36296808481734
                        ],
                        [
                            22.630462646484375,
                            56.36753205227851
                        ],
                        [
                            22.613983154296875,
                            56.38122067612584
                        ],
                        [
                            22.57965087890625,
                            56.389583525613055
                        ],
                        [
                            22.526092529296875,
                            56.39110384643065
                        ],
                        [
                            22.4725341796875,
                            56.40250431799085
                        ],
                        [
                            22.436828613281246,
                            56.40250431799085
                        ],
                        [
                            22.424468994140625,
                            56.40706355079054
                        ],
                        [
                            22.377777099609375,
                            56.39946452603379
                        ],
                        [
                            22.35305786132812,
                            56.39946452603379
                        ],
                        [
                            22.34893798828125,
                            56.39490438293533
                        ],
                        [
                            22.315979003906246,
                            56.40630371658397
                        ],
                        [
                            22.28851318359375,
                            56.40858317369296
                        ],
                        [
                            22.254180908203125,
                            56.401744392758964
                        ],
                        [
                            22.236328125,
                            56.403264228051405
                        ],
                        [
                            22.207489013671875,
                            56.4207379725527
                        ],
                        [
                            22.169036865234375,
                            56.4199784113855
                        ],
                        [
                            22.134704589843746,
                            56.429851523562455
                        ],
                        [
                            22.089385986328125,
                            56.4252950210497
                        ],
                        [
                            22.04681396484375,
                            56.41921883505088
                        ],
                        [
                            22.023468017578125,
                            56.42377606555075
                        ],
                        [
                            22.012481689453125,
                            56.41542072586068
                        ],
                        [
                            21.99462890625,
                            56.41314167832675
                        ],
                        [
                            21.971282958984375,
                            56.3774187738762
                        ],
                        [
                            21.957550048828125,
                            56.38274133079222
                        ],
                        [
                            21.90948486328125,
                            56.36525013685606
                        ],
                        [
                            21.8682861328125,
                            56.36144664089131
                        ],
                        [
                            21.832580566406246,
                            56.37133494106981
                        ],
                        [
                            21.746063232421875,
                            56.333288974155664
                        ],
                        [
                            21.72821044921875,
                            56.315013425566924
                        ],
                        [
                            21.6815185546875,
                            56.31196665018476
                        ],
                        [
                            21.616973876953125,
                            56.32339080466598
                        ],
                        [
                            21.57440185546875,
                            56.31577508143522
                        ],
                        [
                            21.5496826171875,
                            56.29977711792565
                        ],
                        [
                            21.501617431640625,
                            56.29063241616282
                        ],
                        [
                            21.46728515625,
                            56.26928626839682
                        ],
                        [
                            21.449432373046875,
                            56.24487607796049
                        ],
                        [
                            21.402740478515625,
                            56.235718242411394
                        ],
                        [
                            21.32583618164062,
                            56.21739600108619
                        ],
                        [
                            21.284637451171875,
                            56.181489561447414
                        ],
                        [
                            21.26541137695312,
                            56.16696465022672
                        ],
                        [
                            21.232452392578125,
                            56.160082511063855
                        ],
                        [
                            21.23931884765625,
                            56.12412241244821
                        ],
                        [
                            21.20135842729013,
                            56.07712353366783
                        ],
                        [
                            21.18032895480272,
                            56.075396412305864
                        ],
                        [
                            21.162593483111102,
                            56.0858017530015
                        ],
                        [
                            21.148204144844115,
                            56.08510634372732
                        ],
                        [
                            21.143801074220757,
                            56.08077419423178
                        ],
                        [
                            21.042892029918136,
                            56.06587457206926
                        ],
                        [
                            21.0498046875,
                            56.02141309205163
                        ],
                        [
                            21.02783203125,
                            55.93843311463828
                        ],
                        [
                            21.038818359375,
                            55.8367712028016
                        ],
                        [
                            21.0772705078125,
                            55.54572685514128
                        ],
                        [
                            20.994873046875,
                            55.371307410532935
                        ],
                        [
                            20.93170166015625,
                            55.28537238249355
                        ],
                        [
                            21.09649658203125,
                            55.25720770831176
                        ],
                        [
                            21.2750244140625,
                            55.246249384919125
                        ],
                        [
                            21.37939453125,
                            55.29319235883885
                        ],
                        [
                            21.4947509765625,
                            55.18514054299152
                        ],
                        [
                            21.557922363281246,
                            55.19768334019969
                        ],
                        [
                            21.64306640625,
                            55.180435975785365
                        ],
                        [
                            21.712557381946993,
                            55.1495592376231
                        ],
                        [
                            21.719970703125,
                            55.13335974765274
                        ],
                        [
                            21.780745753282773,
                            55.118678542368535
                        ],
                        [
                            21.820649867868468,
                            55.1180738971864
                        ],
                        [
                            21.84938670824371,
                            55.0969292535311
                        ],
                        [
                            21.87892627691098,
                            55.093389169640204
                        ],
                        [
                            21.912318108926442,
                            55.08110527015715
                        ],
                        [
                            21.966793272489923,
                            55.07460976861448
                        ],
                        [
                            22.000409348793823,
                            55.08803633774039
                        ],
                        [
                            22.038574218750057,
                            55.08185843619445
                        ],
                        [
                            22.02962282737721,
                            55.05419799851642
                        ],
                        [
                            22.04528843693413,
                            55.03358803981877
                        ],
                        [
                            22.081404793094265,
                            55.02355759616048
                        ],
                        [
                            22.12408674907077,
                            55.02848715235925
                        ],
                        [
                            22.13349077277573,
                            55.04670864822077
                        ],
                        [
                            22.15834935332731,
                            55.055414309671626
                        ],
                        [
                            22.29068950192172,
                            55.06418365623376
                        ],
                        [
                            22.477719152777382,
                            55.04512729271743
                        ],
                        [
                            22.542134485743944,
                            55.06387167301948
                        ],
                        [
                            22.587890625,
                            55.070504979661266
                        ],
                        [
                            22.596653550424612,
                            55.04465099426506
                        ],
                        [
                            22.59450924676811,
                            55.027361400411806
                        ],
                        [
                            22.602153592664095,
                            55.01225371162806
                        ],
                        [
                            22.61532893260167,
                            55.012292066367436
                        ],
                        [
                            22.652476571800577,
                            54.96625039992968
                        ],
                        [
                            22.66317794987902,
                            54.96452574271826
                        ],
                        [
                            22.668985003178467,
                            54.96873258341378
                        ],
                        [
                            22.659662276012035,
                            54.982452096553416
                        ],
                        [
                            22.67853997829944,
                            54.9897596145975
                        ],
                        [
                            22.693339076605007,
                            54.97132019495673
                        ],
                        [
                            22.70596291945597,
                            54.973947415516015
                        ],
                        [
                            22.728282337548094,
                            54.96121795697708
                        ],
                        [
                            22.742716454612463,
                            54.938815052454345
                        ],
                        [
                            22.767777991691503,
                            54.933986232883385
                        ],
                        [
                            22.7486894810267,
                            54.92294585424422
                        ],
                        [
                            22.76114217447804,
                            54.91565555867606
                        ],
                        [
                            22.783686157304828,
                            54.92457865263624
                        ],
                        [
                            22.788704289280375,
                            54.909581019927735
                        ],
                        [
                            22.80079200148802,
                            54.90239857835721
                        ],
                        [
                            22.820018075706784,
                            54.91261321867758
                        ],
                        [
                            22.8571900074395,
                            54.88687058147928
                        ],
                        [
                            22.84093061693966,
                            54.86261795677573
                        ],
                        [
                            22.871709247236126,
                            54.85286876295781
                        ],
                        [
                            22.858442112479487,
                            54.840698013737565
                        ],
                        [
                            22.877158481554748,
                            54.834296460912896
                        ],
                        [
                            22.878240112227644,
                            54.81138881909139
                        ],
                        [
                            22.870952644179013,
                            54.798916410618574
                        ],
                        [
                            22.87889196432383,
                            54.791146111225274
                        ],
                        [
                            22.84963405389781,
                            54.78657895848663
                        ],
                        [
                            22.858823059120553,
                            54.77713056859879
                        ],
                        [
                            22.842180905800284,
                            54.76768183814265
                        ],
                        [
                            22.832446275362564,
                            54.76900574383586
                        ],
                        [
                            22.827062155839055,
                            54.76468264936922
                        ],
                        [
                            22.81248721974245,
                            54.76607584424191
                        ],
                        [
                            22.805846161806016,
                            54.75560932812511
                        ],
                        [
                            22.815519519789657,
                            54.75581198322007
                        ],
                        [
                            22.808606554920992,
                            54.75271993542466
                        ],
                        [
                            22.803325031643418,
                            54.74774482269352
                        ],
                        [
                            22.796432728669945,
                            54.75372294625298
                        ],
                        [
                            22.775945079096843,
                            54.75154105850483
                        ],
                        [
                            22.769040794039853,
                            54.73999067541594
                        ],
                        [
                            22.753056968472777,
                            54.731644575081084
                        ],
                        [
                            22.743385685764224,
                            54.73190639232604
                        ],
                        [
                            22.738938880363335,
                            54.7211739128324
                        ],
                        [
                            22.741497922594963,
                            54.7153501007044
                        ],
                        [
                            22.747863661876345,
                            54.71266755854282
                        ],
                        [
                            22.74879126251555,
                            54.70637293170404
                        ],
                        [
                            22.738982609576702,
                            54.70307223502692
                        ],
                        [
                            22.738962606190462,
                            54.698200407446734
                        ],
                        [
                            22.73239683305045,
                            54.69976942300923
                        ],
                        [
                            22.725247239273273,
                            54.68813777937032
                        ],
                        [
                            22.728543301368482,
                            54.67920247311685
                        ],
                        [
                            22.738908943695705,
                            54.679070362188824
                        ],
                        [
                            22.740062929242555,
                            54.67126089631024
                        ],
                        [
                            22.730406995327886,
                            54.66947764182571
                        ],
                        [
                            22.738829634565043,
                            54.65962319174832
                        ],
                        [
                            22.758393982359692,
                            54.653440396321756
                        ],
                        [
                            22.753901042325285,
                            54.647124958627096
                        ],
                        [
                            22.744513777514662,
                            54.646787822792334
                        ],
                        [
                            22.741108465208196,
                            54.641258765049756
                        ],
                        [
                            22.751298499503974,
                            54.637932589118854
                        ],
                        [
                            22.743526907319797,
                            54.62678399568726
                        ],
                        [
                            22.725150944786108,
                            54.6228766248465
                        ],
                        [
                            22.719554608057784,
                            54.60621511884969
                        ],
                        [
                            22.703297046556212,
                            54.60119197564552
                        ],
                        [
                            22.69773716805515,
                            54.59434408450431
                        ],
                        [
                            22.6872829647777,
                            54.5903317489376
                        ],
                        [
                            22.684320415736806,
                            54.581677142024404
                        ],
                        [
                            22.71257444413547,
                            54.56436765598398
                        ],
                        [
                            22.680403667843933,
                            54.533832507944304
                        ],
                        [
                            22.696461543278218,
                            54.5027319143104
                        ],
                        [
                            22.704362210751157,
                            54.452998760635154
                        ],
                        [
                            22.744390775359616,
                            54.4152306487576
                        ],
                        [
                            22.766473482452824,
                            54.38572071035594
                        ],
                        [
                            22.79339548890209,
                            54.363814233421834
                        ],
                        [
                            22.811321331882873,
                            54.37101539897379
                        ],
                        [
                            22.836593407237146,
                            54.40549353565375
                        ],
                        [
                            22.85362037274669,
                            54.409483375157656
                        ],
                        [
                            22.887255045173976,
                            54.40922367535329
                        ],
                        [
                            22.887602102162965,
                            54.40081323127127
                        ],
                        [
                            22.984256376509236,
                            54.38960319704975
                        ],
                        [
                            22.985180060249142,
                            54.38467453262355
                        ],
                        [
                            23.010438138724027,
                            54.383221687925705
                        ],
                        [
                            22.99413868564605,
                            54.36242288378676
                        ],
                        [
                            23.01280940945471,
                            54.35450762689788
                        ],
                        [
                            23.049386574672283,
                            54.34900050741284
                        ],
                        [
                            23.062852767078482,
                            54.34119764890186
                        ],
                        [
                            23.04955835867439,
                            54.332202095785235
                        ],
                        [
                            23.043151043120048,
                            54.315977931661706
                        ],
                        [
                            23.095836516778633,
                            54.298350863510535
                        ],
                        [
                            23.141347542068445,
                            54.31572941028257
                        ],
                        [
                            23.15975567568111,
                            54.30932714069077
                        ],
                        [
                            23.15541512655092,
                            54.29621354244978
                        ],
                        [
                            23.202498204028643,
                            54.287922959966004
                        ],
                        [
                            23.233804796975505,
                            54.26065094362039
                        ],
                        [
                            23.24754763269798,
                            54.25697903442011
                        ],
                        [
                            23.26727495721175,
                            54.260105163025656
                        ],
                        [
                            23.282870026016056,
                            54.259208373213596
                        ],
                        [
                            23.34065890599814,
                            54.25106253701238
                        ],
                        [
                            23.362299590269018,
                            54.230908968306764
                        ],
                        [
                            23.37759654275606,
                            54.229821751523595
                        ],
                        [
                            23.386924681440945,
                            54.22470868615707
                        ],
                        [
                            23.386526668593476,
                            54.21931782266263
                        ],
                        [
                            23.394362603826657,
                            54.21648894027537
                        ],
                        [
                            23.40677465262399,
                            54.196411332278416
                        ],
                        [
                            23.42010498046875,
                            54.189762544552885
                        ],
                        [
                            23.425540358771443,
                            54.17803838375022
                        ],
                        [
                            23.459901527042263,
                            54.17491288671373
                        ],
                        [
                            23.463802020226808,
                            54.16719318760306
                        ],
                        [
                            23.475048745784793,
                            54.163236488887335
                        ],
                        [
                            23.474587413498007,
                            54.15739816161391
                        ],
                        [
                            23.485604569294175,
                            54.153441783787784
                        ],
                        [
                            23.49432383471011,
                            54.13241772685099
                        ],
                        [
                            23.493860309659805,
                            54.115159836906955
                        ],
                        [
                            23.5016481394509,
                            54.112572127436685
                        ],
                        [
                            23.507581869042824,
                            54.09825467418648
                        ],
                        [
                            23.518990188702816,
                            54.09008291774264
                        ],
                        [
                            23.518471592961596,
                            54.07727129500448
                        ],
                        [
                            23.528513206255795,
                            54.06661463620765
                        ],
                        [
                            23.526557735728034,
                            54.03209834768966
                        ],
                        [
                            23.516170097332292,
                            54.02804617886126
                        ],
                        [
                            23.51281283622717,
                            54.01860343569714
                        ],
                        [
                            23.503558403541405,
                            54.006666563678706
                        ],
                        [
                            23.494569361726136,
                            54.006904399789896
                        ],
                        [
                            23.48052978515625,
                            53.99850726916941
                        ],
                        [
                            23.49063174420337,
                            53.97503454314027
                        ],
                        [
                            23.509456909425325,
                            53.96349847879635
                        ],
                        [
                            23.515756769155928,
                            53.95672299388547
                        ],
                        [
                            23.57048034667971,
                            53.945175408527604
                        ],
                        [
                            23.606185913085955,
                            53.92981558562916
                        ],
                        [
                            23.651504516601577,
                            53.93870880386137
                        ],
                        [
                            23.70368957519533,
                            53.93870880386137
                        ],
                        [
                            23.754501342773455,
                            53.92577258712729
                        ],
                        [
                            23.770980834960948,
                            53.90150637113242
                        ],
                        [
                            23.81080627441408,
                            53.91121454964488
                        ],
                        [
                            23.806686401367195,
                            53.921729196989226
                        ],
                        [
                            23.787460327148455,
                            53.93547512561675
                        ],
                        [
                            23.832778930664077,
                            53.955681503275756
                        ],
                        [
                            23.87260437011721,
                            53.945175408527604
                        ],
                        [
                            23.89869689941408,
                            53.95406535327655
                        ],
                        [
                            23.90419006347657,
                            53.97103180422471
                        ],
                        [
                            23.9550018310547,
                            53.95810561082356
                        ],
                        [
                            23.974227905273445,
                            53.92577258712729
                        ],
                        [
                            24.099197387695327,
                            53.942750549246895
                        ],
                        [
                            24.101943969726573,
                            53.960529577433704
                        ],
                        [
                            24.151382446289073,
                            53.95972160422315
                        ],
                        [
                            24.19258117675782,
                            53.97022403457418
                        ],
                        [
                            24.20494079589845,
                            53.950832865351565
                        ],
                        [
                            24.244766235351577,
                            53.950832865351565
                        ],
                        [
                            24.28184509277345,
                            53.93062413833472
                        ],
                        [
                            24.306564331054698,
                            53.9273898335234
                        ],
                        [
                            24.305191040039077,
                            53.91283236003809
                        ],
                        [
                            24.340896606445327,
                            53.89907897394526
                        ],
                        [
                            24.443893432617205,
                            53.90716974946899
                        ],
                        [
                            24.505691528320323,
                            53.965377087856226
                        ],
                        [
                            24.60044860839845,
                            54.00332975265499
                        ],
                        [
                            24.6910858154297,
                            54.017048796940806
                        ],
                        [
                            24.680099487304705,
                            53.966992799394525
                        ],
                        [
                            24.729537963867198,
                            53.97103180422471
                        ],
                        [
                            24.7515106201172,
                            53.99848665709127
                        ],
                        [
                            24.794082641601573,
                            53.99687216668414
                        ],
                        [
                            24.862747192382823,
                            54.0356026583132
                        ],
                        [
                            24.840774536132823,
                            54.037215646388
                        ],
                        [
                            24.817428588867198,
                            54.043666972870625
                        ],
                        [
                            24.810562133789077,
                            54.07429710157994
                        ],
                        [
                            24.76387023925783,
                            54.117785281021355
                        ],
                        [
                            24.798202514648448,
                            54.12019995430548
                        ],
                        [
                            24.82429504394533,
                            54.1338804457863
                        ],
                        [
                            24.810562133789077,
                            54.148360749133566
                        ],
                        [
                            24.88471984863283,
                            54.1531863918183
                        ],
                        [
                            24.957504272460948,
                            54.17489482345622
                        ],
                        [
                            24.9932098388672,
                            54.14353454392093
                        ],
                        [
                            25.06736755371096,
                            54.13709872853963
                        ],
                        [
                            25.155258178710948,
                            54.20060858904662
                        ],
                        [
                            25.195083618164077,
                            54.21747455693179
                        ],
                        [
                            25.208816528320327,
                            54.255197251363285
                        ],
                        [
                            25.222549438476573,
                            54.261614701695606
                        ],
                        [
                            25.245895385742198,
                            54.25439499984444
                        ],
                        [
                            25.267868041992198,
                            54.27444660623121
                        ],
                        [
                            25.288467407226577,
                            54.261614701695606
                        ],
                        [
                            25.3777313232422,
                            54.27524846763392
                        ],
                        [
                            25.439529418945327,
                            54.299297055100666
                        ],
                        [
                            25.464248657226573,
                            54.296892828152075
                        ],
                        [
                            25.495834350585948,
                            54.31051492472248
                        ],
                        [
                            25.51643371582033,
                            54.28567124607332
                        ],
                        [
                            25.54939270019533,
                            54.272842836616945
                        ],
                        [
                            25.579605102539073,
                            54.22871471018816
                        ],
                        [
                            25.545272827148445,
                            54.23192562052552
                        ],
                        [
                            25.5535125732422,
                            54.21345947487366
                        ],
                        [
                            25.54939270019533,
                            54.20060858904662
                        ],
                        [
                            25.50819396972657,
                            54.18373573436089
                        ],
                        [
                            25.52330017089845,
                            54.1636400213343
                        ],
                        [
                            25.63728332519533,
                            54.132271210639885
                        ],
                        [
                            25.705947875976573,
                            54.16605202241238
                        ],
                        [
                            25.782852172851573,
                            54.15399061091101
                        ],
                        [
                            25.771865844726577,
                            54.19739524296007
                        ],
                        [
                            25.741653442382827,
                            54.22148924865818
                        ],
                        [
                            25.774612426757823,
                            54.23914925557651
                        ],
                        [
                            25.733413696289073,
                            54.27524846763392
                        ],
                        [
                            25.703201293945327,
                            54.27765395822626
                        ],
                        [
                            25.7018280029297,
                            54.299297055100666
                        ],
                        [
                            25.67024230957033,
                            54.32493340827777
                        ],
                        [
                            25.635910034179698,
                            54.31371946884494
                        ],
                        [
                            25.593338012695323,
                            54.317724798095966
                        ],
                        [
                            25.548019409179698,
                            54.318525817160726
                        ],
                        [
                            25.526046752929705,
                            54.341748586892436
                        ],
                        [
                            25.585098266601573,
                            54.3785578121528
                        ],
                        [
                            25.585098266601573,
                            54.40094728183987
                        ],
                        [
                            25.62904357910157,
                            54.41932949435101
                        ],
                        [
                            25.598831176757823,
                            54.460858908348484
                        ],
                        [
                            25.634536743164084,
                            54.47602261526124
                        ],
                        [
                            25.67024230957033,
                            54.53423091291802
                        ],
                        [
                            25.738906860351577,
                            54.566886889262776
                        ],
                        [
                            25.754013061523455,
                            54.582011283248065
                        ],
                        [
                            25.723800659179698,
                            54.683755734175755
                        ],
                        [
                            25.743026733398448,
                            54.75355746131584
                        ],
                        [
                            25.737533569335948,
                            54.82007431425968
                        ],
                        [
                            25.771865844726577,
                            54.831149820736194
                        ],
                        [
                            25.77598571777345,
                            54.85803483361683
                        ],
                        [
                            25.830917358398448,
                            54.89043117626567
                        ],
                        [
                            25.86524963378908,
                            54.93384880166475
                        ],
                        [
                            25.906448364257827,
                            54.935426741990966
                        ],
                        [
                            25.930824279785217,
                            54.947259321083884
                        ],
                        [
                            25.9819793701172,
                            54.95908841815877
                        ],
                        [
                            25.994338989257823,
                            54.950414087413044
                        ],
                        [
                            26.05682373046876,
                            54.9441043071446
                        ],
                        [
                            26.04583740234376,
                            54.95001975516275
                        ],
                        [
                            26.072616577148448,
                            54.955934332706725
                        ],
                        [
                            26.067810058593768,
                            54.965790027736304
                        ],
                        [
                            26.076049804687514,
                            54.97288463122321
                        ],
                        [
                            26.104888916015643,
                            54.9740669433035
                        ],
                        [
                            26.11106872558595,
                            54.98076605428231
                        ],
                        [
                            26.11175537109376,
                            54.98982777844543
                        ],
                        [
                            26.134414672851577,
                            54.98746404762047
                        ],
                        [
                            26.146774291992198,
                            54.99337311367355
                        ],
                        [
                            26.18041992187501,
                            54.99416092341281
                        ],
                        [
                            26.201019287109386,
                            54.99928130973027
                        ],
                        [
                            26.202392578125018,
                            55.01306371757696
                        ],
                        [
                            26.215438842773448,
                            55.020149969057954
                        ],
                        [
                            26.22024536132814,
                            55.02723496817066
                        ],
                        [
                            26.230545043945323,
                            55.04022088090697
                        ],
                        [
                            26.23260498046876,
                            55.044941987582945
                        ],
                        [
                            26.23191833496095,
                            55.05241593518551
                        ],
                        [
                            26.23809814453126,
                            55.05752888514145
                        ],
                        [
                            26.226425170898448,
                            55.06342763145254
                        ],
                        [
                            26.23809814453126,
                            55.07168441601322
                        ],
                        [
                            26.258010864257823,
                            55.06893234377866
                        ],
                        [
                            26.255264282226577,
                            55.075615619441216
                        ],
                        [
                            26.262817382812518,
                            55.08033255369368
                        ],
                        [
                            26.2236785888672,
                            55.10862248059805
                        ],
                        [
                            26.255264282226577,
                            55.12236729829848
                        ],
                        [
                            26.299209594726573,
                            55.12786390125615
                        ],
                        [
                            26.305389404296882,
                            55.131397032215034
                        ],
                        [
                            26.29714965820314,
                            55.134929850527655
                        ],
                        [
                            26.310882568359386,
                            55.13728488905076
                        ],
                        [
                            26.320495605468764,
                            55.1388548375418
                        ],
                        [
                            26.31980895996095,
                            55.14748845047104
                        ],
                        [
                            26.33972167968751,
                            55.14827323175388
                        ],
                        [
                            26.356201171875014,
                            55.15258925289584
                        ],
                        [
                            26.378173828125014,
                            55.146311249603976
                        ],
                        [
                            26.38710021972658,
                            55.14434917097698
                        ],
                        [
                            26.389846801757827,
                            55.138462356208265
                        ],
                        [
                            26.407699584960948,
                            55.14277943861009
                        ],
                        [
                            26.411132812500014,
                            55.13924731501586
                        ],
                        [
                            26.418685913085955,
                            55.14238699587027
                        ],
                        [
                            26.43310546875001,
                            55.13649989164808
                        ],
                        [
                            26.44683837890626,
                            55.13649989164808
                        ],
                        [
                            26.454391479492198,
                            55.13178958302217
                        ],
                        [
                            26.471557617187514,
                            55.13689239227919
                        ],
                        [
                            26.47361755371095,
                            55.15023511742892
                        ],
                        [
                            26.485977172851573,
                            55.15494324944684
                        ],
                        [
                            26.50794982910158,
                            55.163181143473714
                        ],
                        [
                            26.531982421875014,
                            55.146311249603976
                        ],
                        [
                            26.5477752685547,
                            55.146311249603976
                        ],
                        [
                            26.558761596679695,
                            55.151412202527155
                        ],
                        [
                            26.575241088867198,
                            55.151412202527155
                        ],
                        [
                            26.58966064453126,
                            55.15494324944684
                        ],
                        [
                            26.610260009765636,
                            55.149057997600714
                        ],
                        [
                            26.622619628906264,
                            55.15337393384773
                        ],
                        [
                            26.635665893554698,
                            55.15651250330746
                        ],
                        [
                            26.643905639648448,
                            55.16357338169952
                        ],
                        [
                            26.656265258789077,
                            55.15808169543077
                        ],
                        [
                            26.665191650390636,
                            55.16004309876879
                        ],
                        [
                            26.67137145996095,
                            55.164357846576436
                        ],
                        [
                            26.67480468750001,
                            55.17220164657029
                        ],
                        [
                            26.685791015625018,
                            55.169848668606754
                        ],
                        [
                            26.698837280273448,
                            55.1729859416956
                        ],
                        [
                            26.698150634765636,
                            55.17847557551254
                        ],
                        [
                            26.677551269531257,
                            55.183180374157715
                        ],
                        [
                            26.669998168945327,
                            55.19925091216788
                        ],
                        [
                            26.677551269531257,
                            55.20395325785895
                        ],
                        [
                            26.687850952148455,
                            55.20787145508385
                        ],
                        [
                            26.696090698242198,
                            55.20277772349639
                        ],
                        [
                            26.70295715332032,
                            55.209830409094565
                        ],
                        [
                            26.723556518554698,
                            55.21727355520781
                        ],
                        [
                            26.720123291015646,
                            55.23959464298467
                        ],
                        [
                            26.72424316406251,
                            55.24585796034483
                        ],
                        [
                            26.732482910156268,
                            55.2485978514297
                        ],
                        [
                            26.735916137695323,
                            55.25368571957644
                        ],
                        [
                            26.746215820312518,
                            55.25681639164445
                        ],
                        [
                            26.75720214843752,
                            55.26072938491076
                        ],
                        [
                            26.77230834960941,
                            55.26151193732315
                        ],
                        [
                            26.780891418457056,
                            55.26972780710658
                        ],
                        [
                            26.791877746582067,
                            55.267967406626845
                        ],
                        [
                            26.791191101074244,
                            55.27500854042502
                        ],
                        [
                            26.8217468261719,
                            55.27813753254303
                        ],
                        [
                            26.828613281250032,
                            55.28713201150814
                        ],
                        [
                            26.824836730957053,
                            55.30882768962266
                        ],
                        [
                            26.808357238769556,
                            55.31097706572931
                        ],
                        [
                            26.807327270507834,
                            55.31820593049735
                        ],
                        [
                            26.789131164550806,
                            55.31976875501024
                        ],
                        [
                            26.78604125976566,
                            55.32289421921911
                        ],
                        [
                            26.77024841308596,
                            55.32074548904635
                        ],
                        [
                            26.75754547119143,
                            55.324652184548576
                        ],
                        [
                            26.737289428710973,
                            55.325628798265114
                        ],
                        [
                            26.713943481445348,
                            55.32348021632516
                        ],
                        [
                            26.702613830566435,
                            55.330706801702306
                        ],
                        [
                            26.675834655761744,
                            55.334026682938685
                        ],
                        [
                            26.659355163574254,
                            55.34105610154684
                        ],
                        [
                            26.649742126464876,
                            55.337346286037466
                        ],
                        [
                            26.637382507324254,
                            55.33597942432757
                        ],
                        [
                            26.633605957031275,
                            55.326410071912896
                        ],
                        [
                            26.627426147460962,
                            55.32445685891765
                        ],
                        [
                            26.61815643310549,
                            55.3277772637401
                        ],
                        [
                            26.62296295166018,
                            55.33519833932082
                        ],
                        [
                            26.61952972412112,
                            55.33597942432757
                        ],
                        [
                            26.61437988281252,
                            55.333831403506544
                        ],
                        [
                            26.608200073242212,
                            55.334026682938685
                        ],
                        [
                            26.610603332519567,
                            55.3289491049118
                        ],
                        [
                            26.604080200195337,
                            55.32543347744686
                        ],
                        [
                            26.600990295410167,
                            55.32426153232427
                        ],
                        [
                            26.601333618164073,
                            55.32113617592272
                        ],
                        [
                            26.59206390380861,
                            55.32250354966902
                        ],
                        [
                            26.588630676269545,
                            55.32367554676882
                        ],
                        [
                            26.58279418945314,
                            55.32133151791704
                        ],
                        [
                            26.57901763916017,
                            55.32308955255038
                        ],
                        [
                            26.577301025390646,
                            55.32797257300826
                        ],
                        [
                            26.571121215820348,
                            55.326996017042426
                        ],
                        [
                            26.566658020019556,
                            55.32367554676882
                        ],
                        [
                            26.556015014648473,
                            55.32308955255038
                        ],
                        [
                            26.547775268554712,
                            55.325042832922804
                        ],
                        [
                            26.54056549072269,
                            55.331097390402
                        ],
                        [
                            26.527519226074244,
                            55.33168326623317
                        ],
                        [
                            26.5196228027344,
                            55.334026682938685
                        ],
                        [
                            26.51035308837893,
                            55.33226913340234
                        ],
                        [
                            26.50794982910159,
                            55.33480779104305
                        ],
                        [
                            26.50417327880862,
                            55.33519833932082
                        ],
                        [
                            26.492843627929712,
                            55.33656522797752
                        ],
                        [
                            26.48838043212893,
                            55.33636996105662
                        ],
                        [
                            26.486320495605497,
                            55.339494116307236
                        ],
                        [
                            26.4811706542969,
                            55.34007986798958
                        ],
                        [
                            26.46881103515628,
                            55.343008496487286
                        ],
                        [
                            26.458511352539098,
                            55.340860856760045
                        ],
                        [
                            26.448898315429723,
                            55.343008496487286
                        ],
                        [
                            26.438941955566428,
                            55.34457034315393
                        ],
                        [
                            26.434822082519556,
                            55.35081711397415
                        ],
                        [
                            26.464691162109407,
                            55.35881934916519
                        ],
                        [
                            26.467781066894567,
                            55.37189269172949
                        ],
                        [
                            26.4811706542969,
                            55.374428810207625
                        ],
                        [
                            26.48838043212893,
                            55.370527022137054
                        ],
                        [
                            26.49730682373049,
                            55.372087783537786
                        ],
                        [
                            26.503829956054716,
                            55.380670870827394
                        ],
                        [
                            26.54537200927737,
                            55.39042211884278
                        ],
                        [
                            26.5415954589844,
                            55.40894286664004
                        ],
                        [
                            26.551551818847685,
                            55.413035755545195
                        ],
                        [
                            26.53163909912112,
                            55.44128460962259
                        ],
                        [
                            26.5361022949219,
                            55.44478995391027
                        ],
                        [
                            26.553268432617212,
                            55.44050560193977
                        ],
                        [
                            26.535758972167994,
                            55.45394132943302
                        ],
                        [
                            26.550178527832067,
                            55.464453055459366
                        ],
                        [
                            26.54537200927737,
                            55.47768605864283
                        ],
                        [
                            26.533699035644556,
                            55.49285962220559
                        ],
                        [
                            26.51790618896487,
                            55.51269315839727
                        ],
                        [
                            26.527519226074244,
                            55.52590996613884
                        ],
                        [
                            26.555671691894556,
                            55.533293895877904
                        ],
                        [
                            26.598930358886754,
                            55.55854422725633
                        ],
                        [
                            26.62502288818362,
                            55.58222594195508
                        ],
                        [
                            26.62570953369145,
                            55.605117624217094
                        ],
                        [
                            26.63120269775394,
                            55.639236341995584
                        ],
                        [
                            26.620216369628942,
                            55.664031305735485
                        ],
                        [
                            26.631483387683378,
                            55.681069756785845
                        ],
                        [
                            26.575927734375,
                            55.677584411089526
                        ],
                        [
                            26.52615082800284,
                            55.67835046177605
                        ],
                        [
                            26.50177001953125,
                            55.688423515539995
                        ],
                        [
                            26.44134521484375,
                            55.70854531198258
                        ],
                        [
                            26.383666992187496,
                            55.70854531198258
                        ],
                        [
                            26.34521484375,
                            55.74102787471819
                        ],
                        [
                            26.30401611328125,
                            55.74566603524846
                        ],
                        [
                            26.23260498046875,
                            55.80899899270488
                        ],
                        [
                            26.21506265562786,
                            55.850518243086064
                        ],
                        [
                            26.117662479637715,
                            55.880761384515914
                        ],
                        [
                            26.04732816520388,
                            55.942908245923824
                        ],
                        [
                            26.04456900426156,
                            55.95311650862553
                        ],
                        [
                            25.92498779296875,
                            55.995308966233
                        ],
                        [
                            25.856309256462225,
                            56.001452700329764
                        ],
                        [
                            25.85506742301783,
                            56.02885608555825
                        ],
                        [
                            25.8123779296875,
                            56.05823595559604
                        ],
                        [
                            25.7574462890625,
                            56.06513633113617
                        ],
                        [
                            25.712127685546875,
                            56.082765014169944
                        ],
                        [
                            25.68191528320312,
                            56.08659626958982
                        ],
                        [
                            25.69427490234375,
                            56.10421513732823
                        ],
                        [
                            25.701141357421875,
                            56.12106042504407
                        ],
                        [
                            25.672302246093746,
                            56.13177631470135
                        ],
                        [
                            25.675048828125,
                            56.14784455196986
                        ],
                        [
                            25.65582275390625,
                            56.13560269465829
                        ],
                        [
                            25.583038330078125,
                            56.13636792495876
                        ],
                        [
                            25.563812255859375,
                            56.1424892190998
                        ],
                        [
                            25.54183959960937,
                            56.1646707408543
                        ],
                        [
                            25.517120361328125,
                            56.160082511063855
                        ],
                        [
                            25.506134033203125,
                            56.14478445312653
                        ],
                        [
                            25.464935302734375,
                            56.144019390345925
                        ],
                        [
                            25.445709228515625,
                            56.153964018751346
                        ],
                        [
                            25.42098999023437,
                            56.145549500679074
                        ],
                        [
                            25.39764404296875,
                            56.1570233867109
                        ],
                        [
                            25.33447265625,
                            56.15243424341579
                        ],
                        [
                            25.308380126953125,
                            56.14631453300371
                        ],
                        [
                            25.256195068359375,
                            56.17308107207619
                        ],
                        [
                            25.23284912109375,
                            56.191424492754585
                        ],
                        [
                            25.195770263671875,
                            56.17690334101471
                        ],
                        [
                            25.149078369140625,
                            56.17537447910369
                        ],
                        [
                            25.114746093749996,
                            56.18683945944164
                        ],
                        [
                            25.09002685546875,
                            56.18683945944164
                        ],
                        [
                            25.07354736328125,
                            56.203648570004034
                        ],
                        [
                            25.054321289062496,
                            56.265473202335386
                        ],
                        [
                            25.014495849609375,
                            56.283010159801506
                        ],
                        [
                            25.014495849609375,
                            56.29520504055592
                        ],
                        [
                            24.98428344726562,
                            56.303586764561544
                        ],
                        [
                            24.97055053710937,
                            56.31577508143522
                        ],
                        [
                            24.973297119140625,
                            56.35231670213132
                        ],
                        [
                            24.962310791015625,
                            56.36981383108917
                        ],
                        [
                            24.94171142578125,
                            56.3796999607553
                        ],
                        [
                            24.912872314453125,
                            56.410862494272344
                        ],
                        [
                            24.901885986328125,
                            56.42301656505151
                        ],
                        [
                            24.915618896484375,
                            56.44048123969255
                        ],
                        [
                            24.8785400390625,
                            56.448072074503486
                        ]
                    ]
                ],
                "type": "Polygon"
            },
            "properties": {}
        }
    ]
}