{
    "type": "FeatureCollection",
    "features": [
        {
            "type": "Feature",
            "geometry": {
                "type": "Polygon",
                "coordinates": [
                    [
                        [
                            6.024383905670984,
                            50.18241502630394
                        ],
                        [
                            6.00300393881616,
                            50.17619885026539
                        ],
                        [
                            5.973427727939504,
                            50.17536071923008
                        ],
                        [
                            5.96478608819984,
                            50.17288389041114
                        ],
                        [
                            5.962561589673849,
                            50.16126721089774
                        ],
                        [
                            5.967315281524658,
                            50.15620691215645
                        ],
                        [
                            5.959627205655945,
                            50.15116183067019
                        ],
                        [
                            5.961925555630496,
                            50.14232586000693
                        ],
                        [
                            5.957555285625271,
                            50.13793818176849
                        ],
                        [
                            5.960576231631502,
                            50.13076378349177
                        ],
                        [
                            5.924202730548681,
                            50.12498517573913
                        ],
                        [
                            5.8960900003032135,
                            50.112516472537976
                        ],
                        [
                            5.8954588589284596,
                            50.10096451941406
                        ],
                        [
                            5.8874020221516865,
                            50.09439116253868
                        ],
                        [
                            5.887298583984371,
                            50.07972838525469
                        ],
                        [
                            5.867091211106962,
                            50.072225903681925
                        ],
                        [
                            5.855579386479884,
                            50.06332817476435
                        ],
                        [
                            5.857772827148433,
                            50.05697345978496
                        ],
                        [
                            5.8661155928614015,
                            50.0516645783458
                        ],
                        [
                            5.869640342744415,
                            50.04547823939066
                        ],
                        [
                            5.868664762601714,
                            50.043673705077865
                        ],
                        [
                            5.862974186247367,
                            50.04213247393048
                        ],
                        [
                            5.862765524560356,
                            50.038852536540276
                        ],
                        [
                            5.856505705882707,
                            50.036045028010456
                        ],
                        [
                            5.859976055675669,
                            50.028718558254596
                        ],
                        [
                            5.853688139155348,
                            50.02788119194454
                        ],
                        [
                            5.8533452178575045,
                            50.026418251027934
                        ],
                        [
                            5.8513622978779365,
                            50.0261076754483
                        ],
                        [
                            5.852454375426329,
                            50.02293264062035
                        ],
                        [
                            5.8409230474642255,
                            50.01844137570353
                        ],
                        [
                            5.833824884553688,
                            50.018303313650094
                        ],
                        [
                            5.8298017191731,
                            50.014674574543676
                        ],
                        [
                            5.823589286933607,
                            50.01470791427676
                        ],
                        [
                            5.819149671935658,
                            50.01263809805313
                        ],
                        [
                            5.821998803674983,
                            50.00573420458407
                        ],
                        [
                            5.821302300931105,
                            50.00049558647102
                        ],
                        [
                            5.823749645978072,
                            49.997328387560685
                        ],
                        [
                            5.829878996064064,
                            49.99433651235721
                        ],
                        [
                            5.832319016131944,
                            49.990632104402785
                        ],
                        [
                            5.83583241075554,
                            49.990933156057395
                        ],
                        [
                            5.839686731773892,
                            49.98952454973244
                        ],
                        [
                            5.839247776605045,
                            49.98384749197979
                        ],
                        [
                            5.836063326567252,
                            49.97864669666646
                        ],
                        [
                            5.833394566581912,
                            49.978180033124374
                        ],
                        [
                            5.8308621771524525,
                            49.976222511278955
                        ],
                        [
                            5.826751992192131,
                            49.97485073050542
                        ],
                        [
                            5.824531926780801,
                            49.97508902614811
                        ],
                        [
                            5.819819054843825,
                            49.9743378139685
                        ],
                        [
                            5.819121026619217,
                            49.9721338057162
                        ],
                        [
                            5.810633701206437,
                            49.971497185916824
                        ],
                        [
                            5.810841740562746,
                            49.96434767516719
                        ],
                        [
                            5.807053208463881,
                            49.962215270259286
                        ],
                        [
                            5.800502215575388,
                            49.96276604302088
                        ],
                        [
                            5.795860410484375,
                            49.96568536605899
                        ],
                        [
                            5.790940658128272,
                            49.963892134295065
                        ],
                        [
                            5.791601686304622,
                            49.9617968317726
                        ],
                        [
                            5.785627917858435,
                            49.96076454173654
                        ],
                        [
                            5.780635279373916,
                            49.96264786885614
                        ],
                        [
                            5.775150230786906,
                            49.960624350831694
                        ],
                        [
                            5.777680818755901,
                            49.95771751357205
                        ],
                        [
                            5.774559761272894,
                            49.95664123577626
                        ],
                        [
                            5.774863433042153,
                            49.95343565877165
                        ],
                        [
                            5.770508617573924,
                            49.949390155079485
                        ],
                        [
                            5.775154258868131,
                            49.93779782290706
                        ],
                        [
                            5.7703993740848425,
                            49.93637769821529
                        ],
                        [
                            5.77084465518092,
                            49.93134378583218
                        ],
                        [
                            5.76409846617815,
                            49.93145815963765
                        ],
                        [
                            5.7622054517863095,
                            49.91564568281262
                        ],
                        [
                            5.746697009720942,
                            49.90805528150959
                        ],
                        [
                            5.735607505299551,
                            49.8974689585476
                        ],
                        [
                            5.777299267722476,
                            49.883342086775826
                        ],
                        [
                            5.783518103303624,
                            49.87884365850236
                        ],
                        [
                            5.783711312408723,
                            49.87576449157497
                        ],
                        [
                            5.778515696445505,
                            49.87703258055565
                        ],
                        [
                            5.78384502202267,
                            49.87218651286706
                        ],
                        [
                            5.7792707385836435,
                            49.872446556619046
                        ],
                        [
                            5.774649694692395,
                            49.86728898452783
                        ],
                        [
                            5.76966851956379,
                            49.87246050781283
                        ],
                        [
                            5.763790302214718,
                            49.86967137948405
                        ],
                        [
                            5.756471559917212,
                            49.87309176804807
                        ],
                        [
                            5.7526771395548755,
                            49.86862161964675
                        ],
                        [
                            5.756985672023876,
                            49.86566023927409
                        ],
                        [
                            5.754978865472618,
                            49.861594577453694
                        ],
                        [
                            5.759905457256489,
                            49.85664693953066
                        ],
                        [
                            5.74583512629007,
                            49.85355696505111
                        ],
                        [
                            5.758209228515621,
                            49.8488864748517
                        ],
                        [
                            5.756593541580709,
                            49.84530962952175
                        ],
                        [
                            5.7493958204723254,
                            49.84742231626463
                        ],
                        [
                            5.748947016780597,
                            49.838917065918906
                        ],
                        [
                            5.741122094817814,
                            49.839288100914914
                        ],
                        [
                            5.739903887618861,
                            49.83418680303255
                        ],
                        [
                            5.743916603627244,
                            49.83136452886042
                        ],
                        [
                            5.748067663133578,
                            49.82372334190394
                        ],
                        [
                            5.743418622247062,
                            49.82068616806667
                        ],
                        [
                            5.746614089264335,
                            49.815160779010796
                        ],
                        [
                            5.750085555654837,
                            49.81444368877313
                        ],
                        [
                            5.754863441906347,
                            49.791271848206435
                        ],
                        [
                            5.7762702903815635,
                            49.79482030815993
                        ],
                        [
                            5.7811777277846295,
                            49.792273951606376
                        ],
                        [
                            5.784045445547371,
                            49.79590037873784
                        ],
                        [
                            5.788569159547332,
                            49.79703251773392
                        ],
                        [
                            5.7934550016064135,
                            49.79007716598184
                        ],
                        [
                            5.792268857458363,
                            49.78739805924123
                        ],
                        [
                            5.798502488117828,
                            49.78172116027413
                        ],
                        [
                            5.8000441294366505,
                            49.77746995411995
                        ],
                        [
                            5.806853403611107,
                            49.77369043547638
                        ],
                        [
                            5.809707976412073,
                            49.765775347333125
                        ],
                        [
                            5.815598542315327,
                            49.76222888050694
                        ],
                        [
                            5.81978582244538,
                            49.754036893509905
                        ],
                        [
                            5.823421103828916,
                            49.74941116009015
                        ],
                        [
                            5.8304234050601975,
                            49.750203449423914
                        ],
                        [
                            5.83261355865537,
                            49.74582978288734
                        ],
                        [
                            5.830387722280572,
                            49.74306121318533
                        ],
                        [
                            5.832560034484568,
                            49.74126949150988
                        ],
                        [
                            5.827890749483119,
                            49.73937477742113
                        ],
                        [
                            5.827620147646948,
                            49.736627274814985
                        ],
                        [
                            5.82817861476726,
                            49.73298011892875
                        ],
                        [
                            5.825666635395225,
                            49.731940411666265
                        ],
                        [
                            5.827680569715578,
                            49.72751572295799
                        ],
                        [
                            5.823900775738163,
                            49.72392673401279
                        ],
                        [
                            5.835516372842743,
                            49.72446115894003
                        ],
                        [
                            5.843832957571574,
                            49.72101447971385
                        ],
                        [
                            5.853052027587376,
                            49.72486204278701
                        ],
                        [
                            5.8651302416619675,
                            49.72728781417744
                        ],
                        [
                            5.877090682383136,
                            49.718457260184884
                        ],
                        [
                            5.873875666180817,
                            49.717162898425705
                        ],
                        [
                            5.886140037231878,
                            49.70902878135292
                        ],
                        [
                            5.866308654548394,
                            49.69348037639807
                        ],
                        [
                            5.862092597103366,
                            49.68205772286109
                        ],
                        [
                            5.8666365975535335,
                            49.675291650463336
                        ],
                        [
                            5.882507481423197,
                            49.67174410112158
                        ],
                        [
                            5.8822414609889275,
                            49.67054727176006
                        ],
                        [
                            5.884782840674117,
                            49.67064119391411
                        ],
                        [
                            5.884448896575783,
                            49.66861113956009
                        ],
                        [
                            5.886611049719438,
                            49.66796578186768
                        ],
                        [
                            5.889823154714676,
                            49.670418724743044
                        ],
                        [
                            5.892498963173692,
                            49.666221659468505
                        ],
                        [
                            5.895887232995027,
                            49.668335143166445
                        ],
                        [
                            5.899007709187934,
                            49.665929959958845
                        ],
                        [
                            5.902350873885682,
                            49.66795850242232
                        ],
                        [
                            5.902061236972044,
                            49.66401061916385
                        ],
                        [
                            5.908245807952893,
                            49.6655564459992
                        ],
                        [
                            5.911221111050235,
                            49.66260158432723
                        ],
                        [
                            5.904011606758128,
                            49.660354828008195
                        ],
                        [
                            5.90301872583362,
                            49.64557918070004
                        ],
                        [
                            5.907820356366479,
                            49.63830663314179
                        ],
                        [
                            5.899772644071181,
                            49.634499244704315
                        ],
                        [
                            5.892235267168797,
                            49.636121691540204
                        ],
                        [
                            5.88161782987029,
                            49.631284585298275
                        ],
                        [
                            5.886591976324151,
                            49.626692115436576
                        ],
                        [
                            5.876181817854298,
                            49.6219944556937
                        ],
                        [
                            5.875876321809382,
                            49.60784274486389
                        ],
                        [
                            5.847444640405494,
                            49.59711293871644
                        ],
                        [
                            5.850414417319565,
                            49.587027450660386
                        ],
                        [
                            5.864345323007174,
                            49.58670105110554
                        ],
                        [
                            5.868668319807919,
                            49.590742221517075
                        ],
                        [
                            5.87280328301497,
                            49.583784913875135
                        ],
                        [
                            5.866661346096744,
                            49.58035259538169
                        ],
                        [
                            5.872192382812495,
                            49.57983308534051
                        ],
                        [
                            5.87014269088815,
                            49.57653909709096
                        ],
                        [
                            5.871842426821859,
                            49.574156819749554
                        ],
                        [
                            5.860947204978667,
                            49.57015211132965
                        ],
                        [
                            5.860833141101917,
                            49.56639790865203
                        ],
                        [
                            5.851624440258849,
                            49.56477087087809
                        ],
                        [
                            5.850710932885633,
                            49.56296941841982
                        ],
                        [
                            5.844173283725251,
                            49.56055998147235
                        ],
                        [
                            5.846963583365689,
                            49.55700240255028
                        ],
                        [
                            5.841413068691817,
                            49.553231552877406
                        ],
                        [
                            5.835539005159457,
                            49.55254378333351
                        ],
                        [
                            5.828258906178543,
                            49.55018369911765
                        ],
                        [
                            5.825966307325198,
                            49.551911365861244
                        ],
                        [
                            5.820392959096462,
                            49.54907802705212
                        ],
                        [
                            5.818385493042878,
                            49.54645194645722
                        ],
                        [
                            5.807481691800348,
                            49.54206606632428
                        ],
                        [
                            5.816702288112467,
                            49.53689518530568
                        ],
                        [
                            5.836851944907352,
                            49.54261248475387
                        ],
                        [
                            5.845452351377631,
                            49.52955031906639
                        ],
                        [
                            5.83251234652861,
                            49.52581850579362
                        ],
                        [
                            5.86759863562898,
                            49.49950515140388
                        ],
                        [
                            5.8978803884646425,
                            49.49659023014305
                        ],
                        [
                            5.90784332462934,
                            49.50207296653335
                        ],
                        [
                            5.946002841654391,
                            49.498356664721825
                        ],
                        [
                            5.973548773779505,
                            49.489900171311845
                        ],
                        [
                            5.968501776110632,
                            49.48639296233226
                        ],
                        [
                            5.975439920299266,
                            49.48124234567467
                        ],
                        [
                            5.97033103964625,
                            49.47588575566471
                        ],
                        [
                            5.975330572877242,
                            49.462906595847386
                        ],
                        [
                            5.987621726406112,
                            49.462289755583555
                        ],
                        [
                            5.9789890999476825,
                            49.45126645988122
                        ],
                        [
                            6.000272894354879,
                            49.45660785977229
                        ],
                        [
                            6.008220062317875,
                            49.45165332177671
                        ],
                        [
                            6.028520535229283,
                            49.455358701391404
                        ],
                        [
                            6.02741631426721,
                            49.44845240514747
                        ],
                        [
                            6.0420049282960235,
                            49.44752283780775
                        ],
                        [
                            6.055236371602547,
                            49.466238278164205
                        ],
                        [
                            6.078929704903146,
                            49.46383293576419
                        ],
                        [
                            6.084893976749385,
                            49.45547213376964
                        ],
                        [
                            6.101161625104908,
                            49.45360279632288
                        ],
                        [
                            6.099386140150386,
                            49.469166451786336
                        ],
                        [
                            6.122116906902477,
                            49.47313786702601
                        ],
                        [
                            6.12788673078424,
                            49.49410257043842
                        ],
                        [
                            6.141854456053792,
                            49.48701121473056
                        ],
                        [
                            6.161673276301162,
                            49.492908474541096
                        ],
                        [
                            6.154544804139611,
                            49.50292409819863
                        ],
                        [
                            6.17706298828125,
                            49.50916011935442
                        ],
                        [
                            6.214350734421544,
                            49.50672443423491
                        ],
                        [
                            6.2406032547601455,
                            49.51302020916626
                        ],
                        [
                            6.279378340394402,
                            49.50171512382662
                        ],
                        [
                            6.280182058644883,
                            49.4942210721036
                        ],
                        [
                            6.289378628466668,
                            49.49360926878263
                        ],
                        [
                            6.284943038600765,
                            49.49052639342358
                        ],
                        [
                            6.290176771304981,
                            49.48466343370714
                        ],
                        [
                            6.298935338264244,
                            49.48870702797614
                        ],
                        [
                            6.295646880381801,
                            49.4808053989852
                        ],
                        [
                            6.3055150417354,
                            49.477743684901725
                        ],
                        [
                            6.313777905591797,
                            49.48002370751024
                        ],
                        [
                            6.333919199480067,
                            49.467464507685165
                        ],
                        [
                            6.342246198092377,
                            49.46901358849122
                        ],
                        [
                            6.3468852378525655,
                            49.46638866721524
                        ],
                        [
                            6.353109412460327,
                            49.46706022755023
                        ],
                        [
                            6.360034571317133,
                            49.46138074294498
                        ],
                        [
                            6.369337432444674,
                            49.459101104733804
                        ],
                        [
                            6.367811942136186,
                            49.46948001715482
                        ],
                        [
                            6.3686370849609375,
                            49.49355263168322
                        ],
                        [
                            6.3576507568359375,
                            49.53011091518525
                        ],
                        [
                            6.381683349609375,
                            49.55461640694068
                        ],
                        [
                            6.373443603515625,
                            49.56307908438638
                        ],
                        [
                            6.361083984375,
                            49.57243086378991
                        ],
                        [
                            6.3720703125,
                            49.577773933420914
                        ],
                        [
                            6.381683349609375,
                            49.576883462436605
                        ],
                        [
                            6.3741302490234375,
                            49.58979370145392
                        ],
                        [
                            6.387176513671875,
                            49.60003042758964
                        ],
                        [
                            6.403656005859375,
                            49.60448050792379
                        ],
                        [
                            6.416015625,
                            49.615603931907366
                        ],
                        [
                            6.4263153076171875,
                            49.62850392384226
                        ],
                        [
                            6.4400482177734375,
                            49.65740529327822
                        ],
                        [
                            6.4324951171875,
                            49.66051672522669
                        ],
                        [
                            6.427860260009879,
                            49.660683403466635
                        ],
                        [
                            6.426572799682731,
                            49.663516846190085
                        ],
                        [
                            6.430091857910156,
                            49.66751671971829
                        ],
                        [
                            6.436271667480355,
                            49.67107188677643
                        ],
                        [
                            6.447515487671012,
                            49.67784820424385
                        ],
                        [
                            6.453008651733398,
                            49.683401858713154
                        ],
                        [
                            6.460475921630859,
                            49.69145353100214
                        ],
                        [
                            6.47068977355957,
                            49.693119227733064
                        ],
                        [
                            6.47944450378418,
                            49.696228375564154
                        ],
                        [
                            6.48991584777832,
                            49.704000374937806
                        ],
                        [
                            6.496438980102539,
                            49.70888499541716
                        ],
                        [
                            6.502704620361328,
                            49.711882133005474
                        ],
                        [
                            6.506137847900391,
                            49.71260363850872
                        ],
                        [
                            6.507167816162109,
                            49.716211005254856
                        ],
                        [
                            6.503047943115234,
                            49.71887473485885
                        ],
                        [
                            6.496438980102539,
                            49.723535910076635
                        ],
                        [
                            6.496868133544808,
                            49.72597729946628
                        ],
                        [
                            6.50141716003418,
                            49.72658762763041
                        ],
                        [
                            6.504850387573242,
                            49.72525599265219
                        ],
                        [
                            6.510686874389762,
                            49.72059498257234
                        ],
                        [
                            6.514806747436523,
                            49.721593808116225
                        ],
                        [
                            6.517467498779297,
                            49.723757859639896
                        ],
                        [
                            6.5128326416015625,
                            49.72669859556309
                        ],
                        [
                            6.5032196044921875,
                            49.7315809334801
                        ],
                        [
                            6.5004730224609375,
                            49.753767189605355
                        ],
                        [
                            6.521759033203125,
                            49.760864648909966
                        ],
                        [
                            6.5169525146484375,
                            49.770621959313935
                        ],
                        [
                            6.508026123046875,
                            49.77638671963695
                        ],
                        [
                            6.5196990966796875,
                            49.78303751411044
                        ],
                        [
                            6.507339477538949,
                            49.79146054329162
                        ],
                        [
                            6.529998779296875,
                            49.80387075888756
                        ],
                        [
                            6.5238189697265625,
                            49.814505555123134
                        ],
                        [
                            6.513519287109375,
                            49.80076850316847
                        ],
                        [
                            6.505279541015625,
                            49.81007467398775
                        ],
                        [
                            6.4867401123046875,
                            49.81184707512046
                        ],
                        [
                            6.4716339111328125,
                            49.822037122094414
                        ],
                        [
                            6.4537811279296875,
                            49.81184707512046
                        ],
                        [
                            6.4414215087890625,
                            49.81317633337614
                        ],
                        [
                            6.429405212402344,
                            49.81140398092213
                        ],
                        [
                            6.425628662109375,
                            49.8158347403617
                        ],
                        [
                            6.4098358154296875,
                            49.817828449766886
                        ],
                        [
                            6.3947296142578125,
                            49.82602394766416
                        ],
                        [
                            6.370353698730469,
                            49.846395925188446
                        ],
                        [
                            6.364860534667969,
                            49.84993800173619
                        ],
                        [
                            6.339454650878906,
                            49.848166995907725
                        ],
                        [
                            6.336021423339844,
                            49.838646727799755
                        ],
                        [
                            6.3246917724609375,
                            49.83621100922978
                        ],
                        [
                            6.318511962890625,
                            49.84329639528395
                        ],
                        [
                            6.324348449707031,
                            49.850602112192306
                        ],
                        [
                            6.3095855712890625,
                            49.870521182846346
                        ],
                        [
                            6.299285888671875,
                            49.866095432384455
                        ],
                        [
                            6.288642883300781,
                            49.87583154812349
                        ],
                        [
                            6.269416809082031,
                            49.8787077521734
                        ],
                        [
                            6.2354278564453125,
                            49.89905753082207
                        ],
                        [
                            6.227874755859489,
                            49.91055578459883
                        ],
                        [
                            6.2347412109375,
                            49.91497746013836
                        ],
                        [
                            6.219635009765625,
                            49.924703719314344
                        ],
                        [
                            6.2271881103515625,
                            49.935753904950985
                        ],
                        [
                            6.21826171875,
                            49.95033627078014
                        ],
                        [
                            6.20452880859375,
                            49.95431251357478
                        ],
                        [
                            6.200408935546875,
                            49.94945261668548
                        ],
                        [
                            6.192169189453125,
                            49.96844760696572
                        ],
                        [
                            6.18255615234375,
                            49.966239272192034
                        ],
                        [
                            6.183242797851676,
                            49.952987135788035
                        ],
                        [
                            6.164703369140625,
                            49.973747197046386
                        ],
                        [
                            6.170196533203125,
                            49.98390311354472
                        ],
                        [
                            6.137237548828125,
                            49.9975881309457
                        ],
                        [
                            6.1475372314453125,
                            49.99935365599501
                        ],
                        [
                            6.151657104492301,
                            50.009504166914994
                        ],
                        [
                            6.1392974853515625,
                            50.01038671874375
                        ],
                        [
                            6.127281188964844,
                            50.01965253447933
                        ],
                        [
                            6.137580871582031,
                            50.01700534087497
                        ],
                        [
                            6.146507263183594,
                            50.02296132138001
                        ],
                        [
                            6.131401062011719,
                            50.03046039466325
                        ],
                        [
                            6.131401062011719,
                            50.042147791563075
                        ],
                        [
                            6.121101379394531,
                            50.05317102992865
                        ],
                        [
                            6.1228179931640625,
                            50.06154699791961
                        ],
                        [
                            6.118354797363281,
                            50.05669793151598
                        ],
                        [
                            6.112861633300668,
                            50.06088579045132
                        ],
                        [
                            6.1159515380859375,
                            50.067277080898286
                        ],
                        [
                            6.120071411132926,
                            50.065514051349126
                        ],
                        [
                            6.130027770996094,
                            50.07410820831213
                        ],
                        [
                            6.116981506347656,
                            50.07432855106039
                        ],
                        [
                            6.120414733886719,
                            50.093494494383805
                        ],
                        [
                            6.132087707519531,
                            50.09327423971961
                        ],
                        [
                            6.126251220703125,
                            50.101863421448584
                        ],
                        [
                            6.135520935058594,
                            50.10362511455642
                        ],
                        [
                            6.128997802734375,
                            50.108249250710514
                        ],
                        [
                            6.136894226074219,
                            50.11375359262906
                        ],
                        [
                            6.1296844482421875,
                            50.11551484842231
                        ],
                        [
                            6.131057739257699,
                            50.121678733524895
                        ],
                        [
                            6.136894226074219,
                            50.12365981377181
                        ],
                        [
                            6.137517369121464,
                            50.129534795137474
                        ],
                        [
                            6.13086067074337,
                            50.129650123744995
                        ],
                        [
                            6.124048341274768,
                            50.13479322357543
                        ],
                        [
                            6.111991009112808,
                            50.13646224135621
                        ],
                        [
                            6.117512350709571,
                            50.14617805915954
                        ],
                        [
                            6.1252896368764835,
                            50.14935117394477
                        ],
                        [
                            6.114489429776622,
                            50.15580701528937
                        ],
                        [
                            6.120458409114316,
                            50.162869891888676
                        ],
                        [
                            6.111010937170181,
                            50.166408235122894
                        ],
                        [
                            6.108774261951292,
                            50.16897808445738
                        ],
                        [
                            6.1054327065897125,
                            50.16871708461671
                        ],
                        [
                            6.10174224170765,
                            50.17031846127355
                        ],
                        [
                            6.09676685515809,
                            50.16891380818464
                        ],
                        [
                            6.093536016203951,
                            50.16907354143882
                        ],
                        [
                            6.0851408595811405,
                            50.17121953412418
                        ],
                        [
                            6.079420675938333,
                            50.17038582110032
                        ],
                        [
                            6.079747238398394,
                            50.156615354268865
                        ],
                        [
                            6.073193888312826,
                            50.157273736005905
                        ],
                        [
                            6.065244900150101,
                            50.153163115316744
                        ],
                        [
                            6.044329127095034,
                            50.15783012478454
                        ],
                        [
                            6.029926331726523,
                            50.16547755550434
                        ],
                        [
                            6.024383905670984,
                            50.18241502630394
                        ]
                    ]
                ]
            },
            "properties": {}
        }
    ]
}