{
    "type": "FeatureCollection",
    "features": [
        {
            "type": "Feature",
            "properties": {},
            "geometry": {
                "coordinates": [
                    [
                        [
                            32.99868775569336,
                            -9.36209756545451
                        ],
                        [
                            32.967152147193715,
                            -9.391674571214653
                        ],
                        [
                            32.959987111927916,
                            -9.39338442270511
                        ],
                        [
                            32.95448957005681,
                            -9.40201254699778
                        ],
                        [
                            32.949430178366185,
                            -9.405830261586534
                        ],
                        [
                            32.94287105909285,
                            -9.425183258019965
                        ],
                        [
                            32.94645824782651,
                            -9.48604182723128
                        ],
                        [
                            32.97864351538615,
                            -9.482760863193754
                        ],
                        [
                            33.02747478316368,
                            -9.50756254672047
                        ],
                        [
                            33.002411840400356,
                            -9.596845918977253
                        ],
                        [
                            33.00550212691374,
                            -9.62825093138421
                        ],
                        [
                            33.039318082122406,
                            -9.639674930758272
                        ],
                        [
                            33.04868135718303,
                            -9.627234331868383
                        ],
                        [
                            33.0680323124261,
                            -9.629989090155632
                        ],
                        [
                            33.06859331345072,
                            -9.643402250668354
                        ],
                        [
                            33.09013748428515,
                            -9.676141687255463
                        ],
                        [
                            33.10481214620668,
                            -9.683356957400994
                        ],
                        [
                            33.11601042666446,
                            -9.643827747442248
                        ],
                        [
                            33.10719535543868,
                            -9.626347422639528
                        ],
                        [
                            33.118972014861434,
                            -9.598716578654347
                        ],
                        [
                            33.15235643081916,
                            -9.609249556137684
                        ],
                        [
                            33.18574084677689,
                            -9.601002208528511
                        ],
                        [
                            33.21749762891969,
                            -9.619361283338721
                        ],
                        [
                            33.22892618471326,
                            -9.660151512516425
                        ],
                        [
                            33.22721071613071,
                            -9.720558860343646
                        ],
                        [
                            33.23892913406313,
                            -9.737818577370977
                        ],
                        [
                            33.274585438876784,
                            -9.76877670880406
                        ],
                        [
                            33.287249425868765,
                            -9.803452264762807
                        ],
                        [
                            33.325653076171875,
                            -9.81732918706777
                        ],
                        [
                            33.34333935134336,
                            -9.821557288608737
                        ],
                        [
                            33.36912827624771,
                            -9.861977821010992
                        ],
                        [
                            33.380502989697504,
                            -9.915077888770869
                        ],
                        [
                            33.34892493092278,
                            -9.939677575616555
                        ],
                        [
                            33.346255495240335,
                            -9.97103978366337
                        ],
                        [
                            33.321187971725266,
                            -10.04821977305451
                        ],
                        [
                            33.33234996938421,
                            -10.075430118129887
                        ],
                        [
                            33.37045841333844,
                            -10.08937131263481
                        ],
                        [
                            33.394619704427924,
                            -10.110958192296494
                        ],
                        [
                            33.42032537531776,
                            -10.12544986878622
                        ],
                        [
                            33.46032190355308,
                            -10.170566291422617
                        ],
                        [
                            33.49430894754397,
                            -10.180364956603663
                        ],
                        [
                            33.51603794941223,
                            -10.204194886066741
                        ],
                        [
                            33.559541034243125,
                            -10.223325939435501
                        ],
                        [
                            33.56597900390625,
                            -10.237897388022969
                        ],
                        [
                            33.550872802734375,
                            -10.26492475236436
                        ],
                        [
                            33.54920059442769,
                            -10.295997781931991
                        ],
                        [
                            33.53721439836525,
                            -10.31100309183972
                        ],
                        [
                            33.53904992338484,
                            -10.336263395159783
                        ],
                        [
                            33.54862093922077,
                            -10.351800727080962
                        ],
                        [
                            33.54870498176666,
                            -10.37270207171619
                        ],
                        [
                            33.56597900390625,
                            -10.398676095047755
                        ],
                        [
                            33.57807579067966,
                            -10.431492423953593
                        ],
                        [
                            33.622263565227485,
                            -10.449396255493221
                        ],
                        [
                            33.63083902800497,
                            -10.474234745974497
                        ],
                        [
                            33.61705691144286,
                            -10.498432314680915
                        ],
                        [
                            33.63712902374342,
                            -10.504252350950733
                        ],
                        [
                            33.636864471982506,
                            -10.521442080264524
                        ],
                        [
                            33.6540882818515,
                            -10.534040170646076
                        ],
                        [
                            33.67448592567456,
                            -10.553225216953097
                        ],
                        [
                            33.6774919012892,
                            -10.578065077568782
                        ],
                        [
                            33.70377265924654,
                            -10.575865378430068
                        ],
                        [
                            33.68682861328125,
                            -10.593121073343568
                        ],
                        [
                            33.64628094585893,
                            -10.618347919599014
                        ],
                        [
                            33.617902949524705,
                            -10.6532767485001
                        ],
                        [
                            33.60220335747928,
                            -10.656505852237464
                        ],
                        [
                            33.54933337276793,
                            -10.733680265430861
                        ],
                        [
                            33.53283351026181,
                            -10.733166843887513
                        ],
                        [
                            33.53043957644911,
                            -10.76383559164908
                        ],
                        [
                            33.48335429306303,
                            -10.795230390703363
                        ],
                        [
                            33.44764872665496,
                            -10.820004110569771
                        ],
                        [
                            33.40947462272845,
                            -10.80663819324346
                        ],
                        [
                            33.38488766032674,
                            -10.816703365101043
                        ],
                        [
                            33.3685946774078,
                            -10.830848194132397
                        ],
                        [
                            33.33491346506354,
                            -10.830481776067325
                        ],
                        [
                            33.317487933786595,
                            -10.870670901491835
                        ],
                        [
                            33.28593954228057,
                            -10.875193040092535
                        ],
                        [
                            33.27634515609873,
                            -10.864198817303308
                        ],
                        [
                            33.243688753838754,
                            -10.888830968864847
                        ],
                        [
                            33.251939544788165,
                            -10.907574951463218
                        ],
                        [
                            33.2782185833519,
                            -10.9011486650687
                        ],
                        [
                            33.313313827350726,
                            -10.938351991358452
                        ],
                        [
                            33.31101989454561,
                            -10.986204097979588
                        ],
                        [
                            33.32247924221616,
                            -11.044099360280775
                        ],
                        [
                            33.33391821956738,
                            -11.055084814101164
                        ],
                        [
                            33.33223209567866,
                            -11.070268719154615
                        ],
                        [
                            33.38075978415933,
                            -11.112813105835663
                        ],
                        [
                            33.384501149041256,
                            -11.138055150456518
                        ],
                        [
                            33.4095730355385,
                            -11.146229369345182
                        ],
                        [
                            33.380584716796875,
                            -11.238898058472131
                        ],
                        [
                            33.35784165327544,
                            -11.253771667381862
                        ],
                        [
                            33.316282860258724,
                            -11.341897020350276
                        ],
                        [
                            33.311020009647436,
                            -11.368759069585387
                        ],
                        [
                            33.292392649925404,
                            -11.379710679113186
                        ],
                        [
                            33.2940673828125,
                            -11.412725780161402
                        ],
                        [
                            33.29292857449684,
                            -11.440894493655573
                        ],
                        [
                            33.28033447265625,
                            -11.44099325407292
                        ],
                        [
                            33.240509033203125,
                            -11.403122064782844
                        ],
                        [
                            33.229522705078125,
                            -11.434263158869342
                        ],
                        [
                            33.24869015862163,
                            -11.461486254993345
                        ],
                        [
                            33.24302530178261,
                            -11.49340205514498
                        ],
                        [
                            33.250724954055585,
                            -11.51503011945901
                        ],
                        [
                            33.22523530850404,
                            -11.562041985872195
                        ],
                        [
                            33.22541950902499,
                            -11.58884246412018
                        ],
                        [
                            33.27713572781654,
                            -11.578379272839019
                        ],
                        [
                            33.295440673828125,
                            -11.587554567230002
                        ],
                        [
                            33.31348599604964,
                            -11.596864854485258
                        ],
                        [
                            33.31605254680814,
                            -11.730392319456179
                        ],
                        [
                            33.33484743005914,
                            -11.798006369411285
                        ],
                        [
                            33.33022511202665,
                            -11.83032278283213
                        ],
                        [
                            33.3055560303261,
                            -11.862639196252974
                        ],
                        [
                            33.3270263671875,
                            -11.905142565116554
                        ],
                        [
                            33.30974286254454,
                            -11.959280611082653
                        ],
                        [
                            33.305907754375426,
                            -12.00538094775163
                        ],
                        [
                            33.273710838775514,
                            -12.069276228025194
                        ],
                        [
                            33.256988525390625,
                            -12.141375577877461
                        ],
                        [
                            33.281142528761606,
                            -12.166005642521313
                        ],
                        [
                            33.30753864735377,
                            -12.16712321160512
                        ],
                        [
                            33.31579721786508,
                            -12.202766719469443
                        ],
                        [
                            33.314666748046875,
                            -12.248759676234734
                        ],
                        [
                            33.32732780905903,
                            -12.250820281776653
                        ],
                        [
                            33.34285269345301,
                            -12.292060922085245
                        ],
                        [
                            33.36198666741181,
                            -12.305395457677438
                        ],
                        [
                            33.37109725953434,
                            -12.35277094806199
                        ],
                        [
                            33.46803164308355,
                            -12.326765771003265
                        ],
                        [
                            33.50368692731203,
                            -12.341744214107928
                        ],
                        [
                            33.53343870275219,
                            -12.336623347931518
                        ],
                        [
                            33.545379638671875,
                            -12.366831725440397
                        ],
                        [
                            33.51359767529664,
                            -12.389635275041648
                        ],
                        [
                            33.476584241213345,
                            -12.416140567588558
                        ],
                        [
                            33.47691105835952,
                            -12.460714881909981
                        ],
                        [
                            33.44372324207279,
                            -12.472813795570215
                        ],
                        [
                            33.40530395507812,
                            -12.513006075480709
                        ],
                        [
                            33.399810791015625,
                            -12.531774787272981
                        ],
                        [
                            33.35815469626874,
                            -12.555776270829256
                        ],
                        [
                            33.32094499216973,
                            -12.533689870439533
                        ],
                        [
                            33.26241656565986,
                            -12.535222245291502
                        ],
                        [
                            33.25286865234375,
                            -12.571988851478169
                        ],
                        [
                            33.211669921875,
                            -12.606835950346987
                        ],
                        [
                            33.185577392578125,
                            -12.637658279835065
                        ],
                        [
                            33.180084228515625,
                            -12.613536772542957
                        ],
                        [
                            33.149871826171875,
                            -12.600134952877122
                        ],
                        [
                            33.11004638671875,
                            -12.609516300263113
                        ],
                        [
                            33.083953857421875,
                            -12.597454504832005
                        ],
                        [
                            33.03902779393641,
                            -12.621321874577863
                        ],
                        [
                            32.99697826052497,
                            -12.72353279704755
                        ],
                        [
                            32.943158816650225,
                            -12.773283094225906
                        ],
                        [
                            32.954864501953125,
                            -12.821174850230918
                        ],
                        [
                            32.94937133789062,
                            -12.843937692841445
                        ],
                        [
                            32.974090576171875,
                            -12.882763664161187
                        ],
                        [
                            33.018035888671875,
                            -12.898827824399294
                        ],
                        [
                            33.012542724609375,
                            -12.975118480349165
                        ],
                        [
                            32.988708575645035,
                            -13.033366924617988
                        ],
                        [
                            32.97946079486701,
                            -13.16436278737494
                        ],
                        [
                            33.01580913962516,
                            -13.216001905890051
                        ],
                        [
                            32.954864501953125,
                            -13.273362909410912
                        ],
                        [
                            32.927398681640625,
                            -13.326821199055063
                        ],
                        [
                            32.930145263671875,
                            -13.377595633416385
                        ],
                        [
                            32.888946533203125,
                            -13.457743995786567
                        ],
                        [
                            32.869720458984375,
                            -13.46308626797232
                        ],
                        [
                            32.84457270180329,
                            -13.462163666015327
                        ],
                        [
                            32.84353661560385,
                            -13.51445306194678
                        ],
                        [
                            32.73876961080131,
                            -13.586816634340215
                        ],
                        [
                            32.70904541015625,
                            -13.563231744609336
                        ],
                        [
                            32.677459716796875,
                            -13.571241563074146
                        ],
                        [
                            32.67333984375,
                            -13.615290729190347
                        ],
                        [
                            32.71869007854934,
                            -13.635102173386304
                        ],
                        [
                            32.76675526409618,
                            -13.63708859046664
                        ],
                        [
                            32.80242919921875,
                            -13.656662778921985
                        ],
                        [
                            32.79601931455659,
                            -13.678487604996366
                        ],
                        [
                            32.83672984332563,
                            -13.710124071951922
                        ],
                        [
                            32.79641620217275,
                            -13.734919611717876
                        ],
                        [
                            32.772034168708814,
                            -13.767455297690274
                        ],
                        [
                            32.808442196264764,
                            -13.794989797022149
                        ],
                        [
                            32.83801182025871,
                            -13.788853893748975
                        ],
                        [
                            32.88247696574115,
                            -13.812712610465333
                        ],
                        [
                            32.89498758176421,
                            -13.841783493009999
                        ],
                        [
                            32.92349306804476,
                            -13.863263901422107
                        ],
                        [
                            32.94937133789062,
                            -13.895410435207733
                        ],
                        [
                            32.94283850786118,
                            -13.946478483790122
                        ],
                        [
                            32.97662289875319,
                            -13.944464016445476
                        ],
                        [
                            33.004302978515625,
                            -13.958057772547914
                        ],
                        [
                            32.99411042562289,
                            -14.012840086812908
                        ],
                        [
                            33.040008544921875,
                            -14.05399512846773
                        ],
                        [
                            33.071228981947826,
                            -13.99708911127798
                        ],
                        [
                            33.0853271484375,
                            -13.974050112555396
                        ],
                        [
                            33.144378662109375,
                            -13.958057772547914
                        ],
                        [
                            33.144378662109375,
                            -13.93406718249833
                        ],
                        [
                            33.17380975076097,
                            -13.925498283075394
                        ],
                        [
                            33.195970145498706,
                            -13.990990870241097
                        ],
                        [
                            33.21550345397431,
                            -14.008640550898708
                        ],
                        [
                            33.23931741494212,
                            -14.005356777683303
                        ],
                        [
                            33.258190590306356,
                            -14.023505424765782
                        ],
                        [
                            33.29270453844981,
                            -14.033174149098564
                        ],
                        [
                            33.31878662109375,
                            -14.08596532711486
                        ],
                        [
                            33.299560546875,
                            -14.145897379244564
                        ],
                        [
                            33.317413330078125,
                            -14.16720274992528
                        ],
                        [
                            33.342132568359375,
                            -14.21513251850898
                        ],
                        [
                            33.35723876953125,
                            -14.21513251850898
                        ],
                        [
                            33.377838134765625,
                            -14.21513251850898
                        ],
                        [
                            33.40118408203125,
                            -14.259059219889885
                        ],
                        [
                            33.446502685546875,
                            -14.344225986894427
                        ],
                        [
                            33.46435546875,
                            -14.392118083661728
                        ],
                        [
                            33.497314453125,
                            -14.420050399210947
                        ],
                        [
                            33.531646728515625,
                            -14.422710437246598
                        ],
                        [
                            33.567352294921875,
                            -14.479893564168469
                        ],
                        [
                            33.603057861328125,
                            -14.491860262689075
                        ],
                        [
                            33.6181640625,
                            -14.535732627008766
                        ],
                        [
                            33.630523681640625,
                            -14.568963470211937
                        ],
                        [
                            33.65936279296875,
                            -14.603518234018546
                        ],
                        [
                            33.68133544921875,
                            -14.615478234145248
                        ],
                        [
                            33.695068359375,
                            -14.595544539181391
                        ],
                        [
                            33.71704101562499,
                            -14.576938127714245
                        ],
                        [
                            33.707427978515625,
                            -14.541049898060388
                        ],
                        [
                            33.712921142578125,
                            -14.511803324514721
                        ],
                        [
                            33.734893798828125,
                            -14.505155836749273
                        ],
                        [
                            33.795318603515625,
                            -14.534403289252039
                        ],
                        [
                            33.81317138671875,
                            -14.551684056143435
                        ],
                        [
                            33.858489990234375,
                            -14.513132798115956
                        ],
                        [
                            33.885955810546875,
                            -14.522438889692856
                        ],
                        [
                            33.87359619140625,
                            -14.502496785767889
                        ],
                        [
                            33.921661376953125,
                            -14.475904521198986
                        ],
                        [
                            33.940887451171875,
                            -14.475904521198986
                        ],
                        [
                            34.0850830078125,
                            -14.48787143493156
                        ],
                        [
                            34.094524850790236,
                            -14.447287958017295
                        ],
                        [
                            34.20043945312499,
                            -14.442659709787911
                        ],
                        [
                            34.234771728515625,
                            -14.429360393373146
                        ],
                        [
                            34.27459716796874,
                            -14.429360393373146
                        ],
                        [
                            34.29794311523437,
                            -14.402759378194173
                        ],
                        [
                            34.33502197265625,
                            -14.400099102127717
                        ],
                        [
                            34.358367919921875,
                            -14.38945768076871
                        ],
                        [
                            34.38720703125,
                            -14.400099102127717
                        ],
                        [
                            34.41741943359375,
                            -14.434680215297268
                        ],
                        [
                            34.443511962890625,
                            -14.490530661410492
                        ],
                        [
                            34.48883056640625,
                            -14.543708485591686
                        ],
                        [
                            34.512176513671875,
                            -14.553013289888913
                        ],
                        [
                            34.531402587890625,
                            -14.584912496585007
                        ],
                        [
                            34.54925537109375,
                            -14.643382368653837
                        ],
                        [
                            34.51904296875,
                            -14.684567695483619
                        ],
                        [
                            34.580841064453125,
                            -14.805421679527498
                        ],
                        [
                            34.575347900390625,
                            -14.816042992628208
                        ],
                        [
                            34.575347900390625,
                            -14.861177759227946
                        ],
                        [
                            34.569854736328125,
                            -14.898340485503253
                        ],
                        [
                            34.591827392578125,
                            -14.962033091029774
                        ],
                        [
                            34.611053466796875,
                            -14.97662665162375
                        ],
                        [
                            34.62066650390625,
                            -15.000504878391945
                        ],
                        [
                            34.605560302734375,
                            -15.032338365918708
                        ],
                        [
                            34.57672119140625,
                            -15.060188772055131
                        ],
                        [
                            34.573974609375,
                            -15.082731671605787
                        ],
                        [
                            34.589080810546875,
                            -15.097316980284662
                        ],
                        [
                            34.57122802734375,
                            -15.117204423332606
                        ],
                        [
                            34.575347900390625,
                            -15.141066893509299
                        ],
                        [
                            34.578094482421875,
                            -15.199386048559994
                        ],
                        [
                            34.594573974609375,
                            -15.225889428901016
                        ],
                        [
                            34.6014404296875,
                            -15.273587102218679
                        ],
                        [
                            34.578094482421875,
                            -15.304054942239187
                        ],
                        [
                            34.573974609375,
                            -15.31597593426845
                        ],
                        [
                            34.56024169921875,
                            -15.338491510050401
                        ],
                        [
                            34.541015625,
                            -15.334518349387663
                        ],
                        [
                            34.520416259765625,
                            -15.357031926978694
                        ],
                        [
                            34.5135498046875,
                            -15.411319377980993
                        ],
                        [
                            34.4915771484375,
                            -15.408671538149415
                        ],
                        [
                            34.47235107421875,
                            -15.42720570844082
                        ],
                        [
                            34.46285824654702,
                            -15.469877684659679
                        ],
                        [
                            34.441206425701125,
                            -15.462259568643539
                        ],
                        [
                            34.427032470703125,
                            -15.47485740268724
                        ],
                        [
                            34.43939208984375,
                            -15.582033561659248
                        ],
                        [
                            34.449005126953125,
                            -15.588647546380354
                        ],
                        [
                            34.451751708984375,
                            -15.611133500702088
                        ],
                        [
                            34.440765380859375,
                            -15.616423955297014
                        ],
                        [
                            34.43389892578125,
                            -15.637584407873959
                        ],
                        [
                            34.4225217093059,
                            -15.661174932198538
                        ],
                        [
                            34.394073486328125,
                            -15.682543103837803
                        ],
                        [
                            34.37347412109375,
                            -15.738066642206913
                        ],
                        [
                            34.34875488281249,
                            -15.743353808409257
                        ],
                        [
                            34.30755615234375,
                            -15.752606018294868
                        ],
                        [
                            34.27734375,
                            -15.790932110184853
                        ],
                        [
                            34.267645529925176,
                            -15.801339404308493
                        ],
                        [
                            34.262237548828125,
                            -15.818680962879602
                        ],
                        [
                            34.25125122070312,
                            -15.847747106092061
                        ],
                        [
                            34.262237548828125,
                            -15.880771733784396
                        ],
                        [
                            34.25537109375,
                            -15.9005839120979
                        ],
                        [
                            34.2718505859375,
                            -15.924355950051297
                        ],
                        [
                            34.306182861328125,
                            -15.930958794732728
                        ],
                        [
                            34.32952880859375,
                            -15.942843367782686
                        ],
                        [
                            34.32952880859375,
                            -15.962649424478599
                        ],
                        [
                            34.352874755859375,
                            -15.963969758657422
                        ],
                        [
                            34.38720703125,
                            -16.0220558366727
                        ],
                        [
                            34.421539306640625,
                            -16.040534227979762
                        ],
                        [
                            34.435272216796875,
                            -16.064289641988584
                        ],
                        [
                            34.39139219080741,
                            -16.12207226675881
                        ],
                        [
                            34.40341584452471,
                            -16.164770778396942
                        ],
                        [
                            34.413299560546875,
                            -16.24631999343868
                        ],
                        [
                            34.44488525390625,
                            -16.277960306212513
                        ],
                        [
                            34.470977783203125,
                            -16.280596768800873
                        ],
                        [
                            34.484710693359375,
                            -16.297732911780646
                        ],
                        [
                            34.520416259765625,
                            -16.280596768800873
                        ],
                        [
                            34.573974609375,
                            -16.31750352252141
                        ],
                        [
                            34.572601318359375,
                            -16.342543429076194
                        ],
                        [
                            34.58770751953125,
                            -16.362309510240838
                        ],
                        [
                            34.591827392578125,
                            -16.41500926733237
                        ],
                        [
                            34.649505615234375,
                            -16.45057353538345
                        ],
                        [
                            34.682464599609375,
                            -16.445305165857814
                        ],
                        [
                            34.6783447265625,
                            -16.5032493569549
                        ],
                        [
                            34.709930419921875,
                            -16.497982419617806
                        ],
                        [
                            34.737396240234375,
                            -16.505882771835147
                        ],
                        [
                            34.77447509765625,
                            -16.545379688321063
                        ],
                        [
                            34.77996826171875,
                            -16.58618467276904
                        ],
                        [
                            34.830780029296875,
                            -16.60197782834907
                        ],
                        [
                            34.847259521484375,
                            -16.61250587779105
                        ],
                        [
                            34.859619140625,
                            -16.676977575323473
                        ],
                        [
                            34.91180419921875,
                            -16.698024856494094
                        ],
                        [
                            34.921417236328125,
                            -16.748002850231376
                        ],
                        [
                            34.95025634765625,
                            -16.741427547003596
                        ],
                        [
                            34.981842041015625,
                            -16.749317883631267
                        ],
                        [
                            34.99420166015625,
                            -16.794023610508034
                        ],
                        [
                            35.0299072265625,
                            -16.805855718630397
                        ],
                        [
                            35.039520263671875,
                            -16.82163071480079
                        ],
                        [
                            35.068359375,
                            -16.830832189624815
                        ],
                        [
                            35.079345703125,
                            -16.819001639922757
                        ],
                        [
                            35.12603759765625,
                            -16.819001639922757
                        ],
                        [
                            35.157623291015625,
                            -16.84660510639629
                        ],
                        [
                            35.14801025390625,
                            -16.871576202093923
                        ],
                        [
                            35.168609619140625,
                            -16.93858754988134
                        ],
                        [
                            35.152130126953125,
                            -16.942528651601
                        ],
                        [
                            35.14251708984375,
                            -16.967487044070428
                        ],
                        [
                            35.116424560546875,
                            -16.980621708175946
                        ],
                        [
                            35.057373046875,
                            -17.005575036548322
                        ],
                        [
                            35.057373046875,
                            -17.046281225389063
                        ],
                        [
                            35.10406494140625,
                            -17.086978548880523
                        ],
                        [
                            35.083465576171875,
                            -17.10798014431728
                        ],
                        [
                            35.09307861328124,
                            -17.128979370611574
                        ],
                        [
                            35.31143188476562,
                            -17.1211049385472
                        ],
                        [
                            35.303192138671875,
                            -17.060723226870177
                        ],
                        [
                            35.29632568359375,
                            -17.01739387453587
                        ],
                        [
                            35.30181884765625,
                            -16.991128777531827
                        ],
                        [
                            35.294952392578125,
                            -16.967487044070428
                        ],
                        [
                            35.281219482421875,
                            -16.963546465651895
                        ],
                        [
                            35.261993408203125,
                            -16.93858754988134
                        ],
                        [
                            35.281219482421875,
                            -16.905741826318764
                        ],
                        [
                            35.27984619140625,
                            -16.88077524777697
                        ],
                        [
                            35.31280517578125,
                            -16.832146649543787
                        ],
                        [
                            35.28808593749999,
                            -16.784820349855963
                        ],
                        [
                            35.29632568359375,
                            -16.763782651389906
                        ],
                        [
                            35.28533935546875,
                            -16.741427547003596
                        ],
                        [
                            35.289459228515625,
                            -16.713808795640052
                        ],
                        [
                            35.24139404296874,
                            -16.670399824780837
                        ],
                        [
                            35.231781005859375,
                            -16.648033781896675
                        ],
                        [
                            35.212554931640625,
                            -16.653296615241572
                        ],
                        [
                            35.165863037109375,
                            -16.61118990316615
                        ],
                        [
                            35.14801025390625,
                            -16.561176191545744
                        ],
                        [
                            35.179595947265625,
                            -16.52694879928784
                        ],
                        [
                            35.209808349609375,
                            -16.51773269488567
                        ],
                        [
                            35.21392822265624,
                            -16.5032493569549
                        ],
                        [
                            35.2606201171875,
                            -16.47823012776421
                        ],
                        [
                            35.26473999023437,
                            -16.40051825555996
                        ],
                        [
                            35.299072265625,
                            -16.3478145796689
                        ],
                        [
                            35.281219482421875,
                            -16.32277534820673
                        ],
                        [
                            35.303192138671875,
                            -16.219949175712056
                        ],
                        [
                            35.40069580078125,
                            -16.132900450566044
                        ],
                        [
                            35.430908203125,
                            -16.114430643112318
                        ],
                        [
                            35.47897338867187,
                            -16.122346485628785
                        ],
                        [
                            35.5133056640625,
                            -16.157963863087048
                        ],
                        [
                            35.53802490234375,
                            -16.159282902118814
                        ],
                        [
                            35.55999755859375,
                            -16.126304288354234
                        ],
                        [
                            35.595703125,
                            -16.131581235693066
                        ],
                        [
                            35.668487548828125,
                            -16.098598010301874
                        ],
                        [
                            35.68359375,
                            -16.103875694935635
                        ],
                        [
                            35.72067260742187,
                            -16.089361724599268
                        ],
                        [
                            35.80169677734375,
                            -16.04713323833781
                        ],
                        [
                            35.819549560546875,
                            -16.003575733881313
                        ],
                        [
                            35.803070068359375,
                            -15.993014907400743
                        ],
                        [
                            35.816802978515625,
                            -15.933599871796204
                        ],
                        [
                            35.8538818359375,
                            -15.42588189397655
                        ],
                        [
                            35.792083740234375,
                            -15.171553914130097
                        ],
                        [
                            35.918426513671875,
                            -14.897013355599624
                        ],
                        [
                            35.870361328125,
                            -14.898340485503253
                        ],
                        [
                            35.8758544921875,
                            -14.67393996582462
                        ],
                        [
                            35.525665283203125,
                            -14.263052132433168
                        ],
                        [
                            35.487213134765625,
                            -14.172528780256695
                        ],
                        [
                            35.233154296875,
                            -13.891411092746115
                        ],
                        [
                            35.08827209472656,
                            -13.700696017998444
                        ],
                        [
                            34.8651123046875,
                            -13.482451004718198
                        ],
                        [
                            34.60487365722656,
                            -13.483118726287959
                        ],
                        [
                            34.521269962707606,
                            -13.355256922224067
                        ],
                        [
                            34.5426732556593,
                            -13.253508864008136
                        ],
                        [
                            34.537716043408636,
                            -13.158077900218212
                        ],
                        [
                            34.53989326214162,
                            -13.101842178042283
                        ],
                        [
                            34.555435180664055,
                            -13.073458716478347
                        ],
                        [
                            34.530029296875,
                            -12.90351301024315
                        ],
                        [
                            34.50391971982887,
                            -12.839695109874278
                        ],
                        [
                            34.536895751953125,
                            -12.737470260891822
                        ],
                        [
                            34.520416259765625,
                            -12.680535335290262
                        ],
                        [
                            34.45587158203125,
                            -12.568637919580276
                        ],
                        [
                            34.429779052734375,
                            -12.4064007859083
                        ],
                        [
                            34.429779052734375,
                            -12.340672614923577
                        ],
                        [
                            34.41673278808594,
                            -12.266876445665366
                        ],
                        [
                            34.43339706946779,
                            -12.133073103300372
                        ],
                        [
                            34.48539733886719,
                            -11.97148621570806
                        ],
                        [
                            34.571713519919996,
                            -11.81524302193624
                        ],
                        [
                            34.60745249781263,
                            -11.703504532665214
                        ],
                        [
                            34.633746180042124,
                            -11.641016283788515
                        ],
                        [
                            34.64958948595648,
                            -11.581582656196298
                        ],
                        [
                            34.95889467875705,
                            -11.572043137619795
                        ],
                        [
                            34.956615316950575,
                            -11.556085549238826
                        ],
                        [
                            34.954240251328194,
                            -11.527907607759241
                        ],
                        [
                            34.94870729623295,
                            -11.507203928974544
                        ],
                        [
                            34.946517988815,
                            -11.487228246075928
                        ],
                        [
                            34.92497323628211,
                            -11.462561019864824
                        ],
                        [
                            34.92734830190531,
                            -11.448649771097898
                        ],
                        [
                            34.91775845955172,
                            -11.42445385248022
                        ],
                        [
                            34.923397590786635,
                            -11.399065721826563
                        ],
                        [
                            34.80543053281695,
                            -11.328348793695834
                        ],
                        [
                            34.788815071254504,
                            -11.32672581756991
                        ],
                        [
                            34.78034977592438,
                            -11.28837930592606
                        ],
                        [
                            34.79627859197885,
                            -11.285464638366552
                        ],
                        [
                            34.79124652418699,
                            -11.273002160108938
                        ],
                        [
                            34.769273867936874,
                            -11.259192255124276
                        ],
                        [
                            34.7515670519044,
                            -11.213538550947638
                        ],
                        [
                            34.69949476793073,
                            -11.182443557605593
                        ],
                        [
                            34.697749960506144,
                            -11.169335539524866
                        ],
                        [
                            34.62994121716014,
                            -11.1236350830638
                        ],
                        [
                            34.62882666793513,
                            -11.058948343073867
                        ],
                        [
                            34.61048959370393,
                            -11.052795288701633
                        ],
                        [
                            34.60391507296899,
                            -11.025075818450885
                        ],
                        [
                            34.64328601463123,
                            -10.960559721877535
                        ],
                        [
                            34.66705326713537,
                            -10.93142116485805
                        ],
                        [
                            34.6635885467017,
                            -10.894869799418696
                        ],
                        [
                            34.66569657239643,
                            -10.849563324127496
                        ],
                        [
                            34.6691695909679,
                            -10.786679822649509
                        ],
                        [
                            34.6783447265625,
                            -10.755064433001634
                        ],
                        [
                            34.643966061659484,
                            -10.712618068814564
                        ],
                        [
                            34.65157554955447,
                            -10.68580578576016
                        ],
                        [
                            34.61223440112852,
                            -10.619641624398252
                        ],
                        [
                            34.61821185621818,
                            -10.599981278189208
                        ],
                        [
                            34.57311880193993,
                            -10.575141569721048
                        ],
                        [
                            34.56190692457752,
                            -10.51599175023884
                        ],
                        [
                            34.59048729411589,
                            -10.487557463631214
                        ],
                        [
                            34.58287780622081,
                            -10.462088913917166
                        ],
                        [
                            34.567771605047966,
                            -10.465951118017056
                        ],
                        [
                            34.5533454509045,
                            -10.434144196871308
                        ],
                        [
                            34.55563753514477,
                            -10.404894770458712
                        ],
                        [
                            34.57953415854419,
                            -10.310213251100297
                        ],
                        [
                            34.561681375340214,
                            -10.259630435371488
                        ],
                        [
                            34.559047567928076,
                            -10.205539813720181
                        ],
                        [
                            34.51413367337369,
                            -10.119792197764054
                        ],
                        [
                            34.534875606463515,
                            -10.07621030003282
                        ],
                        [
                            34.499890078272294,
                            -10.016533277893474
                        ],
                        [
                            34.49271169325672,
                            -9.992450909310413
                        ],
                        [
                            34.448265293299045,
                            -9.95181358534954
                        ],
                        [
                            34.33620290698789,
                            -9.795533745603954
                        ],
                        [
                            34.25435856033897,
                            -9.695283523129492
                        ],
                        [
                            34.14324224060786,
                            -9.596024351350362
                        ],
                        [
                            34.10563761258212,
                            -9.55846730945163
                        ],
                        [
                            34.06247598641282,
                            -9.527486054573536
                        ],
                        [
                            34.054045598639895,
                            -9.510205463876515
                        ],
                        [
                            34.03839111328125,
                            -9.495117117409297
                        ],
                        [
                            34.02123548946817,
                            -9.49848810582268
                        ],
                        [
                            34.00253000417021,
                            -9.508191889404454
                        ],
                        [
                            33.96821875654416,
                            -9.5330583664576
                        ],
                        [
                            33.95045564996781,
                            -9.561763305300662
                        ],
                        [
                            33.94975060516542,
                            -9.576666062950697
                        ],
                        [
                            33.954580779954625,
                            -9.592114705128088
                        ],
                        [
                            33.95387573515332,
                            -9.601341441903706
                        ],
                        [
                            33.956713230889704,
                            -9.613406164637347
                        ],
                        [
                            33.967841805053745,
                            -9.618658923171377
                        ],
                        [
                            33.953839923463164,
                            -9.637063845379718
                        ],
                        [
                            33.95655440503704,
                            -9.650884674877329
                        ],
                        [
                            33.94094953373791,
                            -9.693805566949404
                        ],
                        [
                            33.939187159365446,
                            -9.718534836333243
                        ],
                        [
                            33.93443190481028,
                            -9.715816998698855
                        ],
                        [
                            33.93270295938089,
                            -9.710196889264427
                        ],
                        [
                            33.92793639430522,
                            -9.709114745779086
                        ],
                        [
                            33.92085702830593,
                            -9.710820222157718
                        ],
                        [
                            33.91634976864913,
                            -9.714553577637172
                        ],
                        [
                            33.91563191442656,
                            -9.708976824688772
                        ],
                        [
                            33.91229671177335,
                            -9.705012481468582
                        ],
                        [
                            33.9131511832077,
                            -9.70304977031186
                        ],
                        [
                            33.90488148518052,
                            -9.690578497822411
                        ],
                        [
                            33.90003312796634,
                            -9.696268839050457
                        ],
                        [
                            33.90156455755168,
                            -9.692445515457262
                        ],
                        [
                            33.8992291355855,
                            -9.68947504094113
                        ],
                        [
                            33.895212628758415,
                            -9.692725335888282
                        ],
                        [
                            33.88897904215101,
                            -9.678424558381735
                        ],
                        [
                            33.8805866559163,
                            -9.682944894183183
                        ],
                        [
                            33.87988273069806,
                            -9.678434958078121
                        ],
                        [
                            33.883709577122936,
                            -9.67780033386194
                        ],
                        [
                            33.880730291974515,
                            -9.673789719584779
                        ],
                        [
                            33.876156060123854,
                            -9.675786106456925
                        ],
                        [
                            33.874035592428314,
                            -9.671332178372845
                        ],
                        [
                            33.87056249049507,
                            -9.668419831949656
                        ],
                        [
                            33.87216050114759,
                            -9.666475049476649
                        ],
                        [
                            33.870285409866874,
                            -9.663553057760765
                        ],
                        [
                            33.867610780915,
                            -9.667184974578912
                        ],
                        [
                            33.86624482618008,
                            -9.660496090509064
                        ],
                        [
                            33.863103956015074,
                            -9.663002763642467
                        ],
                        [
                            33.85996308585007,
                            -9.659220134684693
                        ],
                        [
                            33.85482602247101,
                            -9.662267189491576
                        ],
                        [
                            33.85063615554195,
                            -9.651883464618352
                        ],
                        [
                            33.845596705092454,
                            -9.653061700650163
                        ],
                        [
                            33.846773457167075,
                            -9.648111718989995
                        ],
                        [
                            33.84405584873202,
                            -9.650548904470039
                        ],
                        [
                            33.840520318909896,
                            -9.643309861820322
                        ],
                        [
                            33.83688452908328,
                            -9.644717013314523
                        ],
                        [
                            33.837174761904365,
                            -9.640479623464614
                        ],
                        [
                            33.82757606541857,
                            -9.64236990349515
                        ],
                        [
                            33.82535161849082,
                            -9.636720817237428
                        ],
                        [
                            33.813255354723,
                            -9.631615677601552
                        ],
                        [
                            33.81293948195724,
                            -9.617119504324343
                        ],
                        [
                            33.80115255432305,
                            -9.613798600445898
                        ],
                        [
                            33.802475403681726,
                            -9.607246275494742
                        ],
                        [
                            33.788320049156106,
                            -9.606730491304514
                        ],
                        [
                            33.78618199020627,
                            -9.601098175401672
                        ],
                        [
                            33.78026715018343,
                            -9.59872019103311
                        ],
                        [
                            33.77926847653394,
                            -9.59149485669319
                        ],
                        [
                            33.77389987721838,
                            -9.586962540274062
                        ],
                        [
                            33.7596996171883,
                            -9.584321628405302
                        ],
                        [
                            33.74194779336779,
                            -9.584213056556003
                        ],
                        [
                            33.74017301066252,
                            -9.586851840497577
                        ],
                        [
                            33.72972640691883,
                            -9.584670240039497
                        ],
                        [
                            33.72696118823294,
                            -9.587484387186741
                        ],
                        [
                            33.724212977119876,
                            -9.584043934629403
                        ],
                        [
                            33.72201100671538,
                            -9.584104484706701
                        ],
                        [
                            33.721570569203976,
                            -9.591209607750319
                        ],
                        [
                            33.71375588213198,
                            -9.593197967627878
                        ],
                        [
                            33.71727568975129,
                            -9.597071512516884
                        ],
                        [
                            33.71220758471152,
                            -9.600220149832978
                        ],
                        [
                            33.71035633307606,
                            -9.607853542081234
                        ],
                        [
                            33.70358891506851,
                            -9.610101132189252
                        ],
                        [
                            33.700648103518674,
                            -9.615282964013982
                        ],
                        [
                            33.68623623709911,
                            -9.606461910846816
                        ],
                        [
                            33.664177000769214,
                            -9.611980425656427
                        ],
                        [
                            33.65031137505758,
                            -9.60349593174418
                        ],
                        [
                            33.63525184208782,
                            -9.601787377804525
                        ],
                        [
                            33.628414354862244,
                            -9.604457105206421
                        ],
                        [
                            33.62294246940813,
                            -9.597432250012165
                        ],
                        [
                            33.61746110557782,
                            -9.599270941180388
                        ],
                        [
                            33.61130641923869,
                            -9.595915147306485
                        ],
                        [
                            33.60679045502262,
                            -9.589058458893838
                        ],
                        [
                            33.5991241283592,
                            -9.588271548008782
                        ],
                        [
                            33.5940524450603,
                            -9.580482687022442
                        ],
                        [
                            33.589468200755036,
                            -9.583724968138338
                        ],
                        [
                            33.586795798929785,
                            -9.580234503157756
                        ],
                        [
                            33.57087309511543,
                            -9.589485893809801
                        ],
                        [
                            33.551302376753085,
                            -9.589294990245504
                        ],
                        [
                            33.54999967532552,
                            -9.598683355053545
                        ],
                        [
                            33.54482095844173,
                            -9.60132744267591
                        ],
                        [
                            33.541303551950826,
                            -9.609763013583791
                        ],
                        [
                            33.53290073351634,
                            -9.615394027865925
                        ],
                        [
                            33.509711071185194,
                            -9.626206751849143
                        ],
                        [
                            33.49575544567956,
                            -9.61892322895141
                        ],
                        [
                            33.48727184199578,
                            -9.624677695860195
                        ],
                        [
                            33.4639496797507,
                            -9.61700711905354
                        ],
                        [
                            33.440171515686586,
                            -9.61293331759467
                        ],
                        [
                            33.43000733667941,
                            -9.599615469777714
                        ],
                        [
                            33.420945621924545,
                            -9.593467046081972
                        ],
                        [
                            33.421459945360596,
                            -9.580349379797976
                        ],
                        [
                            33.426592608599606,
                            -9.577944592429
                        ],
                        [
                            33.41197015843615,
                            -9.556663793879245
                        ],
                        [
                            33.39985571827518,
                            -9.547299119689702
                        ],
                        [
                            33.39569091796875,
                            -9.53981192034452
                        ],
                        [
                            33.393330558476876,
                            -9.534073517660026
                        ],
                        [
                            33.38367416988715,
                            -9.535530329678775
                        ],
                        [
                            33.38077745817738,
                            -9.529899635812146
                        ],
                        [
                            33.37270402566488,
                            -9.523585013165125
                        ],
                        [
                            33.36476519337383,
                            -9.527145376695472
                        ],
                        [
                            33.32631543877369,
                            -9.48597233249039
                        ],
                        [
                            33.31443849819374,
                            -9.490976259162121
                        ],
                        [
                            33.307349576709356,
                            -9.48406146451064
                        ],
                        [
                            33.27394516163565,
                            -9.50054019341896
                        ],
                        [
                            33.25013004331851,
                            -9.487065220974015
                        ],
                        [
                            33.23888518734233,
                            -9.49403507906657
                        ],
                        [
                            33.22855233500195,
                            -9.494258566407112
                        ],
                        [
                            33.217462668514315,
                            -9.501901667529495
                        ],
                        [
                            33.21124339918765,
                            -9.509542162455887
                        ],
                        [
                            33.18908923977403,
                            -9.499024396240689
                        ],
                        [
                            33.14941345612566,
                            -9.493088939313973
                        ],
                        [
                            33.12508879006257,
                            -9.480362949717168
                        ],
                        [
                            33.12235697689732,
                            -9.470003295954559
                        ],
                        [
                            33.06784181602923,
                            -9.437704204499424
                        ],
                        [
                            33.04588730635709,
                            -9.416562715381893
                        ],
                        [
                            33.02597034578545,
                            -9.404034236157155
                        ],
                        [
                            33.01218494559757,
                            -9.374245360082586
                        ],
                        [
                            33.00200891367747,
                            -9.369185977547321
                        ],
                        [
                            32.99868775569336,
                            -9.36209756545451
                        ]
                    ]
                ],
                "type": "Polygon"
            }
        }
    ]
}