{
    "type": "FeatureCollection",
    "features": [
        {
            "type": "Feature",
            "properties": {},
            "geometry": {
                "type": "Polygon",
                "coordinates": [
                    [
                        [
                            73.58917236328125,
                            2.147324286308352
                        ],
                        [
                            73.53080749511717,
                            2.1239945554362936
                        ],
                        [
                            73.53492736816406,
                            2.10340920607739
                        ],
                        [
                            73.51776123046875,
                            2.0608652929244524
                        ],
                        [
                            73.52668762207031,
                            1.9558730793710317
                        ],
                        [
                            73.52462768554688,
                            1.8968549410319215
                        ],
                        [
                            73.49922180175781,
                            1.8412662474672867
                        ],
                        [
                            73.45458984375,
                            1.832344442462948
                        ],
                        [
                            73.41339111328125,
                            1.828912967153613
                        ],
                        [
                            73.38661193847656,
                            1.8378347892775546
                        ],
                        [
                            73.37974548339844,
                            1.7994020098863515
                        ],
                        [
                            73.31108093261719,
                            1.8090102813383493
                        ],
                        [
                            73.28361511230469,
                            1.8330307367362664
                        ],
                        [
                            73.25614929199219,
                            1.8742079081520906
                        ],
                        [
                            73.26438903808594,
                            1.9243054921857683
                        ],
                        [
                            73.25889587402344,
                            1.9311680611790452
                        ],
                        [
                            73.24172973632812,
                            1.9229329750699877
                        ],
                        [
                            73.22731018066405,
                            1.8899922349399827
                        ],
                        [
                            73.24172973632812,
                            1.8584234390712073
                        ],
                        [
                            73.26026916503906,
                            1.8131280963979601
                        ],
                        [
                            73.32000732421875,
                            1.7733221615587407
                        ],
                        [
                            73.38180541992188,
                            1.7733221615587407
                        ],
                        [
                            73.41201782226562,
                            1.8048924569316989
                        ],
                        [
                            73.47724914550781,
                            1.8069513703020905
                        ],
                        [
                            73.53080749511717,
                            1.8412662474672867
                        ],
                        [
                            73.56239318847655,
                            1.9352855892782115
                        ],
                        [
                            73.54179382324219,
                            2.0011646646191763
                        ],
                        [
                            73.55552673339844,
                            2.081451200750413
                        ],
                        [
                            73.59535217285156,
                            2.121936032799894
                        ],
                        [
                            73.58917236328125,
                            2.147324286308352
                        ]
                    ]
                ]
            }
        },
        {
            "type": "Feature",
            "properties": {},
            "geometry": {
                "type": "Polygon",
                "coordinates": [
                    [
                        [
                            72.90939331054688,
                            2.3826595251504767
                        ],
                        [
                            72.89978027343749,
                            2.38060136799112
                        ],
                        [
                            72.90458679199219,
                            2.314738730489765
                        ],
                        [
                            72.92999267578125,
                            2.3058195944541593
                        ],
                        [
                            72.91557312011719,
                            2.2715147059716094
                        ],
                        [
                            72.93342590332031,
                            2.2564202962028097
                        ],
                        [
                            72.94990539550781,
                            2.2715147059716094
                        ],
                        [
                            72.95608520507812,
                            2.3236578104029824
                        ],
                        [
                            72.92724609375,
                            2.314738730489765
                        ],
                        [
                            72.90939331054688,
                            2.3826595251504767
                        ]
                    ]
                ]
            }
        },
        {
            "type": "Feature",
            "properties": {},
            "geometry": {
                "type": "Polygon",
                "coordinates": [
                    [
                        [
                            73.15864562988281,
                            2.2214281090541332
                        ],
                        [
                            73.13461303710938,
                            2.215252930777108
                        ],
                        [
                            73.0975341796875,
                            2.210449996536644
                        ],
                        [
                            73.09341430664062,
                            2.189179672845543
                        ],
                        [
                            73.0316162109375,
                            2.1788874721889955
                        ],
                        [
                            72.96775817871094,
                            2.2008440814678414
                        ],
                        [
                            72.95745849609375,
                            2.19947180282785
                        ],
                        [
                            72.97325134277344,
                            2.17682902360596
                        ],
                        [
                            73.00827026367188,
                            2.1624198049638905
                        ],
                        [
                            73.08311462402344,
                            2.163105961342518
                        ],
                        [
                            73.09341430664062,
                            2.17682902360596
                        ],
                        [
                            73.11470031738281,
                            2.180259769681356
                        ],
                        [
                            73.15521240234375,
                            2.2008440814678414
                        ],
                        [
                            73.15864562988281,
                            2.2214281090541332
                        ]
                    ]
                ]
            }
        },
        {
            "type": "Feature",
            "properties": {},
            "geometry": {
                "type": "Polygon",
                "coordinates": [
                    [
                        [
                            73.11538696289062,
                            2.5644509655301384
                        ],
                        [
                            73.08174133300781,
                            2.56102117169424
                        ],
                        [
                            73.10165405273438,
                            2.5507317351363703
                        ],
                        [
                            73.15727233886719,
                            2.5370123584000273
                        ],
                        [
                            73.18817138671874,
                            2.5260367521718403
                        ],
                        [
                            73.23554992675781,
                            2.5040852618529215
                        ],
                        [
                            73.30352783203125,
                            2.491737386710052
                        ],
                        [
                            73.34197998046875,
                            2.4444027975522813
                        ],
                        [
                            73.35296630859375,
                            2.41353151190461
                        ],
                        [
                            73.3502197265625,
                            2.3737408219431484
                        ],
                        [
                            73.32000732421875,
                            2.3373793617229697
                        ],
                        [
                            73.23829650878906,
                            2.2886672528230743
                        ],
                        [
                            73.19160461425781,
                            2.2468146810661405
                        ],
                        [
                            73.19709777832031,
                            2.236522880456262
                        ],
                        [
                            73.23211669921875,
                            2.2605369689958112
                        ],
                        [
                            73.36463928222656,
                            2.3462982982026994
                        ],
                        [
                            73.37493896484374,
                            2.386089780245288
                        ],
                        [
                            73.36395263671875,
                            2.4306823132823854
                        ],
                        [
                            73.333740234375,
                            2.4732153570441975
                        ],
                        [
                            73.31382751464844,
                            2.5164330206204784
                        ],
                        [
                            73.29116821289062,
                            2.5130030993359114
                        ],
                        [
                            73.25202941894531,
                            2.5191769511516404
                        ],
                        [
                            73.18748474121094,
                            2.544558033667942
                        ],
                        [
                            73.11538696289062,
                            2.5644509655301384
                        ]
                    ]
                ]
            }
        },
        {
            "type": "Feature",
            "properties": {},
            "geometry": {
                "type": "Polygon",
                "coordinates": [
                    [
                        [
                            73.60084533691405,
                            2.9670415463745607
                        ],
                        [
                            73.58882904052734,
                            2.9546984267985272
                        ],
                        [
                            73.58642578125,
                            2.9598414100008528
                        ],
                        [
                            73.5750961303711,
                            2.955727025346546
                        ],
                        [
                            73.57990264892578,
                            2.939955076368383
                        ],
                        [
                            73.57337951660156,
                            2.929668902484878
                        ],
                        [
                            73.56994628906249,
                            2.8789224011767316
                        ],
                        [
                            73.5541534423828,
                            2.86794988611207
                        ],
                        [
                            73.51295471191406,
                            2.8573201617520585
                        ],
                        [
                            73.47312927246094,
                            2.8405181387710625
                        ],
                        [
                            73.4487533569336,
                            2.8370891244044754
                        ],
                        [
                            73.42506408691406,
                            2.812057012206429
                        ],
                        [
                            73.41133117675781,
                            2.7654204152781805
                        ],
                        [
                            73.42403411865234,
                            2.759933635666431
                        ],
                        [
                            73.44051361083984,
                            2.8069133608198937
                        ],
                        [
                            73.4652328491211,
                            2.829888161145772
                        ],
                        [
                            73.49544525146484,
                            2.845661641225313
                        ],
                        [
                            73.52909088134766,
                            2.846004540573322
                        ],
                        [
                            73.5593032836914,
                            2.852519608788139
                        ],
                        [
                            73.56376647949219,
                            2.8634922717744704
                        ],
                        [
                            73.5805892944336,
                            2.880293958138014
                        ],
                        [
                            73.58367919921875,
                            2.9001813480473744
                        ],
                        [
                            73.58779907226562,
                            2.921439895317224
                        ],
                        [
                            73.58711242675781,
                            2.9344691287448157
                        ],
                        [
                            73.6032485961914,
                            2.9461267351975877
                        ],
                        [
                            73.60668182373047,
                            2.9649843693339677
                        ],
                        [
                            73.60084533691405,
                            2.9670415463745607
                        ]
                    ]
                ]
            }
        },
        {
            "type": "Feature",
            "properties": {},
            "geometry": {
                "type": "Polygon",
                "coordinates": [
                    [
                        [
                            73.02783966064453,
                            2.8058846278244722
                        ],
                        [
                            73.02165985107422,
                            2.804512982422422
                        ],
                        [
                            73.02200317382812,
                            2.792511016624833
                        ],
                        [
                            73.01651000976561,
                            2.763019952317978
                        ],
                        [
                            73.0096435546875,
                            2.741072637875238
                        ],
                        [
                            72.97977447509766,
                            2.712609115439423
                        ],
                        [
                            72.94441223144531,
                            2.690317936962878
                        ],
                        [
                            72.90115356445312,
                            2.6807154573762833
                        ],
                        [
                            72.88055419921875,
                            2.680029563090692
                        ],
                        [
                            72.86201477050781,
                            2.690317936962878
                        ],
                        [
                            72.84725189208984,
                            2.7115803008360064
                        ],
                        [
                            72.84244537353516,
                            2.7324993586692474
                        ],
                        [
                            72.83592224121094,
                            2.732842291014315
                        ],
                        [
                            72.83832550048828,
                            2.713980866882388
                        ],
                        [
                            72.85480499267578,
                            2.6841449230355403
                        ],
                        [
                            72.86888122558594,
                            2.681744298083785
                        ],
                        [
                            72.87918090820312,
                            2.6680263509637823
                        ],
                        [
                            72.9001235961914,
                            2.665282743148301
                        ],
                        [
                            72.9052734375,
                            2.6745423949776868
                        ],
                        [
                            72.92621612548828,
                            2.6707699526571416
                        ],
                        [
                            72.94578552246094,
                            2.684830815012952
                        ],
                        [
                            72.98664093017578,
                            2.7050644547101204
                        ],
                        [
                            73.02406311035155,
                            2.7390150564599276
                        ],
                        [
                            73.03024291992188,
                            2.782223519744991
                        ],
                        [
                            73.02783966064453,
                            2.8058846278244722
                        ]
                    ]
                ]
            }
        },
        {
            "type": "Feature",
            "properties": {},
            "geometry": {
                "type": "Polygon",
                "coordinates": [
                    [
                        [
                            72.9935073852539,
                            3.0105842247811703
                        ],
                        [
                            72.98389434814453,
                            3.000984412856686
                        ],
                        [
                            72.99556732177734,
                            2.9941273526973067
                        ],
                        [
                            73.0044937133789,
                            2.9848702534122338
                        ],
                        [
                            72.97943115234375,
                            2.973555915067545
                        ],
                        [
                            72.95814514160156,
                            2.9642986428034637
                        ],
                        [
                            72.94200897216797,
                            2.9656700954393718
                        ],
                        [
                            72.9275894165039,
                            2.9529840937673066
                        ],
                        [
                            72.91248321533203,
                            2.9529840937673066
                        ],
                        [
                            72.90321350097656,
                            2.941326559061207
                        ],
                        [
                            72.9056167602539,
                            2.932411891441477
                        ],
                        [
                            72.89016723632812,
                            2.926925906807792
                        ],
                        [
                            72.8609848022461,
                            2.914582343262914
                        ],
                        [
                            72.85171508789062,
                            2.89640962848465
                        ],
                        [
                            72.8338623046875,
                            2.8909234685182197
                        ],
                        [
                            72.83008575439453,
                            2.8785795116783914
                        ],
                        [
                            72.84313201904297,
                            2.852176711380574
                        ],
                        [
                            72.85823822021484,
                            2.8549198877773616
                        ],
                        [
                            72.84587860107422,
                            2.8823512904823567
                        ],
                        [
                            72.86510467529297,
                            2.9018957618732335
                        ],
                        [
                            72.90596008300781,
                            2.9207541419950123
                        ],
                        [
                            72.91969299316406,
                            2.9392693343896577
                        ],
                        [
                            72.95608520507812,
                            2.956412757182216
                        ],
                        [
                            72.97908782958984,
                            2.9608700037783326
                        ],
                        [
                            72.95299530029297,
                            2.935840618176968
                        ],
                        [
                            72.95265197753906,
                            2.9142394645624554
                        ],
                        [
                            72.96672821044922,
                            2.9207541419950123
                        ],
                        [
                            72.96844482421875,
                            2.937212105925462
                        ],
                        [
                            72.98286437988281,
                            2.950926890637234
                        ],
                        [
                            72.98011779785156,
                            2.926925906807792
                        ],
                        [
                            73.00140380859375,
                            2.9327547645882035
                        ],
                        [
                            73.01959991455078,
                            2.9210970187084637
                        ],
                        [
                            73.01753997802734,
                            2.8233729653602295
                        ],
                        [
                            73.02440643310545,
                            2.821658434077453
                        ],
                        [
                            73.0316162109375,
                            2.830573969099621
                        ],
                        [
                            73.03367614746094,
                            2.926925906807792
                        ],
                        [
                            73.00003051757812,
                            2.9396122054316964
                        ],
                        [
                            72.99419403076172,
                            2.9598414100008528
                        ],
                        [
                            73.0206298828125,
                            2.979041669392456
                        ],
                        [
                            73.00758361816406,
                            3.0085271293379874
                        ],
                        [
                            72.9935073852539,
                            3.0105842247811703
                        ]
                    ]
                ]
            }
        },
        {
            "type": "Feature",
            "properties": {},
            "geometry": {
                "type": "Polygon",
                "coordinates": [
                    [
                        [
                            73.00689697265625,
                            3.2786581114539626
                        ],
                        [
                            72.99453735351562,
                            3.2721456350750255
                        ],
                        [
                            73.00071716308592,
                            3.261519924902657
                        ],
                        [
                            73.01719665527344,
                            3.2484947076630104
                        ],
                        [
                            73.01994323730469,
                            3.219015964894926
                        ],
                        [
                            72.9880142211914,
                            3.205304630625126
                        ],
                        [
                            73.00209045410156,
                            3.1429157512384998
                        ],
                        [
                            72.98011779785156,
                            3.1261181047992537
                        ],
                        [
                            72.960205078125,
                            3.0873796523082455
                        ],
                        [
                            72.86750793457031,
                            3.059610510736115
                        ],
                        [
                            72.87540435791016,
                            3.050696806288097
                        ],
                        [
                            72.92312622070311,
                            3.052753821574483
                        ],
                        [
                            72.96947479248045,
                            3.0740094150971937
                        ],
                        [
                            72.97050476074219,
                            3.0870368278121485
                        ],
                        [
                            72.99144744873047,
                            3.107263283381241
                        ],
                        [
                            72.99453735351562,
                            3.121661541152168
                        ],
                        [
                            73.02852630615234,
                            3.1350311752713904
                        ],
                        [
                            73.01033020019531,
                            3.144629781613849
                        ],
                        [
                            72.9990005493164,
                            3.1919359027827343
                        ],
                        [
                            73.04397583007812,
                            3.2104464025522965
                        ],
                        [
                            73.03058624267578,
                            3.2563784119016823
                        ],
                        [
                            73.00689697265625,
                            3.2786581114539626
                        ]
                    ]
                ]
            }
        },
        {
            "type": "Feature",
            "properties": {},
            "geometry": {
                "type": "Polygon",
                "coordinates": [
                    [
                        [
                            73.56136322021484,
                            3.117547773313289
                        ],
                        [
                            73.56136322021484,
                            3.1055491919739353
                        ],
                        [
                            73.57337951660156,
                            3.0993784398820927
                        ],
                        [
                            73.57749938964842,
                            3.106920465322434
                        ],
                        [
                            73.56136322021484,
                            3.117547773313289
                        ]
                    ]
                ]
            }
        },
        {
            "type": "Feature",
            "properties": {},
            "geometry": {
                "type": "Polygon",
                "coordinates": [
                    [
                        [
                            73.63380432128906,
                            3.0973215145177484
                        ],
                        [
                            73.63243103027342,
                            3.0832657510562296
                        ],
                        [
                            73.63895416259766,
                            3.0647529988301314
                        ],
                        [
                            73.6520004272461,
                            3.076752041542287
                        ],
                        [
                            73.64479064941406,
                            3.095264585157622
                        ],
                        [
                            73.63380432128906,
                            3.0973215145177484
                        ]
                    ]
                ]
            }
        },
        {
            "type": "Feature",
            "properties": {},
            "geometry": {
                "type": "Polygon",
                "coordinates": [
                    [
                        [
                            72.69859313964844,
                            3.7152358316352285
                        ],
                        [
                            72.70133972167969,
                            3.6816602737740802
                        ],
                        [
                            72.7181625366211,
                            3.674465346264988
                        ],
                        [
                            72.71747589111328,
                            3.63746194786864
                        ],
                        [
                            72.70477294921874,
                            3.6182744014547756
                        ],
                        [
                            72.71919250488281,
                            3.6018276096108246
                        ],
                        [
                            72.70992279052734,
                            3.5809260496755098
                        ],
                        [
                            72.70820617675781,
                            3.537408159463599
                        ],
                        [
                            72.72331237792969,
                            3.5319254451683335
                        ],
                        [
                            72.74253845214844,
                            3.518218517866042
                        ],
                        [
                            72.73670196533203,
                            3.4949162791774087
                        ],
                        [
                            72.77412414550781,
                            3.478467291388203
                        ],
                        [
                            72.82047271728516,
                            3.465444972409914
                        ],
                        [
                            72.85823822021484,
                            3.464416886953378
                        ],
                        [
                            72.90767669677733,
                            3.4949162791774087
                        ],
                        [
                            72.93823242187499,
                            3.540149504452155
                        ],
                        [
                            72.93205261230469,
                            3.56961844932197
                        ],
                        [
                            72.95745849609375,
                            3.597373218954205
                        ],
                        [
                            72.96844482421875,
                            3.613477451278026
                        ],
                        [
                            72.95883178710938,
                            3.6624736715320068
                        ],
                        [
                            72.9433822631836,
                            3.655621213807167
                        ],
                        [
                            72.94818878173828,
                            3.603198186967079
                        ],
                        [
                            72.91934967041016,
                            3.575443594190363
                        ],
                        [
                            72.89634704589844,
                            3.593261454408213
                        ],
                        [
                            72.90904998779297,
                            3.603198186967079
                        ],
                        [
                            72.90287017822266,
                            3.6186170397817223
                        ],
                        [
                            72.87883758544922,
                            3.6055966923722846
                        ],
                        [
                            72.87643432617186,
                            3.5912055651852026
                        ],
                        [
                            72.91797637939453,
                            3.56173731217674
                        ],
                        [
                            72.9107666015625,
                            3.539464168965493
                        ],
                        [
                            72.84896850585938,
                            3.5038260272306876
                        ],
                        [
                            72.79266357421875,
                            3.505196750176222
                        ],
                        [
                            72.74322509765625,
                            3.535352145400878
                        ],
                        [
                            72.73361206054688,
                            3.592918806526002
                        ],
                        [
                            72.72811889648436,
                            3.708041176394657
                        ],
                        [
                            72.69859313964844,
                            3.7152358316352285
                        ]
                    ]
                ]
            }
        },
        {
            "type": "Feature",
            "properties": {},
            "geometry": {
                "type": "Polygon",
                "coordinates": [
                    [
                        [
                            73.71482849121094,
                            4.464165366026574
                        ],
                        [
                            73.70590209960938,
                            4.457319710422141
                        ],
                        [
                            73.7017822265625,
                            4.43062104524683
                        ],
                        [
                            73.69903564453125,
                            4.399129073328653
                        ],
                        [
                            73.641357421875,
                            4.362158538237819
                        ],
                        [
                            73.63037109375,
                            4.373797607393285
                        ],
                        [
                            73.59809875488281,
                            4.352573287015791
                        ],
                        [
                            73.56994628906249,
                            4.332033052314573
                        ],
                        [
                            73.54042053222656,
                            4.291635632570918
                        ],
                        [
                            73.52256774902344,
                            4.243018956340253
                        ],
                        [
                            73.51158142089844,
                            4.247812286342605
                        ],
                        [
                            73.51295471191406,
                            4.2724632265837155
                        ],
                        [
                            73.49647521972656,
                            4.282734218104703
                        ],
                        [
                            73.48068237304688,
                            4.2724632265837155
                        ],
                        [
                            73.487548828125,
                            4.23685605976896
                        ],
                        [
                            73.47587585449219,
                            4.21357356345096
                        ],
                        [
                            73.48411560058592,
                            4.1943992193975586
                        ],
                        [
                            73.44566345214842,
                            4.197823243983389
                        ],
                        [
                            73.42987060546874,
                            4.212203983099352
                        ],
                        [
                            73.39897155761719,
                            4.207410432886068
                        ],
                        [
                            73.40927124023438,
                            4.177963692710745
                        ],
                        [
                            73.45390319824219,
                            4.150570383557896
                        ],
                        [
                            73.52394104003906,
                            4.156049121623428
                        ],
                        [
                            73.5589599609375,
                            4.188920748851954
                        ],
                        [
                            73.564453125,
                            4.260137855217615
                        ],
                        [
                            73.58917236328125,
                            4.294374508461313
                        ],
                        [
                            73.63311767578125,
                            4.353257951868224
                        ],
                        [
                            73.71414184570312,
                            4.397075202715011
                        ],
                        [
                            73.729248046875,
                            4.457319710422141
                        ],
                        [
                            73.71482849121094,
                            4.464165366026574
                        ]
                    ]
                ]
            }
        },
        {
            "type": "Feature",
            "properties": {},
            "geometry": {
                "type": "Polygon",
                "coordinates": [
                    [
                        [
                            73.51913452148438,
                            4.004000188542272
                        ],
                        [
                            73.50059509277344,
                            4.002630248339768
                        ],
                        [
                            73.47244262695312,
                            3.9396105340285086
                        ],
                        [
                            73.44772338867188,
                            3.9300201571114752
                        ],
                        [
                            73.45596313476562,
                            3.890287423733636
                        ],
                        [
                            73.43742370605467,
                            3.838906113842754
                        ],
                        [
                            73.46282958984375,
                            3.8416465287924795
                        ],
                        [
                            73.47793579101562,
                            3.8930276726175306
                        ],
                        [
                            73.5157012939453,
                            3.958105948514682
                        ],
                        [
                            73.51913452148438,
                            4.004000188542272
                        ]
                    ]
                ]
            }
        },
        {
            "type": "Feature",
            "properties": {},
            "geometry": {
                "type": "Polygon",
                "coordinates": [
                    [
                        [
                            72.87368774414062,
                            4.23685605976896
                        ],
                        [
                            72.8118896484375,
                            4.210834400336591
                        ],
                        [
                            72.74734497070312,
                            4.205356045189691
                        ],
                        [
                            72.7294921875,
                            4.208095227580778
                        ],
                        [
                            72.73910522460938,
                            4.150570383557896
                        ],
                        [
                            72.73773193359375,
                            4.105369348495166
                        ],
                        [
                            72.70065307617188,
                            4.053316502797755
                        ],
                        [
                            72.69927978515625,
                            3.975230964009598
                        ],
                        [
                            72.73361206054688,
                            3.9039885789060573
                        ],
                        [
                            72.76657104492188,
                            3.924539892198443
                        ],
                        [
                            72.73361206054688,
                            3.991670644273735
                        ],
                        [
                            72.74185180664062,
                            4.053316502797755
                        ],
                        [
                            72.77618408203125,
                            4.084822575634911
                        ],
                        [
                            72.76931762695312,
                            4.1656368216078485
                        ],
                        [
                            72.87506103515625,
                            4.210834400336591
                        ],
                        [
                            72.87368774414062,
                            4.23685605976896
                        ]
                    ]
                ]
            }
        },
        {
            "type": "Feature",
            "properties": {},
            "geometry": {
                "type": "Polygon",
                "coordinates": [
                    [
                        [
                            73.46763610839844,
                            4.97603261138461
                        ],
                        [
                            73.43330383300781,
                            4.962351317532132
                        ],
                        [
                            73.4326171875,
                            4.959615024698026
                        ],
                        [
                            73.43193054199219,
                            4.952090160950562
                        ],
                        [
                            73.45184326171875,
                            4.936356078377484
                        ],
                        [
                            73.47724914550781,
                            4.959615024698026
                        ],
                        [
                            73.46763610839844,
                            4.97603261138461
                        ]
                    ]
                ]
            }
        },
        {
            "type": "Feature",
            "properties": {},
            "geometry": {
                "type": "Polygon",
                "coordinates": [
                    [
                        [
                            72.92449951171875,
                            5.995801624171918
                        ],
                        [
                            72.9327392578125,
                            5.943899579425587
                        ],
                        [
                            72.916259765625,
                            5.90565283255788
                        ],
                        [
                            72.89154052734374,
                            5.863305139944947
                        ],
                        [
                            72.88330078125,
                            5.816855588240969
                        ],
                        [
                            72.92449951171875,
                            5.810024447507327
                        ],
                        [
                            72.90390014648438,
                            5.758105076529984
                        ],
                        [
                            72.91763305664062,
                            5.697981985463135
                        ],
                        [
                            72.84072875976562,
                            5.665184914439158
                        ],
                        [
                            72.84210205078125,
                            5.611885706520331
                        ],
                        [
                            72.88192749023438,
                            5.5804505533785465
                        ],
                        [
                            72.81326293945312,
                            5.514841338097563
                        ],
                        [
                            72.84759521484375,
                            5.495703946660202
                        ],
                        [
                            72.86819458007811,
                            5.458794385349956
                        ],
                        [
                            72.86956787109375,
                            5.401375001167238
                        ],
                        [
                            72.90802001953125,
                            5.337113527125027
                        ],
                        [
                            72.95333862304688,
                            5.278315214071171
                        ],
                        [
                            73.02200317382812,
                            5.256435345552881
                        ],
                        [
                            73.07693481445312,
                            5.275580272654227
                        ],
                        [
                            73.08654785156249,
                            5.250965258186287
                        ],
                        [
                            73.03573608398438,
                            5.171643622831006
                        ],
                        [
                            73.03436279296875,
                            5.127875697203711
                        ],
                        [
                            73.02474975585938,
                            5.081368989130768
                        ],
                        [
                            72.98492431640625,
                            5.041698848947652
                        ],
                        [
                            72.91213989257812,
                            5.063586123720585
                        ],
                        [
                            72.90115356445312,
                            5.095047782510351
                        ],
                        [
                            72.85446166992188,
                            5.0895763000547545
                        ],
                        [
                            72.80364990234375,
                            5.033490930561194
                        ],
                        [
                            72.828369140625,
                            5.0102345999364175
                        ],
                        [
                            72.89840698242188,
                            4.985609347890902
                        ],
                        [
                            72.98080444335938,
                            5.00339434502215
                        ],
                        [
                            73.04534912109375,
                            5.0567464297856946
                        ],
                        [
                            73.08792114257812,
                            5.095047782510351
                        ],
                        [
                            73.15933227539062,
                            5.137450188205765
                        ],
                        [
                            73.17993164062499,
                            5.211305692480341
                        ],
                        [
                            73.17993164062499,
                            5.287887414011332
                        ],
                        [
                            73.06045532226562,
                            5.331644153439766
                        ],
                        [
                            73.004150390625,
                            5.309766171943691
                        ],
                        [
                            72.9986572265625,
                            5.353521355337334
                        ],
                        [
                            73.05908203125,
                            5.450591951490909
                        ],
                        [
                            73.06320190429686,
                            5.598218456301176
                        ],
                        [
                            73.00277709960938,
                            5.871501719127406
                        ],
                        [
                            72.95883178710938,
                            5.896090732511716
                        ],
                        [
                            72.97805786132812,
                            5.968485371339503
                        ],
                        [
                            72.92449951171875,
                            5.995801624171918
                        ]
                    ]
                ]
            }
        },
        {
            "type": "Feature",
            "properties": {},
            "geometry": {
                "type": "Polygon",
                "coordinates": [
                    [
                        [
                            72.89291381835938,
                            7.122696277518295
                        ],
                        [
                            72.86819458007811,
                            7.111794602472421
                        ],
                        [
                            72.85995483398438,
                            7.0886276841772675
                        ],
                        [
                            72.91351318359375,
                            7.065459600954116
                        ],
                        [
                            72.92999267578125,
                            7.0259348986609025
                        ],
                        [
                            72.89154052734374,
                            7.010941890090227
                        ],
                        [
                            72.84072875976562,
                            7.072273863785217
                        ],
                        [
                            72.79129028320312,
                            7.084539283445068
                        ],
                        [
                            72.79678344726562,
                            7.02320893303664
                        ],
                        [
                            72.861328125,
                            6.989133016574015
                        ],
                        [
                            72.89291381835938,
                            6.946875430788496
                        ],
                        [
                            72.95196533203125,
                            6.9277901135865925
                        ],
                        [
                            72.96844482421875,
                            6.850077654785543
                        ],
                        [
                            73.0206298828125,
                            6.788716761000527
                        ],
                        [
                            72.98080444335938,
                            6.701434474782401
                        ],
                        [
                            72.94647216796874,
                            6.7737162387535
                        ],
                        [
                            72.89291381835938,
                            6.78735309646279
                        ],
                        [
                            72.9217529296875,
                            6.704162283788004
                        ],
                        [
                            72.8558349609375,
                            6.6741555464614395
                        ],
                        [
                            72.894287109375,
                            6.634598402389716
                        ],
                        [
                            72.96295166015625,
                            6.620957270326323
                        ],
                        [
                            72.9766845703125,
                            6.570481809751594
                        ],
                        [
                            72.87506103515625,
                            6.5527459704489885
                        ],
                        [
                            72.87094116210938,
                            6.481796323398145
                        ],
                        [
                            72.89291381835938,
                            6.417660165363671
                        ],
                        [
                            72.9327392578125,
                            6.360340167236231
                        ],
                        [
                            72.95333862304688,
                            6.313933579167068
                        ],
                        [
                            72.98904418945312,
                            6.277078324239117
                        ],
                        [
                            73.03436279296875,
                            6.242950762610709
                        ],
                        [
                            72.9766845703125,
                            6.2033600058728045
                        ],
                        [
                            73.026123046875,
                            6.1787849358252
                        ],
                        [
                            73.0810546875,
                            6.1978989780452
                        ],
                        [
                            73.0810546875,
                            6.279808432740438
                        ],
                        [
                            73.13323974609374,
                            6.266157747202622
                        ],
                        [
                            73.1964111328125,
                            6.230664295399371
                        ],
                        [
                            73.20465087890625,
                            6.15420872459371
                        ],
                        [
                            73.20053100585938,
                            6.105052896455727
                        ],
                        [
                            73.23348999023438,
                            6.087301070237453
                        ],
                        [
                            73.2513427734375,
                            6.032676394740438
                        ],
                        [
                            73.28842163085938,
                            5.922044619883305
                        ],
                        [
                            73.28842163085938,
                            5.84554547217311
                        ],
                        [
                            73.2403564453125,
                            5.8619390317028275
                        ],
                        [
                            73.16757202148438,
                            5.926142490762487
                        ],
                        [
                            73.125,
                            6.02311650923819
                        ],
                        [
                            73.06045532226562,
                            6.090032158646045
                        ],
                        [
                            73.01788330078125,
                            6.079107721736668
                        ],
                        [
                            73.0535888671875,
                            6.014922187699065
                        ],
                        [
                            73.10440063476562,
                            5.967119522904161
                        ],
                        [
                            73.11676025390625,
                            5.8919926391689925
                        ],
                        [
                            73.15109252929688,
                            5.829151432413108
                        ],
                        [
                            73.17306518554688,
                            5.758105076529984
                        ],
                        [
                            73.23348999023438,
                            5.6761174789103475
                        ],
                        [
                            73.2952880859375,
                            5.622819276089737
                        ],
                        [
                            73.388671875,
                            5.640585888363403
                        ],
                        [
                            73.42163085937499,
                            5.692515936746784
                        ],
                        [
                            73.4490966796875,
                            5.764936844693022
                        ],
                        [
                            73.49716186523438,
                            5.80319322390002
                        ],
                        [
                            73.49441528320312,
                            5.863305139944947
                        ],
                        [
                            73.42300415039062,
                            5.988972688952051
                        ],
                        [
                            73.3612060546875,
                            5.995801624171918
                        ],
                        [
                            73.30764770507812,
                            6.032676394740438
                        ],
                        [
                            73.30215454101562,
                            6.124169589851178
                        ],
                        [
                            73.32412719726562,
                            6.199264240303373
                        ],
                        [
                            73.20877075195312,
                            6.372623564070267
                        ],
                        [
                            73.17169189453125,
                            6.360340167236231
                        ],
                        [
                            73.12362670898438,
                            6.356245636365621
                        ],
                        [
                            73.10577392578125,
                            6.364434665490979
                        ],
                        [
                            73.09066772460938,
                            6.480431808926213
                        ],
                        [
                            73.08929443359375,
                            6.6114082535287215
                        ],
                        [
                            73.20465087890625,
                            6.742350004207154
                        ],
                        [
                            73.26644897460938,
                            6.859621975047315
                        ],
                        [
                            73.24172973632812,
                            6.9686862733013175
                        ],
                        [
                            73.21014404296875,
                            6.991859181483692
                        ],
                        [
                            73.13323974609374,
                            6.959144154386019
                        ],
                        [
                            73.0975341796875,
                            6.896433987868805
                        ],
                        [
                            73.00277709960938,
                            6.886890406752077
                        ],
                        [
                            73.03985595703124,
                            6.995948399019012
                        ],
                        [
                            72.99591064453125,
                            7.066822461559344
                        ],
                        [
                            72.89291381835938,
                            7.122696277518295
                        ]
                    ]
                ]
            }
        },
        {
            "type": "Feature",
            "properties": {},
            "geometry": {
                "type": "Polygon",
                "coordinates": [
                    [
                        [
                            73.49098205566406,
                            5.570882997931688
                        ],
                        [
                            73.43536376953125,
                            5.552430844017411
                        ],
                        [
                            73.41819763183594,
                            5.5121074627698015
                        ],
                        [
                            73.36257934570312,
                            5.475882428619569
                        ],
                        [
                            73.34266662597656,
                            5.421882551702391
                        ],
                        [
                            73.34747314453125,
                            5.408894517088064
                        ],
                        [
                            73.35845947265625,
                            5.410261691765767
                        ],
                        [
                            73.37356567382812,
                            5.435553865190251
                        ],
                        [
                            73.38111877441406,
                            5.459477916441944
                        ],
                        [
                            73.41133117675781,
                            5.475882428619569
                        ],
                        [
                            73.44085693359375,
                            5.496387435528736
                        ],
                        [
                            73.45664978027344,
                            5.5312443253599755
                        ],
                        [
                            73.48548889160156,
                            5.539445648546757
                        ],
                        [
                            73.50334167480469,
                            5.485451519549756
                        ],
                        [
                            73.57337951660156,
                            5.443756504342702
                        ],
                        [
                            73.62281799316406,
                            5.415730359571992
                        ],
                        [
                            73.63380432128906,
                            5.376765024608604
                        ],
                        [
                            73.63174438476562,
                            5.328225770140214
                        ],
                        [
                            73.61526489257812,
                            5.294724609080335
                        ],
                        [
                            73.55758666992188,
                            5.27968268025723
                        ],
                        [
                            73.51020812988281,
                            5.291306020991241
                        ],
                        [
                            73.48892211914062,
                            5.326858411493809
                        ],
                        [
                            73.44429016113281,
                            5.366510573807878
                        ],
                        [
                            73.40240478515625,
                            5.3870193026781115
                        ],
                        [
                            73.35159301757811,
                            5.380183136506857
                        ],
                        [
                            73.31657409667969,
                            5.370612374835074
                        ],
                        [
                            73.32206726074219,
                            5.354205005300251
                        ],
                        [
                            73.38043212890625,
                            5.363092385212534
                        ],
                        [
                            73.43193054199219,
                            5.343950175636941
                        ],
                        [
                            73.48548889160156,
                            5.278998947541154
                        ],
                        [
                            73.53767395019531,
                            5.257802859889371
                        ],
                        [
                            73.61869812011719,
                            5.262589136408595
                        ],
                        [
                            73.65921020507812,
                            5.311133568567166
                        ],
                        [
                            73.67706298828125,
                            5.3897537476160675
                        ],
                        [
                            73.64891052246094,
                            5.433503187935912
                        ],
                        [
                            73.58367919921875,
                            5.473831889192798
                        ],
                        [
                            73.53218078613281,
                            5.500488352260702
                        ],
                        [
                            73.52394104003906,
                            5.556531372657128
                        ],
                        [
                            73.49098205566406,
                            5.570882997931688
                        ]
                    ]
                ]
            }
        },
        {
            "type": "Feature",
            "properties": {},
            "geometry": {
                "type": "Polygon",
                "coordinates": [
                    [
                        [
                            73.4271240234375,
                            0.7827515290992426
                        ],
                        [
                            73.41476440429688,
                            0.7662735426006173
                        ],
                        [
                            73.43330383300781,
                            0.709973285444136
                        ],
                        [
                            73.42918395996094,
                            0.6770167157607436
                        ],
                        [
                            73.4326171875,
                            0.6433733198980294
                        ],
                        [
                            73.48136901855469,
                            0.5932511181408705
                        ],
                        [
                            73.51707458496094,
                            0.5548009001919478
                        ],
                        [
                            73.53767395019531,
                            0.49781172980862975
                        ],
                        [
                            73.55690002441406,
                            0.4298360559129163
                        ],
                        [
                            73.53904724121092,
                            0.3742191411178581
                        ],
                        [
                            73.50746154785155,
                            0.34744049759459494
                        ],
                        [
                            73.46214294433594,
                            0.32821475766448843
                        ],
                        [
                            73.43124389648438,
                            0.3069290740103374
                        ],
                        [
                            73.40789794921875,
                            0.31722860383026436
                        ],
                        [
                            73.37493896484374,
                            0.280150250892118
                        ],
                        [
                            73.35433959960938,
                            0.2870166218618499
                        ],
                        [
                            73.33168029785156,
                            0.2684774110624611
                        ],
                        [
                            73.29185485839844,
                            0.2622976677869916
                        ],
                        [
                            73.267822265625,
                            0.23620538561262966
                        ],
                        [
                            73.21083068847656,
                            0.2066798496232364
                        ],
                        [
                            73.17718505859375,
                            0.2204126643636505
                        ],
                        [
                            73.12705993652344,
                            0.24719161596905287
                        ],
                        [
                            73.07281494140625,
                            0.2835834368860826
                        ],
                        [
                            73.03436279296875,
                            0.3110488871471327
                        ],
                        [
                            73.03298950195312,
                            0.3700993549808551
                        ],
                        [
                            73.01719665527344,
                            0.40786398691157394
                        ],
                        [
                            73.01376342773438,
                            0.44219531715407406
                        ],
                        [
                            73.00621032714844,
                            0.4730933789789039
                        ],
                        [
                            73.00895690917967,
                            0.5163504323777589
                        ],
                        [
                            73.00895690917967,
                            0.5396953881051948
                        ],
                        [
                            72.99728393554688,
                            0.5438150769842834
                        ],
                        [
                            72.98698425292969,
                            0.5328292337833087
                        ],
                        [
                            72.97599792480469,
                            0.5005582075988622
                        ],
                        [
                            72.98629760742188,
                            0.45524118168573435
                        ],
                        [
                            72.99522399902344,
                            0.39756455872216256
                        ],
                        [
                            73.01719665527344,
                            0.3694127237714181
                        ],
                        [
                            73.01445007324219,
                            0.2980028067984002
                        ],
                        [
                            73.03916931152344,
                            0.2842700739630832
                        ],
                        [
                            73.06182861328125,
                            0.264357582554732
                        ],
                        [
                            73.08448791503906,
                            0.25680456008937463
                        ],
                        [
                            73.125,
                            0.21011305445228048
                        ],
                        [
                            73.18679809570312,
                            0.18333403773756513
                        ],
                        [
                            73.22181701660156,
                            0.18745388921607434
                        ],
                        [
                            73.23692321777344,
                            0.2066798496232364
                        ],
                        [
                            73.27606201171875,
                            0.2080531316445813
                        ],
                        [
                            73.3062744140625,
                            0.23277218682628323
                        ],
                        [
                            73.3673858642578,
                            0.24719161596905287
                        ],
                        [
                            73.40034484863281,
                            0.2794636135722375
                        ],
                        [
                            73.41751098632812,
                            0.2533713665764769
                        ],
                        [
                            73.47930908203125,
                            0.2931963522129955
                        ],
                        [
                            73.53012084960938,
                            0.326841489086852
                        ],
                        [
                            73.58436584472656,
                            0.38383196787650087
                        ],
                        [
                            73.57681274414062,
                            0.45249468582831015
                        ],
                        [
                            73.54728698730469,
                            0.5273363048115169
                        ],
                        [
                            73.53424072265625,
                            0.5808921478202913
                        ],
                        [
                            73.49235534667967,
                            0.6111029152760641
                        ],
                        [
                            73.44772338867188,
                            0.6488661346824502
                        ],
                        [
                            73.44497680664061,
                            0.7518552523736662
                        ],
                        [
                            73.43948364257812,
                            0.7724527950385122
                        ],
                        [
                            73.4271240234375,
                            0.7827515290992426
                        ]
                    ]
                ]
            }
        },
        {
            "type": "Feature",
            "properties": {},
            "geometry": {
                "type": "Polygon",
                "coordinates": [
                    [
                        [
                            73.08517456054688,
                            -0.5664733149916149
                        ],
                        [
                            73.07418823242188,
                            -0.5740260414817162
                        ],
                        [
                            73.06800842285156,
                            -0.5843251978673747
                        ],
                        [
                            73.07968139648438,
                            -0.6179689753949585
                        ],
                        [
                            73.09135437011719,
                            -0.6509259386917885
                        ],
                        [
                            73.11607360839844,
                            -0.6852558796080949
                        ],
                        [
                            73.14834594726562,
                            -0.7106598781857564
                        ],
                        [
                            73.17924499511719,
                            -0.7003609764007139
                        ],
                        [
                            73.20808410644531,
                            -0.6838826866130199
                        ],
                        [
                            73.22868347167969,
                            -0.6543589435031403
                        ],
                        [
                            73.23760986328125,
                            -0.6069832749858769
                        ],
                        [
                            73.24378967285156,
                            -0.5905046826571296
                        ],
                        [
                            73.24653625488281,
                            -0.572652819221607
                        ],
                        [
                            73.22662353515624,
                            -0.5712795966325395
                        ],
                        [
                            73.20877075195312,
                            -0.5705929852148928
                        ],
                        [
                            73.21769714355469,
                            -0.5918779005690007
                        ],
                        [
                            73.21495056152344,
                            -0.6337608798268866
                        ],
                        [
                            73.19160461425781,
                            -0.6632847449871807
                        ],
                        [
                            73.16619873046875,
                            -0.6763301181391345
                        ],
                        [
                            73.135986328125,
                            -0.6708373336781093
                        ],
                        [
                            73.10577392578125,
                            -0.6317010689101215
                        ],
                        [
                            73.10165405273438,
                            -0.5966841605778406
                        ],
                        [
                            73.09478759765624,
                            -0.5740260414817162
                        ],
                        [
                            73.08517456054688,
                            -0.5664733149916149
                        ]
                    ]
                ]
            }
        },
        {
            "type": "Feature",
            "properties": {},
            "geometry": {
                "type": "Polygon",
                "coordinates": [
                    [
                        [
                            73.42334747314453,
                            -0.27362719474258884
                        ],
                        [
                            73.41304779052734,
                            -0.2750004700190078
                        ],
                        [
                            73.40652465820311,
                            -0.28083688817177077
                        ],
                        [
                            73.40789794921875,
                            -0.29079312414444136
                        ],
                        [
                            73.42094421386719,
                            -0.2993760791533524
                        ],
                        [
                            73.42025756835938,
                            -0.3076157096439005
                        ],
                        [
                            73.4326171875,
                            -0.3148253811102582
                        ],
                        [
                            73.4439468383789,
                            -0.31276547548068395
                        ],
                        [
                            73.4432601928711,
                            -0.30212262334655665
                        ],
                        [
                            73.42884063720703,
                            -0.28804657715418097
                        ],
                        [
                            73.42334747314453,
                            -0.27362719474258884
                        ]
                    ]
                ]
            }
        },
        {
            "type": "Feature",
            "properties": {},
            "geometry": {
                "type": "Polygon",
                "coordinates": [
                    [
                        [
                            73.25614929199219,
                            0.8795583474978542
                        ],
                        [
                            73.2403564453125,
                            0.8768120880792775
                        ],
                        [
                            73.23726654052734,
                            0.8579315003763222
                        ],
                        [
                            73.22010040283203,
                            0.8544986561785163
                        ],
                        [
                            73.2077407836914,
                            0.8582747846269035
                        ],
                        [
                            73.19744110107422,
                            0.8689165810511181
                        ],
                        [
                            73.1857681274414,
                            0.8737225438256476
                        ],
                        [
                            73.17134857177734,
                            0.8613643414941298
                        ],
                        [
                            73.17718505859375,
                            0.8352746723296309
                        ],
                        [
                            73.19263458251953,
                            0.8187968969591133
                        ],
                        [
                            73.22010040283203,
                            0.7937368175458341
                        ],
                        [
                            73.23005676269531,
                            0.7765722916764791
                        ],
                        [
                            73.23417663574219,
                            0.7741692524575321
                        ],
                        [
                            73.23932647705078,
                            0.7789753295293144
                        ],
                        [
                            73.23143005371094,
                            0.7940801073417
                        ],
                        [
                            73.2187271118164,
                            0.8071250983478843
                        ],
                        [
                            73.2077407836914,
                            0.8211999101179438
                        ],
                        [
                            73.18851470947266,
                            0.8387075335476408
                        ],
                        [
                            73.18439483642578,
                            0.8524389481865744
                        ],
                        [
                            73.19194793701172,
                            0.8589613530356268
                        ],
                        [
                            73.2015609741211,
                            0.8544986561785163
                        ],
                        [
                            73.20430755615234,
                            0.844886676144062
                        ],
                        [
                            73.20945739746094,
                            0.8435135341916228
                        ],
                        [
                            73.21426391601562,
                            0.8493493841338137
                        ],
                        [
                            73.23314666748047,
                            0.8514090937773031
                        ],
                        [
                            73.24516296386719,
                            0.8428269630336535
                        ],
                        [
                            73.24825286865234,
                            0.8486628140085832
                        ],
                        [
                            73.2455062866211,
                            0.8593046371937305
                        ],
                        [
                            73.25065612792967,
                            0.866513597368956
                        ],
                        [
                            73.2619857788086,
                            0.8744091094352283
                        ],
                        [
                            73.25614929199219,
                            0.8795583474978542
                        ]
                    ]
                ]
            }
        },
        {
            "type": "Feature",
            "properties": {},
            "geometry": {
                "type": "Polygon",
                "coordinates": [
                    [
                        [
                            73.39691162109375,
                            0.8730359780906259
                        ],
                        [
                            73.39759826660156,
                            0.8606777735175676
                        ],
                        [
                            73.4054946899414,
                            0.8387075335476408
                        ],
                        [
                            73.41064453125,
                            0.8369911033142339
                        ],
                        [
                            73.40961456298828,
                            0.830811948265076
                        ],
                        [
                            73.42094421386719,
                            0.7988861614850035
                        ],
                        [
                            73.42575073242188,
                            0.7985428720893659
                        ],
                        [
                            73.42197418212889,
                            0.8236029218321919
                        ],
                        [
                            73.41888427734375,
                            0.8366478171773672
                        ],
                        [
                            73.41682434082031,
                            0.852095663414064
                        ],
                        [
                            73.40995788574219,
                            0.8534688023204351
                        ],
                        [
                            73.39691162109375,
                            0.8730359780906259
                        ]
                    ]
                ]
            }
        },
        {
            "type": "Feature",
            "properties": {},
            "geometry": {
                "type": "Polygon",
                "coordinates": [
                    [
                        [
                            72.92621612548828,
                            4.895993032416388
                        ],
                        [
                            72.86785125732422,
                            4.878547232067411
                        ],
                        [
                            72.8719711303711,
                            4.872047700241915
                        ],
                        [
                            72.90973663330078,
                            4.87991554654103
                        ],
                        [
                            72.94509887695312,
                            4.879231389652911
                        ],
                        [
                            72.98286437988281,
                            4.8751264336826425
                        ],
                        [
                            72.98664093017578,
                            4.862127241053327
                        ],
                        [
                            72.99522399902344,
                            4.858022180701185
                        ],
                        [
                            73.00861358642577,
                            4.871021452627605
                        ],
                        [
                            73.0093002319336,
                            4.884020473219293
                        ],
                        [
                            72.9708480834961,
                            4.888467448761478
                        ],
                        [
                            72.92621612548828,
                            4.895993032416388
                        ]
                    ]
                ]
            }
        },
        {
            "type": "Feature",
            "properties": {},
            "geometry": {
                "type": "Polygon",
                "coordinates": [
                    [
                        [
                            72.71438598632812,
                            6.4183425075600695
                        ],
                        [
                            72.70820617675781,
                            6.4183425075600695
                        ],
                        [
                            72.7020263671875,
                            6.4149307874388
                        ],
                        [
                            72.69584655761719,
                            6.405719029054051
                        ],
                        [
                            72.69207000732422,
                            6.4009424962672705
                        ],
                        [
                            72.69001007080078,
                            6.395142360686451
                        ],
                        [
                            72.69447326660156,
                            6.393436425929688
                        ],
                        [
                            72.69927978515625,
                            6.39480117419048
                        ],
                        [
                            72.70477294921874,
                            6.401283678662489
                        ],
                        [
                            72.71129608154297,
                            6.406401387232089
                        ],
                        [
                            72.71438598632812,
                            6.4183425075600695
                        ]
                    ]
                ]
            }
        }
    ]
}