{
    "type": "FeatureCollection",
    "features": [
        {
            "type": "Feature",
            "properties": {},
            "geometry": {
                "type": "Polygon",
                "coordinates": [
                    [
                        [
                            14.374237060546875,
                            36.00134056648952
                        ],
                        [
                            14.35089111328125,
                            35.99911854141816
                        ],
                        [
                            14.311752319335938,
                            35.98745188265659
                        ],
                        [
                            14.311065673828125,
                            35.96744788208542
                        ],
                        [
                            14.330978393554688,
                            35.9635576265708
                        ],
                        [
                            14.322052001953125,
                            35.94076799566985
                        ],
                        [
                            14.326171874999998,
                            35.930204718146754
                        ],
                        [
                            14.319992065429688,
                            35.905736972317364
                        ],
                        [
                            14.327545166015625,
                            35.88571227867025
                        ],
                        [
                            14.349517822265625,
                            35.861230775178285
                        ],
                        [
                            14.39277648925781,
                            35.836741707973786
                        ],
                        [
                            14.431915283203123,
                            35.81669957403484
                        ],
                        [
                            14.486846923828125,
                            35.806676609227054
                        ],
                        [
                            14.5404052734375,
                            35.80277844793543
                        ],
                        [
                            14.565811157226562,
                            35.81614277584662
                        ],
                        [
                            14.586410522460938,
                            35.865682520284096
                        ],
                        [
                            14.57405090332031,
                            35.879036255232734
                        ],
                        [
                            14.5458984375,
                            35.8940565165966
                        ],
                        [
                            14.517745971679686,
                            35.91018621631764
                        ],
                        [
                            14.496459960937502,
                            35.93409661619893
                        ],
                        [
                            14.455261230468748,
                            35.95188571009145
                        ],
                        [
                            14.43397521972656,
                            35.963001860136956
                        ],
                        [
                            14.408569335937498,
                            35.96022296929667
                        ],
                        [
                            14.415435791015625,
                            35.96633640006762
                        ],
                        [
                            14.401702880859375,
                            35.97578349847199
                        ],
                        [
                            14.367370605468748,
                            35.9741164456081
                        ],
                        [
                            14.380416870117188,
                            35.98967423640588
                        ],
                        [
                            14.374237060546875,
                            36.00134056648952
                        ]
                    ]
                ]
            }
        },
        {
            "type": "Feature",
            "properties": {},
            "geometry": {
                "type": "Polygon",
                "coordinates": [
                    [
                        [
                            14.223861694335936,
                            36.0857311106239
                        ],
                        [
                            14.181976318359373,
                            36.07907198829112
                        ],
                        [
                            14.176483154296875,
                            36.072967297371555
                        ],
                        [
                            14.181289672851562,
                            36.05964632692448
                        ],
                        [
                            14.179229736328125,
                            36.03632920165807
                        ],
                        [
                            14.189529418945312,
                            36.030221194310705
                        ],
                        [
                            14.2108154296875,
                            36.023557373379276
                        ],
                        [
                            14.24652099609375,
                            36.010228040656735
                        ],
                        [
                            14.30694580078125,
                            36.02133597448135
                        ],
                        [
                            14.340591430664064,
                            36.03133177633187
                        ],
                        [
                            14.339904785156248,
                            36.0396606423822
                        ],
                        [
                            14.329605102539062,
                            36.05520550221327
                        ],
                        [
                            14.311752319335938,
                            36.06353184297193
                        ],
                        [
                            14.289093017578125,
                            36.070192281208456
                        ],
                        [
                            14.263687133789062,
                            36.08517620530504
                        ],
                        [
                            14.223861694335936,
                            36.0857311106239
                        ]
                    ]
                ]
            }
        },
        {
            "type": "Feature",
            "properties": {},
            "geometry": {
                "type": "Polygon",
                "coordinates": [
                    [
                        [
                            14.340763092041016,
                            36.02119713497088
                        ],
                        [
                            14.32943344116211,
                            36.02064177448276
                        ],
                        [
                            14.321880340576172,
                            36.019392199074005
                        ],
                        [
                            14.320335388183592,
                            36.01605990111469
                        ],
                        [
                            14.31638717651367,
                            36.01481025305476
                        ],
                        [
                            14.317245483398438,
                            36.01133890448606
                        ],
                        [
                            14.32016372680664,
                            36.01064461642722
                        ],
                        [
                            14.325485229492188,
                            36.008422853546804
                        ],
                        [
                            14.321708679199219,
                            36.00356252895066
                        ],
                        [
                            14.327716827392578,
                            36.002590428077994
                        ],
                        [
                            14.349517822265625,
                            36.005923295461585
                        ],
                        [
                            14.352607727050781,
                            36.009394882511685
                        ],
                        [
                            14.35089111328125,
                            36.01425484755719
                        ],
                        [
                            14.344367980957033,
                            36.01758722183613
                        ],
                        [
                            14.340763092041016,
                            36.02119713497088
                        ]
                    ]
                ]
            }
        }
    ]
}