{
    "type": "FeatureCollection",
    "features": [
        {
            "type": "Feature",
            "properties": {},
            "geometry": {
                "coordinates": [
                    [
                        [
                            -8.66797456509488,
                            27.312871413317406
                        ],
                        [
                            -8.670034786624655,
                            25.99708569754366
                        ],
                        [
                            -12.00413162567824,
                            25.994030287915532
                        ],
                        [
                            -11.99981689453125,
                            23.455687666943383
                        ],
                        [
                            -12.15911865234375,
                            23.42040817940404
                        ],
                        [
                            -12.359619140624998,
                            23.32208001137843
                        ],
                        [
                            -12.57659912109375,
                            23.29181053244191
                        ],
                        [
                            -12.99957275390625,
                            23.031715018113417
                        ],
                        [
                            -13.101196289062498,
                            22.907803451058392
                        ],
                        [
                            -13.15338134765625,
                            22.763518842676692
                        ],
                        [
                            -13.118997700005764,
                            22.51429778144911
                        ],
                        [
                            -13.00012998336811,
                            21.3299813284367
                        ],
                        [
                            -14.441528320312498,
                            21.345664899154094
                        ],
                        [
                            -16.937199922269457,
                            21.331368049229177
                        ],
                        [
                            -17.001571363136804,
                            21.12421663450093
                        ],
                        [
                            -17.000504319070217,
                            21.10746834718488
                        ],
                        [
                            -17.04020477055616,
                            21.04178279787749
                        ],
                        [
                            -17.04712837305945,
                            20.993728135409935
                        ],
                        [
                            -17.07275390625,
                            20.89602249058146
                        ],
                        [
                            -17.04703137533579,
                            20.760452013133197
                        ],
                        [
                            -16.929931640625,
                            21.028109978642814
                        ],
                        [
                            -16.7706298828125,
                            20.7663868125152
                        ],
                        [
                            -16.6937255859375,
                            20.601936194281016
                        ],
                        [
                            -16.4630126953125,
                            20.50935458871459
                        ],
                        [
                            -16.3916015625,
                            20.37552680342694
                        ],
                        [
                            -16.292724609375,
                            20.21581109239457
                        ],
                        [
                            -16.3037109375,
                            20.004322295998723
                        ],
                        [
                            -16.45751953125,
                            19.85456068070104
                        ],
                        [
                            -16.5399169921875,
                            19.694314241825747
                        ],
                        [
                            -16.5069580078125,
                            19.508020154916768
                        ],
                        [
                            -16.5673828125,
                            19.30077482585895
                        ],
                        [
                            -16.3916015625,
                            19.160735484156255
                        ],
                        [
                            -16.23779296875,
                            18.932268511298073
                        ],
                        [
                            -16.0784912109375,
                            18.271086109608877
                        ],
                        [
                            -16.0894775390625,
                            17.5602465032949
                        ],
                        [
                            -16.22406005859375,
                            17.23000493050636
                        ],
                        [
                            -16.453399658203125,
                            16.629612727072715
                        ],
                        [
                            -16.461639404296875,
                            16.50719946582598
                        ],
                        [
                            -16.53305053710937,
                            16.281914986808975
                        ],
                        [
                            -16.5234375,
                            16.230497926843622
                        ],
                        [
                            -16.513089831393387,
                            16.05981026261888
                        ],
                        [
                            -16.507325323559986,
                            16.060282704889957
                        ],
                        [
                            -16.497872239747956,
                            16.073966683513348
                        ],
                        [
                            -16.491037775329616,
                            16.070078597930248
                        ],
                        [
                            -16.489400849791515,
                            16.057651011666223
                        ],
                        [
                            -16.485416648629098,
                            16.056501864045103
                        ],
                        [
                            -16.46795488575148,
                            16.078033251218734
                        ],
                        [
                            -16.44378662109375,
                            16.098598010301888
                        ],
                        [
                            -16.4520263671875,
                            16.122346485628785
                        ],
                        [
                            -16.453399658203125,
                            16.17906743138227
                        ],
                        [
                            -16.424560546875,
                            16.214674588248542
                        ],
                        [
                            -16.37786865234375,
                            16.22258641647705
                        ],
                        [
                            -16.3531494140625,
                            16.281914986808975
                        ],
                        [
                            -16.36138916015625,
                            16.317503522521424
                        ],
                        [
                            -16.3311767578125,
                            16.354403317877185
                        ],
                        [
                            -16.328430175781246,
                            16.40051825555996
                        ],
                        [
                            -16.31195068359375,
                            16.411057280248052
                        ],
                        [
                            -16.31195068359375,
                            16.459792837848532
                        ],
                        [
                            -16.2872314453125,
                            16.47691323665894
                        ],
                        [
                            -16.280364990234375,
                            16.511149493993642
                        ],
                        [
                            -16.241912841796875,
                            16.525632239869275
                        ],
                        [
                            -16.19384765625,
                            16.51378280126173
                        ],
                        [
                            -16.154022216796875,
                            16.549328935473294
                        ],
                        [
                            -16.10595703125,
                            16.551961721972525
                        ],
                        [
                            -16.100463867187496,
                            16.52826534972986
                        ],
                        [
                            -16.08123779296875,
                            16.50719946582598
                        ],
                        [
                            -16.040039062499996,
                            16.479547009916406
                        ],
                        [
                            -16.0015869140625,
                            16.497982419617806
                        ],
                        [
                            -15.959014892578125,
                            16.483497602648132
                        ],
                        [
                            -15.917816162109375,
                            16.50719946582598
                        ],
                        [
                            -15.876617431640625,
                            16.515099441440785
                        ],
                        [
                            -15.85601806640625,
                            16.49271533887906
                        ],
                        [
                            -15.829925537109375,
                            16.50719946582598
                        ],
                        [
                            -15.74066162109375,
                            16.49271533887906
                        ],
                        [
                            -15.698089599609375,
                            16.474279427591664
                        ],
                        [
                            -15.62530517578125,
                            16.490081744746746
                        ],
                        [
                            -15.633544921875,
                            16.521682507760566
                        ],
                        [
                            -15.59783935546875,
                            16.52694879928785
                        ],
                        [
                            -15.547027587890627,
                            16.505882771835157
                        ],
                        [
                            -15.509948730468752,
                            16.52958189119469
                        ],
                        [
                            -15.5181884765625,
                            16.558543530909056
                        ],
                        [
                            -15.461883544921875,
                            16.58618467276904
                        ],
                        [
                            -15.426177978515627,
                            16.550645333216888
                        ],
                        [
                            -15.404205322265623,
                            16.541430360299973
                        ],
                        [
                            -15.320434570312498,
                            16.57039022046052
                        ],
                        [
                            -15.264129638671873,
                            16.56907395760288
                        ],
                        [
                            -15.233917236328125,
                            16.551961721972525
                        ],
                        [
                            -15.165252685546875,
                            16.590133083275067
                        ],
                        [
                            -15.111694335937498,
                            16.579603808499602
                        ],
                        [
                            -15.084228515625,
                            16.62171744763398
                        ],
                        [
                            -15.115814208984373,
                            16.650665216641222
                        ],
                        [
                            -15.085601806640625,
                            16.67960861220424
                        ],
                        [
                            -15.051269531249998,
                            16.628296869727386
                        ],
                        [
                            -15.000457763671875,
                            16.64277080399531
                        ],
                        [
                            -14.994964599609373,
                            16.690132397679413
                        ],
                        [
                            -14.957885742187498,
                            16.676977575323487
                        ],
                        [
                            -14.940032958984375,
                            16.632244414684905
                        ],
                        [
                            -14.909820556640625,
                            16.645402311013026
                        ],
                        [
                            -14.898834228515625,
                            16.633560244950534
                        ],
                        [
                            -14.885101318359375,
                            16.655927977692734
                        ],
                        [
                            -14.860382080078123,
                            16.640139260848585
                        ],
                        [
                            -14.824676513671875,
                            16.637507681577905
                        ],
                        [
                            -14.8150634765625,
                            16.65461230098613
                        ],
                        [
                            -14.788970947265625,
                            16.634876066188323
                        ],
                        [
                            -14.762878417968748,
                            16.65461230098613
                        ],
                        [
                            -14.75189208984375,
                            16.634876066188323
                        ],
                        [
                            -14.738159179687502,
                            16.624349243542177
                        ],
                        [
                            -14.732666015625,
                            16.641455036937753
                        ],
                        [
                            -14.640655517578127,
                            16.64934950378666
                        ],
                        [
                            -14.646148681640623,
                            16.617769686107188
                        ],
                        [
                            -14.61456298828125,
                            16.624349243542177
                        ],
                        [
                            -14.552764892578123,
                            16.62171744763398
                        ],
                        [
                            -14.543151855468752,
                            16.638823475728422
                        ],
                        [
                            -14.50469970703125,
                            16.611189903166164
                        ],
                        [
                            -14.447021484374998,
                            16.62698100335679
                        ],
                        [
                            -14.414062499999998,
                            16.650665216641222
                        ],
                        [
                            -14.390716552734373,
                            16.636191878397664
                        ],
                        [
                            -14.3316650390625,
                            16.641455036937753
                        ],
                        [
                            -14.319305419921875,
                            16.56907395760288
                        ],
                        [
                            -14.2877197265625,
                            16.587500818610298
                        ],
                        [
                            -14.267120361328125,
                            16.574338955046137
                        ],
                        [
                            -14.275360107421875,
                            16.55591083430529
                        ],
                        [
                            -14.253387451171875,
                            16.519049308150276
                        ],
                        [
                            -14.242401123046873,
                            16.54274681195805
                        ],
                        [
                            -14.20257568359375,
                            16.53221494719023
                        ],
                        [
                            -14.20257568359375,
                            16.511149493993642
                        ],
                        [
                            -14.158630371093748,
                            16.47691323665894
                        ],
                        [
                            -14.135284423828123,
                            16.475596336601203
                        ],
                        [
                            -14.1339111328125,
                            16.45715879614139
                        ],
                        [
                            -14.083099365234375,
                            16.421595734012666
                        ],
                        [
                            -14.025421142578125,
                            16.351767849269347
                        ],
                        [
                            -13.984222412109373,
                            16.34649680535433
                        ],
                        [
                            -13.959503173828125,
                            16.3082774858912
                        ],
                        [
                            -13.985595703125,
                            16.3082774858912
                        ],
                        [
                            -13.984222412109373,
                            16.276642061633535
                        ],
                        [
                            -13.954010009765623,
                            16.27136899476706
                        ],
                        [
                            -13.97186279296875,
                            16.22917936386214
                        ],
                        [
                            -13.923797607421873,
                            16.22917936386214
                        ],
                        [
                            -13.90594482421875,
                            16.196212420361412
                        ],
                        [
                            -13.86749267578125,
                            16.190937197772538
                        ],
                        [
                            -13.877105712890625,
                            16.15796386308706
                        ],
                        [
                            -13.849639892578123,
                            16.10651448462386
                        ],
                        [
                            -13.826293945312498,
                            16.13685804246657
                        ],
                        [
                            -13.7603759765625,
                            16.1460921159615
                        ],
                        [
                            -13.709564208984375,
                            16.18434297122291
                        ],
                        [
                            -13.717803955078125,
                            16.14345385320096
                        ],
                        [
                            -13.69171142578125,
                            16.09991744461589
                        ],
                        [
                            -13.662872314453125,
                            16.105195094166007
                        ],
                        [
                            -13.569488525390625,
                            16.139496393128496
                        ],
                        [
                            -13.5186767578125,
                            16.130262012034756
                        ],
                        [
                            -13.477478027343748,
                            16.139496393128496
                        ],
                        [
                            -13.5186767578125,
                            16.109153239219467
                        ],
                        [
                            -13.492584228515625,
                            16.078805443634593
                        ],
                        [
                            -13.46649169921875,
                            16.107833866308564
                        ],
                        [
                            -13.440399169921873,
                            16.088042220148818
                        ],
                        [
                            -13.374481201171875,
                            16.05109253962652
                        ],
                        [
                            -13.368988037109375,
                            16.003575733881327
                        ],
                        [
                            -13.348388671875,
                            15.944163832440672
                        ],
                        [
                            -13.314056396484375,
                            15.924355950051297
                        ],
                        [
                            -13.330535888671875,
                            15.890017659698243
                        ],
                        [
                            -13.300323486328125,
                            15.871525383375822
                        ],
                        [
                            -13.304443359375,
                            15.82925095330144
                        ],
                        [
                            -13.265304565429688,
                            15.782342408965627
                        ],
                        [
                            -13.283843994140625,
                            15.793575021920166
                        ],
                        [
                            -13.29345703125,
                            15.772430762973455
                        ],
                        [
                            -13.20831298828125,
                            15.695103323535045
                        ],
                        [
                            -13.224105834960938,
                            15.677254358963596
                        ],
                        [
                            -13.255691528320312,
                            15.671304357204631
                        ],
                        [
                            -13.218612670898438,
                            15.609149545036098
                        ],
                        [
                            -13.193206787109375,
                            15.625681922266882
                        ],
                        [
                            -13.09295654296875,
                            15.580049324719978
                        ],
                        [
                            -13.089523315429686,
                            15.560205901859836
                        ],
                        [
                            -13.103256225585936,
                            15.498017460385709
                        ],
                        [
                            -13.05244445800781,
                            15.48081309380798
                        ],
                        [
                            -13.01605224609375,
                            15.488753748582827
                        ],
                        [
                            -12.968673706054686,
                            15.500664158917415
                        ],
                        [
                            -12.957687377929688,
                            15.444414528150103
                        ],
                        [
                            -12.9254150390625,
                            15.44309082346371
                        ],
                        [
                            -12.9473876953125,
                            15.413305235719124
                        ],
                        [
                            -12.94532775878906,
                            15.37027407332405
                        ],
                        [
                            -12.929534912109375,
                            15.342464595142463
                        ],
                        [
                            -12.889022827148438,
                            15.335842744670897
                        ],
                        [
                            -12.849197387695312,
                            15.313989149419774
                        ],
                        [
                            -12.832717895507812,
                            15.282198027646226
                        ],
                        [
                            -12.855377197265625,
                            15.26232612805626
                        ],
                        [
                            -12.889022827148438,
                            15.266300658508497
                        ],
                        [
                            -12.89794921875,
                            15.249739618721511
                        ],
                        [
                            -12.86773681640625,
                            15.233839792640989
                        ],
                        [
                            -12.84576416015625,
                            15.200711296735888
                        ],
                        [
                            -12.814178466796875,
                            15.215288476840566
                        ],
                        [
                            -12.789459228515625,
                            15.20269915338344
                        ],
                        [
                            -12.79083251953125,
                            15.17155391413011
                        ],
                        [
                            -12.791519165039062,
                            15.149683236021742
                        ],
                        [
                            -12.743453979492188,
                            15.132450200364227
                        ],
                        [
                            -12.733154296875,
                            15.112564186652111
                        ],
                        [
                            -12.70294189453125,
                            15.099968747010914
                        ],
                        [
                            -12.687149047851562,
                            15.086709582341031
                        ],
                        [
                            -12.68646240234375,
                            15.100631683518557
                        ],
                        [
                            -12.66998291015625,
                            15.110575482719193
                        ],
                        [
                            -12.658309936523438,
                            15.102620480622758
                        ],
                        [
                            -12.604751586914062,
                            15.0827316716058
                        ],
                        [
                            -12.583465576171875,
                            15.054884213404906
                        ],
                        [
                            -12.5518798828125,
                            15.031675216669628
                        ],
                        [
                            -12.501754760742188,
                            15.020401364143794
                        ],
                        [
                            -12.473602294921873,
                            14.996525358982842
                        ],
                        [
                            -12.464675903320312,
                            14.974636679162208
                        ],
                        [
                            -12.455062866210936,
                            14.932179532982687
                        ],
                        [
                            -12.448883056640625,
                            14.91161133462477
                        ],
                        [
                            -12.455062866210936,
                            14.895686217518369
                        ],
                        [
                            -12.436523437499998,
                            14.881750774107623
                        ],
                        [
                            -12.406311035156248,
                            14.847903805879348
                        ],
                        [
                            -12.38433837890625,
                            14.841930260837064
                        ],
                        [
                            -12.358932495117188,
                            14.827327567167233
                        ],
                        [
                            -12.337646484375,
                            14.82799134735208
                        ],
                        [
                            -12.32391357421875,
                            14.82467242607154
                        ],
                        [
                            -12.279281616210938,
                            14.772890672088861
                        ],
                        [
                            -12.255935668945312,
                            14.76824298741673
                        ],
                        [
                            -12.240306567972624,
                            14.763759666460032
                        ],
                        [
                            -12.225717174006334,
                            14.75999305274053
                        ],
                        [
                            -12.176971435546875,
                            14.761603265483622
                        ],
                        [
                            -12.135772705078125,
                            14.777538257344107
                        ],
                        [
                            -12.083587646484375,
                            14.737698588345168
                        ],
                        [
                            -12.039642333984375,
                            14.724417078179279
                        ],
                        [
                            -12.04376220703125,
                            14.76824298741673
                        ],
                        [
                            -11.965484619140625,
                            14.76824298741673
                        ],
                        [
                            -11.929779052734373,
                            14.790816524297828
                        ],
                        [
                            -11.92840576171875,
                            14.820025850795036
                        ],
                        [
                            -11.87896728515625,
                            14.841266523421364
                        ],
                        [
                            -11.814422607421875,
                            14.89435907126015
                        ],
                        [
                            -11.800689697265625,
                            14.89435907126015
                        ],
                        [
                            -11.81304931640625,
                            14.939477452805818
                        ],
                        [
                            -11.797943115234375,
                            15.027033114217934
                        ],
                        [
                            -11.810302734375,
                            15.046927127756602
                        ],
                        [
                            -11.833648681640625,
                            15.040295996106765
                        ],
                        [
                            -11.8267822265625,
                            15.072123545811683
                        ],
                        [
                            -11.841888427734375,
                            15.089361481472222
                        ],
                        [
                            -11.811676025390625,
                            15.138415640647926
                        ],
                        [
                            -11.8377685546875,
                            15.172879337054226
                        ],
                        [
                            -11.80755615234375,
                            15.219263896399728
                        ],
                        [
                            -11.79931640625,
                            15.272262313088643
                        ],
                        [
                            -11.788330078125,
                            15.321273934950508
                        ],
                        [
                            -11.7608642578125,
                            15.349086235646391
                        ],
                        [
                            -11.745758056640625,
                            15.433824654141132
                        ],
                        [
                            -11.743011474609375,
                            15.460298325176769
                        ],
                        [
                            -11.721038818359375,
                            15.484121737015192
                        ],
                        [
                            -11.704559326171875,
                            15.498679138197133
                        ],
                        [
                            -11.7169189453125,
                            15.53969902098233
                        ],
                        [
                            -11.665077209472656,
                            15.537052823106482
                        ],
                        [
                            -11.662330627441406,
                            15.52911402562822
                        ],
                        [
                            -11.65374755859375,
                            15.533745027979874
                        ],
                        [
                            -11.643447875976562,
                            15.523821324152562
                        ],
                        [
                            -11.613922119140625,
                            15.533083462584468
                        ],
                        [
                            -11.59332275390625,
                            15.545652841941813
                        ],
                        [
                            -11.57958984375,
                            15.548960445891245
                        ],
                        [
                            -11.561737060546875,
                            15.581041445584825
                        ],
                        [
                            -11.550750732421873,
                            15.586001978047445
                        ],
                        [
                            -11.543884277343748,
                            15.59360789514406
                        ],
                        [
                            -11.530838012695312,
                            15.59658404687789
                        ],
                        [
                            -11.517448425292969,
                            15.592946522232657
                        ],
                        [
                            -11.510238647460938,
                            15.604520240514251
                        ],
                        [
                            -11.492385864257812,
                            15.613117437173187
                        ],
                        [
                            -11.500282287597656,
                            15.632625122949449
                        ],
                        [
                            -11.515388488769531,
                            15.6392374761503
                        ],
                        [
                            -11.492729187011719,
                            15.641551749306604
                        ],
                        [
                            -11.467323303222656,
                            15.638576250441862
                        ],
                        [
                            -11.452903747558594,
                            15.641882357621078
                        ],
                        [
                            -11.436767578124998,
                            15.641551749306604
                        ],
                        [
                            -11.419258117675781,
                            15.63725379261664
                        ],
                        [
                            -11.410675048828125,
                            15.635931326247519
                        ],
                        [
                            -11.402778625488281,
                            15.61245612714906
                        ],
                        [
                            -11.359176635742188,
                            15.555906241240766
                        ],
                        [
                            -11.358833312988,
                            15.55491399911
                        ],
                        [
                            -11.360378265381,
                            15.532918070904
                        ],
                        [
                            -11.341667175293,
                            15.520678718391
                        ],
                        [
                            -11.324501037598,
                            15.506122867548
                        ],
                        [
                            -11.296005249023,
                            15.46890154017
                        ],
                        [
                            -11.253433227539,
                            15.419593660025
                        ],
                        [
                            -11.200218200684,
                            15.395100829792
                        ],
                        [
                            -11.134643554687,
                            15.346437604646
                        ],
                        [
                            -11.050872802734,
                            15.276236655384
                        ],
                        [
                            -10.991821289062,
                            15.233839792641
                        ],
                        [
                            -10.954742431641,
                            15.158299227721
                        ],
                        [
                            -10.923156738281,
                            15.142392507492
                        ],
                        [
                            -10.901184082031,
                            15.110575482719
                        ],
                        [
                            -10.879211425781,
                            15.133113035358
                        ],
                        [
                            -10.868225097656,
                            15.212638155454
                        ],
                        [
                            -10.839385986328,
                            15.212638155454
                        ],
                        [
                            -10.827026367188,
                            15.277561419418
                        ],
                        [
                            -10.796813964844,
                            15.304054942239
                        ],
                        [
                            -10.776214599609,
                            15.30802868169
                        ],
                        [
                            -10.752868652344,
                            15.337167131559
                        ],
                        [
                            -10.735015869141,
                            15.337167131559
                        ],
                        [
                            -10.715789794922,
                            15.376894831071
                        ],
                        [
                            -10.729522705078,
                            15.439119658717
                        ],
                        [
                            -10.685577392578,
                            15.443090823464
                        ],
                        [
                            -10.630645751953,
                            15.416614956447
                        ],
                        [
                            -10.546875,
                            15.439119658717
                        ],
                        [
                            -10.507049560547,
                            15.447061912175
                        ],
                        [
                            -10.447998046875,
                            15.440443388746
                        ],
                        [
                            -10.39306640625,
                            15.440443388746
                        ],
                        [
                            -10.313415527344,
                            15.445738224387
                        ],
                        [
                            -10.265662928558015,
                            15.43719351495102
                        ],
                        [
                            -10.210106114411014,
                            15.441583270543344
                        ],
                        [
                            -10.161043438871895,
                            15.443087680659842
                        ],
                        [
                            -10.067845808043785,
                            15.428163495740584
                        ],
                        [
                            -9.97533656500178,
                            15.429069117984577
                        ],
                        [
                            -9.906321580065914,
                            15.413184703840894
                        ],
                        [
                            -9.795490934402263,
                            15.39052709059187
                        ],
                        [
                            -9.7709655761719,
                            15.412643285248
                        ],
                        [
                            -9.719824619675954,
                            15.405221572749436
                        ],
                        [
                            -9.6926879882812,
                            15.421910399947
                        ],
                        [
                            -9.527951637589148,
                            15.434309387434304
                        ],
                        [
                            -9.477807331097303,
                            15.421126742703082
                        ],
                        [
                            -9.4015502929688,
                            15.436472173319
                        ],
                        [
                            -9.4468688964844,
                            15.607165570177
                        ],
                        [
                            -9.3315124511719,
                            15.705018739998
                        ],
                        [
                            -9.3095397949219,
                            15.693120182371
                        ],
                        [
                            -9.3315124511719,
                            15.560867380135
                        ],
                        [
                            -9.3328857421875,
                            15.501325828253
                        ],
                        [
                            -5.504150390625,
                            15.501325828253
                        ],
                        [
                            -5.33935546875,
                            16.33595429087
                        ],
                        [
                            -5.6085205078125,
                            16.504566068878
                        ],
                        [
                            -6.345318227988969,
                            24.996872797612003
                        ],
                        [
                            -4.83116219192766,
                            25.00104009900578
                        ],
                        [
                            -7.470703125,
                            26.60817437403311
                        ],
                        [
                            -8.66797456509488,
                            27.312871413317406
                        ]
                    ]
                ],
                "type": "Polygon"
            }
        }
    ]
}