{
    "type": "FeatureCollection",
    "features": [
        {
            "type": "Feature",
            "properties": {},
            "geometry": {
                "type": "Polygon",
                "coordinates": [
                    [
                        [
                            7.436885833740234,
                            43.75181519884505
                        ],
                        [
                            7.437400817871094,
                            43.75094720492973
                        ],
                        [
                            7.436542510986328,
                            43.75026520087931
                        ],
                        [
                            7.433023452758788,
                            43.74945918607298
                        ],
                        [
                            7.430791854858398,
                            43.748963171566345
                        ],
                        [
                            7.428903579711914,
                            43.74710308055693
                        ],
                        [
                            7.427358627319335,
                            43.74363075601444
                        ],
                        [
                            7.4245262145996085,
                            43.74115040088329
                        ],
                        [
                            7.422981262207031,
                            43.74183250878847
                        ],
                        [
                            7.412252426147461,
                            43.734576962803345
                        ],
                        [
                            7.412853240966796,
                            43.73383275452992
                        ],
                        [
                            7.412939071655274,
                            43.73184815391934
                        ],
                        [
                            7.411394119262695,
                            43.73147603398314
                        ],
                        [
                            7.4088191986083975,
                            43.729677421697225
                        ],
                        [
                            7.418689727783202,
                            43.7247774797616
                        ],
                        [
                            7.421693801879884,
                            43.726390163130624
                        ],
                        [
                            7.4245262145996085,
                            43.72800280308363
                        ],
                        [
                            7.424097061157227,
                            43.72893315253811
                        ],
                        [
                            7.427101135253906,
                            43.72986348754193
                        ],
                        [
                            7.428560256958009,
                            43.73147603398314
                        ],
                        [
                            7.432422637939454,
                            43.735445194099945
                        ],
                        [
                            7.43250846862793,
                            43.736747517441835
                        ],
                        [
                            7.430276870727538,
                            43.73736766145917
                        ],
                        [
                            7.430877685546875,
                            43.738980005846436
                        ],
                        [
                            7.431306838989257,
                            43.74096437010583
                        ],
                        [
                            7.433452606201172,
                            43.74400280042086
                        ],
                        [
                            7.436800003051758,
                            43.74604900332628
                        ],
                        [
                            7.438945770263671,
                            43.74586298777054
                        ],
                        [
                            7.44049072265625,
                            43.74673105541854
                        ],
                        [
                            7.439289093017578,
                            43.74921117933347
                        ],
                        [
                            7.438344955444336,
                            43.74958318905739
                        ],
                        [
                            7.4390316009521475,
                            43.75119520447579
                        ],
                        [
                            7.436885833740234,
                            43.75181519884505
                        ]
                    ]
                ]
            }
        }
    ]
}