{
    "type": "FeatureCollection",
    "features": [
        {
            "type": "Feature",
            "properties": {},
            "geometry": {
                "coordinates": [
                    [
                        [
                            18.986862869980083,
                            43.5521442432776
                        ],
                        [
                            18.98162841796875,
                            43.54506428956427
                        ],
                        [
                            18.9740879064492,
                            43.53151630719374
                        ],
                        [
                            18.941116333007812,
                            43.524636751081246
                        ],
                        [
                            18.925323486328125,
                            43.51320287282703
                        ],
                        [
                            18.91571044921875,
                            43.50324272856079
                        ],
                        [
                            18.91037391749407,
                            43.49707007349603
                        ],
                        [
                            18.920516967773438,
                            43.492782808225
                        ],
                        [
                            18.927657521540823,
                            43.49685805612558
                        ],
                        [
                            18.93021181801585,
                            43.50541050044493
                        ],
                        [
                            18.937425792203584,
                            43.505414346170745
                        ],
                        [
                            18.961433206841548,
                            43.486019605285925
                        ],
                        [
                            18.96129335992643,
                            43.479829920215465
                        ],
                        [
                            18.960342407226562,
                            43.47036259175014
                        ],
                        [
                            18.95857259395737,
                            43.46037534993951
                        ],
                        [
                            18.958324233629725,
                            43.45334697070791
                        ],
                        [
                            18.96212564875279,
                            43.45166099072052
                        ],
                        [
                            18.968645608781365,
                            43.453394004253724
                        ],
                        [
                            18.97396729623661,
                            43.453648234375734
                        ],
                        [
                            18.97718138118563,
                            43.45572246410194
                        ],
                        [
                            18.9871081537742,
                            43.452502424844134
                        ],
                        [
                            18.988836204116787,
                            43.44602077448096
                        ],
                        [
                            18.99236166332159,
                            43.44806454687419
                        ],
                        [
                            18.998057441417103,
                            43.44473231458268
                        ],
                        [
                            18.999112644048395,
                            43.44209560108465
                        ],
                        [
                            19.000167846679688,
                            43.439458887586625
                        ],
                        [
                            19.00330169084436,
                            43.441249796093985
                        ],
                        [
                            19.004757953405445,
                            43.446955809178974
                        ],
                        [
                            19.006393956852314,
                            43.4443098664469
                        ],
                        [
                            19.010546332704365,
                            43.4461878249789
                        ],
                        [
                            19.007269233827813,
                            43.44176755795188
                        ],
                        [
                            19.00980375693635,
                            43.43847834206161
                        ],
                        [
                            19.01711720300719,
                            43.435012166928615
                        ],
                        [
                            19.021453857421875,
                            43.40504748787035
                        ],
                        [
                            19.032111968107728,
                            43.367778995970184
                        ],
                        [
                            19.0447998046875,
                            43.36213053699735
                        ],
                        [
                            19.061279296875,
                            43.34914966389313
                        ],
                        [
                            19.09371846582505,
                            43.32780836284731
                        ],
                        [
                            19.090508938086796,
                            43.30205151064782
                        ],
                        [
                            19.037933349609375,
                            43.2996249899934
                        ],
                        [
                            19.026947021484375,
                            43.271206115959785
                        ],
                        [
                            18.99939636059011,
                            43.25743180635358
                        ],
                        [
                            18.985655213386764,
                            43.26443343749358
                        ],
                        [
                            18.984276479643142,
                            43.2786671841033
                        ],
                        [
                            18.95459477818042,
                            43.28788383757712
                        ],
                        [
                            18.948297398704113,
                            43.30707545517709
                        ],
                        [
                            18.959770610259852,
                            43.315644380855936
                        ],
                        [
                            18.958282470703125,
                            43.33117156319044
                        ],
                        [
                            18.93768310546875,
                            43.34016127896536
                        ],
                        [
                            18.90472412109375,
                            43.36512572875844
                        ],
                        [
                            18.841552734375,
                            43.35813671794957
                        ],
                        [
                            18.841552734375,
                            43.34215881285053
                        ],
                        [
                            18.853912353515625,
                            43.32517767999296
                        ],
                        [
                            18.782501220703125,
                            43.30219564849081
                        ],
                        [
                            18.722076416015625,
                            43.27720532212024
                        ],
                        [
                            18.6932373046875,
                            43.2512044908875
                        ],
                        [
                            18.7152099609375,
                            43.23119629494612
                        ],
                        [
                            18.711090087890625,
                            43.2221904631015
                        ],
                        [
                            18.672637939453125,
                            43.206176810164784
                        ],
                        [
                            18.655064608645745,
                            43.1923813985877
                        ],
                        [
                            18.643931902683903,
                            43.1478473637264
                        ],
                        [
                            18.650936274296853,
                            43.04288322573205
                        ],
                        [
                            18.583962972549433,
                            43.03412372456228
                        ],
                        [
                            18.540410124783953,
                            43.03306761490279
                        ],
                        [
                            18.52473681389327,
                            43.024107978248594
                        ],
                        [
                            18.517103907101045,
                            43.00774397355987
                        ],
                        [
                            18.49714844471879,
                            42.980134228079216
                        ],
                        [
                            18.48785663001175,
                            42.940062003044105
                        ],
                        [
                            18.492648414998456,
                            42.908973828044154
                        ],
                        [
                            18.50372314453125,
                            42.89206418807337
                        ],
                        [
                            18.491363525390625,
                            42.88401467044253
                        ],
                        [
                            18.484788825578107,
                            42.871126226900984
                        ],
                        [
                            18.460651639779964,
                            42.8580387586028
                        ],
                        [
                            18.459074994907354,
                            42.83944481191906
                        ],
                        [
                            18.46547434995074,
                            42.81788605730733
                        ],
                        [
                            18.455949714249982,
                            42.811006144304805
                        ],
                        [
                            18.469390869140625,
                            42.756087892726086
                        ],
                        [
                            18.49273681640625,
                            42.74600367786244
                        ],
                        [
                            18.49747785035052,
                            42.73802785571896
                        ],
                        [
                            18.5124591456387,
                            42.7349091465156
                        ],
                        [
                            18.525258967040926,
                            42.727067466001756
                        ],
                        [
                            18.54592785910998,
                            42.728217451741315
                        ],
                        [
                            18.552783534922554,
                            42.72454768176833
                        ],
                        [
                            18.55577790760975,
                            42.71840103094677
                        ],
                        [
                            18.554908282352102,
                            42.7118048425202
                        ],
                        [
                            18.5486656829884,
                            42.697946801122825
                        ],
                        [
                            18.54154604762155,
                            42.68951129880292
                        ],
                        [
                            18.559647295184845,
                            42.66702196650473
                        ],
                        [
                            18.562393203511846,
                            42.65866902527682
                        ],
                        [
                            18.55703033496465,
                            42.6498496875717
                        ],
                        [
                            18.525065881729798,
                            42.63561374972191
                        ],
                        [
                            18.5139533003138,
                            42.62312189060694
                        ],
                        [
                            18.517071231476223,
                            42.61265279725676
                        ],
                        [
                            18.532928215357796,
                            42.60116666364957
                        ],
                        [
                            18.540047177019204,
                            42.58976940406375
                        ],
                        [
                            18.538929761108022,
                            42.58756493202552
                        ],
                        [
                            18.531191659659527,
                            42.58866194055259
                        ],
                        [
                            18.516458491877614,
                            42.593903551451845
                        ],
                        [
                            18.497228712287324,
                            42.596110793340046
                        ],
                        [
                            18.48512227343423,
                            42.59161395548606
                        ],
                        [
                            18.477883795521876,
                            42.578005137161696
                        ],
                        [
                            18.46615544283995,
                            42.5655892086694
                        ],
                        [
                            18.44834267809,
                            42.56178539810114
                        ],
                        [
                            18.43516746533234,
                            42.560692687798145
                        ],
                        [
                            18.442128595737458,
                            42.539180348434634
                        ],
                        [
                            18.438664516971926,
                            42.51850544697201
                        ],
                        [
                            18.44720544620492,
                            42.50849327067897
                        ],
                        [
                            18.437264984617343,
                            42.482938828437725
                        ],
                        [
                            18.47718664231374,
                            42.45916296651091
                        ],
                        [
                            18.49820740369377,
                            42.43442366042544
                        ],
                        [
                            18.527414483163398,
                            42.41696175590755
                        ],
                        [
                            18.530838490927405,
                            42.40478158121286
                        ],
                        [
                            18.540115356445312,
                            42.39455841668649
                        ],
                        [
                            18.536682128906246,
                            42.385937107381125
                        ],
                        [
                            18.5833740234375,
                            42.363617631805496
                        ],
                        [
                            18.63006591796875,
                            42.355499492256534
                        ],
                        [
                            18.667144775390625,
                            42.357529125471395
                        ],
                        [
                            18.70147705078125,
                            42.31286205312122
                        ],
                        [
                            18.7646484375,
                            42.26003279710112
                        ],
                        [
                            18.809967041015625,
                            42.26613074143641
                        ],
                        [
                            18.864898681640625,
                            42.261049162113856
                        ],
                        [
                            18.87725830078125,
                            42.22343274625828
                        ],
                        [
                            18.928070068359375,
                            42.199020918176785
                        ],
                        [
                            18.96240234375,
                            42.17256412461651
                        ],
                        [
                            18.988494873046875,
                            42.132858175814626
                        ],
                        [
                            19.026947021484375,
                            42.132858175814626
                        ],
                        [
                            19.068145751953125,
                            42.10739254393655
                        ],
                        [
                            19.05853271484375,
                            42.08599350447723
                        ],
                        [
                            19.125823974609375,
                            42.042153895364
                        ],
                        [
                            19.12994384765625,
                            41.97889001249024
                        ],
                        [
                            19.139556884765625,
                            41.95131994679697
                        ],
                        [
                            19.16839599609375,
                            41.923737951221014
                        ],
                        [
                            19.26727294921875,
                            41.89001042401827
                        ],
                        [
                            19.33319091796875,
                            41.850127648557326
                        ],
                        [
                            19.37713623046875,
                            41.85115059465234
                        ],
                        [
                            19.382629394531246,
                            41.887965758804484
                        ],
                        [
                            19.346923828125,
                            41.918628865183045
                        ],
                        [
                            19.37713623046875,
                            41.920672548686824
                        ],
                        [
                            19.35516357421875,
                            41.94927724511655
                        ],
                        [
                            19.346923828125,
                            41.96153247330561
                        ],
                        [
                            19.390869140625,
                            41.96153247330561
                        ],
                        [
                            19.37713623046875,
                            41.97991089691236
                        ],
                        [
                            19.36614990234375,
                            42.039094188385945
                        ],
                        [
                            19.3853759765625,
                            42.08191667830631
                        ],
                        [
                            19.40185546875,
                            42.10229818948117
                        ],
                        [
                            19.281005859375,
                            42.18375873465217
                        ],
                        [
                            19.42108154296875,
                            42.33621470741859
                        ],
                        [
                            19.412841796875,
                            42.35245491952622
                        ],
                        [
                            19.43206787109375,
                            42.38086519582321
                        ],
                        [
                            19.4732666015625,
                            42.40317854182803
                        ],
                        [
                            19.566650390625,
                            42.52069952914966
                        ],
                        [
                            19.61883544921875,
                            42.53891577257117
                        ],
                        [
                            19.610595703124996,
                            42.581399679665054
                        ],
                        [
                            19.6600341796875,
                            42.63193804106213
                        ],
                        [
                            19.6820068359375,
                            42.63597933867727
                        ],
                        [
                            19.720458984375,
                            42.66022161324799
                        ],
                        [
                            19.764404296875,
                            42.63799988907408
                        ],
                        [
                            19.7698974609375,
                            42.58544425738491
                        ],
                        [
                            19.7479248046875,
                            42.54093947168063
                        ],
                        [
                            19.77264404296875,
                            42.494377798972465
                        ],
                        [
                            19.8138427734375,
                            42.46399280017058
                        ],
                        [
                            19.866027832031246,
                            42.48222557002593
                        ],
                        [
                            19.88525390625,
                            42.494377798972465
                        ],
                        [
                            19.89898681640625,
                            42.49032731830467
                        ],
                        [
                            19.91546630859375,
                            42.512601715736665
                        ],
                        [
                            19.93743896484375,
                            42.52069952914966
                        ],
                        [
                            20.00885009765625,
                            42.50450285299051
                        ],
                        [
                            20.01434326171875,
                            42.54093947168063
                        ],
                        [
                            20.06103515625,
                            42.559149812115876
                        ],
                        [
                            20.077377428015296,
                            42.55611333033347
                        ],
                        [
                            20.078887939453125,
                            42.593532625649935
                        ],
                        [
                            20.08438110351562,
                            42.62082311949496
                        ],
                        [
                            20.113528977811512,
                            42.65629542023617
                        ],
                        [
                            20.08416128126681,
                            42.679036015633685
                        ],
                        [
                            20.03506625611935,
                            42.700326329739696
                        ],
                        [
                            20.034197693593228,
                            42.71294107879626
                        ],
                        [
                            20.017993860901043,
                            42.71256020381048
                        ],
                        [
                            20.03227420654028,
                            42.72194952398337
                        ],
                        [
                            20.01660667345655,
                            42.73066071347183
                        ],
                        [
                            20.026432227824756,
                            42.76577152963607
                        ],
                        [
                            20.061672708028112,
                            42.78026859138931
                        ],
                        [
                            20.10208144698774,
                            42.77733001208761
                        ],
                        [
                            20.110719101466614,
                            42.76780289548846
                        ],
                        [
                            20.148574387328075,
                            42.75700411767862
                        ],
                        [
                            20.158153835528537,
                            42.768654755989026
                        ],
                        [
                            20.193289027977784,
                            42.7470913816655
                        ],
                        [
                            20.213815723492374,
                            42.74862127891836
                        ],
                        [
                            20.24979549307818,
                            42.76005050239385
                        ],
                        [
                            20.269775390625,
                            42.780283314106555
                        ],
                        [
                            20.264903636003822,
                            42.80385884381015
                        ],
                        [
                            20.255637471793733,
                            42.81116727803502
                        ],
                        [
                            20.284476583121855,
                            42.83029105215894
                        ],
                        [
                            20.29413968483932,
                            42.8251919591018
                        ],
                        [
                            20.30061517974679,
                            42.83590413375347
                        ],
                        [
                            20.31667569079349,
                            42.83595562347536
                        ],
                        [
                            20.32174684702676,
                            42.82657765022769
                        ],
                        [
                            20.338749132783477,
                            42.83611472281805
                        ],
                        [
                            20.35443626330024,
                            42.83263167422218
                        ],
                        [
                            20.34238540712738,
                            42.865856782731406
                        ],
                        [
                            20.349493447351477,
                            42.89733052756374
                        ],
                        [
                            20.344765090415137,
                            42.91194258224084
                        ],
                        [
                            20.309600830078125,
                            42.92224052343343
                        ],
                        [
                            20.23631660818294,
                            42.942867459473604
                        ],
                        [
                            20.213008285412073,
                            42.95819922571215
                        ],
                        [
                            20.193645428360774,
                            42.960056684657246
                        ],
                        [
                            20.175415490773613,
                            42.97229344216353
                        ],
                        [
                            20.15455524270672,
                            42.976831702651424
                        ],
                        [
                            20.14844261095658,
                            42.988378501014346
                        ],
                        [
                            20.12091865486832,
                            42.96483082727833
                        ],
                        [
                            20.10534736749355,
                            42.97519032037539
                        ],
                        [
                            20.08882976537288,
                            42.99498474799322
                        ],
                        [
                            20.06793972126121,
                            43.00017683080608
                        ],
                        [
                            20.045928955078125,
                            43.02673743559375
                        ],
                        [
                            19.99302818308945,
                            43.05296137174276
                        ],
                        [
                            19.969789465330905,
                            43.08634256395972
                        ],
                        [
                            19.970223541893063,
                            43.11203952625052
                        ],
                        [
                            19.914287450748045,
                            43.08774863262503
                        ],
                        [
                            19.8706308753716,
                            43.11387469351113
                        ],
                        [
                            19.83676368618546,
                            43.095431920347615
                        ],
                        [
                            19.837846298322233,
                            43.11514654618021
                        ],
                        [
                            19.810979919854702,
                            43.11689678929337
                        ],
                        [
                            19.7808837890625,
                            43.14007604583417
                        ],
                        [
                            19.770845717435492,
                            43.165912251436616
                        ],
                        [
                            19.745893936051118,
                            43.15954965244905
                        ],
                        [
                            19.73310928239445,
                            43.17080767506186
                        ],
                        [
                            19.683051338142718,
                            43.16849455464037
                        ],
                        [
                            19.678177641767885,
                            43.181626561019414
                        ],
                        [
                            19.64349655172424,
                            43.188086261038016
                        ],
                        [
                            19.630691872223338,
                            43.220091153152794
                        ],
                        [
                            19.6177489535745,
                            43.230676305907174
                        ],
                        [
                            19.5476368336667,
                            43.2468791771309
                        ],
                        [
                            19.528468895222087,
                            43.28211956357254
                        ],
                        [
                            19.5391845703125,
                            43.30219564849081
                        ],
                        [
                            19.528236352119023,
                            43.318859416583656
                        ],
                        [
                            19.488953189611962,
                            43.32642930111768
                        ],
                        [
                            19.46545188998641,
                            43.34308759665908
                        ],
                        [
                            19.44854736328125,
                            43.389081939117496
                        ],
                        [
                            19.4073486328125,
                            43.394071624983866
                        ],
                        [
                            19.378509521484375,
                            43.415023819646535
                        ],
                        [
                            19.362030029296875,
                            43.41103348412606
                        ],
                        [
                            19.33319091796875,
                            43.440954591707445
                        ],
                        [
                            19.29473876953125,
                            43.441951707246176
                        ],
                        [
                            19.22470092773437,
                            43.479829920215465
                        ],
                        [
                            19.226184691174605,
                            43.513934187546525
                        ],
                        [
                            19.19421862305765,
                            43.52308425699947
                        ],
                        [
                            19.183762308102615,
                            43.52894910761942
                        ],
                        [
                            19.170695061675076,
                            43.527461671208485
                        ],
                        [
                            19.151064833349153,
                            43.52655216859976
                        ],
                        [
                            19.13679351731031,
                            43.523065043231014
                        ],
                        [
                            19.114682412932293,
                            43.52027843206021
                        ],
                        [
                            19.09985870316123,
                            43.518890174751014
                        ],
                        [
                            19.090118408203125,
                            43.51768440153494
                        ],
                        [
                            19.072265625,
                            43.51469675271006
                        ],
                        [
                            19.062385483128082,
                            43.51439045101702
                        ],
                        [
                            19.05401148526022,
                            43.510200813533146
                        ],
                        [
                            19.035484645617004,
                            43.50583029443732
                        ],
                        [
                            19.036438395887274,
                            43.51361669391953
                        ],
                        [
                            19.034107158244975,
                            43.52754481766276
                        ],
                        [
                            19.02241600040486,
                            43.54049861928771
                        ],
                        [
                            19.006088944198893,
                            43.541089618908195
                        ],
                        [
                            18.996896846619393,
                            43.55065330742386
                        ],
                        [
                            18.986862869980083,
                            43.5521442432776
                        ]
                    ]
                ],
                "type": "Polygon"
            }
        }
    ]
}