{
    "type": "FeatureCollection",
    "features": [
        {
            "type": "Feature",
            "geometry": {
                "coordinates": [
                    [
                        [
                            -5.4052734375,
                            35.94688293218141
                        ],
                        [
                            -5.712890625,
                            35.84898718690659
                        ],
                        [
                            -5.9710693359375,
                            35.8356283888737
                        ],
                        [
                            -6.064453125,
                            35.639441068973944
                        ],
                        [
                            -6.30615234375,
                            35.003003395276714
                        ],
                        [
                            -6.8994140625,
                            34.03445260967645
                        ],
                        [
                            -7.399291992187501,
                            33.815666308702774
                        ],
                        [
                            -8.19580078125,
                            33.4955977448657
                        ],
                        [
                            -8.668212890625,
                            33.211116472416855
                        ],
                        [
                            -9.3768310546875,
                            32.56996256044998
                        ],
                        [
                            -9.3109130859375,
                            32.22674287041067
                        ],
                        [
                            -9.613037109375,
                            31.99875937194732
                        ],
                        [
                            -9.9041748046875,
                            31.405223877581317
                        ],
                        [
                            -9.920654296875,
                            30.63318556699761
                        ],
                        [
                            -9.832763671875,
                            30.5717205651999
                        ],
                        [
                            -9.6734619140625,
                            30.315987718557867
                        ],
                        [
                            -9.9920654296875,
                            29.7453016622136
                        ],
                        [
                            -10.546875,
                            29.075375179558346
                        ],
                        [
                            -11.1236572265625,
                            28.810986808864513
                        ],
                        [
                            -11.524658203125,
                            28.34306490482549
                        ],
                        [
                            -12.2222900390625,
                            28.101057958669447
                        ],
                        [
                            -12.98583984375,
                            27.965294915211132
                        ],
                        [
                            -13.095703125,
                            27.817215593059487
                        ],
                        [
                            -13.194383335185334,
                            27.683146876795224
                        ],
                        [
                            -8.66622274925399,
                            27.670523634092575
                        ],
                        [
                            -8.667402385295702,
                            28.71616600963747
                        ],
                        [
                            -8.448486328125,
                            28.80858018665655
                        ],
                        [
                            -8.3221435546875,
                            28.926439238621036
                        ],
                        [
                            -8.25897216796875,
                            28.95528229297461
                        ],
                        [
                            -8.184814453125,
                            29.017748018496047
                        ],
                        [
                            -8.080444335937498,
                            29.068173545070536
                        ],
                        [
                            -7.932128906249999,
                            29.142566155107065
                        ],
                        [
                            -7.89093017578125,
                            29.20252099881366
                        ],
                        [
                            -7.81951904296875,
                            29.216904948184734
                        ],
                        [
                            -7.77008056640625,
                            29.26962881522664
                        ],
                        [
                            -7.63824462890625,
                            29.305561325527698
                        ],
                        [
                            -7.62451171875,
                            29.372601506681402
                        ],
                        [
                            -7.55859375,
                            29.377388403478992
                        ],
                        [
                            -7.45697021484375,
                            29.36542073941384
                        ],
                        [
                            -7.355346679687499,
                            29.38456832654707
                        ],
                        [
                            -7.2894287109375,
                            29.45155650109173
                        ],
                        [
                            -7.18231201171875,
                            29.506549442788593
                        ],
                        [
                            -7.119140625,
                            29.530450107491063
                        ],
                        [
                            -7.0257568359375,
                            29.499378142743375
                        ],
                        [
                            -6.90216064453125,
                            29.49698759653577
                        ],
                        [
                            -6.80328369140625,
                            29.465905362203006
                        ],
                        [
                            -6.723632812499999,
                            29.499378142743375
                        ],
                        [
                            -6.61376953125,
                            29.520890519025357
                        ],
                        [
                            -6.53961181640625,
                            29.53522956294847
                        ],
                        [
                            -6.4654541015625,
                            29.561512529746743
                        ],
                        [
                            -6.4105224609375,
                            29.556734316910855
                        ],
                        [
                            -6.20452880859375,
                            29.578234494739206
                        ],
                        [
                            -6.1468505859375,
                            29.580623120820174
                        ],
                        [
                            -6.05072021484375,
                            29.559123451577964
                        ],
                        [
                            -5.85296630859375,
                            29.60928222414313
                        ],
                        [
                            -5.73211669921875,
                            29.592565403314087
                        ],
                        [
                            -5.748596191406249,
                            29.520890519025357
                        ],
                        [
                            -5.68267822265625,
                            29.54000879252545
                        ],
                        [
                            -5.63323974609375,
                            29.489815619374962
                        ],
                        [
                            -5.567321777343749,
                            29.48742484748479
                        ],
                        [
                            -5.548095703125,
                            29.501768632523262
                        ],
                        [
                            -5.32012939453125,
                            29.797751134173065
                        ],
                        [
                            -5.33660888671875,
                            29.845408626428448
                        ],
                        [
                            -5.265197753906249,
                            29.912090918781505
                        ],
                        [
                            -5.1251220703125,
                            30.00965233044293
                        ],
                        [
                            -4.924621582031249,
                            30.14512718337613
                        ],
                        [
                            -4.60052490234375,
                            30.287531589298727
                        ],
                        [
                            -4.32861328125,
                            30.53151083364524
                        ],
                        [
                            -4.15283203125,
                            30.58354378627138
                        ],
                        [
                            -3.8809204101562504,
                            30.6071859028226
                        ],
                        [
                            -3.8232421874999996,
                            30.58827267102698
                        ],
                        [
                            -3.69140625,
                            30.6662659463233
                        ],
                        [
                            -3.64471435546875,
                            30.68988785772121
                        ],
                        [
                            -3.6337280273437496,
                            30.755998458321667
                        ],
                        [
                            -3.658447265625,
                            30.85743710875022
                        ],
                        [
                            -3.5650634765625,
                            30.94463573937753
                        ],
                        [
                            -3.5430908203125,
                            31.024694128525137
                        ],
                        [
                            -3.5540771484375,
                            31.057639814130123
                        ],
                        [
                            -3.5870361328124996,
                            31.057639814130123
                        ],
                        [
                            -3.614501953125,
                            31.10233357287178
                        ],
                        [
                            -3.62823486328125,
                            31.11879439598953
                        ],
                        [
                            -3.6337280273437496,
                            31.17050982470345
                        ],
                        [
                            -3.64471435546875,
                            31.097629956393977
                        ],
                        [
                            -3.66668701171875,
                            31.1046852937585
                        ],
                        [
                            -3.64471435546875,
                            31.083517709507184
                        ],
                        [
                            -3.6776733398437496,
                            31.081165464590594
                        ],
                        [
                            -3.680419921875,
                            31.139954117071454
                        ],
                        [
                            -3.69140625,
                            31.17050982470345
                        ],
                        [
                            -3.72161865234375,
                            31.15170747813368
                        ],
                        [
                            -3.7408447265625,
                            31.09998179374943
                        ],
                        [
                            -3.7765502929687496,
                            31.1140915948987
                        ],
                        [
                            -3.7628173828124996,
                            31.182259396364206
                        ],
                        [
                            -3.7847900390624996,
                            31.252726196836825
                        ],
                        [
                            -3.7545776367187496,
                            31.276203454458123
                        ],
                        [
                            -3.7902832031250004,
                            31.297327991404266
                        ],
                        [
                            -3.7518310546875,
                            31.35598241670874
                        ],
                        [
                            -3.72161865234375,
                            31.353636941500987
                        ],
                        [
                            -3.66668701171875,
                            31.3864682695423
                        ],
                        [
                            -3.66668701171875,
                            31.63467554954133
                        ],
                        [
                            -3.01025390625,
                            31.763202209896075
                        ],
                        [
                            -2.8289794921874996,
                            31.80289258670676
                        ],
                        [
                            -2.82623291015625,
                            31.840232667909365
                        ],
                        [
                            -2.845458984375,
                            31.85889704445453
                        ],
                        [
                            -2.8619384765625,
                            31.903209796367197
                        ],
                        [
                            -2.8948974609375,
                            31.966143862120095
                        ],
                        [
                            -2.93060302734375,
                            32.05231681645636
                        ],
                        [
                            -2.88665771484375,
                            32.115148622612445
                        ],
                        [
                            -2.73284912109375,
                            32.11747489684617
                        ],
                        [
                            -2.62847900390625,
                            32.11282228909441
                        ],
                        [
                            -2.471923828125,
                            32.16166284018013
                        ],
                        [
                            -2.3895263671875,
                            32.15236189465577
                        ],
                        [
                            -2.274169921875,
                            32.16398792824025
                        ],
                        [
                            -2.20001220703125,
                            32.15236189465577
                        ],
                        [
                            -2.11212158203125,
                            32.15236189465577
                        ],
                        [
                            -2.010498046875,
                            32.18258649653828
                        ],
                        [
                            -1.9253540039062502,
                            32.16398792824025
                        ],
                        [
                            -1.8814086914062498,
                            32.15468722002481
                        ],
                        [
                            -1.71112060546875,
                            32.11980111179328
                        ],
                        [
                            -1.5545654296874998,
                            32.089555693788576
                        ],
                        [
                            -1.505126953125,
                            32.10351636222566
                        ],
                        [
                            -1.40350341796875,
                            32.08257455954592
                        ],
                        [
                            -1.29638671875,
                            32.08722870829662
                        ],
                        [
                            -1.2084960937499998,
                            32.08257455954592
                        ],
                        [
                            -1.1700439453125,
                            32.126779400891515
                        ],
                        [
                            -1.18927001953125,
                            32.15933769278929
                        ],
                        [
                            -1.2744140625,
                            32.1570124860701
                        ],
                        [
                            -1.29638671875,
                            32.17096283641326
                        ],
                        [
                            -1.26068115234375,
                            32.217448573031014
                        ],
                        [
                            -1.241455078125,
                            32.30106302536928
                        ],
                        [
                            -1.24969482421875,
                            32.33123819794542
                        ],
                        [
                            -1.2084960937499998,
                            32.40779154205701
                        ],
                        [
                            -1.131591796875,
                            32.42170336417894
                        ],
                        [
                            -1.0601806640625,
                            32.46342595776104
                        ],
                        [
                            -1.0025024414062498,
                            32.51439400122826
                        ],
                        [
                            -1.2744140625,
                            32.701799942559
                        ],
                        [
                            -1.3897705078125,
                            32.73646168396554
                        ],
                        [
                            -1.55181884765625,
                            32.95336814579932
                        ],
                        [
                            -1.51611328125,
                            32.974107959689235
                        ],
                        [
                            -1.48040771484375,
                            33.0063602132054
                        ],
                        [
                            -1.47491455078125,
                            33.06852769197118
                        ],
                        [
                            -1.549072265625,
                            33.116849834921005
                        ],
                        [
                            -1.658935546875,
                            33.27543541298162
                        ],
                        [
                            -1.66168212890625,
                            33.35347332342168
                        ],
                        [
                            -1.6452026367187498,
                            33.43831750748322
                        ],
                        [
                            -1.61773681640625,
                            33.48414472606364
                        ],
                        [
                            -1.6094970703125,
                            33.5459730276919
                        ],
                        [
                            -1.60125732421875,
                            33.61690656060317
                        ],
                        [
                            -1.636962890625,
                            33.637489243170826
                        ],
                        [
                            -1.66168212890625,
                            33.67635422308637
                        ],
                        [
                            -1.7413330078125,
                            33.694637550483186
                        ],
                        [
                            -1.7358398437499998,
                            33.73347670599252
                        ],
                        [
                            -1.67816162109375,
                            33.78143022380356
                        ],
                        [
                            -1.70013427734375,
                            33.904616008362325
                        ],
                        [
                            -1.658935546875,
                            34.11407854333859
                        ],
                        [
                            -1.71661376953125,
                            34.268566186749894
                        ],
                        [
                            -1.7056274414062498,
                            34.31621838080741
                        ],
                        [
                            -1.77703857421875,
                            34.39104576945997
                        ],
                        [
                            -1.69464111328125,
                            34.49523909266902
                        ],
                        [
                            -1.77154541015625,
                            34.52013562807766
                        ],
                        [
                            -1.8017578124999998,
                            34.5902585629658
                        ],
                        [
                            -1.84844970703125,
                            34.610605760914666
                        ],
                        [
                            -1.79901123046875,
                            34.6987193245323
                        ],
                        [
                            -1.7633056640625,
                            34.74161249883172
                        ],
                        [
                            -1.8045043945312502,
                            34.773203753940734
                        ],
                        [
                            -1.900634765625,
                            34.80929324176267
                        ],
                        [
                            -1.8951416015625002,
                            34.831841149828655
                        ],
                        [
                            -1.9775390625,
                            34.87015842600913
                        ],
                        [
                            -1.9775390625,
                            34.93548199355901
                        ],
                        [
                            -2.04071044921875,
                            34.91971899362207
                        ],
                        [
                            -2.1258544921875,
                            34.9805024453652
                        ],
                        [
                            -2.186279296875,
                            35.0254981588326
                        ],
                        [
                            -2.21923828125,
                            35.05248370662468
                        ],
                        [
                            -2.207952598971815,
                            35.09645091286706
                        ],
                        [
                            -2.2796630859375,
                            35.15135442846945
                        ],
                        [
                            -2.449951171875,
                            35.15584570226544
                        ],
                        [
                            -2.603759765625,
                            35.1154153142536
                        ],
                        [
                            -2.801513671875,
                            35.200744801724014
                        ],
                        [
                            -2.9058837890625,
                            35.3308118573182
                        ],
                        [
                            -2.955322265625,
                            35.48751102385376
                        ],
                        [
                            -3.0816650390625,
                            35.348735749472546
                        ],
                        [
                            -3.1915283203125,
                            35.26804693351555
                        ],
                        [
                            -3.49365234375,
                            35.24113278166642
                        ],
                        [
                            -3.7078857421874996,
                            35.31736632923788
                        ],
                        [
                            -3.8177490234375,
                            35.263561862152095
                        ],
                        [
                            -4.0869140625,
                            35.25907654252574
                        ],
                        [
                            -4.361572265625,
                            35.21420969483077
                        ],
                        [
                            -4.735107421875,
                            35.28150065789119
                        ],
                        [
                            -5.1031494140625,
                            35.51881428123057
                        ],
                        [
                            -5.2789306640625,
                            35.78662688467009
                        ],
                        [
                            -5.262451171875,
                            35.9157474194997
                        ],
                        [
                            -5.4052734375,
                            35.94688293218141
                        ]
                    ]
                ],
                "type": "Polygon"
            },
            "properties": {}
        }
    ]
}