{
    "type": "FeatureCollection",
    "features": [
        {
            "type": "Feature",
            "geometry": {
                "type": "Polygon",
                "coordinates": [
                    [
                        [
                            13.171234130859405,
                            -16.960919367443207
                        ],
                        [
                            13.108062744140653,
                            -16.96354646565196
                        ],
                        [
                            13.047637939453153,
                            -16.97930828312753
                        ],
                        [
                            12.984466552734402,
                            -16.97930828312753
                        ],
                        [
                            12.948760986328153,
                            -17.000321980288295
                        ],
                        [
                            12.882843017578155,
                            -17.02921196640142
                        ],
                        [
                            12.836151123046903,
                            -17.05022006380227
                        ],
                        [
                            12.80044555664066,
                            -17.110605177218947
                        ],
                        [
                            12.707061767578153,
                            -17.16834652544668
                        ],
                        [
                            12.621917724609402,
                            -17.202457968797624
                        ],
                        [
                            12.514801025390652,
                            -17.241809514407368
                        ],
                        [
                            12.476348876953157,
                            -17.244432652792895
                        ],
                        [
                            12.437896728515657,
                            -17.260170700120863
                        ],
                        [
                            12.432403564453155,
                            -17.231316588197494
                        ],
                        [
                            12.424163818359402,
                            -17.21032894800587
                        ],
                        [
                            12.399444580078155,
                            -17.20508166573755
                        ],
                        [
                            12.358245849609407,
                            -17.223446502378025
                        ],
                        [
                            12.336273193359402,
                            -17.22082306595764
                        ],
                        [
                            12.303314208984402,
                            -17.233939875640164
                        ],
                        [
                            12.242889404296902,
                            -17.236563125826084
                        ],
                        [
                            12.209930419921905,
                            -17.215576081425876
                        ],
                        [
                            12.185211181640653,
                            -17.186715006191623
                        ],
                        [
                            12.111053466796903,
                            -17.147351748174778
                        ],
                        [
                            12.058868408203155,
                            -17.152600665148245
                        ],
                        [
                            12.006683349609405,
                            -17.16572230819906
                        ],
                        [
                            11.90780639648441,
                            -17.18933892623994
                        ],
                        [
                            11.883087158203153,
                            -17.223446502378025
                        ],
                        [
                            11.844635009765653,
                            -17.236563125826084
                        ],
                        [
                            11.808929443359405,
                            -17.252301844269166
                        ],
                        [
                            11.784210205078153,
                            -17.26279357746495
                        ],
                        [
                            11.751251220703157,
                            -17.247055753901638
                        ],
                        [
                            11.7333984375,
                            -17.244432652792835
                        ],
                        [
                            11.678466796875,
                            -17.596903076749182
                        ],
                        [
                            11.8157958984375,
                            -18.171949679910597
                        ],
                        [
                            11.9696044921875,
                            -18.516074596589366
                        ],
                        [
                            12.2882080078125,
                            -18.781516724349693
                        ],
                        [
                            12.7386474609375,
                            -19.564966221479985
                        ],
                        [
                            12.99407958984375,
                            -20.055931265194438
                        ],
                        [
                            13.13140869140625,
                            -20.202923627504823
                        ],
                        [
                            13.19183349609375,
                            -20.3961232724676
                        ],
                        [
                            13.26873779296875,
                            -20.607077970830282
                        ],
                        [
                            13.45550537109375,
                            -20.997342740711826
                        ],
                        [
                            13.57086181640625,
                            -21.186972714123762
                        ],
                        [
                            13.8427734375,
                            -21.60891888971132
                        ],
                        [
                            13.919677734375057,
                            -21.767152175248746
                        ],
                        [
                            14.21356201171875,
                            -22.108543455483815
                        ],
                        [
                            14.3701171875,
                            -22.31704861179864
                        ],
                        [
                            14.5184326171875,
                            -22.758453448852343
                        ],
                        [
                            14.49371337890625,
                            -22.88503184835786
                        ],
                        [
                            14.482727050781307,
                            -22.84200839859578
                        ],
                        [
                            14.41680908203125,
                            -22.824288902739497
                        ],
                        [
                            14.37835693359375,
                            -22.983681160330867
                        ],
                        [
                            14.449768066406307,
                            -23.29181053244191
                        ],
                        [
                            14.4140625,
                            -23.42544868270144
                        ],
                        [
                            14.4744873046875,
                            -23.692319656040915
                        ],
                        [
                            14.46075439453125,
                            -23.888349023946258
                        ],
                        [
                            14.419555664062557,
                            -24.048972195942053
                        ],
                        [
                            14.56512451171875,
                            -24.434647305605743
                        ],
                        [
                            14.55963134765625,
                            -24.557116164309612
                        ],
                        [
                            14.74639892578125,
                            -24.79920167537382
                        ],
                        [
                            14.81781005859375,
                            -25.08311136003093
                        ],
                        [
                            14.754638671875,
                            -25.324166525738384
                        ],
                        [
                            14.8480224609375,
                            -25.490389073998024
                        ],
                        [
                            14.83428955078125,
                            -25.59447127741885
                        ],
                        [
                            14.798583984375,
                            -25.70836223727872
                        ],
                        [
                            14.83428955078125,
                            -25.841921351954834
                        ],
                        [
                            14.9249267578125,
                            -26.009892586402724
                        ],
                        [
                            14.9029541015625,
                            -26.093788295583906
                        ],
                        [
                            14.91668701171875,
                            -26.209662749792965
                        ],
                        [
                            14.94415283203125,
                            -26.345114150117762
                        ],
                        [
                            15.08148193359375,
                            -26.42630899984701
                        ],
                        [
                            15.14190673828125,
                            -26.588527147308614
                        ],
                        [
                            15.0347900390625,
                            -26.64745870265937
                        ],
                        [
                            15.13092041015625,
                            -26.941659545381505
                        ],
                        [
                            15.238037109375,
                            -27.17891247557852
                        ],
                        [
                            15.3204345703125,
                            -27.403470801049103
                        ],
                        [
                            15.65277099609375,
                            -27.953164890693827
                        ],
                        [
                            16.289978027343807,
                            -28.55557604918596
                        ],
                        [
                            16.450653076171875,
                            -28.638773377240305
                        ],
                        [
                            16.458892822265625,
                            -28.577286048391795
                        ],
                        [
                            16.512451171875,
                            -28.554369806808168
                        ],
                        [
                            16.601715087890682,
                            -28.526622418648113
                        ],
                        [
                            16.615447998046875,
                            -28.500074602152377
                        ],
                        [
                            16.686859130859375,
                            -28.47231292388337
                        ],
                        [
                            16.719818115234375,
                            -28.501281466042947
                        ],
                        [
                            16.774749755859375,
                            -28.443336436365115
                        ],
                        [
                            16.76788330078125,
                            -28.3974407612217
                        ],
                        [
                            16.81182861328125,
                            -28.366026998842347
                        ],
                        [
                            16.752777099609375,
                            -28.30558977794922
                        ],
                        [
                            16.759643554687557,
                            -28.264472841903483
                        ],
                        [
                            16.818695068359375,
                            -28.271729925419955
                        ],
                        [
                            16.804962158203125,
                            -28.218499839328743
                        ],
                        [
                            16.854400634765682,
                            -28.214869548073366
                        ],
                        [
                            16.83380126953125,
                            -28.164032516628062
                        ],
                        [
                            16.884613037109432,
                            -28.177349313680605
                        ],
                        [
                            16.88873291015625,
                            -28.093789282770945
                        ],
                        [
                            16.91070556640625,
                            -28.069556808283593
                        ],
                        [
                            16.953277587890625,
                            -28.071980301779845
                        ],
                        [
                            16.98486328125,
                            -28.063497835386677
                        ],
                        [
                            17.009582519531307,
                            -28.071980301779845
                        ],
                        [
                            17.02056884765625,
                            -28.05622661698537
                        ],
                        [
                            17.0782470703125,
                            -28.031985670614954
                        ],
                        [
                            17.134552001953182,
                            -28.09015476021456
                        ],
                        [
                            17.183990478515625,
                            -28.104692111990648
                        ],
                        [
                            17.186737060546875,
                            -28.191874837909353
                        ],
                        [
                            17.2100830078125,
                            -28.23180985121184
                        ],
                        [
                            17.249908447265625,
                            -28.241488817301658
                        ],
                        [
                            17.3419189453125,
                            -28.23180985121184
                        ],
                        [
                            17.40509033203125,
                            -28.404688769275165
                        ],
                        [
                            17.365264892578125,
                            -28.434883464940082
                        ],
                        [
                            17.347412109375,
                            -28.468691297348148
                        ],
                        [
                            17.38037109375,
                            -28.541100228636036
                        ],
                        [
                            17.435302734375,
                            -28.57487404744697
                        ],
                        [
                            17.4188232421875,
                            -28.700224692776974
                        ],
                        [
                            17.589111328125,
                            -28.676130433078256
                        ],
                        [
                            17.6275634765625,
                            -28.76765910569124
                        ],
                        [
                            17.7099609375,
                            -28.73876397137028
                        ],
                        [
                            17.913208007812557,
                            -28.76765910569124
                        ],
                        [
                            18.138427734375,
                            -28.9120147012556
                        ],
                        [
                            18.2318115234375,
                            -28.883159609323485
                        ],
                        [
                            18.489990234375,
                            -28.88796934830343
                        ],
                        [
                            18.720703125,
                            -28.835049972635165
                        ],
                        [
                            18.929443359375,
                            -28.863918426224537
                        ],
                        [
                            19.017333984375,
                            -28.936054482136647
                        ],
                        [
                            19.1546630859375,
                            -28.940861769405554
                        ],
                        [
                            19.281005859375,
                            -28.89758815794449
                        ],
                        [
                            19.259033203125,
                            -28.849485201022986
                        ],
                        [
                            19.27001953125,
                            -28.74358038230612
                        ],
                        [
                            19.4183349609375,
                            -28.714678586705976
                        ],
                        [
                            19.478759765625,
                            -28.656851034203406
                        ],
                        [
                            19.566650390625057,
                            -28.526622418648113
                        ],
                        [
                            19.6435546875,
                            -28.526622418648113
                        ],
                        [
                            19.742431640625,
                            -28.483177058570757
                        ],
                        [
                            19.830322265625,
                            -28.512142619873355
                        ],
                        [
                            19.8577880859375,
                            -28.459033019728043
                        ],
                        [
                            19.9896240234375,
                            -28.420391085674304
                        ],
                        [
                            19.999752044677727,
                            -24.76522579261561
                        ],
                        [
                            19.993915557861527,
                            -22.002583394259435
                        ],
                        [
                            20.988178253174024,
                            -21.992396867944866
                        ],
                        [
                            20.99916458129903,
                            -18.321610874687458
                        ],
                        [
                            21.453723907470902,
                            -18.319003505554797
                        ],
                        [
                            23.090686798095906,
                            -18.004529347256174
                        ],
                        [
                            23.297882080078224,
                            -18.00534562275233
                        ],
                        [
                            23.297882080078224,
                            -18.00959019440014
                        ],
                        [
                            23.304147720337006,
                            -18.006080267467304
                        ],
                        [
                            23.3071517944337,
                            -18.006978162405517
                        ],
                        [
                            23.310413360595792,
                            -18.006814909120585
                        ],
                        [
                            23.306980133056744,
                            -18.015793615226006
                        ],
                        [
                            23.318309783935657,
                            -18.027383631922138
                        ],
                        [
                            23.308525085449308,
                            -18.041421221892
                        ],
                        [
                            23.310413360595913,
                            -18.042400546842252
                        ],
                        [
                            23.322086334228604,
                            -18.043379866339787
                        ],
                        [
                            23.32019805908212,
                            -18.050398163154522
                        ],
                        [
                            23.32414627075216,
                            -18.054152020874223
                        ],
                        [
                            23.334617614746197,
                            -18.054968066292552
                        ],
                        [
                            23.321914672851655,
                            -18.061822698212957
                        ],
                        [
                            23.32311630249037,
                            -18.074715209803905
                        ],
                        [
                            23.333415985107575,
                            -18.091686186520416
                        ],
                        [
                            23.343372344970824,
                            -18.092991578271064
                        ],
                        [
                            23.348178863525487,
                            -18.10049739225193
                        ],
                        [
                            23.348693847656346,
                            -18.107513406005253
                        ],
                        [
                            23.352298736572358,
                            -18.108329203328104
                        ],
                        [
                            23.351097106933686,
                            -18.11452913883859
                        ],
                        [
                            23.357791900634872,
                            -18.117792174646294
                        ],
                        [
                            23.361740112304794,
                            -18.122849759984632
                        ],
                        [
                            23.36688995361337,
                            -18.12105514965191
                        ],
                        [
                            23.364658355712983,
                            -18.125623212494272
                        ],
                        [
                            23.36646080017099,
                            -18.130028017329494
                        ],
                        [
                            23.364830017089936,
                            -18.13165939839152
                        ],
                        [
                            23.372383117675874,
                            -18.138511032739288
                        ],
                        [
                            23.380451202392692,
                            -18.1398160755201
                        ],
                        [
                            23.380107879638764,
                            -18.149277344399806
                        ],
                        [
                            23.383197784423935,
                            -18.15229505520879
                        ],
                        [
                            23.382081985473725,
                            -18.15686230217782
                        ],
                        [
                            23.38560104370127,
                            -18.16803524227217
                        ],
                        [
                            23.390407562255948,
                            -18.16738282746596
                        ],
                        [
                            23.394012451171967,
                            -18.17333602219195
                        ],
                        [
                            23.40242385864268,
                            -18.178636641131774
                        ],
                        [
                            23.405170440673924,
                            -18.194129834636723
                        ],
                        [
                            23.39899063110362,
                            -18.1965760025141
                        ],
                        [
                            23.40225219726571,
                            -18.200000579868195
                        ],
                        [
                            23.39967727661142,
                            -18.202772807484724
                        ],
                        [
                            23.397102355957134,
                            -18.212230663840145
                        ],
                        [
                            23.401222229004006,
                            -18.213535155446756
                        ],
                        [
                            23.40345382690439,
                            -18.209458586730655
                        ],
                        [
                            23.409461975097752,
                            -18.20864326153672
                        ],
                        [
                            23.414268493652447,
                            -18.21043697192528
                        ],
                        [
                            23.415813446045007,
                            -18.213209033461283
                        ],
                        [
                            23.42113494873056,
                            -18.21777468567286
                        ],
                        [
                            23.420963287353608,
                            -18.21060003559002
                        ],
                        [
                            23.42405319213878,
                            -18.209458586730655
                        ],
                        [
                            23.42817306518565,
                            -18.214024337279778
                        ],
                        [
                            23.43452453613291,
                            -18.21418739758542
                        ],
                        [
                            23.434696197509858,
                            -18.217448571628328
                        ],
                        [
                            23.438816070556733,
                            -18.21858996811127
                        ],
                        [
                            23.44242095947275,
                            -18.216633283844434
                        ],
                        [
                            23.44860076904306,
                            -18.220220521532983
                        ],
                        [
                            23.45117568969737,
                            -18.226090387369062
                        ],
                        [
                            23.448257446289155,
                            -18.229351338386746
                        ],
                        [
                            23.450832366943448,
                            -18.233753525299868
                        ],
                        [
                            23.453578948974712,
                            -18.24027507887243
                        ],
                        [
                            23.45993041992197,
                            -18.238318638482866
                        ],
                        [
                            23.468685150146587,
                            -18.25054602966634
                        ],
                        [
                            23.498210906982496,
                            -18.24761153423444
                        ],
                        [
                            23.497180938720888,
                            -18.258371108503177
                        ],
                        [
                            23.508167266845895,
                            -18.270760095573795
                        ],
                        [
                            23.517436981201243,
                            -18.27565024178977
                        ],
                        [
                            23.51915359497088,
                            -18.283148198277853
                        ],
                        [
                            23.524646759033384,
                            -18.29097180725337
                        ],
                        [
                            23.53048324584967,
                            -18.3023806040252
                        ],
                        [
                            23.53048324584967,
                            -18.31737387989698
                        ],
                        [
                            23.543872833252138,
                            -18.333995341429326
                        ],
                        [
                            23.555202484130927,
                            -18.343446048264475
                        ],
                        [
                            23.553657531738434,
                            -18.352733308343375
                        ],
                        [
                            23.563442230224673,
                            -18.371469242560394
                        ],
                        [
                            23.55176925659186,
                            -18.3858049312974
                        ],
                        [
                            23.560695648193434,
                            -18.39883634115476
                        ],
                        [
                            23.556575775146563,
                            -18.432061972870514
                        ],
                        [
                            23.56584548950213,
                            -18.4564884890798
                        ],
                        [
                            23.570308685302805,
                            -18.470491457966926
                        ],
                        [
                            23.608417510986534,
                            -18.503377655545794
                        ],
                        [
                            23.630046844482504,
                            -18.495889274478866
                        ],
                        [
                            23.66094589233405,
                            -18.48026029427121
                        ],
                        [
                            23.68291854858406,
                            -18.437273254393514
                        ],
                        [
                            23.722743988037177,
                            -18.435319042337394
                        ],
                        [
                            23.76188278198249,
                            -18.403397101738054
                        ],
                        [
                            23.792095184326246,
                            -18.37668235816192
                        ],
                        [
                            23.805141448974673,
                            -18.34735653441254
                        ],
                        [
                            23.835353851318427,
                            -18.331714058925055
                        ],
                        [
                            23.858013153076232,
                            -18.307595803753877
                        ],
                        [
                            23.880672454834052,
                            -18.27565024178977
                        ],
                        [
                            23.928050994873107,
                            -18.25413256788894
                        ],
                        [
                            23.923931121826232,
                            -18.225438189831344
                        ],
                        [
                            23.9493370056153,
                            -18.198043686762706
                        ],
                        [
                            23.9695930480959,
                            -18.187932722397864
                        ],
                        [
                            24.00701522827156,
                            -18.158901213171177
                        ],
                        [
                            24.05782699584968,
                            -18.14324176648388
                        ],
                        [
                            24.04855728149433,
                            -18.110287101405074
                        ],
                        [
                            24.09215927124029,
                            -18.124970639386554
                        ],
                        [
                            24.13473129272467,
                            -18.093644270502654
                        ],
                        [
                            24.19240951538105,
                            -18.022813012201425
                        ],
                        [
                            24.23772811889667,
                            -18.029342432622883
                        ],
                        [
                            24.27000045776386,
                            -18.01628334967346
                        ],
                        [
                            24.29128646850606,
                            -18.041094779030406
                        ],
                        [
                            24.302272796631065,
                            -18.007141415539294
                        ],
                        [
                            24.324932098388864,
                            -18.00322329860052
                        ],
                        [
                            24.33111190795917,
                            -17.983631408087145
                        ],
                        [
                            24.378490447998246,
                            -17.950320204000953
                        ],
                        [
                            24.43616867065448,
                            -17.960771453846448
                        ],
                        [
                            24.468441009521687,
                            -18.000611172264502
                        ],
                        [
                            24.50071334838886,
                            -18.063291513121158
                        ],
                        [
                            24.523372650146673,
                            -18.06068027812825
                        ],
                        [
                            24.54397201538107,
                            -18.06916664994059
                        ],
                        [
                            24.569377899170103,
                            -18.0750415902178
                        ],
                        [
                            24.592037200927916,
                            -18.05349918181169
                        ],
                        [
                            24.613323211670114,
                            -17.997999007232735
                        ],
                        [
                            24.661388397217,
                            -17.95227986040287
                        ],
                        [
                            24.69572067260761,
                            -17.939215074301273
                        ],
                        [
                            24.736232757568544,
                            -17.890213540956573
                        ],
                        [
                            24.749279022216992,
                            -17.897401280068127
                        ],
                        [
                            24.8213768005373,
                            -17.846427393228236
                        ],
                        [
                            24.855022430420114,
                            -17.84773459856317
                        ],
                        [
                            24.907894134521673,
                            -17.811129221571278
                        ],
                        [
                            24.932956695556634,
                            -17.818483583996027
                        ],
                        [
                            24.961109161376946,
                            -17.787920134296662
                        ],
                        [
                            24.981536865234368,
                            -17.7924968129213
                        ],
                        [
                            24.966087341308587,
                            -17.80769708197124
                        ],
                        [
                            24.978790283203118,
                            -17.813580709417717
                        ],
                        [
                            24.97501373291015,
                            -17.824857119346884
                        ],
                        [
                            24.994583129882805,
                            -17.828615764106754
                        ],
                        [
                            24.99698638916015,
                            -17.817339591987874
                        ],
                        [
                            25.008144378662102,
                            -17.817666447596476
                        ],
                        [
                            25.008144378662102,
                            -17.825837643015475
                        ],
                        [
                            25.00110626220703,
                            -17.828779181645388
                        ],
                        [
                            25.006599426269524,
                            -17.837766915384165
                        ],
                        [
                            25.019989013671868,
                            -17.835479171647968
                        ],
                        [
                            25.018787384033203,
                            -17.830413348786866
                        ],
                        [
                            25.050888061523438,
                            -17.808187391671893
                        ],
                        [
                            25.05826950073242,
                            -17.810802353978577
                        ],
                        [
                            25.059127807617188,
                            -17.830413348786866
                        ],
                        [
                            25.04934310913086,
                            -17.82959626709002
                        ],
                        [
                            25.061359405517578,
                            -17.84038144366098
                        ],
                        [
                            25.078182220459183,
                            -17.836623047190326
                        ],
                        [
                            25.115432739257812,
                            -17.82469369821088
                        ],
                        [
                            25.1286506652832,
                            -17.802140144511366
                        ],
                        [
                            25.14272689819336,
                            -17.808187391671893
                        ],
                        [
                            25.15982571834958,
                            -17.77709257016386
                        ],
                        [
                            25.22512961190849,
                            -17.793813724298317
                        ],
                        [
                            25.256143992242606,
                            -17.78770617961341
                        ],
                        [
                            25.224609375,
                            -17.76699668159248
                        ],
                        [
                            25.195770263671875,
                            -17.77353552371928
                        ],
                        [
                            25.15869140625,
                            -17.739530934289657
                        ],
                        [
                            25.154571533203125,
                            -17.710752776158508
                        ],
                        [
                            25.129852294921875,
                            -17.69505365267581
                        ],
                        [
                            25.09552001953125,
                            -17.708136350936922
                        ],
                        [
                            25.10101318359375,
                            -17.66495983051931
                        ],
                        [
                            25.07904052734375,
                            -17.644022027872712
                        ],
                        [
                            25.0653076171875,
                            -17.616537468641294
                        ],
                        [
                            25.047454833984375,
                            -17.630934665086883
                        ],
                        [
                            25.050201416015625,
                            -17.586430528287416
                        ],
                        [
                            25.011749267578125,
                            -17.59559404138381
                        ],
                        [
                            24.9884033203125,
                            -17.55369990509496
                        ],
                        [
                            24.945831298828125,
                            -17.558937202588748
                        ],
                        [
                            24.943084716796875,
                            -17.547153070268113
                        ],
                        [
                            24.907379150390625,
                            -17.54846245615995
                        ],
                        [
                            24.88677978515625,
                            -17.5340586910414
                        ],
                        [
                            24.834594726562557,
                            -17.522272941245202
                        ],
                        [
                            24.796142578125,
                            -17.53536817152554
                        ],
                        [
                            24.772796630859432,
                            -17.51048642597462
                        ],
                        [
                            24.756317138671875,
                            -17.51572497168026
                        ],
                        [
                            24.71649169921875,
                            -17.496079646210315
                        ],
                        [
                            24.6368408203125,
                            -17.51441534942315
                        ],
                        [
                            24.616241455078182,
                            -17.53013019285643
                        ],
                        [
                            24.555816650390682,
                            -17.536677642553194
                        ],
                        [
                            24.542083740234375,
                            -17.5065574175233
                        ],
                        [
                            24.5159912109375,
                            -17.51048642597462
                        ],
                        [
                            24.4775390625,
                            -17.489530732385404
                        ],
                        [
                            24.39239501953125,
                            -17.468572623463153
                        ],
                        [
                            24.32647705078125,
                            -17.489530732385404
                        ],
                        [
                            24.242706298828182,
                            -17.47250245275028
                        ],
                        [
                            23.438114858322855,
                            -17.63636508689299
                        ],
                        [
                            21.429812494531575,
                            -18.024764089711883
                        ],
                        [
                            21.345062255859407,
                            -17.982651756454143
                        ],
                        [
                            21.215972900390653,
                            -17.925169353495892
                        ],
                        [
                            21.117095947265653,
                            -17.914716001103322
                        ],
                        [
                            21.012725830078153,
                            -17.94868714041222
                        ],
                        [
                            20.9165954589844,
                            -17.982651756454143
                        ],
                        [
                            20.869903564453164,
                            -18.000937690172698
                        ],
                        [
                            20.867156982421914,
                            -18.0348922495679
                        ],
                        [
                            20.803985595703157,
                            -18.032280592804867
                        ],
                        [
                            20.718841552734403,
                            -18.000937690172698
                        ],
                        [
                            20.587005615234403,
                            -17.96697659108375
                        ],
                        [
                            20.537567138671903,
                            -17.97481434768421
                        ],
                        [
                            20.466156005859403,
                            -17.938235176452935
                        ],
                        [
                            20.441436767578157,
                            -17.906875582164293
                        ],
                        [
                            20.378265380859407,
                            -17.888579923286844
                        ],
                        [
                            20.334320068359407,
                            -17.870282378534483
                        ],
                        [
                            20.301361083984403,
                            -17.859825792600006
                        ],
                        [
                            20.249176025390653,
                            -17.87289642889745
                        ],
                        [
                            20.196990966796907,
                            -17.87289642889745
                        ],
                        [
                            20.15579223632816,
                            -17.87551044080245
                        ],
                        [
                            20.106353759765653,
                            -17.896421150969534
                        ],
                        [
                            20.06240844726566,
                            -17.888579923286844
                        ],
                        [
                            20.029449462890657,
                            -17.885966103744984
                        ],
                        [
                            19.969024658203157,
                            -17.885966103744984
                        ],
                        [
                            19.919586181640653,
                            -17.859825792600006
                        ],
                        [
                            19.878387451171903,
                            -17.880738349218923
                        ],
                        [
                            19.815216064453153,
                            -17.867668289718367
                        ],
                        [
                            19.776763916015657,
                            -17.891193704341458
                        ],
                        [
                            19.74655151367191,
                            -17.906875582164293
                        ],
                        [
                            19.727325439453157,
                            -17.885966103744984
                        ],
                        [
                            19.705352783203153,
                            -17.87289642889745
                        ],
                        [
                            19.66140747070315,
                            -17.84413976078741
                        ],
                        [
                            19.496612548828153,
                            -17.86243999674628
                        ],
                        [
                            19.411468505859407,
                            -17.86243999674628
                        ],
                        [
                            19.345550537109403,
                            -17.849368591727675
                        ],
                        [
                            19.2521667480469,
                            -17.812763550546823
                        ],
                        [
                            19.167022705078153,
                            -17.80753364510486
                        ],
                        [
                            19.117584228515653,
                            -17.804918634877485
                        ],
                        [
                            19.120330810546903,
                            -17.833681638093605
                        ],
                        [
                            19.013214111328153,
                            -17.815378445751676
                        ],
                        [
                            18.925323486328153,
                            -17.812763550546823
                        ],
                        [
                            18.831939697265653,
                            -17.778766425198402
                        ],
                        [
                            18.738555908203153,
                            -17.726450526062038
                        ],
                        [
                            18.702850341796907,
                            -17.67411935318319
                        ],
                        [
                            18.560028076171903,
                            -17.574648186029023
                        ],
                        [
                            18.535308837890657,
                            -17.524892062923392
                        ],
                        [
                            18.488616943359403,
                            -17.477742093154028
                        ],
                        [
                            18.455657958984403,
                            -17.427959423542056
                        ],
                        [
                            18.41720581054691,
                            -17.388647720267247
                        ],
                        [
                            14.217681884765657,
                            -17.38602663946908
                        ],
                        [
                            14.181976318359403,
                            -17.40961501445865
                        ],
                        [
                            14.138031005859405,
                            -17.417477129698476
                        ],
                        [
                            14.110565185546907,
                            -17.417477129698476
                        ],
                        [
                            14.055633544921912,
                            -17.427959423542056
                        ],
                        [
                            13.986968994140655,
                            -17.412235757134113
                        ],
                        [
                            13.967742919921902,
                            -17.420097759577434
                        ],
                        [
                            13.923797607421902,
                            -17.4017525609181
                        ],
                        [
                            13.885345458984407,
                            -17.359813767359082
                        ],
                        [
                            13.838653564453157,
                            -17.325731428861012
                        ],
                        [
                            13.764495849609407,
                            -17.283775252587194
                        ],
                        [
                            13.693084716796907,
                            -17.249678817728746
                        ],
                        [
                            13.511810302734407,
                            -17.131604107190885
                        ],
                        [
                            13.520050048828157,
                            -17.097479642582115
                        ],
                        [
                            13.500823974609403,
                            -17.07122579909008
                        ],
                        [
                            13.465118408203155,
                            -17.02921196640142
                        ],
                        [
                            13.429412841796907,
                            -16.997695396936194
                        ],
                        [
                            13.344268798828155,
                            -16.97405449100748
                        ],
                        [
                            13.259124755859403,
                            -16.987188695497757
                        ],
                        [
                            13.209686279296905,
                            -16.98193512403062
                        ],
                        [
                            13.171234130859405,
                            -16.960919367443207
                        ]
                    ]
                ]
            },
            "properties": {}
        }
    ]
}