{
    "type": "FeatureCollection",
    "features": [
        {
            "type": "Feature",
            "properties": {},
            "geometry": {
                "type": "Polygon",
                "coordinates": [
                    [
                        [
                            166.93571090698242,
                            -0.5015881364739895
                        ],
                        [
                            166.9325351715088,
                            -0.5020172734574814
                        ],
                        [
                            166.92678451538086,
                            -0.5071669150557941
                        ],
                        [
                            166.92060470581055,
                            -0.5137756157651284
                        ],
                        [
                            166.91485404968262,
                            -0.518324457741493
                        ],
                        [
                            166.9097900390625,
                            -0.5251048010293853
                        ],
                        [
                            166.9079875946045,
                            -0.5369489273009945
                        ],
                        [
                            166.90936088562012,
                            -0.5396095612237947
                        ],
                        [
                            166.91287994384766,
                            -0.5462182275333946
                        ],
                        [
                            166.9233512878418,
                            -0.5547150735266599
                        ],
                        [
                            166.9285011291504,
                            -0.5549725535187705
                        ],
                        [
                            166.93588256835938,
                            -0.5548009001919478
                        ],
                        [
                            166.94952964782715,
                            -0.5475056292182529
                        ],
                        [
                            166.95176124572754,
                            -0.5436434233369754
                        ],
                        [
                            166.95124626159668,
                            -0.5396953881051821
                        ],
                        [
                            166.95167541503906,
                            -0.5342024652630062
                        ],
                        [
                            166.95390701293945,
                            -0.5284520564028156
                        ],
                        [
                            166.96017265319824,
                            -0.5211567539272149
                        ],
                        [
                            166.9599151611328,
                            -0.5157496419278943
                        ],
                        [
                            166.95656776428223,
                            -0.508797634043113
                        ],
                        [
                            166.94841384887695,
                            -0.502789719956787
                        ],
                        [
                            166.93571090698242,
                            -0.5015881364739895
                        ]
                    ]
                ]
            }
        }
    ]
}