{
    "type": "FeatureCollection",
    "features": [
        {
            "type": "Feature",
            "geometry": {
                "type": "Polygon",
                "coordinates": [
                    [
                        [
                            81.61880493164062,
                            30.44512194010915
                        ],
                        [
                            81.61331176757812,
                            30.413150465068878
                        ],
                        [
                            81.55563354492188,
                            30.42854544631636
                        ],
                        [
                            81.55288696289062,
                            30.391830328088137
                        ],
                        [
                            81.5570068359375,
                            30.372875188118016
                        ],
                        [
                            81.4801025390625,
                            30.38235321766959
                        ],
                        [
                            81.43203735351562,
                            30.420256142845158
                        ],
                        [
                            81.40731811523438,
                            30.416703368626855
                        ],
                        [
                            81.40319824218756,
                            30.398937557618677
                        ],
                        [
                            81.4306640625,
                            30.37761431777479
                        ],
                        [
                            81.40182495117188,
                            30.36932069010696
                        ],
                        [
                            81.40182495117188,
                            30.329027350425925
                        ],
                        [
                            81.42105102539062,
                            30.306503259848835
                        ],
                        [
                            81.40457153320318,
                            30.28397399248833
                        ],
                        [
                            81.41830444335938,
                            30.282788098216884
                        ],
                        [
                            81.39495849609375,
                            30.240086360983426
                        ],
                        [
                            81.39358520507812,
                            30.20211367909724
                        ],
                        [
                            81.353759765625,
                            30.174811761900497
                        ],
                        [
                            81.331787109375,
                            30.151064813970038
                        ],
                        [
                            81.3043212890625,
                            30.158189498907987
                        ],
                        [
                            81.25488281249994,
                            30.146314738085053
                        ],
                        [
                            81.28646850585932,
                            30.1130578040595
                        ],
                        [
                            81.2850952148437,
                            30.070282433306616
                        ],
                        [
                            81.2603759765625,
                            30.039377605001366
                        ],
                        [
                            81.23565673828125,
                            30.031055426540206
                        ],
                        [
                            81.25213623046875,
                            30.020354455970544
                        ],
                        [
                            81.21917724609375,
                            30.004895459546216
                        ],
                        [
                            81.19857788085938,
                            30.021543509740027
                        ],
                        [
                            81.18484497070318,
                            30.01440897324891
                        ],
                        [
                            81.134033203125,
                            30.013219833932123
                        ],
                        [
                            81.09146118164068,
                            30.05720849081894
                        ],
                        [
                            81.11068725585938,
                            30.09286062952815
                        ],
                        [
                            81.07635498046875,
                            30.10592986084689
                        ],
                        [
                            81.08734130859375,
                            30.15581466111752
                        ],
                        [
                            81.03478572946727,
                            30.19767284591324
                        ],
                        [
                            80.93353271484375,
                            30.179560465036428
                        ],
                        [
                            80.91842651367188,
                            30.225848323247707
                        ],
                        [
                            80.86349487304688,
                            30.16768827811798
                        ],
                        [
                            80.8731079101563,
                            30.130875412002318
                        ],
                        [
                            80.80169677734375,
                            30.084542946324945
                        ],
                        [
                            80.75637817382807,
                            30.036999911042617
                        ],
                        [
                            80.74127197265625,
                            30.002516938570686
                        ],
                        [
                            80.66986083984375,
                            29.96088359471421
                        ],
                        [
                            80.61080932617188,
                            29.95969381418452
                        ],
                        [
                            80.57373046875,
                            29.925183985247404
                        ],
                        [
                            80.5517578125,
                            29.86089241772908
                        ],
                        [
                            80.48309326171875,
                            29.79655940578823
                        ],
                        [
                            80.43365478515625,
                            29.80013454835905
                        ],
                        [
                            80.39794921875,
                            29.76199310960153
                        ],
                        [
                            80.36636352539062,
                            29.74172456188616
                        ],
                        [
                            80.38970947265625,
                            29.662996087732523
                        ],
                        [
                            80.41854858398438,
                            29.652255607121884
                        ],
                        [
                            80.40756225585943,
                            29.611670115197406
                        ],
                        [
                            80.386962890625,
                            29.569873858372727
                        ],
                        [
                            80.34439086914068,
                            29.54837190069257
                        ],
                        [
                            80.35400390624994,
                            29.529255208335545
                        ],
                        [
                            80.28808593749994,
                            29.479056701631006
                        ],
                        [
                            80.30319213867188,
                            29.452752317036307
                        ],
                        [
                            80.24276733398438,
                            29.441989466225706
                        ],
                        [
                            80.244140625,
                            29.406105055709293
                        ],
                        [
                            80.27572631835938,
                            29.391747742992806
                        ],
                        [
                            80.28121948242193,
                            29.35345166863502
                        ],
                        [
                            80.31417846679688,
                            29.310351371763023
                        ],
                        [
                            80.2908325195312,
                            29.19532826709913
                        ],
                        [
                            80.25100708007818,
                            29.220500620041914
                        ],
                        [
                            80.244140625,
                            29.201322245238323
                        ],
                        [
                            80.27572631835938,
                            29.140167233044274
                        ],
                        [
                            80.23452758789062,
                            29.119774134878384
                        ],
                        [
                            80.17959594726562,
                            29.13177056485816
                        ],
                        [
                            80.13702392578125,
                            29.07417494209143
                        ],
                        [
                            80.12191772460938,
                            28.987721128840377
                        ],
                        [
                            80.0930786132813,
                            28.97570793083223
                        ],
                        [
                            80.06149291992188,
                            28.9156210236792
                        ],
                        [
                            80.06973266601557,
                            28.825425374477224
                        ],
                        [
                            80.11505126953125,
                            28.82903470307381
                        ],
                        [
                            80.2166748046875,
                            28.753212537990336
                        ],
                        [
                            80.26336669921875,
                            28.753212537990336
                        ],
                        [
                            80.26199340820312,
                            28.725517696522267
                        ],
                        [
                            80.30593872070312,
                            28.706247391255314
                        ],
                        [
                            80.32379150390625,
                            28.672515815965216
                        ],
                        [
                            80.37460327148443,
                            28.627925287618567
                        ],
                        [
                            80.43502807617188,
                            28.63756808932784
                        ],
                        [
                            80.46936035156256,
                            28.618281599983852
                        ],
                        [
                            80.48171997070312,
                            28.579697994029342
                        ],
                        [
                            80.51605224609375,
                            28.548338387631425
                        ],
                        [
                            80.53253173828125,
                            28.571255942335103
                        ],
                        [
                            80.50094604492193,
                            28.662876227341798
                        ],
                        [
                            80.54214477539062,
                            28.691792332587482
                        ],
                        [
                            80.584716796875,
                            28.67733527773468
                        ],
                        [
                            80.57785034179688,
                            28.65685103420342
                        ],
                        [
                            80.66162109374994,
                            28.631541442089226
                        ],
                        [
                            80.69046020507812,
                            28.603814407841327
                        ],
                        [
                            80.69458007812494,
                            28.58693349906797
                        ],
                        [
                            80.75088500976562,
                            28.570049879647403
                        ],
                        [
                            80.77560424804688,
                            28.53868739844257
                        ],
                        [
                            80.84838867187494,
                            28.50369515241441
                        ],
                        [
                            80.89645385742188,
                            28.506108783570447
                        ],
                        [
                            80.90469360351568,
                            28.46386226886912
                        ],
                        [
                            80.94863891601562,
                            28.438506249680675
                        ],
                        [
                            81.00357055664062,
                            28.438506249680675
                        ],
                        [
                            81.02279663085938,
                            28.40348080236271
                        ],
                        [
                            81.05438232421875,
                            28.40348080236271
                        ],
                        [
                            81.19308471679682,
                            28.369652138600852
                        ],
                        [
                            81.22329711914057,
                            28.321306762152954
                        ],
                        [
                            81.24526977539062,
                            28.257215264159676
                        ],
                        [
                            81.31393432617188,
                            28.189454054241516
                        ],
                        [
                            81.32217407226562,
                            28.17492820114568
                        ],
                        [
                            81.30294799804688,
                            28.16282181652672
                        ],
                        [
                            81.31668090820307,
                            28.14587057717766
                        ],
                        [
                            81.3180541992187,
                            28.13133880763851
                        ],
                        [
                            81.36886596679688,
                            28.14102687301846
                        ],
                        [
                            81.38259887695307,
                            28.17613876426337
                        ],
                        [
                            81.4471435546875,
                            28.155557328310945
                        ],
                        [
                            81.4581298828125,
                            28.133760906108467
                        ],
                        [
                            81.48284912109375,
                            28.120438687101064
                        ],
                        [
                            81.47598266601557,
                            28.08409694916474
                        ],
                        [
                            81.6448974609375,
                            27.994401411046148
                        ],
                        [
                            81.69845581054688,
                            27.98712552356428
                        ],
                        [
                            81.80831909179693,
                            27.902203909304404
                        ],
                        [
                            81.8399047851563,
                            27.892494332286603
                        ],
                        [
                            81.88796997070312,
                            27.859718080524345
                        ],
                        [
                            81.92092895507812,
                            27.857289815559604
                        ],
                        [
                            81.92642211914062,
                            27.876714412021578
                        ],
                        [
                            81.9662475585938,
                            27.930114089618602
                        ],
                        [
                            82.06649780273432,
                            27.924047271926145
                        ],
                        [
                            82.12829589843744,
                            27.86336037597851
                        ],
                        [
                            82.14752197265625,
                            27.860932192608534
                        ],
                        [
                            82.15438842773438,
                            27.868216579514076
                        ],
                        [
                            82.2491455078125,
                            27.81114245022618
                        ],
                        [
                            82.36312866210938,
                            27.743100061853923
                        ],
                        [
                            82.4111938476562,
                            27.69325634309158
                        ],
                        [
                            82.47573852539062,
                            27.67501514595277
                        ],
                        [
                            82.518310546875,
                            27.690824359526705
                        ],
                        [
                            82.55401611328125,
                            27.68839232178566
                        ],
                        [
                            82.66387939453125,
                            27.721220259148765
                        ],
                        [
                            82.70645141601562,
                            27.718788898837957
                        ],
                        [
                            82.7133178710938,
                            27.68717628260008
                        ],
                        [
                            82.716064453125,
                            27.666501544712574
                        ],
                        [
                            82.738037109375,
                            27.64582289489237
                        ],
                        [
                            82.73666381835938,
                            27.611755419683686
                        ],
                        [
                            82.75726318359375,
                            27.587415019581474
                        ],
                        [
                            82.74078369140625,
                            27.546023938751876
                        ],
                        [
                            82.7490234375,
                            27.52166895496826
                        ],
                        [
                            82.73391723632812,
                            27.505835322003694
                        ],
                        [
                            82.7984619140625,
                            27.49609041521106
                        ],
                        [
                            82.92343139648438,
                            27.502181083070813
                        ],
                        [
                            82.95089721679688,
                            27.46563202185069
                        ],
                        [
                            83.03741455078125,
                            27.449790329784214
                        ],
                        [
                            83.18572998046875,
                            27.45466493898314
                        ],
                        [
                            83.2131958007813,
                            27.414442971744396
                        ],
                        [
                            83.27636718750006,
                            27.386400814693577
                        ],
                        [
                            83.26675415039062,
                            27.363230190180303
                        ],
                        [
                            83.30245971679688,
                            27.332735136859146
                        ],
                        [
                            83.35189819335938,
                            27.342494467201007
                        ],
                        [
                            83.38623046875,
                            27.38274261761665
                        ],
                        [
                            83.4027099609375,
                            27.412004805752012
                        ],
                        [
                            83.38348388671875,
                            27.438821671429384
                        ],
                        [
                            83.4027099609375,
                            27.457102162785127
                        ],
                        [
                            83.38897705078125,
                            27.48025310172048
                        ],
                        [
                            83.62106323242188,
                            27.470505930696998
                        ],
                        [
                            83.83392333984375,
                            27.371767300523047
                        ],
                        [
                            83.85589599609375,
                            27.34859361222366
                        ],
                        [
                            83.880615234375,
                            27.37908429955532
                        ],
                        [
                            83.84078979492188,
                            27.421757146831578
                        ],
                        [
                            83.84902954101562,
                            27.438821671429384
                        ],
                        [
                            83.90396118164062,
                            27.433946362149996
                        ],
                        [
                            83.93692016601557,
                            27.444915505146934
                        ],
                        [
                            84.01107788085938,
                            27.44125924530304
                        ],
                        [
                            84.03030395507807,
                            27.436384043710643
                        ],
                        [
                            84.056396484375,
                            27.449790329784214
                        ],
                        [
                            84.07424926757812,
                            27.48025310172048
                        ],
                        [
                            84.09347534179682,
                            27.486344645687222
                        ],
                        [
                            84.10446166992188,
                            27.515579365859605
                        ],
                        [
                            84.12643432617182,
                            27.510707451811573
                        ],
                        [
                            84.14978027343756,
                            27.515579365859605
                        ],
                        [
                            84.14978027343756,
                            27.48756291405129
                        ],
                        [
                            84.2047119140625,
                            27.46928747369202
                        ],
                        [
                            84.21020507812506,
                            27.438821671429384
                        ],
                        [
                            84.23080444335938,
                            27.455883557617597
                        ],
                        [
                            84.2596435546875,
                            27.447352944393767
                        ],
                        [
                            84.28024291992182,
                            27.402251603718586
                        ],
                        [
                            84.28985595703125,
                            27.388839545525904
                        ],
                        [
                            84.44503784179688,
                            27.37054775364521
                        ],
                        [
                            84.51644897460938,
                            27.355912143010634
                        ],
                        [
                            84.61944580078125,
                            27.33761490945199
                        ],
                        [
                            84.69223022460938,
                            27.216777459372924
                        ],
                        [
                            84.6798706054688,
                            27.17891247557853
                        ],
                        [
                            84.6826171875,
                            27.145922823237573
                        ],
                        [
                            84.66888427734375,
                            27.09214103774401
                        ],
                        [
                            84.64004516601562,
                            27.055456822683336
                        ],
                        [
                            84.74578857421875,
                            27.00530232425826
                        ],
                        [
                            84.77188110351568,
                            27.013866872847807
                        ],
                        [
                            84.79248046875,
                            26.994289803021193
                        ],
                        [
                            84.82681274414062,
                            27.021207395046964
                        ],
                        [
                            84.86114501953125,
                            26.98939500298906
                        ],
                        [
                            84.96139526367188,
                            26.958797678570885
                        ],
                        [
                            84.9737548828125,
                            26.915947460064547
                        ],
                        [
                            85.001220703125,
                            26.90860007362184
                        ],
                        [
                            84.9984741210937,
                            26.891454312354853
                        ],
                        [
                            85.05752563476562,
                            26.885330195427926
                        ],
                        [
                            85.02868652343744,
                            26.870630960767105
                        ],
                        [
                            85.02868652343744,
                            26.85592981510499
                        ],
                        [
                            85.06576538085938,
                            26.84735326457719
                        ],
                        [
                            85.10009765625,
                            26.87185596998838
                        ],
                        [
                            85.19485473632812,
                            26.868180902512403
                        ],
                        [
                            85.18112182617188,
                            26.814266197561462
                        ],
                        [
                            85.20858764648443,
                            26.757873393841624
                        ],
                        [
                            85.23880004882818,
                            26.76032583739443
                        ],
                        [
                            85.33493041992188,
                            26.744384008272544
                        ],
                        [
                            85.35964965820312,
                            26.76032583739443
                        ],
                        [
                            85.40908813476562,
                            26.79097691449385
                        ],
                        [
                            85.45028686523438,
                            26.786073298224665
                        ],
                        [
                            85.50521850585938,
                            26.80813790255081
                        ],
                        [
                            85.57937622070312,
                            26.85960528063754
                        ],
                        [
                            85.594482421875,
                            26.851029008675006
                        ],
                        [
                            85.62881469726562,
                            26.8730809659384
                        ],
                        [
                            85.64804077148438,
                            26.853479438420024
                        ],
                        [
                            85.70846557617193,
                            26.830198214014032
                        ],
                        [
                            85.73593139648438,
                            26.78729922215609
                        ],
                        [
                            85.72494506835938,
                            26.712493644446106
                        ],
                        [
                            85.7318115234375,
                            26.66832300756405
                        ],
                        [
                            85.76751708984375,
                            26.62781822639305
                        ],
                        [
                            85.79910278320312,
                            26.625362929442737
                        ],
                        [
                            85.82794189453125,
                            26.604490776001775
                        ],
                        [
                            85.85128784179688,
                            26.60940221368188
                        ],
                        [
                            85.8526611328125,
                            26.562735044271797
                        ],
                        [
                            85.9295654296875,
                            26.615541214194355
                        ],
                        [
                            85.946044921875,
                            26.625362929442737
                        ],
                        [
                            85.95565795898443,
                            26.653595658856545
                        ],
                        [
                            86.033935546875,
                            26.66341410252066
                        ],
                        [
                            86.1383056640625,
                            26.62781822639305
                        ],
                        [
                            86.14654541015625,
                            26.604490776001775
                        ],
                        [
                            86.1932373046875,
                            26.61799672211676
                        ],
                        [
                            86.20147705078125,
                            26.5958952526538
                        ],
                        [
                            86.23306274414062,
                            26.590983235125602
                        ],
                        [
                            86.25228881835938,
                            26.611857853434433
                        ],
                        [
                            86.34292602539062,
                            26.62045217730122
                        ],
                        [
                            86.34155273437494,
                            26.604490776001775
                        ],
                        [
                            86.40197753906244,
                            26.587299083638417
                        ],
                        [
                            86.50360107421875,
                            26.540622906156816
                        ],
                        [
                            86.52420043945307,
                            26.543080020962417
                        ],
                        [
                            86.57089233398438,
                            26.496385842983383
                        ],
                        [
                            86.62582397460938,
                            26.48163636922414
                        ],
                        [
                            86.6326904296875,
                            26.46565563783836
                        ],
                        [
                            86.693115234375,
                            26.44967268715773
                        ],
                        [
                            86.74255371093744,
                            26.422619563608954
                        ],
                        [
                            86.76589965820312,
                            26.45090222367262
                        ],
                        [
                            86.82357788085938,
                            26.437376600127735
                        ],
                        [
                            86.8963623046875,
                            26.474260922876063
                        ],
                        [
                            86.89498901367188,
                            26.506217774130377
                        ],
                        [
                            87.01034545898438,
                            26.53079392065479
                        ],
                        [
                            87.05154418945312,
                            26.58607100679426
                        ],
                        [
                            87.07351684570312,
                            26.579930424979384
                        ],
                        [
                            87.08999633789057,
                            26.452131747060733
                        ],
                        [
                            87.16552734375,
                            26.405400633760625
                        ],
                        [
                            87.20809936523438,
                            26.41032059027482
                        ],
                        [
                            87.26165771484375,
                            26.407860638241498
                        ],
                        [
                            87.26577758789068,
                            26.37095506595221
                        ],
                        [
                            87.31521606445312,
                            26.366033431992303
                        ],
                        [
                            87.352294921875,
                            26.350036674507894
                        ],
                        [
                            87.3605346679688,
                            26.412780489857187
                        ],
                        [
                            87.44705200195312,
                            26.434917225242593
                        ],
                        [
                            87.49649047851562,
                            26.42999831802051
                        ],
                        [
                            87.5527954101562,
                            26.420159873864502
                        ],
                        [
                            87.59536743164062,
                            26.382027976025352
                        ],
                        [
                            87.6434326171875,
                            26.394329964650204
                        ],
                        [
                            87.67776489257807,
                            26.415240336985207
                        ],
                        [
                            87.6791381835937,
                            26.434917225242593
                        ],
                        [
                            87.72857666015625,
                            26.41032059027482
                        ],
                        [
                            87.74093627929682,
                            26.418930009317858
                        ],
                        [
                            87.75741577148438,
                            26.412780489857187
                        ],
                        [
                            87.77389526367182,
                            26.437376600127735
                        ],
                        [
                            87.77801513671875,
                            26.45090222367262
                        ],
                        [
                            87.79998779296875,
                            26.46565563783836
                        ],
                        [
                            87.8411865234375,
                            26.4386062678873
                        ],
                        [
                            87.88787841796875,
                            26.470573022375085
                        ],
                        [
                            87.90435791015625,
                            26.44844313751643
                        ],
                        [
                            87.92495727539062,
                            26.44475440983849
                        ],
                        [
                            87.92495727539062,
                            26.420159873864502
                        ],
                        [
                            87.99087524414057,
                            26.390639505668723
                        ],
                        [
                            87.99774169921875,
                            26.36357253642659
                        ],
                        [
                            88.03207397460938,
                            26.35988109485539
                        ],
                        [
                            88.03207397460938,
                            26.394329964650204
                        ],
                        [
                            88.09249877929688,
                            26.427538785690356
                        ],
                        [
                            88.10623168945312,
                            26.469343695940278
                        ],
                        [
                            88.09112548828125,
                            26.500072915744372
                        ],
                        [
                            88.10348510742188,
                            26.519735305660795
                        ],
                        [
                            88.10211181640625,
                            26.556593211456345
                        ],
                        [
                            88.13095092773438,
                            26.602034978080944
                        ],
                        [
                            88.15841674804688,
                            26.636411350279225
                        ],
                        [
                            88.16940307617188,
                            26.681821407205977
                        ],
                        [
                            88.19000244140625,
                            26.740704807127834
                        ],
                        [
                            88.17489624023438,
                            26.827747280364836
                        ],
                        [
                            88.165283203125,
                            26.87185596998838
                        ],
                        [
                            88.13369750976562,
                            26.897578097333927
                        ],
                        [
                            88.14743041992182,
                            26.924518806384913
                        ],
                        [
                            88.1185913085937,
                            26.955125440882295
                        ],
                        [
                            88.1405639648438,
                            26.983276203452657
                        ],
                        [
                            88.09661865234375,
                            27.002855190521245
                        ],
                        [
                            88.08288574218744,
                            27.03711021444808
                        ],
                        [
                            88.04580688476568,
                            27.033440532922558
                        ],
                        [
                            87.98812866210938,
                            27.114145802145632
                        ],
                        [
                            88.0142211914063,
                            27.16547342337483
                        ],
                        [
                            88.011474609375,
                            27.23021032948516
                        ],
                        [
                            88.0389404296875,
                            27.29246881871627
                        ],
                        [
                            88.06503295898438,
                            27.333955100147545
                        ],
                        [
                            88.04580688476568,
                            27.36810861957394
                        ],
                        [
                            88.05404663085932,
                            27.412004805752012
                        ],
                        [
                            88.07739257812506,
                            27.42907083751601
                        ],
                        [
                            88.03756713867188,
                            27.48268975973484
                        ],
                        [
                            88.06365966796875,
                            27.522886832325796
                        ],
                        [
                            88.07876586914068,
                            27.575242792800026
                        ],
                        [
                            88.11721801757807,
                            27.609321622948173
                        ],
                        [
                            88.1268310546875,
                            27.647039394312074
                        ],
                        [
                            88.15567016601562,
                            27.690824359526705
                        ],
                        [
                            88.154296875,
                            27.717573198352596
                        ],
                        [
                            88.18176269531244,
                            27.76497547076884
                        ],
                        [
                            88.18588256835938,
                            27.79413584388565
                        ],
                        [
                            88.18038940429682,
                            27.81478637667891
                        ],
                        [
                            88.2009887695313,
                            27.848790459862073
                        ],
                        [
                            88.13510622160987,
                            27.882036780289788
                        ],
                        [
                            88.10211181640625,
                            27.86336037597851
                        ],
                        [
                            88.08151245117188,
                            27.89734922968426
                        ],
                        [
                            88.0252075195312,
                            27.90099025981739
                        ],
                        [
                            87.978515625,
                            27.888853016336945
                        ],
                        [
                            87.93594360351562,
                            27.915553155139843
                        ],
                        [
                            87.86453247070307,
                            27.913126142070862
                        ],
                        [
                            87.85903930664068,
                            27.942246703329612
                        ],
                        [
                            87.83157348632812,
                            27.947099367319762
                        ],
                        [
                            87.81646728515625,
                            27.915553155139843
                        ],
                        [
                            87.77801513671875,
                            27.88278388425912
                        ],
                        [
                            87.76153564453125,
                            27.85000469432248
                        ],
                        [
                            87.7313232421875,
                            27.805068967813085
                        ],
                        [
                            87.6654052734375,
                            27.81114245022618
                        ],
                        [
                            87.67089843750006,
                            27.834218586009197
                        ],
                        [
                            87.6324462890625,
                            27.83300417483936
                        ],
                        [
                            87.60910034179693,
                            27.816000991661593
                        ],
                        [
                            87.5857543945312,
                            27.8281463942612
                        ],
                        [
                            87.5857543945312,
                            27.860932192608534
                        ],
                        [
                            87.55966186523438,
                            27.867002549031724
                        ],
                        [
                            87.53219604492188,
                            27.842719083637075
                        ],
                        [
                            87.48138427734375,
                            27.846361950155508
                        ],
                        [
                            87.44979858398438,
                            27.820859315740698
                        ],
                        [
                            87.4072265625,
                            27.834218586009197
                        ],
                        [
                            87.43057250976557,
                            27.84514767491011
                        ],
                        [
                            87.42782592773438,
                            27.859718080524345
                        ],
                        [
                            87.36465454101562,
                            27.84514767491011
                        ],
                        [
                            87.35641479492188,
                            27.83300417483936
                        ],
                        [
                            87.3138427734375,
                            27.8281463942612
                        ],
                        [
                            87.30148315429688,
                            27.846361950155508
                        ],
                        [
                            87.25479125976562,
                            27.848790459862073
                        ],
                        [
                            87.22183227539062,
                            27.81843018087224
                        ],
                        [
                            87.14355468750006,
                            27.831789750079267
                        ],
                        [
                            87.11608886718744,
                            27.851218915187083
                        ],
                        [
                            87.1051025390625,
                            27.88278388425912
                        ],
                        [
                            87.066650390625,
                            27.919193572615065
                        ],
                        [
                            87.03369140625,
                            27.951951813275638
                        ],
                        [
                            86.93756103515625,
                            27.96044306897833
                        ],
                        [
                            86.92794799804688,
                            27.98591282790829
                        ],
                        [
                            86.86477661132812,
                            28.024712321517228
                        ],
                        [
                            86.82357788085938,
                            28.016226126405627
                        ],
                        [
                            86.75491333007812,
                            28.034410011082954
                        ],
                        [
                            86.75216674804688,
                            28.088943225349173
                        ],
                        [
                            86.7205810546875,
                            28.105903469076186
                        ],
                        [
                            86.66702270507812,
                            28.097423682259382
                        ],
                        [
                            86.63543701171875,
                            28.070768561865155
                        ],
                        [
                            86.60659790039062,
                            28.080462098478346
                        ],
                        [
                            86.59835815429688,
                            28.102269356786913
                        ],
                        [
                            86.561279296875,
                            28.111960049324775
                        ],
                        [
                            86.56539916992188,
                            28.058650411105386
                        ],
                        [
                            86.53518676757812,
                            28.04289477256162
                        ],
                        [
                            86.51046752929688,
                            27.955591004642553
                        ],
                        [
                            86.4678955078125,
                            27.945886221761945
                        ],
                        [
                            86.44729614257812,
                            27.90584477608796
                        ],
                        [
                            86.40884399414062,
                            27.90948552034696
                        ],
                        [
                            86.37313842773432,
                            27.937393821330247
                        ],
                        [
                            86.34292602539062,
                            27.942246703329612
                        ],
                        [
                            86.33468627929688,
                            27.968933656740596
                        ],
                        [
                            86.31820678710938,
                            27.947099367319762
                        ],
                        [
                            86.28250122070312,
                            27.97984914504167
                        ],
                        [
                            86.22894287109375,
                            27.977423576428517
                        ],
                        [
                            86.21932983398438,
                            28.038046419369945
                        ],
                        [
                            86.20559692382818,
                            28.08530853871849
                        ],
                        [
                            86.22344970703125,
                            28.103480741227433
                        ],
                        [
                            86.19186401367188,
                            28.17129642959349
                        ],
                        [
                            86.17263793945312,
                            28.17129642959349
                        ],
                        [
                            86.17675781250006,
                            28.134971934813155
                        ],
                        [
                            86.13555908203125,
                            28.11680506728557
                        ],
                        [
                            86.12045288085932,
                            28.090154760214585
                        ],
                        [
                            86.08749389648432,
                            28.095000762941822
                        ],
                        [
                            86.0916137695312,
                            28.036834296930135
                        ],
                        [
                            86.0806274414063,
                            28.01865082183306
                        ],
                        [
                            86.1273193359375,
                            27.928900753321876
                        ],
                        [
                            86.07513427734375,
                            27.916766641249065
                        ],
                        [
                            86.0586547851562,
                            27.90584477608796
                        ],
                        [
                            85.98037719726562,
                            27.91798011374093
                        ],
                        [
                            85.95016479492188,
                            27.953164890693838
                        ],
                        [
                            85.97488403320312,
                            27.99682659773872
                        ],
                        [
                            85.8938598632813,
                            28.057438520876673
                        ],
                        [
                            85.90347290039057,
                            28.10711481248363
                        ],
                        [
                            85.87326049804682,
                            28.119227494178126
                        ],
                        [
                            85.8718872070312,
                            28.150714062283406
                        ],
                        [
                            85.8526611328125,
                            28.18098087972553
                        ],
                        [
                            85.80871582031244,
                            28.201557424330293
                        ],
                        [
                            85.75790405273438,
                            28.228180012567623
                        ],
                        [
                            85.73730468750006,
                            28.30679885919413
                        ],
                        [
                            85.71945190429688,
                            28.368443772442607
                        ],
                        [
                            85.70846557617193,
                            28.385359646198367
                        ],
                        [
                            85.68923950195312,
                            28.382943257980948
                        ],
                        [
                            85.68649291992182,
                            28.34427355989288
                        ],
                        [
                            85.67138671875,
                            28.349108042620987
                        ],
                        [
                            85.65490722656244,
                            28.31284405928202
                        ],
                        [
                            85.65902709960938,
                            28.2959166333263
                        ],
                        [
                            85.6109619140625,
                            28.252376604467297
                        ],
                        [
                            85.5917358398437,
                            28.3080079266971
                        ],
                        [
                            85.5230712890625,
                            28.32614228994993
                        ],
                        [
                            85.4983520507812,
                            28.33218639036231
                        ],
                        [
                            85.41458129882812,
                            28.327351137530037
                        ],
                        [
                            85.39810180664062,
                            28.294707428421205
                        ],
                        [
                            85.3720092773437,
                            28.27656770648601
                        ],
                        [
                            85.33767700195312,
                            28.29954416560909
                        ],
                        [
                            85.26901245117188,
                            28.285033294640684
                        ],
                        [
                            85.22781372070312,
                            28.3285599713617
                        ],
                        [
                            85.198974609375,
                            28.338230147025865
                        ],
                        [
                            85.1824951171875,
                            28.32493342862181
                        ],
                        [
                            85.12207031249994,
                            28.338230147025865
                        ],
                        [
                            85.1055908203125,
                            28.349108042620987
                        ],
                        [
                            85.12619018554688,
                            28.387775979348937
                        ],
                        [
                            85.10284423828125,
                            28.455410938077357
                        ],
                        [
                            85.1165771484375,
                            28.489212206060223
                        ],
                        [
                            85.15640258789057,
                            28.494040075666316
                        ],
                        [
                            85.17425537109375,
                            28.53265508120663
                        ],
                        [
                            85.18386840820307,
                            28.53868739844257
                        ],
                        [
                            85.1934814453125,
                            28.56643160863839
                        ],
                        [
                            85.17425537109375,
                            28.597785823086838
                        ],
                        [
                            85.19485473632812,
                            28.62551444875789
                        ],
                        [
                            85.18798828124994,
                            28.646004813937047
                        ],
                        [
                            85.15914916992188,
                            28.647210004919998
                        ],
                        [
                            85.11932373046875,
                            28.6833592931406
                        ],
                        [
                            85.08773803710938,
                            28.673720702193144
                        ],
                        [
                            85.0534057617188,
                            28.680949728554964
                        ],
                        [
                            85.0177001953125,
                            28.63395214251842
                        ],
                        [
                            84.99023437500006,
                            28.608637026615575
                        ],
                        [
                            84.99160766601568,
                            28.59899156770566
                        ],
                        [
                            84.9517822265625,
                            28.579697994029342
                        ],
                        [
                            84.94766235351562,
                            28.596580064634814
                        ],
                        [
                            84.87350463867182,
                            28.582109884356534
                        ],
                        [
                            84.8583984375,
                            28.57487404744697
                        ],
                        [
                            84.78149414062494,
                            28.608637026615575
                        ],
                        [
                            84.69497680664062,
                            28.632746799225856
                        ],
                        [
                            84.70184326171875,
                            28.672515815965216
                        ],
                        [
                            84.66201782226562,
                            28.69299699706187
                        ],
                        [
                            84.627685546875,
                            28.737559833943102
                        ],
                        [
                            84.57275390625,
                            28.735151517459432
                        ],
                        [
                            84.54940795898438,
                            28.74960058370892
                        ],
                        [
                            84.52606201171875,
                            28.743580382306135
                        ],
                        [
                            84.51095581054688,
                            28.74598850450506
                        ],
                        [
                            84.49035644531256,
                            28.736355682639356
                        ],
                        [
                            84.43679809570307,
                            28.770066672590293
                        ],
                        [
                            84.44778442382812,
                            28.790528748249603
                        ],
                        [
                            84.42855834960943,
                            28.807376854704703
                        ],
                        [
                            84.43542480468744,
                            28.827831607445855
                        ],
                        [
                            84.4052124023437,
                            28.831440852615142
                        ],
                        [
                            84.41207885742188,
                            28.851890877683992
                        ],
                        [
                            84.364013671875,
                            28.861513027828188
                        ],
                        [
                            84.34204101562494,
                            28.87474203015103
                        ],
                        [
                            84.320068359375,
                            28.86512110454975
                        ],
                        [
                            84.26376342773438,
                            28.895183539081444
                        ],
                        [
                            84.2514038085937,
                            28.886766934441745
                        ],
                        [
                            84.22531127929688,
                            28.893981208762195
                        ],
                        [
                            84.21981811523432,
                            28.944467088499046
                        ],
                        [
                            84.24179077148443,
                            28.99372720461893
                        ],
                        [
                            84.2514038085937,
                            29.034559265325623
                        ],
                        [
                            84.22805786132812,
                            29.054969241647125
                        ],
                        [
                            84.18960571289057,
                            29.047766181633662
                        ],
                        [
                            84.1854858398437,
                            29.08617668762039
                        ],
                        [
                            84.2047119140625,
                            29.12577252480808
                        ],
                        [
                            84.1717529296875,
                            29.138967751013364
                        ],
                        [
                            84.16488647460938,
                            29.197725900405846
                        ],
                        [
                            84.20059204101562,
                            29.218103519493603
                        ],
                        [
                            84.19784545898438,
                            29.243270277106987
                        ],
                        [
                            84.11407470703125,
                            29.245666788514388
                        ],
                        [
                            84.12094116210938,
                            29.27202470909843
                        ],
                        [
                            84.08935546875,
                            29.294782899651686
                        ],
                        [
                            84.06600952148438,
                            29.284003336047167
                        ],
                        [
                            84.03854370117188,
                            29.30316621811306
                        ],
                        [
                            84.0179443359375,
                            29.288794393648296
                        ],
                        [
                            83.9932250976563,
                            29.299573451627978
                        ],
                        [
                            84.00009155273432,
                            29.317536019588132
                        ],
                        [
                            83.9630126953125,
                            29.331903797454444
                        ],
                        [
                            83.94378662109375,
                            29.318733411709456
                        ],
                        [
                            83.8998413085938,
                            29.322325503752857
                        ],
                        [
                            83.85452270507812,
                            29.304363778844824
                        ],
                        [
                            83.81057739257807,
                            29.299573451627978
                        ],
                        [
                            83.79135131835938,
                            29.270826769181955
                        ],
                        [
                            83.79684448242188,
                            29.25165782147875
                        ],
                        [
                            83.71994018554682,
                            29.242072000357226
                        ],
                        [
                            83.66775512695312,
                            29.201322245238323
                        ],
                        [
                            83.64028930664062,
                            29.161755515328824
                        ],
                        [
                            83.60733032226562,
                            29.176145182559758
                        ],
                        [
                            83.57437133789062,
                            29.178543264303006
                        ],
                        [
                            83.572998046875,
                            29.204918463909035
                        ],
                        [
                            83.52767944335938,
                            29.209713225868185
                        ],
                        [
                            83.5125732421875,
                            29.255252272863007
                        ],
                        [
                            83.48373413085938,
                            29.279212053761196
                        ],
                        [
                            83.46450805664062,
                            29.278014198085398
                        ],
                        [
                            83.4384155273437,
                            29.30915388127933
                        ],
                        [
                            83.44802856445312,
                            29.348663646523626
                        ],
                        [
                            83.41506958007812,
                            29.36302703778376
                        ],
                        [
                            83.42330932617188,
                            29.404908690410327
                        ],
                        [
                            83.3642578125,
                            29.432421529604852
                        ],
                        [
                            83.34915161132812,
                            29.46949226032194
                        ],
                        [
                            83.33953857421875,
                            29.494596993903265
                        ],
                        [
                            83.31893920898438,
                            29.50535426138495
                        ],
                        [
                            83.26675415039062,
                            29.501768632523262
                        ],
                        [
                            83.25027465820307,
                            29.555539728391334
                        ],
                        [
                            83.2846069335937,
                            29.561512529746743
                        ],
                        [
                            83.2159423828125,
                            29.588982866961384
                        ],
                        [
                            83.2131958007813,
                            29.608088257406806
                        ],
                        [
                            83.1912231445312,
                            29.608088257406806
                        ],
                        [
                            83.16925048828125,
                            29.591371238663804
                        ],
                        [
                            83.15963745117182,
                            29.622414924968727
                        ],
                        [
                            83.12118530273438,
                            29.62360872200976
                        ],
                        [
                            83.08822631835943,
                            29.606894276531495
                        ],
                        [
                            83.04153442382812,
                            29.63196490525779
                        ],
                        [
                            83.03054809570312,
                            29.655835894705685
                        ],
                        [
                            83.00170898437494,
                            29.668962525992505
                        ],
                        [
                            82.9522705078125,
                            29.6653827055043
                        ],
                        [
                            82.94128417968744,
                            29.701175175726206
                        ],
                        [
                            82.89596557617188,
                            29.703560887190708
                        ],
                        [
                            82.8451538085937,
                            29.684473609006872
                        ],
                        [
                            82.81494140624994,
                            29.702368038541767
                        ],
                        [
                            82.82180786132812,
                            29.72025928058346
                        ],
                        [
                            82.76412963867188,
                            29.729799972602226
                        ],
                        [
                            82.7517700195312,
                            29.766761583985765
                        ],
                        [
                            82.69271850585932,
                            29.76556948666697
                        ],
                        [
                            82.69683837890625,
                            29.790600550959457
                        ],
                        [
                            82.73391723632812,
                            29.816816857649936
                        ],
                        [
                            82.70370483398438,
                            29.85136421498196
                        ],
                        [
                            82.63916015625,
                            29.834687671939157
                        ],
                        [
                            82.62680053710932,
                            29.846599772557077
                        ],
                        [
                            82.6446533203125,
                            29.871610558533725
                        ],
                        [
                            82.60208129882812,
                            29.893043385434165
                        ],
                        [
                            82.56088256835938,
                            29.956124387148986
                        ],
                        [
                            82.52792358398443,
                            29.97040132622359
                        ],
                        [
                            82.49908447265625,
                            29.947795225672394
                        ],
                        [
                            82.47299194335932,
                            29.973970240516614
                        ],
                        [
                            82.37960815429682,
                            30.0286775329042
                        ],
                        [
                            82.36587524414062,
                            30.00965233044293
                        ],
                        [
                            82.33428955078125,
                            30.047699084516957
                        ],
                        [
                            82.298583984375,
                            30.036999911042617
                        ],
                        [
                            82.26974487304688,
                            30.061962851517574
                        ],
                        [
                            82.23953247070312,
                            30.06909396443887
                        ],
                        [
                            82.17361450195312,
                            30.063151406016434
                        ],
                        [
                            82.166748046875,
                            30.08216633691056
                        ],
                        [
                            82.18460083007818,
                            30.110681880126073
                        ],
                        [
                            82.1722412109375,
                            30.12612436422458
                        ],
                        [
                            82.20657348632812,
                            30.151064813970038
                        ],
                        [
                            82.17910766601562,
                            30.16531366911364
                        ],
                        [
                            82.18460083007818,
                            30.186683090607737
                        ],
                        [
                            82.14202880859375,
                            30.19617912354204
                        ],
                        [
                            82.1337890625,
                            30.22466172703242
                        ],
                        [
                            82.10357666015625,
                            30.232967599863763
                        ],
                        [
                            82.11868286132812,
                            30.262625702860728
                        ],
                        [
                            82.11593627929688,
                            30.294646395871705
                        ],
                        [
                            82.1200561523438,
                            30.311245603935003
                        ],
                        [
                            82.10494995117188,
                            30.346805868962075
                        ],
                        [
                            82.0596313476563,
                            30.36221130643335
                        ],
                        [
                            82.05825805664068,
                            30.337324394179017
                        ],
                        [
                            82.01568603515625,
                            30.344435586368462
                        ],
                        [
                            81.99508666992193,
                            30.323100460201648
                        ],
                        [
                            81.95526123046875,
                            30.35391637229704
                        ],
                        [
                            81.92916870117188,
                            30.34562073484083
                        ],
                        [
                            81.8646240234375,
                            30.37761431777479
                        ],
                        [
                            81.80419921875,
                            30.383537906740475
                        ],
                        [
                            81.7327880859375,
                            30.397753055276908
                        ],
                        [
                            81.69708251953125,
                            30.420256142845158
                        ],
                        [
                            81.61880493164062,
                            30.44512194010915
                        ]
                    ]
                ]
            },
            "properties": {}
        }
    ]
}