{
    "type": "FeatureCollection",
    "features": [
        {
            "type": "Feature",
            "geometry": {
                "type": "Polygon",
                "coordinates": [
                    [
                        [
                            11.994242488392556,
                            23.520615520405308
                        ],
                        [
                            8.98956298828125,
                            21.777354799786696
                        ],
                        [
                            7.4542236328125,
                            20.84597837877989
                        ],
                        [
                            6.4105224609375,
                            19.97851146065698
                        ],
                        [
                            5.80352783203125,
                            19.45364383358209
                        ],
                        [
                            4.223691122839,
                            19.125909088762118
                        ],
                        [
                            4.251201560024242,
                            16.991928153752625
                        ],
                        [
                            4.065748565516515,
                            16.9101232071193
                        ],
                        [
                            4.061175750526161,
                            16.333293393863194
                        ],
                        [
                            3.989239851308924,
                            16.03565876862508
                        ],
                        [
                            3.9946805387314726,
                            15.983307525605452
                        ],
                        [
                            3.9201838361227317,
                            15.90713639435549
                        ],
                        [
                            3.8905728047460286,
                            15.72891456940687
                        ],
                        [
                            3.859417933272212,
                            15.677440342558754
                        ],
                        [
                            3.8124599227912483,
                            15.659613912187037
                        ],
                        [
                            3.7356916681933967,
                            15.65832595541181
                        ],
                        [
                            3.596352684946993,
                            15.51888733660638
                        ],
                        [
                            3.537431447462822,
                            15.482661154807275
                        ],
                        [
                            3.528757252086052,
                            15.344723561541489
                        ],
                        [
                            3.505598655938215,
                            15.3365480813382
                        ],
                        [
                            3.249293784408195,
                            15.34000217197062
                        ],
                        [
                            3.0047607421875,
                            15.342464595142463
                        ],
                        [
                            2.6975516815201104,
                            15.369467161596072
                        ],
                        [
                            1.8982167571072068,
                            15.308668776297932
                        ],
                        [
                            1.3239885813408137,
                            15.268222402363534
                        ],
                        [
                            0.949712880682739,
                            14.975137622638359
                        ],
                        [
                            0.723417157761716,
                            14.961161060584434
                        ],
                        [
                            0.7017691527157978,
                            14.94718449853051
                        ],
                        [
                            0.5103383713489791,
                            14.998359874863615
                        ],
                        [
                            0.40475820039372934,
                            14.970738540846535
                        ],
                        [
                            0.2362060546875,
                            14.992545765529064
                        ],
                        [
                            0.243072509765625,
                            14.926208323277042
                        ],
                        [
                            0.237579345703125,
                            14.886396022031704
                        ],
                        [
                            0.2032470703125,
                            14.859850400601037
                        ],
                        [
                            0.19775390625005684,
                            14.831973985706497
                        ],
                        [
                            0.237579345703125,
                            14.750979288703963
                        ],
                        [
                            0.16754150390630684,
                            14.521109472004234
                        ],
                        [
                            0.38589477539068184,
                            14.043337402630902
                        ],
                        [
                            0.41748046875005684,
                            14.019355706886051
                        ],
                        [
                            0.421600341796875,
                            13.98204586611312
                        ],
                        [
                            0.46966552734375,
                            13.951393970006746
                        ],
                        [
                            0.45867919921875,
                            13.916739094869909
                        ],
                        [
                            0.487518310546875,
                            13.902075852500495
                        ],
                        [
                            0.5136108398438068,
                            13.856747234606724
                        ],
                        [
                            0.591888427734375,
                            13.786070282731187
                        ],
                        [
                            0.6207275390625,
                            13.776733989059599
                        ],
                        [
                            0.597381591796875,
                            13.718040182171304
                        ],
                        [
                            0.627593994140625,
                            13.686019186915203
                        ],
                        [
                            0.7855224609375,
                            13.686019186915203
                        ],
                        [
                            0.76904296875,
                            13.652659349024093
                        ],
                        [
                            0.8294677734375,
                            13.629971963355146
                        ],
                        [
                            0.866546630859375,
                            13.629971963355146
                        ],
                        [
                            0.97503662109375,
                            13.577916205327195
                        ],
                        [
                            1.017608642578125,
                            13.535195253553189
                        ],
                        [
                            1.014862060546875,
                            13.488460431671312
                        ],
                        [
                            1.06842041015625,
                            13.449730364019857
                        ],
                        [
                            1.190643310546875,
                            13.392291500938896
                        ],
                        [
                            1.251068115234375,
                            13.393627444410125
                        ],
                        [
                            1.285400390625,
                            13.354882075144726
                        ],
                        [
                            1.248321533203125,
                            13.344192601902693
                        ],
                        [
                            1.209869384765625,
                            13.38026767603707
                        ],
                        [
                            1.20025634765625,
                            13.338847687855717
                        ],
                        [
                            1.175537109375,
                            13.32281223653766
                        ],
                        [
                            1.10687255859375,
                            13.342856384476994
                        ],
                        [
                            0.992889404296875,
                            13.372251459272825
                        ],
                        [
                            0.992889404296875,
                            13.103555050321653
                        ],
                        [
                            1.866302490234375,
                            12.606835950346987
                        ],
                        [
                            1.923980712890625,
                            12.700631471568247
                        ],
                        [
                            1.9459533691406818,
                            12.696612371311604
                        ],
                        [
                            1.987152099609375,
                            12.722065599409607
                        ],
                        [
                            2.088775634765625,
                            12.724744738173946
                        ],
                        [
                            2.15057373046875,
                            12.695272657109957
                        ],
                        [
                            2.157440185546875,
                            12.651058133703483
                        ],
                        [
                            2.195892333984432,
                            12.63229814149352
                        ],
                        [
                            2.22198486328125,
                            12.600134952877136
                        ],
                        [
                            2.226104736328182,
                            12.518368703890955
                        ],
                        [
                            2.259063720703182,
                            12.478146277572003
                        ],
                        [
                            2.26318359375,
                            12.417800925992982
                        ],
                        [
                            2.21649169921875,
                            12.41645975895561
                        ],
                        [
                            2.165679931640682,
                            12.413777404146
                        ],
                        [
                            2.11761474609375,
                            12.385611010840098
                        ],
                        [
                            2.088775634765625,
                            12.39231757103369
                        ],
                        [
                            2.061309814453125,
                            12.357441576501873
                        ],
                        [
                            2.396392822265625,
                            11.895572163340905
                        ],
                        [
                            2.406005859375,
                            11.902291077727055
                        ],
                        [
                            2.4021942255983504,
                            11.899203945050893
                        ],
                        [
                            2.41424560546875,
                            11.906994218992697
                        ],
                        [
                            2.3929595947265625,
                            11.933195943594898
                        ],
                        [
                            2.4114990234375,
                            11.956036406986875
                        ],
                        [
                            2.4362182617187496,
                            11.9580516494836
                        ],
                        [
                            2.4382781982421875,
                            11.977531552647788
                        ],
                        [
                            2.454757690429687,
                            11.983576754272802
                        ],
                        [
                            2.4629974365234375,
                            11.982233387831068
                        ],
                        [
                            2.4513244628906246,
                            12.019845118815587
                        ],
                        [
                            2.4121856689453125,
                            12.08229583736359
                        ],
                        [
                            2.3929595947265625,
                            12.113180059816095
                        ],
                        [
                            2.3902130126953125,
                            12.160170932131832
                        ],
                        [
                            2.382659912109375,
                            12.189703804004086
                        ],
                        [
                            2.3874664306640625,
                            12.240707379385771
                        ],
                        [
                            2.3819732666015625,
                            12.254798737655632
                        ],
                        [
                            2.45269775390625,
                            12.260837660820478
                        ],
                        [
                            2.46917724609375,
                            12.257482720579121
                        ],
                        [
                            2.4726104736328125,
                            12.270902225352646
                        ],
                        [
                            2.5014495849609375,
                            12.270902225352646
                        ],
                        [
                            2.5179290771484375,
                            12.291030200567242
                        ],
                        [
                            2.550201416015625,
                            12.276269835896835
                        ],
                        [
                            2.5824737548828125,
                            12.281637337022117
                        ],
                        [
                            2.596893310546875,
                            12.296397400559249
                        ],
                        [
                            2.6374053955078125,
                            12.294384713402073
                        ],
                        [
                            2.6758575439453125,
                            12.307131471736984
                        ],
                        [
                            2.6930236816406246,
                            12.281637337022117
                        ],
                        [
                            2.7335357666015625,
                            12.366161011703085
                        ],
                        [
                            2.7568817138671875,
                            12.350063365787124
                        ],
                        [
                            2.769927978515625,
                            12.362807417197136
                        ],
                        [
                            2.791900634765625,
                            12.392988217568007
                        ],
                        [
                            2.841339111328125,
                            12.407742004767519
                        ],
                        [
                            2.9175567626953125,
                            12.334635525817879
                        ],
                        [
                            2.9443359375,
                            12.290359292865125
                        ],
                        [
                            3.0109405517578125,
                            12.268889343198195
                        ],
                        [
                            3.055572509765625,
                            12.189703804004086
                        ],
                        [
                            3.131103515625,
                            12.12459289055143
                        ],
                        [
                            3.16680908203125,
                            12.113180059816095
                        ],
                        [
                            3.2086944580078125,
                            12.0473789469445
                        ],
                        [
                            3.233413696289062,
                            12.043349782467887
                        ],
                        [
                            3.2560729980468746,
                            12.006412960343539
                        ],
                        [
                            3.27392578125,
                            11.94125750353864
                        ],
                        [
                            3.319244384765625,
                            11.88818116581404
                        ],
                        [
                            3.3597564697265625,
                            11.88616540437571
                        ],
                        [
                            3.3789825439453125,
                            11.892884551107446
                        ],
                        [
                            3.4222412109375,
                            11.868694846891486
                        ],
                        [
                            3.4442138671875,
                            11.855927192900491
                        ],
                        [
                            3.47442626953125,
                            11.863991043899038
                        ],
                        [
                            3.525238037109375,
                            11.81089965027739
                        ],
                        [
                            3.528671264648437,
                            11.779980931570627
                        ],
                        [
                            3.560943603515625,
                            11.773931209736451
                        ],
                        [
                            3.5520172119140625,
                            11.724856329545043
                        ],
                        [
                            3.5815429687499996,
                            11.712081983108504
                        ],
                        [
                            3.6115960577401154,
                            11.69488739528181
                        ],
                        [
                            3.681793212890625,
                            11.757125728454792
                        ],
                        [
                            3.66943359375,
                            11.812243863321994
                        ],
                        [
                            3.626861572265625,
                            11.83106215311581
                        ],
                        [
                            3.618621826171875,
                            11.919759477716728
                        ],
                        [
                            3.679046630859375,
                            11.973501343052307
                        ],
                        [
                            3.673553466796875,
                            12.028575662342247
                        ],
                        [
                            3.632354736328125,
                            12.123921561081428
                        ],
                        [
                            3.6474609375,
                            12.2165490163053
                        ],
                        [
                            3.66943359375,
                            12.25278573254063
                        ],
                        [
                            3.651580810546875,
                            12.41645975895561
                        ],
                        [
                            3.658447265625,
                            12.529093626349596
                        ],
                        [
                            3.945465087890625,
                            12.747516274952726
                        ],
                        [
                            3.974304199218807,
                            12.806444855044726
                        ],
                        [
                            4.058074951171875,
                            12.905520920167197
                        ],
                        [
                            4.113006591796875,
                            13.0206140544476
                        ],
                        [
                            4.14459228515625,
                            13.227914108324223
                        ],
                        [
                            4.14459228515625,
                            13.321475900935894
                        ],
                        [
                            4.140472412109375,
                            13.47777690149573
                        ],
                        [
                            4.229736328125,
                            13.479112368885975
                        ],
                        [
                            4.46868896484375,
                            13.684684884129839
                        ],
                        [
                            4.83673095703125,
                            13.768731154711025
                        ],
                        [
                            4.8724365234375,
                            13.782069059707721
                        ],
                        [
                            4.908142089843807,
                            13.747388924343081
                        ],
                        [
                            4.945220947265625,
                            13.73538306480221
                        ],
                        [
                            4.997406005859375,
                            13.73671707957242
                        ],
                        [
                            5.07293701171875,
                            13.751390740782975
                        ],
                        [
                            5.123748779296875,
                            13.747388924343081
                        ],
                        [
                            5.20477294921875,
                            13.734049042440066
                        ],
                        [
                            5.2789306640625,
                            13.75806028283862
                        ],
                        [
                            5.348968505859375,
                            13.834079606106068
                        ],
                        [
                            5.44921875,
                            13.870080100685891
                        ],
                        [
                            5.532989501953182,
                            13.884745368558871
                        ],
                        [
                            5.6689453125,
                            13.826078739152402
                        ],
                        [
                            6.08642578125,
                            13.683350573778403
                        ],
                        [
                            6.156463623046932,
                            13.643317748386771
                        ],
                        [
                            6.23199462890625,
                            13.674010189525353
                        ],
                        [
                            6.280059814453182,
                            13.675344552820276
                        ],
                        [
                            6.414642333984375,
                            13.609951872617723
                        ],
                        [
                            6.697540283203125,
                            13.338847687855717
                        ],
                        [
                            6.81427001953125,
                            13.147689682024183
                        ],
                        [
                            6.9378662109375,
                            13.005895810808672
                        ],
                        [
                            7.0477294921875,
                            13.001881592751694
                        ],
                        [
                            7.124633789062557,
                            13.024627969202392
                        ],
                        [
                            7.22625732421875,
                            13.131641642380112
                        ],
                        [
                            7.285308837890625,
                            13.116930018103586
                        ],
                        [
                            7.38555908203125,
                            13.099542418228534
                        ],
                        [
                            7.437744140625,
                            13.11425508272477
                        ],
                        [
                            7.724761962890625,
                            13.296084123052033
                        ],
                        [
                            7.822265625,
                            13.341520159660119
                        ],
                        [
                            8.028259277343807,
                            13.31479411223821
                        ],
                        [
                            8.065338134765625,
                            13.31479411223821
                        ],
                        [
                            8.144989013671875,
                            13.277372689908319
                        ],
                        [
                            8.188934326171875,
                            13.234598287767266
                        ],
                        [
                            8.26171875,
                            13.205186527631493
                        ],
                        [
                            8.419647216796875,
                            13.06075027268141
                        ],
                        [
                            8.493804931640682,
                            13.078140609755359
                        ],
                        [
                            8.6077880859375,
                            13.0206140544476
                        ],
                        [
                            8.642120361328125,
                            12.941660539489433
                        ],
                        [
                            8.979949951171875,
                            12.833226023521243
                        ],
                        [
                            9.0087890625,
                            12.838581915230744
                        ],
                        [
                            9.177703857421875,
                            12.831887032771121
                        ],
                        [
                            9.328765869140625,
                            12.813140414175562
                        ],
                        [
                            9.386444091796875,
                            12.818496733360389
                        ],
                        [
                            9.656982421875,
                            12.81046221187237
                        ],
                        [
                            9.795684814453125,
                            12.94969085521958
                        ],
                        [
                            9.842376708984375,
                            13.025965926333539
                        ],
                        [
                            9.89044189453125,
                            13.056736944013103
                        ],
                        [
                            10.009918212890625,
                            13.185131022955924
                        ],
                        [
                            10.204925537109375,
                            13.27202630119995
                        ],
                        [
                            10.325775146484375,
                            13.274031210758144
                        ],
                        [
                            10.464820861816406,
                            13.287730982994756
                        ],
                        [
                            10.65639495849615,
                            13.360560665265373
                        ],
                        [
                            10.809860229492188,
                            13.367575209688894
                        ],
                        [
                            10.940666198730469,
                            13.368577270807366
                        ],
                        [
                            11.116104125976562,
                            13.373921526424207
                        ],
                        [
                            11.271286010742188,
                            13.37826364685014
                        ],
                        [
                            11.460113525390625,
                            13.379933672330377
                        ],
                        [
                            11.590919494628906,
                            13.346530964610675
                        ],
                        [
                            11.678810119628906,
                            13.29909118303323
                        ],
                        [
                            11.883773803710938,
                            13.255652253939262
                        ],
                        [
                            11.918792724609375,
                            13.237271908200585
                        ],
                        [
                            12.009773254394588,
                            13.172428352471007
                        ],
                        [
                            12.038955688476562,
                            13.14066879379358
                        ],
                        [
                            12.088394165039062,
                            13.120273646404849
                        ],
                        [
                            12.145042419433594,
                            13.105561341839673
                        ],
                        [
                            12.145385742187557,
                            13.110242625106448
                        ],
                        [
                            12.155685424804688,
                            13.110576999074475
                        ],
                        [
                            12.157745361328125,
                            13.101214356215575
                        ],
                        [
                            12.165298461914062,
                            13.09920802926871
                        ],
                        [
                            12.170791625976562,
                            13.10522696105573
                        ],
                        [
                            12.175598144531307,
                            13.099876806734228
                        ],
                        [
                            12.175941467285156,
                            13.110242625106448
                        ],
                        [
                            12.181434631347656,
                            13.107901994605713
                        ],
                        [
                            12.186927795410156,
                            13.110911372588026
                        ],
                        [
                            12.176284790039062,
                            13.118601837938455
                        ],
                        [
                            12.179031372070312,
                            13.126292062732247
                        ],
                        [
                            12.1807479858399,
                            13.118601837938455
                        ],
                        [
                            12.186241149902344,
                            13.123282872991561
                        ],
                        [
                            12.193107604980469,
                            13.122614159156244
                        ],
                        [
                            12.200660705566406,
                            13.129301215619071
                        ],
                        [
                            12.211647033691406,
                            13.115258186901608
                        ],
                        [
                            12.225723266601562,
                            13.112917604124652
                        ],
                        [
                            12.232589721679688,
                            13.10723323894436
                        ],
                        [
                            12.238082885742188,
                            13.1155925540513
                        ],
                        [
                            12.257652282714844,
                            13.11659565277252
                        ],
                        [
                            12.269325256347656,
                            13.106898860432123
                        ],
                        [
                            12.270698547363281,
                            13.082153590400935
                        ],
                        [
                            12.285118103027344,
                            13.080147108241142
                        ],
                        [
                            12.290611267089844,
                            13.081819177841483
                        ],
                        [
                            12.277565002441406,
                            13.089176149359496
                        ],
                        [
                            12.285804748535156,
                            13.093523347481069
                        ],
                        [
                            12.295074462890625,
                            13.09920802926871
                        ],
                        [
                            12.3070907592774,
                            13.095864114695974
                        ],
                        [
                            12.311553955078125,
                            13.097536077658091
                        ],
                        [
                            12.3211669921875,
                            13.085163283024313
                        ],
                        [
                            12.334556579589844,
                            13.085832098617304
                        ],
                        [
                            12.331466674804688,
                            13.07345871647836
                        ],
                        [
                            12.341423034667969,
                            13.071117736521623
                        ],
                        [
                            12.33730316162115,
                            13.085497691047646
                        ],
                        [
                            12.34657287597662,
                            13.087838534507494
                        ],
                        [
                            12.356185913085938,
                            13.078475027303307
                        ],
                        [
                            12.355499267578125,
                            13.084160056232422
                        ],
                        [
                            12.359619140625,
                            13.082822414159136
                        ],
                        [
                            12.359619140625,
                            13.087504129660099
                        ],
                        [
                            12.37060546875,
                            13.090848157714122
                        ],
                        [
                            12.368888854980526,
                            13.075130831420575
                        ],
                        [
                            12.375068664550781,
                            13.07947827722643
                        ],
                        [
                            12.390518188476562,
                            13.075465253049048
                        ],
                        [
                            12.403564453125,
                            13.082822414159136
                        ],
                        [
                            12.4200439453125,
                            13.075799674224164
                        ],
                        [
                            12.425880432128906,
                            13.076134094945925
                        ],
                        [
                            12.435150146484375,
                            13.073124292130016
                        ],
                        [
                            12.447853088378963,
                            13.075799674224164
                        ],
                        [
                            12.468109130859375,
                            13.067104576360668
                        ],
                        [
                            12.473602294921875,
                            13.053726904726465
                        ],
                        [
                            12.482185363769531,
                            13.072455442073528
                        ],
                        [
                            12.477378845214844,
                            13.082488002506816
                        ],
                        [
                            12.481498718261719,
                            13.088507342841034
                        ],
                        [
                            12.4969482421875,
                            13.085832098617304
                        ],
                        [
                            12.489738464355469,
                            13.093188950348846
                        ],
                        [
                            12.495918273925781,
                            13.097870468888376
                        ],
                        [
                            12.489051818847656,
                            13.102217513557752
                        ],
                        [
                            12.496261596679688,
                            13.114589451238322
                        ],
                        [
                            12.48870849609375,
                            13.113920713756611
                        ],
                        [
                            12.489738464355469,
                            13.12395158500732
                        ],
                        [
                            12.502784729003906,
                            13.145015081626015
                        ],
                        [
                            12.512397766113281,
                            13.141671790125965
                        ],
                        [
                            12.509651184082088,
                            13.146352385470161
                        ],
                        [
                            12.515144348144531,
                            13.153373111032465
                        ],
                        [
                            12.5244140625,
                            13.148692649655153
                        ],
                        [
                            12.529563903808594,
                            13.15437605541853
                        ],
                        [
                            12.5299072265625,
                            13.149695613184747
                        ],
                        [
                            12.534027099609375,
                            13.151367209952493
                        ],
                        [
                            12.534713745117244,
                            13.142340452070176
                        ],
                        [
                            12.541580200195312,
                            13.143009112192374
                        ],
                        [
                            12.540206909179688,
                            13.151701527938698
                        ],
                        [
                            12.550163269042969,
                            13.160059329429641
                        ],
                        [
                            12.551193237304688,
                            13.169754022042632
                        ],
                        [
                            12.548789978027344,
                            13.184796750603375
                        ],
                        [
                            12.56011962890625,
                            13.19749877872282
                        ],
                        [
                            12.554283142089844,
                            13.203849545203568
                        ],
                        [
                            12.552566528320312,
                            13.195827496946116
                        ],
                        [
                            12.540206909179688,
                            13.197164523281993
                        ],
                        [
                            12.53265380859375,
                            13.208863191560457
                        ],
                        [
                            12.535743713378906,
                            13.218221722564119
                        ],
                        [
                            12.547760009765682,
                            13.204518037332544
                        ],
                        [
                            12.555656433105526,
                            13.216550582638448
                        ],
                        [
                            12.550163269042969,
                            13.22624303481913
                        ],
                        [
                            12.564239501953125,
                            13.226911465595856
                        ],
                        [
                            12.570075988769531,
                            13.234598287767266
                        ],
                        [
                            12.56355285644537,
                            13.238942906068688
                        ],
                        [
                            12.567329406738281,
                            13.249637020870106
                        ],
                        [
                            12.582092285156307,
                            13.258659814691377
                        ],
                        [
                            12.576942443847656,
                            13.26266983782816
                        ],
                        [
                            12.580375671386719,
                            13.26534314983734
                        ],
                        [
                            12.577972412109375,
                            13.269018905835457
                        ],
                        [
                            12.577285766601562,
                            13.27469951026642
                        ],
                        [
                            12.583808898925781,
                            13.275033659330937
                        ],
                        [
                            12.586212158203125,
                            13.266345634260022
                        ],
                        [
                            12.58998870849615,
                            13.26534314983734
                        ],
                        [
                            12.591705322265625,
                            13.276704397756692
                        ],
                        [
                            12.58758544921875,
                            13.276036103765776
                        ],
                        [
                            12.580032348632812,
                            13.285057917424965
                        ],
                        [
                            12.58758544921875,
                            13.28372137359754
                        ],
                        [
                            12.58998870849615,
                            13.288733374990784
                        ],
                        [
                            12.593765258789062,
                            13.282384822409318
                        ],
                        [
                            12.603721618652344,
                            13.282050683462236
                        ],
                        [
                            12.61745452880865,
                            13.278709268693333
                        ],
                        [
                            12.631187438964844,
                            13.282718960896405
                        ],
                        [
                            12.644577026367188,
                            13.304436975330779
                        ],
                        [
                            12.644577026367188,
                            13.287730982994756
                        ],
                        [
                            12.653160095214844,
                            13.289735762844929
                        ],
                        [
                            12.664146423339844,
                            13.286728586857123
                        ],
                        [
                            12.667236328125,
                            13.275367807935659
                        ],
                        [
                            12.673416137695312,
                            13.27469951026642
                        ],
                        [
                            12.694015502929688,
                            13.302098205710504
                        ],
                        [
                            12.682342529296875,
                            13.320473644391292
                        ],
                        [
                            12.703628540039062,
                            13.318803207592538
                        ],
                        [
                            12.704315185546932,
                            13.309782649685596
                        ],
                        [
                            12.714614868164062,
                            13.305773404978337
                        ],
                        [
                            12.721481323242244,
                            13.313123636245049
                        ],
                        [
                            12.711181640625,
                            13.3171327592644
                        ],
                        [
                            12.709121704101562,
                            13.323146319284875
                        ],
                        [
                            12.739334106445312,
                            13.326821199055075
                        ],
                        [
                            12.741050720214844,
                            13.334838924732628
                        ],
                        [
                            12.733497619628906,
                            13.339181748447748
                        ],
                        [
                            12.7386474609375,
                            13.350539533718363
                        ],
                        [
                            12.760276794433594,
                            13.368577270807366
                        ],
                        [
                            12.761993408203125,
                            13.381937687623081
                        ],
                        [
                            12.766799926757812,
                            13.390287571826326
                        ],
                        [
                            12.781219482421875,
                            13.384275684388783
                        ],
                        [
                            12.775382995605526,
                            13.379599668160571
                        ],
                        [
                            12.781562805175781,
                            13.37692761813039
                        ],
                        [
                            12.795295715332031,
                            13.378597652872402
                        ],
                        [
                            12.780532836914062,
                            13.397301250708999
                        ],
                        [
                            12.797698974609432,
                            13.40531663331801
                        ],
                        [
                            12.811775207519531,
                            13.405984569808105
                        ],
                        [
                            12.822074890136719,
                            13.411327994909957
                        ],
                        [
                            12.819328308105469,
                            13.402978840988796
                        ],
                        [
                            12.825851440429688,
                            13.402310896148283
                        ],
                        [
                            12.829971313476562,
                            13.40631853735722
                        ],
                        [
                            12.823448181152344,
                            13.42368421029323
                        ],
                        [
                            12.813148498535156,
                            13.43169871269615
                        ],
                        [
                            12.827224731445312,
                            13.435038009690745
                        ],
                        [
                            12.833747863769531,
                            13.4380433372371
                        ],
                        [
                            12.83203125,
                            13.442718216330567
                        ],
                        [
                            12.837867736816406,
                            13.456074511280972
                        ],
                        [
                            12.838554382324276,
                            13.440380788178121
                        ],
                        [
                            12.846794128417969,
                            13.44505562169079
                        ],
                        [
                            12.855720520019531,
                            13.440380788178121
                        ],
                        [
                            12.853317260742188,
                            13.45340331186262
                        ],
                        [
                            12.856063842773438,
                            13.46508958930154
                        ],
                        [
                            12.856063842773438,
                            13.472434957338379
                        ],
                        [
                            12.842674255371094,
                            13.478110769042724
                        ],
                        [
                            12.850570678710938,
                            13.478444636123436
                        ],
                        [
                            12.85675048828125,
                            13.488460431671312
                        ],
                        [
                            12.855033874511719,
                            13.482784865736303
                        ],
                        [
                            12.859497070312557,
                            13.481449418865457
                        ],
                        [
                            12.874259948730469,
                            13.472434957338379
                        ],
                        [
                            12.874259948730469,
                            13.478778502737853
                        ],
                        [
                            12.866020202636719,
                            13.489128136446114
                        ],
                        [
                            12.872200012207031,
                            13.501146503132595
                        ],
                        [
                            12.891082763671932,
                            13.499477321719816
                        ],
                        [
                            12.891082763671932,
                            13.491131239570988
                        ],
                        [
                            12.898979187011776,
                            13.492132784833148
                        ],
                        [
                            12.90069580078125,
                            13.48679116156879
                        ],
                        [
                            12.919578552246094,
                            13.48979583935439
                        ],
                        [
                            12.931938171386776,
                            13.504818661141258
                        ],
                        [
                            12.943611145019531,
                            13.509158411368213
                        ],
                        [
                            12.948074340820312,
                            13.49814196818418
                        ],
                        [
                            12.957687377929688,
                            13.497808128632938
                        ],
                        [
                            12.951164245605469,
                            13.510159880976083
                        ],
                        [
                            12.955970764160156,
                            13.521175769019486
                        ],
                        [
                            12.96352386474615,
                            13.514499534006687
                        ],
                        [
                            12.968673706054744,
                            13.520174345690773
                        ],
                        [
                            12.973823547363281,
                            13.516168610292414
                        ],
                        [
                            12.975196838378906,
                            13.522177188139281
                        ],
                        [
                            12.983436584472656,
                            13.516502424147102
                        ],
                        [
                            12.997169494628906,
                            13.518505297457194
                        ],
                        [
                            12.995452880859375,
                            13.51149516724426
                        ],
                        [
                            13.00300598144537,
                            13.509158411368213
                        ],
                        [
                            13.008499145507812,
                            13.524180013750938
                        ],
                        [
                            13.023605346679688,
                            13.535862827464362
                        ],
                        [
                            13.036308288574219,
                            13.529854594863627
                        ],
                        [
                            13.04351806640625,
                            13.5208419617109
                        ],
                        [
                            13.041801452636719,
                            13.542538463573804
                        ],
                        [
                            13.050384521484375,
                            13.539200668930816
                        ],
                        [
                            13.056221008300781,
                            13.545542438709584
                        ],
                        [
                            13.06549072265625,
                            13.54921391234664
                        ],
                        [
                            13.073043823242188,
                            13.534861465895444
                        ],
                        [
                            13.068580627441406,
                            13.532191147782868
                        ],
                        [
                            13.065147399902344,
                            13.536196613717765
                        ],
                        [
                            13.061027526855469,
                            13.533860100113651
                        ],
                        [
                            13.061027526855469,
                            13.52818561445446
                        ],
                        [
                            13.078880310058594,
                            13.521509575860428
                        ],
                        [
                            13.086090087890625,
                            13.522177188139281
                        ],
                        [
                            13.089179992675781,
                            13.516502424147102
                        ],
                        [
                            13.092269897460938,
                            13.521175769019486
                        ],
                        [
                            13.098106384277344,
                            13.52818561445446
                        ],
                        [
                            13.103599548339844,
                            13.539868231605636
                        ],
                        [
                            13.108062744140625,
                            13.536864184820127
                        ],
                        [
                            13.111152648925781,
                            13.529520799717634
                        ],
                        [
                            13.122825622558594,
                            13.521843382233701
                        ],
                        [
                            13.12660217285162,
                            13.524180013750938
                        ],
                        [
                            13.12591552734375,
                            13.530522183751827
                        ],
                        [
                            13.122825622558594,
                            13.540202012240664
                        ],
                        [
                            13.124885559082031,
                            13.544207343333147
                        ],
                        [
                            13.135871887207031,
                            13.541870908391594
                        ],
                        [
                            13.143768310546875,
                            13.548880144358566
                        ],
                        [
                            13.148231506347656,
                            13.548546375901944
                        ],
                        [
                            13.142738342285156,
                            13.54353979283452
                        ],
                        [
                            13.144798278808594,
                            13.540202012240664
                        ],
                        [
                            13.141365051269531,
                            13.534193889175663
                        ],
                        [
                            13.139648437500057,
                            13.518171486407716
                        ],
                        [
                            13.155784606933594,
                            13.516836237534289
                        ],
                        [
                            13.154754638671875,
                            13.522844798547382
                        ],
                        [
                            13.163681030273438,
                            13.533192520585466
                        ],
                        [
                            13.185310363769531,
                            13.535529040742832
                        ],
                        [
                            13.18359375,
                            13.525181420242227
                        ],
                        [
                            13.196296691894588,
                            13.514499534006687
                        ],
                        [
                            13.2000732421875,
                            13.516502424147102
                        ],
                        [
                            13.195610046386719,
                            13.52618282252344
                        ],
                        [
                            13.211746215820312,
                            13.534193889175663
                        ],
                        [
                            13.205909729003906,
                            13.538533104383067
                        ],
                        [
                            13.20831298828125,
                            13.548546375901944
                        ],
                        [
                            13.21380615234375,
                            13.554554136425226
                        ],
                        [
                            13.217926025390625,
                            13.551216510435106
                        ],
                        [
                            13.21998596191412,
                            13.559226734063104
                        ],
                        [
                            13.226165771484375,
                            13.556556689521155
                        ],
                        [
                            13.237838745117188,
                            13.566569201808349
                        ],
                        [
                            13.2275390625,
                            13.577916205327195
                        ],
                        [
                            13.23028564453125,
                            13.589262666136342
                        ],
                        [
                            13.239898681640625,
                            13.589262666136342
                        ],
                        [
                            13.25225830078125,
                            13.58392322279793
                        ],
                        [
                            13.25775146484375,
                            13.597939005012236
                        ],
                        [
                            13.257064819335938,
                            13.601943361934698
                        ],
                        [
                            13.250885009765625,
                            13.602610748172255
                        ],
                        [
                            13.244705200195312,
                            13.615290729190347
                        ],
                        [
                            13.260498046875,
                            13.62129679880869
                        ],
                        [
                            13.25775146484375,
                            13.63330848030983
                        ],
                        [
                            13.27423095703125,
                            13.638646809414787
                        ],
                        [
                            13.26873779296875,
                            13.642650477048813
                        ],
                        [
                            13.288650512695312,
                            13.658664468384856
                        ],
                        [
                            13.294143676757812,
                            13.660666140853907
                        ],
                        [
                            13.295516967773438,
                            13.669339858457658
                        ],
                        [
                            13.303070068359375,
                            13.676011731632284
                        ],
                        [
                            13.309249877929688,
                            13.695359094505406
                        ],
                        [
                            13.333282470703125,
                            13.692690587327043
                        ],
                        [
                            13.336029052734375,
                            13.719374295583568
                        ],
                        [
                            13.3648681640625,
                            13.7153719325982
                        ],
                        [
                            13.643945560014714,
                            13.693312939894085
                        ],
                        [
                            13.476104736328125,
                            14.392118083661728
                        ],
                        [
                            13.46923828125,
                            14.455958231194037
                        ],
                        [
                            13.5955810546875,
                            14.503826315249
                        ],
                        [
                            13.6944580078125,
                            14.550354814393097
                        ],
                        [
                            13.69171142578125,
                            14.615478234145261
                        ],
                        [
                            13.6834716796875,
                            14.638067568954588
                        ],
                        [
                            13.7548828125,
                            14.701836654270553
                        ],
                        [
                            13.77960205078125,
                            14.701836654270553
                        ],
                        [
                            13.8153076171875,
                            14.725745265618256
                        ],
                        [
                            13.789215087890623,
                            14.863832452001848
                        ],
                        [
                            13.860626220703125,
                            15.017748606436102
                        ],
                        [
                            13.915557861328125,
                            15.080079689764347
                        ],
                        [
                            14.302825927734373,
                            15.62832697885264
                        ],
                        [
                            14.442901611328125,
                            15.794896464857334
                        ],
                        [
                            14.83428955078125,
                            16.200168744729854
                        ],
                        [
                            15.228424072265625,
                            16.61250587779105
                        ],
                        [
                            15.505828857421873,
                            16.899171994430837
                        ],
                        [
                            15.529174804687498,
                            17.43582074889461
                        ],
                        [
                            15.590972900390625,
                            18.592887245505036
                        ],
                        [
                            15.603332519531248,
                            18.801018109649718
                        ],
                        [
                            15.751647949218752,
                            19.93720533223859
                        ],
                        [
                            15.997467041015625,
                            20.34848976442647
                        ],
                        [
                            15.6719970703125,
                            20.699600246050323
                        ],
                        [
                            15.579986572265623,
                            20.761250430919652
                        ],
                        [
                            15.548400878906248,
                            20.8588117908677
                        ],
                        [
                            15.582733154296875,
                            20.937071867747825
                        ],
                        [
                            15.622558593749998,
                            20.956309891986706
                        ],
                        [
                            15.281982421875002,
                            21.44795595975583
                        ],
                        [
                            15.203704833984373,
                            21.496519114833735
                        ],
                        [
                            15.194091796874998,
                            22.000355154146256
                        ],
                        [
                            14.997711181640625,
                            23.00264393626796
                        ],
                        [
                            14.23828125,
                            22.61401087437029
                        ],
                        [
                            13.60107421875,
                            23.142885569598484
                        ],
                        [
                            13.4527587890625,
                            23.2060096376488
                        ],
                        [
                            11.994242488392556,
                            23.520615520405308
                        ]
                    ]
                ]
            },
            "properties": {}
        }
    ]
}