{
    "type": "FeatureCollection",
    "features": [
        {
            "type": "Feature",
            "properties": {},
            "geometry": {
                "type": "Polygon",
                "coordinates": [
                    [
                        [
                            -169.82666015625,
                            -18.941361262308543
                        ],
                        [
                            -169.8822784423828,
                            -18.949804087712618
                        ],
                        [
                            -169.92965698242188,
                            -18.998504350283596
                        ],
                        [
                            -169.93995666503906,
                            -19.010839489441842
                        ],
                        [
                            -169.9310302734375,
                            -19.04719036505186
                        ],
                        [
                            -169.94956970214844,
                            -19.061468888907847
                        ],
                        [
                            -169.96261596679688,
                            -19.075746183373056
                        ],
                        [
                            -169.92965698242188,
                            -19.108838815166006
                        ],
                        [
                            -169.93515014648438,
                            -19.137384001472565
                        ],
                        [
                            -169.8973846435547,
                            -19.163978484212958
                        ],
                        [
                            -169.8493194580078,
                            -19.158141038187704
                        ],
                        [
                            -169.8053741455078,
                            -19.119219453414097
                        ],
                        [
                            -169.76348876953125,
                            -19.064064852093956
                        ],
                        [
                            -169.78065490722668,
                            -19.02771767086439
                        ],
                        [
                            -169.78683471679688,
                            -18.964090972944035
                        ],
                        [
                            -169.82666015625,
                            -18.941361262308543
                        ]
                    ]
                ]
            }
        }
    ]
}