{
    "type": "FeatureCollection",
    "features": [
        {
            "type": "Feature",
            "geometry": {
                "type": "Polygon",
                "coordinates": [
                    [
                        [
                            22.300872802734375,
                            42.37376383130166
                        ],
                        [
                            22.276153564453125,
                            42.36158819524632
                        ],
                        [
                            22.256927490234375,
                            42.36666166373274
                        ],
                        [
                            22.256927490234375,
                            42.35448465106744
                        ],
                        [
                            22.240447998046875,
                            42.351440029174164
                        ],
                        [
                            22.243194580078125,
                            42.343320316410804
                        ],
                        [
                            22.229461669921875,
                            42.33722984357811
                        ],
                        [
                            22.193756103515625,
                            42.33519955487233
                        ],
                        [
                            22.16766357421875,
                            42.31590854308647
                        ],
                        [
                            22.14569091796875,
                            42.31590854308647
                        ],
                        [
                            22.134704589843746,
                            42.30778424213693
                        ],
                        [
                            22.11822509765625,
                            42.313877566161864
                        ],
                        [
                            22.0770263671875,
                            42.3016903282445
                        ],
                        [
                            22.049560546875,
                            42.3047373589234
                        ],
                        [
                            22.031707763671875,
                            42.29965889253408
                        ],
                        [
                            21.939697265625,
                            42.34129022434778
                        ],
                        [
                            21.927337646484375,
                            42.30879983710443
                        ],
                        [
                            21.895751953125,
                            42.3016903282445
                        ],
                        [
                            21.884765625,
                            42.30879983710443
                        ],
                        [
                            21.872406005859375,
                            42.31083097788358
                        ],
                        [
                            21.836700439453125,
                            42.32504712815144
                        ],
                        [
                            21.82296752929687,
                            42.29559582449642
                        ],
                        [
                            21.79550170898437,
                            42.29559582449642
                        ],
                        [
                            21.76666259765625,
                            42.26003279710112
                        ],
                        [
                            21.73095703125,
                            42.264098158855845
                        ],
                        [
                            21.70211791992187,
                            42.23665188032057
                        ],
                        [
                            21.589508056640625,
                            42.261049162113856
                        ],
                        [
                            21.52496337890625,
                            42.24376872890019
                        ],
                        [
                            21.512603759765625,
                            42.26613074143641
                        ],
                        [
                            21.4398193359375,
                            42.28035698458569
                        ],
                        [
                            21.435699462890625,
                            42.25596717322461
                        ],
                        [
                            21.4398193359375,
                            42.232584749313325
                        ],
                        [
                            21.42059326171875,
                            42.245801966774025
                        ],
                        [
                            21.3848876953125,
                            42.25088477477567
                        ],
                        [
                            21.346435546875,
                            42.20614200929954
                        ],
                        [
                            21.33270263671875,
                            42.20614200929954
                        ],
                        [
                            21.336822509765625,
                            42.18986405028881
                        ],
                        [
                            21.3189697265625,
                            42.17459965566123
                        ],
                        [
                            21.320343017578125,
                            42.16238548673798
                        ],
                        [
                            21.302490234374996,
                            42.14100501649703
                        ],
                        [
                            21.323089599609375,
                            42.10637370579324
                        ],
                        [
                            21.295623779296875,
                            42.1104489601222
                        ],
                        [
                            21.255798339843746,
                            42.09007006868398
                        ],
                        [
                            21.221466064453125,
                            42.099241380322944
                        ],
                        [
                            21.21734619140625,
                            42.12776586818336
                        ],
                        [
                            21.169281005859375,
                            42.178670521216
                        ],
                        [
                            21.166534423828125,
                            42.20207291264876
                        ],
                        [
                            21.104736328125,
                            42.207159242513335
                        ],
                        [
                            21.073150634765625,
                            42.187829010590825
                        ],
                        [
                            20.998992919921875,
                            42.14813264235833
                        ],
                        [
                            20.938568115234375,
                            42.13795007405908
                        ],
                        [
                            20.889129638671875,
                            42.097203425683055
                        ],
                        [
                            20.853424072265625,
                            42.09618442380296
                        ],
                        [
                            20.832824707031246,
                            42.087012670088214
                        ],
                        [
                            20.7861328125,
                            42.082935909407965
                        ],
                        [
                            20.76416015625,
                            42.047253079589595
                        ],
                        [
                            20.74905395507812,
                            41.99113954535575
                        ],
                        [
                            20.7696533203125,
                            41.95540515378059
                        ],
                        [
                            20.758666992187496,
                            41.94212727375355
                        ],
                        [
                            20.773773193359375,
                            41.918628865183045
                        ],
                        [
                            20.6817626953125,
                            41.85421933478601
                        ],
                        [
                            20.621337890625,
                            41.88489863827785
                        ],
                        [
                            20.5938720703125,
                            41.87703268128893
                        ],
                        [
                            20.5609130859375,
                            41.87365126992505
                        ],
                        [
                            20.56640625,
                            41.79179268262892
                        ],
                        [
                            20.54718017578125,
                            41.785649068644375
                        ],
                        [
                            20.5279541015625,
                            41.76721469421018
                        ],
                        [
                            20.51422119140625,
                            41.73237975329554
                        ],
                        [
                            20.533447265625,
                            41.69547509615208
                        ],
                        [
                            20.516967773437496,
                            41.66060124302088
                        ],
                        [
                            20.55816650390625,
                            41.62776153144345
                        ],
                        [
                            20.555419921875,
                            41.58463401188338
                        ],
                        [
                            20.516967773437496,
                            41.56203190200195
                        ],
                        [
                            20.467529296875,
                            41.5579215778042
                        ],
                        [
                            20.48126220703125,
                            41.529141988723104
                        ],
                        [
                            20.445556640625,
                            41.51474739095224
                        ],
                        [
                            20.470275878906246,
                            41.50446357504803
                        ],
                        [
                            20.49224853515625,
                            41.47771800887871
                        ],
                        [
                            20.50872802734375,
                            41.43654942411456
                        ],
                        [
                            20.54718017578125,
                            41.43449030894922
                        ],
                        [
                            20.55267333984375,
                            41.41183573100123
                        ],
                        [
                            20.55267333984375,
                            41.3850519497068
                        ],
                        [
                            20.533447265625,
                            41.35619553438905
                        ],
                        [
                            20.530700683593746,
                            41.33970040774419
                        ],
                        [
                            20.4949951171875,
                            41.34176252711261
                        ],
                        [
                            20.50048828125,
                            41.31907562295139
                        ],
                        [
                            20.51422119140625,
                            41.23444575262552
                        ],
                        [
                            20.53619384765625,
                            41.18898937242474
                        ],
                        [
                            20.5609130859375,
                            41.18072118284585
                        ],
                        [
                            20.5938720703125,
                            41.1290213474951
                        ],
                        [
                            20.58563232421875,
                            41.106260503564485
                        ],
                        [
                            20.591125488281246,
                            41.08763212467916
                        ],
                        [
                            20.67172372369123,
                            41.083933290799095
                        ],
                        [
                            20.72296142578125,
                            40.90936126702326
                        ],
                        [
                            20.82733154296875,
                            40.896905775860006
                        ],
                        [
                            20.83831787109375,
                            40.932190241465634
                        ],
                        [
                            20.9564208984375,
                            40.91973905106219
                        ],
                        [
                            20.98279730253654,
                            40.855510842324534
                        ],
                        [
                            21.119040728961807,
                            40.853719104497145
                        ],
                        [
                            21.159291573915112,
                            40.85887413489233
                        ],
                        [
                            21.179835030055898,
                            40.87473669268956
                        ],
                        [
                            21.20541513398794,
                            40.883043394494536
                        ],
                        [
                            21.246010467479223,
                            40.87328602762266
                        ],
                        [
                            21.259348648207833,
                            40.85904802996346
                        ],
                        [
                            21.316223144531246,
                            40.866795321839284
                        ],
                        [
                            21.356048583984375,
                            40.87821814104651
                        ],
                        [
                            21.41510009765625,
                            40.91662588690404
                        ],
                        [
                            21.4453125,
                            40.91558813293605
                        ],
                        [
                            21.470031738281246,
                            40.906247614146224
                        ],
                        [
                            21.49337768554687,
                            40.914550362677204
                        ],
                        [
                            21.531497783682568,
                            40.90562282841071
                        ],
                        [
                            21.56786061608537,
                            40.86513158136933
                        ],
                        [
                            21.61071276345848,
                            40.87992081055852
                        ],
                        [
                            21.637566407581573,
                            40.89860795408218
                        ],
                        [
                            21.670473467542394,
                            40.89943940984472
                        ],
                        [
                            21.666412353515625,
                            40.91973905106219
                        ],
                        [
                            21.685859794601896,
                            40.941900754270364
                        ],
                        [
                            21.70453245165129,
                            40.944226169219476
                        ],
                        [
                            21.748868573473274,
                            40.92697763541289
                        ],
                        [
                            21.788752771946548,
                            40.93215099965701
                        ],
                        [
                            21.805882695525867,
                            40.95024332878837
                        ],
                        [
                            21.801873505913335,
                            40.979529651112635
                        ],
                        [
                            21.846213045037643,
                            40.996940623595776
                        ],
                        [
                            21.848506641423167,
                            41.00987351695498
                        ],
                        [
                            21.88339233398437,
                            41.02964338716638
                        ],
                        [
                            21.884765625,
                            41.04000226828482
                        ],
                        [
                            21.913604736328125,
                            41.04828819952275
                        ],
                        [
                            21.906738281249996,
                            41.07624551474787
                        ],
                        [
                            21.910858154296875,
                            41.09280720428893
                        ],
                        [
                            21.933138258615955,
                            41.100280837280366
                        ],
                        [
                            21.976525767553625,
                            41.12916417375185
                        ],
                        [
                            22.029522649401855,
                            41.13391311345271
                        ],
                        [
                            22.06501190289978,
                            41.160565862613154
                        ],
                        [
                            22.12646484375,
                            41.12488359929119
                        ],
                        [
                            22.148437499999996,
                            41.126952506008436
                        ],
                        [
                            22.171625591803277,
                            41.15598101171568
                        ],
                        [
                            22.18984503613703,
                            41.16149266202171
                        ],
                        [
                            22.202863781182828,
                            41.16205065767265
                        ],
                        [
                            22.215882526228626,
                            41.17008974886168
                        ],
                        [
                            22.238263517833516,
                            41.162741314829944
                        ],
                        [
                            22.259232136101197,
                            41.16554815991654
                        ],
                        [
                            22.27084776766344,
                            41.16307412239125
                        ],
                        [
                            22.28711752169268,
                            41.15503355409953
                        ],
                        [
                            22.306363226040588,
                            41.14539247644241
                        ],
                        [
                            22.32317271100692,
                            41.15107933408084
                        ],
                        [
                            22.326875848494623,
                            41.12141495308845
                        ],
                        [
                            22.334192639939687,
                            41.120650281993065
                        ],
                        [
                            22.346062840393074,
                            41.13465031581324
                        ],
                        [
                            22.364181333446083,
                            41.13261741164045
                        ],
                        [
                            22.370396025236914,
                            41.137308705286415
                        ],
                        [
                            22.385015548476787,
                            41.13234566269337
                        ],
                        [
                            22.40367386143072,
                            41.137308715446295
                        ],
                        [
                            22.403580818499705,
                            41.12856436301384
                        ],
                        [
                            22.418154959267554,
                            41.118699209575624
                        ],
                        [
                            22.453467709313085,
                            41.12154624972033
                        ],
                        [
                            22.466042637089345,
                            41.11666838654155
                        ],
                        [
                            22.47011484967777,
                            41.11979744121995
                        ],
                        [
                            22.48333907585416,
                            41.11885932290957
                        ],
                        [
                            22.489761129881913,
                            41.12160430818584
                        ],
                        [
                            22.53874177748378,
                            41.13045682498374
                        ],
                        [
                            22.561666611156056,
                            41.13054872352726
                        ],
                        [
                            22.571815268065492,
                            41.11992873336726
                        ],
                        [
                            22.58876609712567,
                            41.11667473021648
                        ],
                        [
                            22.617195235886086,
                            41.132617919990324
                        ],
                        [
                            22.64317984403064,
                            41.16144811554493
                        ],
                        [
                            22.64826712070476,
                            41.18028213122276
                        ],
                        [
                            22.666710952022694,
                            41.186165094990194
                        ],
                        [
                            22.687291844782152,
                            41.159412112231905
                        ],
                        [
                            22.711225790301796,
                            41.13987166262849
                        ],
                        [
                            22.731859235781968,
                            41.14661858245398
                        ],
                        [
                            22.74841437658904,
                            41.16369466147622
                        ],
                        [
                            22.757031753894125,
                            41.27607855004948
                        ],
                        [
                            22.765165976592485,
                            41.29116171438859
                        ],
                        [
                            22.756018498315512,
                            41.30611070005452
                        ],
                        [
                            22.765806305846468,
                            41.324108773165776
                        ],
                        [
                            22.78907251149188,
                            41.32970573987325
                        ],
                        [
                            22.797825330818803,
                            41.33960162149529
                        ],
                        [
                            22.806938185583103,
                            41.34273947885264
                        ],
                        [
                            22.81771129797707,
                            41.334183757389084
                        ],
                        [
                            22.869888485626205,
                            41.338874038381874
                        ],
                        [
                            22.907291556824276,
                            41.34083186665874
                        ],
                        [
                            22.936362105275293,
                            41.338956797182206
                        ],
                        [
                            22.966918945312496,
                            41.35928790538517
                        ],
                        [
                            22.966918945312496,
                            41.408745858020545
                        ],
                        [
                            22.950439453125,
                            41.42728289146282
                        ],
                        [
                            22.973785400390625,
                            41.44993208042259
                        ],
                        [
                            22.96142578125,
                            41.49314949080981
                        ],
                        [
                            22.97515869140625,
                            41.51886045990478
                        ],
                        [
                            22.95867919921875,
                            41.536338086837624
                        ],
                        [
                            22.973785400390625,
                            41.558949183362564
                        ],
                        [
                            22.9559326171875,
                            41.590796851056005
                        ],
                        [
                            22.95318603515625,
                            41.64110468287587
                        ],
                        [
                            22.97515869140625,
                            41.654445072031244
                        ],
                        [
                            23.034210205078125,
                            41.714955194565164
                        ],
                        [
                            23.0108642578125,
                            41.763117447005875
                        ],
                        [
                            22.96966552734375,
                            41.77438424721882
                        ],
                        [
                            22.921600341796875,
                            41.87262868373214
                        ],
                        [
                            22.90374755859375,
                            41.881831370505594
                        ],
                        [
                            22.88177490234375,
                            41.929868314485795
                        ],
                        [
                            22.8680419921875,
                            41.99828401778616
                        ],
                        [
                            22.87078857421875,
                            42.020732852644294
                        ],
                        [
                            22.80899047851562,
                            42.02787400232195
                        ],
                        [
                            22.799377441406246,
                            42.04521345501039
                        ],
                        [
                            22.773284912109375,
                            42.044193618165224
                        ],
                        [
                            22.725219726562496,
                            42.05337156043361
                        ],
                        [
                            22.7142333984375,
                            42.0615286181226
                        ],
                        [
                            22.664794921874996,
                            42.06662624711202
                        ],
                        [
                            22.571411132812496,
                            42.11248648904184
                        ],
                        [
                            22.523345947265625,
                            42.14813264235833
                        ],
                        [
                            22.5054931640625,
                            42.173581898327754
                        ],
                        [
                            22.48764038085937,
                            42.194951362905265
                        ],
                        [
                            22.4615478515625,
                            42.20614200929954
                        ],
                        [
                            22.435455322265625,
                            42.25800001792787
                        ],
                        [
                            22.394256591796875,
                            42.285437007491545
                        ],
                        [
                            22.38189697265625,
                            42.30270602152241
                        ],
                        [
                            22.35988090272627,
                            42.31210063808514
                        ],
                        [
                            22.34344482421875,
                            42.31692400697031
                        ],
                        [
                            22.295379638671875,
                            42.34941019930749
                        ],
                        [
                            22.300872802734375,
                            42.37376383130166
                        ]
                    ]
                ]
            },
            "properties": {}
        }
    ]
}