{
    "type": "FeatureCollection",
    "features": [
        {
            "type": "Feature",
            "properties": {},
            "geometry": {
                "coordinates": [
                    [
                        [
                            55.96061444098763,
                            25.00575584545328
                        ],
                        [
                            55.91058776863865,
                            24.96622103187054
                        ],
                        [
                            55.85159606939547,
                            24.965593363891923
                        ],
                        [
                            55.81241864015734,
                            24.910698730318135
                        ],
                        [
                            55.81549670409902,
                            24.798947483846888
                        ],
                        [
                            55.83242980960648,
                            24.779389406479606
                        ],
                        [
                            55.82797720337244,
                            24.721979292516878
                        ],
                        [
                            55.83710797122373,
                            24.670990716882134
                        ],
                        [
                            55.79470043941947,
                            24.637140071310487
                        ],
                        [
                            55.816613281240905,
                            24.615768061738482
                        ],
                        [
                            55.767658325212125,
                            24.572679876393067
                        ],
                        [
                            55.76545507814438,
                            24.52933196106983
                        ],
                        [
                            55.78769067379649,
                            24.484901055287708
                        ],
                        [
                            55.82133630367875,
                            24.440221301800417
                        ],
                        [
                            55.82775787351649,
                            24.41051751522236
                        ],
                        [
                            55.83526611328124,
                            24.409013748299138
                        ],
                        [
                            55.83496453858464,
                            24.32659507916756
                        ],
                        [
                            55.80821527099479,
                            24.31022304356742
                        ],
                        [
                            55.79206103518981,
                            24.279668377914014
                        ],
                        [
                            55.769993041981266,
                            24.262662718467066
                        ],
                        [
                            55.75824841307687,
                            24.260021652995107
                        ],
                        [
                            55.75262689207571,
                            24.235419763619106
                        ],
                        [
                            55.77690124511718,
                            24.23506862542461
                        ],
                        [
                            55.80990197755004,
                            24.21179793548622
                        ],
                        [
                            55.833122680642106,
                            24.200915503773828
                        ],
                        [
                            55.86907188423018,
                            24.21540293992061
                        ],
                        [
                            55.95555123940886,
                            24.22344819978506
                        ],
                        [
                            55.95192608667634,
                            24.214266970738823
                        ],
                        [
                            55.96314916996573,
                            24.216716362463224
                        ],
                        [
                            55.9723488674925,
                            24.185697262068643
                        ],
                        [
                            55.96198850633775,
                            24.169795905511485
                        ],
                        [
                            55.97549788671972,
                            24.145926341481832
                        ],
                        [
                            55.99382328806984,
                            24.127438944226068
                        ],
                        [
                            56.01417404187201,
                            24.090968495104363
                        ],
                        [
                            56.017928771967405,
                            24.066141350671767
                        ],
                        [
                            55.95997763055263,
                            24.061166731602555
                        ],
                        [
                            55.90066815173025,
                            24.045774342909713
                        ],
                        [
                            55.832821105945435,
                            24.014624779179588
                        ],
                        [
                            55.802623657209736,
                            24.02560863345973
                        ],
                        [
                            55.78030456544249,
                            24.055697666867818
                        ],
                        [
                            55.75833190919248,
                            24.051135555145976
                        ],
                        [
                            55.73663092042303,
                            24.058977166300636
                        ],
                        [
                            55.59811011458913,
                            24.004259213337477
                        ],
                        [
                            55.57993800313761,
                            23.99023773211823
                        ],
                        [
                            55.496323638421416,
                            23.954753662102977
                        ],
                        [
                            55.48394537354807,
                            23.942371686960065
                        ],
                        [
                            55.497565818831134,
                            23.92617472961006
                        ],
                        [
                            55.50086289981004,
                            23.906501239602225
                        ],
                        [
                            55.5251154480781,
                            23.877834078375002
                        ],
                        [
                            55.536130432141846,
                            23.843354448021696
                        ],
                        [
                            55.531165023797875,
                            23.80722568166399
                        ],
                        [
                            55.53679464723881,
                            23.77086392911178
                        ],
                        [
                            55.53175384522015,
                            23.757307776503605
                        ],
                        [
                            55.56145281981526,
                            23.732803589805705
                        ],
                        [
                            55.57160981752679,
                            23.71375797564781
                        ],
                        [
                            55.57008511352535,
                            23.68749904593189
                        ],
                        [
                            55.572469055155125,
                            23.622042563271407
                        ],
                        [
                            55.53719894803854,
                            23.58458177717244
                        ],
                        [
                            55.52393390693799,
                            23.55559015354029
                        ],
                        [
                            55.498490494661766,
                            23.53446295920549
                        ],
                        [
                            55.48183377280296,
                            23.50915039611789
                        ],
                        [
                            55.44727114969223,
                            23.455683150404102
                        ],
                        [
                            55.43561875511779,
                            23.405874941843727
                        ],
                        [
                            55.41682658674153,
                            23.382383126549314
                        ],
                        [
                            55.401796423987264,
                            23.39233546069057
                        ],
                        [
                            55.28004623491256,
                            23.177286043315654
                        ],
                        [
                            55.23274447963843,
                            23.114202711351005
                        ],
                        [
                            55.2262293650562,
                            23.070902655584398
                        ],
                        [
                            55.23032963917754,
                            23.048714850891432
                        ],
                        [
                            55.2172994100132,
                            23.030178770515278
                        ],
                        [
                            55.21678398045148,
                            22.903572705164162
                        ],
                        [
                            55.225856643914824,
                            22.87695124916683
                        ],
                        [
                            55.218662010706,
                            22.84895747141523
                        ],
                        [
                            55.22602102874869,
                            22.825120285562058
                        ],
                        [
                            55.223107089980125,
                            22.815800618182173
                        ],
                        [
                            55.22823703303898,
                            22.79148054258023
                        ],
                        [
                            55.22069046068472,
                            22.766201249261854
                        ],
                        [
                            55.213365315566364,
                            22.705786887708232
                        ],
                        [
                            55.66497802734375,
                            22.001628438498244
                        ],
                        [
                            54.99755859375,
                            20.00174140284379
                        ],
                        [
                            52.00026241353237,
                            18.999735876382157
                        ],
                        [
                            52.7783203125,
                            17.342773389510878
                        ],
                        [
                            52.74261474609375,
                            17.300821103565585
                        ],
                        [
                            52.8057861328125,
                            17.28770905062193
                        ],
                        [
                            53.1134033203125,
                            16.638823475728422
                        ],
                        [
                            53.2452392578125,
                            16.68092411707004
                        ],
                        [
                            53.49243164062499,
                            16.72301549063354
                        ],
                        [
                            53.690185546875,
                            16.762467717941604
                        ],
                        [
                            53.8055419921875,
                            16.836089974560213
                        ],
                        [
                            54.00329589843749,
                            16.883403464236842
                        ],
                        [
                            54.06097412109375,
                            16.954351461203945
                        ],
                        [
                            54.42626953125,
                            16.99638209145678
                        ],
                        [
                            54.613037109375,
                            16.97274101999902
                        ],
                        [
                            54.744873046875,
                            16.896543997586114
                        ],
                        [
                            54.95361328125,
                            16.92544994794521
                        ],
                        [
                            55.118408203125,
                            17.022646451950358
                        ],
                        [
                            55.25024414062499,
                            17.14079039331665
                        ],
                        [
                            55.294189453125,
                            17.26148214345649
                        ],
                        [
                            55.3271484375,
                            17.397821207326782
                        ],
                        [
                            55.28594970703124,
                            17.476432197195518
                        ],
                        [
                            55.26947021484375,
                            17.54191543208696
                        ],
                        [
                            55.37384033203125,
                            17.625699453900648
                        ],
                        [
                            55.4205322265625,
                            17.704211641574673
                        ],
                        [
                            55.45623779296875,
                            17.785304836705027
                        ],
                        [
                            55.58807373046875,
                            17.840218036768555
                        ],
                        [
                            55.8270263671875,
                            17.85590441431915
                        ],
                        [
                            56.1346435546875,
                            17.868975338932746
                        ],
                        [
                            56.3543701171875,
                            17.889886818625325
                        ],
                        [
                            56.524658203125,
                            18.028363034996826
                        ],
                        [
                            56.60430908203125,
                            18.179778291829212
                        ],
                        [
                            56.67022705078125,
                            18.43010770156968
                        ],
                        [
                            56.69219970703125,
                            18.555136195095105
                        ],
                        [
                            56.832275390625,
                            18.716495813884176
                        ],
                        [
                            57.10418701171875,
                            18.81791748264768
                        ],
                        [
                            57.37335205078125,
                            18.86730590682601
                        ],
                        [
                            57.7606201171875,
                            18.90888487914695
                        ],
                        [
                            57.85675048828125,
                            18.97383132929355
                        ],
                        [
                            57.8485107421875,
                            19.139978773834496
                        ],
                        [
                            57.77984619140625,
                            19.251515342943254
                        ],
                        [
                            57.79632568359374,
                            19.362976133341846
                        ],
                        [
                            57.74688720703125,
                            19.518375478601566
                        ],
                        [
                            57.75787353515624,
                            19.6400007606439
                        ],
                        [
                            57.733154296875,
                            19.735683578629445
                        ],
                        [
                            57.86224365234375,
                            20.035289711352377
                        ],
                        [
                            57.86224365234375,
                            20.17714549791179
                        ],
                        [
                            57.99407958984375,
                            20.321447992849983
                        ],
                        [
                            57.99133300781249,
                            20.390974413170618
                        ],
                        [
                            58.07647705078124,
                            20.424438922512042
                        ],
                        [
                            58.12316894531249,
                            20.52221649818549
                        ],
                        [
                            58.17535400390625,
                            20.4964915991075
                        ],
                        [
                            58.19183349609375,
                            20.37295205137154
                        ],
                        [
                            58.36761474609376,
                            20.31887233939871
                        ],
                        [
                            58.47473144531249,
                            20.32917469591343
                        ],
                        [
                            58.53790283203124,
                            20.393548864321268
                        ],
                        [
                            58.62579345703125,
                            20.601936194281016
                        ],
                        [
                            58.74938964843749,
                            20.712446104478243
                        ],
                        [
                            58.80706787109375,
                            20.8588117908677
                        ],
                        [
                            58.831787109375,
                            20.96656916027155
                        ],
                        [
                            58.9306640625,
                            21.061433986951034
                        ],
                        [
                            59.07623291015624,
                            21.25354187363282
                        ],
                        [
                            59.33990478515624,
                            21.40704812346109
                        ],
                        [
                            59.66400146484375,
                            21.89718120023509
                        ],
                        [
                            59.6942138671875,
                            22.021999432851782
                        ],
                        [
                            59.78759765625,
                            22.13653163760967
                        ],
                        [
                            59.86450195312501,
                            22.268764039073968
                        ],
                        [
                            59.86999511718749,
                            22.44911039888609
                        ],
                        [
                            59.81781005859376,
                            22.560756873100104
                        ],
                        [
                            59.68048095703125,
                            22.568365847961534
                        ],
                        [
                            59.46624755859374,
                            22.641897604526804
                        ],
                        [
                            59.28771972656251,
                            22.897683210648072
                        ],
                        [
                            59.05151367187499,
                            23.163088509987777
                        ],
                        [
                            58.85101318359376,
                            23.417887855721773
                        ],
                        [
                            58.82080078125,
                            23.506070586170942
                        ],
                        [
                            58.67523193359375,
                            23.609295317664763
                        ],
                        [
                            58.54339599609375,
                            23.67219738298302
                        ],
                        [
                            58.42529296875,
                            23.636975950433467
                        ],
                        [
                            58.28796386718749,
                            23.649556122147732
                        ],
                        [
                            58.1451416015625,
                            23.725011735951796
                        ],
                        [
                            57.91717529296875,
                            23.727526171959145
                        ],
                        [
                            57.83752441406251,
                            23.80042370237497
                        ],
                        [
                            57.71392822265625,
                            23.79037129915711
                        ],
                        [
                            57.31842041015625,
                            23.90843786128921
                        ],
                        [
                            56.97509765625,
                            24.1241952831143
                        ],
                        [
                            56.68121337890624,
                            24.467150664739002
                        ],
                        [
                            56.4093017578125,
                            24.978589201164247
                        ],
                        [
                            56.378656471216146,
                            24.981690439417775
                        ],
                        [
                            56.32483241881857,
                            24.971469060656403
                        ],
                        [
                            56.34092679288608,
                            24.942721793882384
                        ],
                        [
                            56.3495994232332,
                            24.934774023838827
                        ],
                        [
                            56.326086382396824,
                            24.89865388146186
                        ],
                        [
                            56.30594686143463,
                            24.885176267643075
                        ],
                        [
                            56.28051130695248,
                            24.88392447156589
                        ],
                        [
                            56.28024299608992,
                            24.87591317545154
                        ],
                        [
                            56.25946525512232,
                            24.86050450771112
                        ],
                        [
                            56.20576510164588,
                            24.8511136989348
                        ],
                        [
                            56.20080334315969,
                            24.785027049012587
                        ],
                        [
                            56.11319632589535,
                            24.737816052379564
                        ],
                        [
                            56.08154496145664,
                            24.743200955711966
                        ],
                        [
                            56.03793700094408,
                            24.809220487247746
                        ],
                        [
                            55.97852328479192,
                            24.877229788759255
                        ],
                        [
                            55.980623107884355,
                            24.893198768490695
                        ],
                        [
                            56.060697692896895,
                            24.871129049526346
                        ],
                        [
                            56.04276950830739,
                            24.88554517187614
                        ],
                        [
                            56.04114137261834,
                            24.906861625068302
                        ],
                        [
                            56.05907516481006,
                            24.949000518827052
                        ],
                        [
                            56.04305426019393,
                            24.94754182725503
                        ],
                        [
                            56.04632922358237,
                            24.967782700463967
                        ],
                        [
                            56.030244781561905,
                            24.973949614956737
                        ],
                        [
                            56.007096985017,
                            24.994154364216776
                        ],
                        [
                            55.96061444098763,
                            25.00575584545328
                        ]
                    ]
                ],
                "type": "Polygon"
            }
        },
        {
            "type": "Feature",
            "properties": {},
            "geometry": {
                "coordinates": [
                    [
                        [
                            55.58807373046875,
                            17.50262832408579
                        ],
                        [
                            55.5853271484375,
                            17.459402691946003
                        ],
                        [
                            55.608673095703125,
                            17.46202271949227
                        ],
                        [
                            55.61691284179687,
                            17.48691110080686
                        ],
                        [
                            55.58807373046875,
                            17.50262832408579
                        ]
                    ]
                ],
                "type": "Polygon"
            }
        },
        {
            "type": "Feature",
            "properties": {},
            "geometry": {
                "coordinates": [
                    [
                        [
                            55.84625244140625,
                            17.514415349423135
                        ],
                        [
                            55.81192016601562,
                            17.489530732385404
                        ],
                        [
                            55.828399658203125,
                            17.47905197968306
                        ],
                        [
                            55.87783813476562,
                            17.47381237699306
                        ],
                        [
                            55.894317626953125,
                            17.496079646210315
                        ],
                        [
                            55.84625244140625,
                            17.514415349423135
                        ]
                    ]
                ],
                "type": "Polygon"
            }
        },
        {
            "type": "Feature",
            "properties": {},
            "geometry": {
                "coordinates": [
                    [
                        [
                            56.05361938476562,
                            17.561555794532893
                        ],
                        [
                            56.00280761718749,
                            17.543224855823098
                        ],
                        [
                            55.95199584960937,
                            17.514415349423135
                        ],
                        [
                            55.949249267578125,
                            17.493460108989975
                        ],
                        [
                            56.00280761718749,
                            17.469882575984713
                        ],
                        [
                            56.07421875,
                            17.484291431493666
                        ],
                        [
                            56.108551025390625,
                            17.511796076569713
                        ],
                        [
                            56.07147216796875,
                            17.528820674552627
                        ],
                        [
                            56.05361938476562,
                            17.561555794532893
                        ]
                    ]
                ],
                "type": "Polygon"
            }
        },
        {
            "type": "Feature",
            "properties": {},
            "geometry": {
                "coordinates": [
                    [
                        [
                            56.328277587890625,
                            17.51703458449016
                        ],
                        [
                            56.30767822265625,
                            17.498699145678756
                        ],
                        [
                            56.328277587890625,
                            17.48691110080686
                        ],
                        [
                            56.358489990234375,
                            17.493460108989975
                        ],
                        [
                            56.36260986328125,
                            17.509176765934782
                        ],
                        [
                            56.328277587890625,
                            17.51703458449016
                        ]
                    ]
                ],
                "type": "Polygon"
            }
        },
        {
            "type": "Feature",
            "properties": {},
            "geometry": {
                "coordinates": [
                    [
                        [
                            58.87435913085938,
                            20.707307891745522
                        ],
                        [
                            58.86199951171875,
                            20.682899003080927
                        ],
                        [
                            58.86199951171875,
                            20.625072822218645
                        ],
                        [
                            58.82492065429687,
                            20.612219573881042
                        ],
                        [
                            58.783721923828125,
                            20.540221355754728
                        ],
                        [
                            58.76861572265625,
                            20.4964915991075
                        ],
                        [
                            58.745269775390625,
                            20.488773287109836
                        ],
                        [
                            58.7274169921875,
                            20.45403607682952
                        ],
                        [
                            58.704071044921875,
                            20.439881626957035
                        ],
                        [
                            58.65600585937501,
                            20.397410460412775
                        ],
                        [
                            58.62030029296875,
                            20.34848976442647
                        ],
                        [
                            58.62442016601562,
                            20.166833052277696
                        ],
                        [
                            58.64776611328124,
                            20.16038742754387
                        ],
                        [
                            58.69720458984375,
                            20.182301464987432
                        ],
                        [
                            58.73977661132812,
                            20.21581109239457
                        ],
                        [
                            58.78646850585937,
                            20.262197124246534
                        ],
                        [
                            58.797454833984375,
                            20.2944014938938
                        ],
                        [
                            58.82080078125,
                            20.35235248844008
                        ],
                        [
                            58.84140014648437,
                            20.42572587376724
                        ],
                        [
                            58.89633178710937,
                            20.45403607682952
                        ],
                        [
                            58.95812988281249,
                            20.491346100951432
                        ],
                        [
                            58.970489501953125,
                            20.517071864049157
                        ],
                        [
                            58.94989013671874,
                            20.546651148408912
                        ],
                        [
                            58.94439697265624,
                            20.57879605371868
                        ],
                        [
                            58.91143798828124,
                            20.604507104240746
                        ],
                        [
                            58.918304443359375,
                            20.657201194347387
                        ],
                        [
                            58.92105102539063,
                            20.69831560033869
                        ],
                        [
                            58.87435913085938,
                            20.707307891745522
                        ]
                    ]
                ],
                "type": "Polygon"
            }
        },
        {
            "type": "Feature",
            "properties": {},
            "geometry": {
                "coordinates": [
                    [
                        [
                            56.52809143066406,
                            26.397405257023376
                        ],
                        [
                            56.51813507080078,
                            26.381105274052068
                        ],
                        [
                            56.5191650390625,
                            26.371877848987808
                        ],
                        [
                            56.50474548339844,
                            26.36203445009555
                        ],
                        [
                            56.497535705566406,
                            26.36388015123722
                        ],
                        [
                            56.49238586425781,
                            26.36018871948795
                        ],
                        [
                            56.49272918701172,
                            26.353728430338332
                        ],
                        [
                            56.476593017578125,
                            26.355266627156553
                        ],
                        [
                            56.470069885253906,
                            26.35403607133864
                        ],
                        [
                            56.47075653076171,
                            26.347575438494673
                        ],
                        [
                            56.487579345703125,
                            26.335268473041793
                        ],
                        [
                            56.49169921875,
                            26.32849908419746
                        ],
                        [
                            56.485862731933594,
                            26.326652818544456
                        ],
                        [
                            56.463203430175774,
                            26.328806792277497
                        ],
                        [
                            56.46286010742187,
                            26.33988373846868
                        ],
                        [
                            56.453590393066406,
                            26.338345337108986
                        ],
                        [
                            56.44569396972656,
                            26.333114619528455
                        ],
                        [
                            56.44123077392578,
                            26.34357581829278
                        ],
                        [
                            56.44294738769531,
                            26.35311314588279
                        ],
                        [
                            56.433677673339844,
                            26.3521902130622
                        ],
                        [
                            56.425437927246094,
                            26.355266627156553
                        ],
                        [
                            56.41582489013671,
                            26.345114150117762
                        ],
                        [
                            56.41754150390625,
                            26.35680480351602
                        ],
                        [
                            56.421661376953125,
                            26.365418213012244
                        ],
                        [
                            56.42303466796875,
                            26.379874993289643
                        ],
                        [
                            56.422691345214844,
                            26.38848668345739
                        ],
                        [
                            56.415138244628906,
                            26.386026266071667
                        ],
                        [
                            56.4041519165039,
                            26.36572582291156
                        ],
                        [
                            56.3983154296875,
                            26.374646153883518
                        ],
                        [
                            56.391448974609375,
                            26.369417077852447
                        ],
                        [
                            56.38938903808594,
                            26.378644699425063
                        ],
                        [
                            56.38114929199218,
                            26.377106813670053
                        ],
                        [
                            56.3818359375,
                            26.39125459035714
                        ],
                        [
                            56.37359619140625,
                            26.390639505668723
                        ],
                        [
                            56.3656997680664,
                            26.374030980749016
                        ],
                        [
                            56.349220275878906,
                            26.379874993289643
                        ],
                        [
                            56.34407043457031,
                            26.366341040254472
                        ],
                        [
                            56.3382339477539,
                            26.346037139395257
                        ],
                        [
                            56.33960723876953,
                            26.331576128197028
                        ],
                        [
                            56.349220275878906,
                            26.32849908419746
                        ],
                        [
                            56.35746002197265,
                            26.33003761641975
                        ],
                        [
                            56.358489990234375,
                            26.32172929955373
                        ],
                        [
                            56.349563598632805,
                            26.323575643705343
                        ],
                        [
                            56.343727111816406,
                            26.317421048735763
                        ],
                        [
                            56.33136749267578,
                            26.320498387100198
                        ],
                        [
                            56.31832122802734,
                            26.304803106790587
                        ],
                        [
                            56.325531005859375,
                            26.294646204412892
                        ],
                        [
                            56.33960723876953,
                            26.28448841229014
                        ],
                        [
                            56.315574645996094,
                            26.29064475614074
                        ],
                        [
                            56.31145477294922,
                            26.273406170052937
                        ],
                        [
                            56.310081481933594,
                            26.25247015870364
                        ],
                        [
                            56.30218505859375,
                            26.236457721301285
                        ],
                        [
                            56.297035217285156,
                            26.225370895496706
                        ],
                        [
                            56.30046844482422,
                            26.20904670086916
                        ],
                        [
                            56.288108825683594,
                            26.223215001067558
                        ],
                        [
                            56.2774658203125,
                            26.221059066680418
                        ],
                        [
                            56.256179809570305,
                            26.221983043453275
                        ],
                        [
                            56.249656677246094,
                            26.21335897485962
                        ],
                        [
                            56.236953735351555,
                            26.216747078041482
                        ],
                        [
                            56.22974395751953,
                            26.216747078041482
                        ],
                        [
                            56.222190856933594,
                            26.23245426725573
                        ],
                        [
                            56.222190856933594,
                            26.250930597138844
                        ],
                        [
                            56.21875762939453,
                            26.260475549929904
                        ],
                        [
                            56.20708465576172,
                            26.256165023214507
                        ],
                        [
                            56.18476867675781,
                            26.238921316806533
                        ],
                        [
                            56.176185607910156,
                            26.21828709232979
                        ],
                        [
                            56.171722412109375,
                            26.18809909773477
                        ],
                        [
                            56.16039276123047,
                            26.156978793600945
                        ],
                        [
                            56.15215301513672,
                            26.15081537195729
                        ],
                        [
                            56.1456298828125,
                            26.154205294151907
                        ],
                        [
                            56.13670349121094,
                            26.146192592077664
                        ],
                        [
                            56.11644744873047,
                            26.113519730139508
                        ],
                        [
                            56.09447479248047,
                            26.086388149394875
                        ],
                        [
                            56.089324951171875,
                            26.074361913766005
                        ],
                        [
                            56.08039855957031,
                            26.063568086390703
                        ],
                        [
                            56.08039855957031,
                            26.049380400629538
                        ],
                        [
                            56.10820770263671,
                            26.055240739930692
                        ],
                        [
                            56.12365722656249,
                            26.05092262359211
                        ],
                        [
                            56.143569946289055,
                            26.067268939270587
                        ],
                        [
                            56.154212951660156,
                            26.068502530912397
                        ],
                        [
                            56.16416931152344,
                            26.04506206838765
                        ],
                        [
                            56.18133544921875,
                            26.013903673830914
                        ],
                        [
                            56.180992126464844,
                            25.992921085153892
                        ],
                        [
                            56.194725036621094,
                            25.97779895546436
                        ],
                        [
                            56.181678771972656,
                            25.952179482330894
                        ],
                        [
                            56.163482666015625,
                            25.946005281377
                        ],
                        [
                            56.17824554443359,
                            25.909879720921847
                        ],
                        [
                            56.17755889892578,
                            25.890422910810567
                        ],
                        [
                            56.15901947021484,
                            25.876523225444394
                        ],
                        [
                            56.17069244384765,
                            25.867564783598276
                        ],
                        [
                            56.14013671875,
                            25.8382134077492
                        ],
                        [
                            56.138763427734375,
                            25.816272360528075
                        ],
                        [
                            56.15833282470703,
                            25.784435164398015
                        ],
                        [
                            56.173095703125,
                            25.77392392167507
                        ],
                        [
                            56.16863250732422,
                            25.76062895764134
                        ],
                        [
                            56.145286560058594,
                            25.743621601040836
                        ],
                        [
                            56.139793395996094,
                            25.72753967929889
                        ],
                        [
                            56.14665985107422,
                            25.69846299326166
                        ],
                        [
                            56.144256591796875,
                            25.67154526312554
                        ],
                        [
                            56.15180969238281,
                            25.66226187728969
                        ],
                        [
                            56.187171936035156,
                            25.654215691614244
                        ],
                        [
                            56.19850158691406,
                            25.636883602345097
                        ],
                        [
                            56.19747161865234,
                            25.620477699911376
                        ],
                        [
                            56.20262145996094,
                            25.611499931610684
                        ],
                        [
                            56.22493743896484,
                            25.610880750315395
                        ],
                        [
                            56.25343322753906,
                            25.602521488914768
                        ],
                        [
                            56.26785278320312,
                            25.606546391440727
                        ],
                        [
                            56.25480651855469,
                            25.615524531842528
                        ],
                        [
                            56.262359619140625,
                            25.624811553531853
                        ],
                        [
                            56.27162933349609,
                            25.63007387869051
                        ],
                        [
                            56.27368927001953,
                            25.661333498952683
                        ],
                        [
                            56.284332275390625,
                            25.679280865765566
                        ],
                        [
                            56.28227233886719,
                            25.6916567855001
                        ],
                        [
                            56.28776550292968,
                            25.700319164221906
                        ],
                        [
                            56.27815246582031,
                            25.70557815811041
                        ],
                        [
                            56.281585693359375,
                            25.717332715975058
                        ],
                        [
                            56.30046844482422,
                            25.735890179475785
                        ],
                        [
                            56.30218505859375,
                            25.73094180573018
                        ],
                        [
                            56.31694793701172,
                            25.735580912151537
                        ],
                        [
                            56.3382339477539,
                            25.75351708659769
                        ],
                        [
                            56.351280212402344,
                            25.775469751071626
                        ],
                        [
                            56.35986328125,
                            25.790308688466627
                        ],
                        [
                            56.374969482421875,
                            25.80607302493162
                        ],
                        [
                            56.377716064453125,
                            25.83141520824073
                        ],
                        [
                            56.38835906982422,
                            25.84068538346521
                        ],
                        [
                            56.38870239257812,
                            25.85149966988997
                        ],
                        [
                            56.403465270996094,
                            25.86632908314019
                        ],
                        [
                            56.4093017578125,
                            25.880847747329423
                        ],
                        [
                            56.41307830810547,
                            25.89660002350316
                        ],
                        [
                            56.40483856201172,
                            25.9055562626183
                        ],
                        [
                            56.39659881591796,
                            25.906482731309417
                        ],
                        [
                            56.399688720703125,
                            25.92655443254628
                        ],
                        [
                            56.4093017578125,
                            25.923466700919274
                        ],
                        [
                            56.41616821289062,
                            25.918526162075153
                        ],
                        [
                            56.427497863769524,
                            25.923157923307727
                        ],
                        [
                            56.44363403320312,
                            25.91759978799152
                        ],
                        [
                            56.45050048828125,
                            25.923157923307727
                        ],
                        [
                            56.44603729248047,
                            25.93180339065839
                        ],
                        [
                            56.45805358886719,
                            25.939830756677473
                        ],
                        [
                            56.472129821777344,
                            25.937360856161156
                        ],
                        [
                            56.472129821777344,
                            25.943844234555424
                        ],
                        [
                            56.45942687988281,
                            25.948783711873034
                        ],
                        [
                            56.435737609863274,
                            25.941374418200503
                        ],
                        [
                            56.429901123046875,
                            25.94970984080231
                        ],
                        [
                            56.43299102783203,
                            25.961440176618957
                        ],
                        [
                            56.42303466796875,
                            25.96792222903405
                        ],
                        [
                            56.4093017578125,
                            25.970391488395933
                        ],
                        [
                            56.42406463623046,
                            25.984897340231047
                        ],
                        [
                            56.43745422363281,
                            25.979342119043487
                        ],
                        [
                            56.440887451171875,
                            25.983971488262103
                        ],
                        [
                            56.43058776855469,
                            25.99970997989313
                        ],
                        [
                            56.428871154785156,
                            26.013903673830914
                        ],
                        [
                            56.428871154785156,
                            26.02346802158239
                        ],
                        [
                            56.42475128173828,
                            26.029946653029704
                        ],
                        [
                            56.409645080566406,
                            26.028404154179178
                        ],
                        [
                            56.394195556640625,
                            26.034574027894717
                        ],
                        [
                            56.41857147216797,
                            26.03611644561807
                        ],
                        [
                            56.436767578125,
                            26.040743577081134
                        ],
                        [
                            56.44294738769531,
                            26.042902842616318
                        ],
                        [
                            56.44157409667969,
                            26.06110078617974
                        ],
                        [
                            56.453590393066406,
                            26.070352894012828
                        ],
                        [
                            56.463203430175774,
                            26.070352894012828
                        ],
                        [
                            56.46903991699219,
                            26.078987535225927
                        ],
                        [
                            56.480712890625,
                            26.081454458607542
                        ],
                        [
                            56.47830963134765,
                            26.087929885112807
                        ],
                        [
                            56.471099853515625,
                            26.091938302914894
                        ],
                        [
                            56.46217346191406,
                            26.09101329561036
                        ],
                        [
                            56.45084381103515,
                            26.097796512671948
                        ],
                        [
                            56.438140869140625,
                            26.097179872828676
                        ],
                        [
                            56.41994476318359,
                            26.087621539594167
                        ],
                        [
                            56.417884826660156,
                            26.098104831374513
                        ],
                        [
                            56.41307830810547,
                            26.10704572018676
                        ],
                        [
                            56.40277862548828,
                            26.104887637199948
                        ],
                        [
                            56.3983154296875,
                            26.113828007384562
                        ],
                        [
                            56.381492614746094,
                            26.107970600701737
                        ],
                        [
                            56.37977600097656,
                            26.095021607777472
                        ],
                        [
                            56.37462615966797,
                            26.10118797369925
                        ],
                        [
                            56.37977600097656,
                            26.11536938141358
                        ],
                        [
                            56.384239196777344,
                            26.125850185680356
                        ],
                        [
                            56.376686096191406,
                            26.13571361317392
                        ],
                        [
                            56.36810302734375,
                            26.135405393673615
                        ],
                        [
                            56.35265350341797,
                            26.124925446649403
                        ],
                        [
                            56.34441375732422,
                            26.112903173210267
                        ],
                        [
                            56.34441375732422,
                            26.12985730355883
                        ],
                        [
                            56.35059356689453,
                            26.144959819851827
                        ],
                        [
                            56.35162353515625,
                            26.15173990595915
                        ],
                        [
                            56.340293884277344,
                            26.148966281978954
                        ],
                        [
                            56.337547302246094,
                            26.158211438858586
                        ],
                        [
                            56.35059356689453,
                            26.15944407109152
                        ],
                        [
                            56.35986328125,
                            26.159752227114595
                        ],
                        [
                            56.362266540527344,
                            26.165298896316042
                        ],
                        [
                            56.3656997680664,
                            26.176083331224294
                        ],
                        [
                            56.36363983154297,
                            26.182553513299307
                        ],
                        [
                            56.37153625488281,
                            26.18902333614537
                        ],
                        [
                            56.38286590576172,
                            26.194260548631078
                        ],
                        [
                            56.39179229736328,
                            26.189639491012198
                        ],
                        [
                            56.381492614746094,
                            26.18594251292921
                        ],
                        [
                            56.376686096191406,
                            26.175158990178133
                        ],
                        [
                            56.37908935546875,
                            26.166531453648517
                        ],
                        [
                            56.37290954589843,
                            26.15019901188665
                        ],
                        [
                            56.37977600097656,
                            26.145576207592274
                        ],
                        [
                            56.393165588378906,
                            26.15173990595915
                        ],
                        [
                            56.3983154296875,
                            26.17176967696689
                        ],
                        [
                            56.408271789550774,
                            26.17423464180222
                        ],
                        [
                            56.40483856201172,
                            26.161292995018666
                        ],
                        [
                            56.40552520751953,
                            26.148349912142052
                        ],
                        [
                            56.413421630859375,
                            26.137562913090946
                        ],
                        [
                            56.422691345214844,
                            26.127391401131852
                        ],
                        [
                            56.44020080566406,
                            26.127391401131852
                        ],
                        [
                            56.45977020263672,
                            26.13139846613971
                        ],
                        [
                            56.47178649902344,
                            26.124617198679115
                        ],
                        [
                            56.49375915527343,
                            26.12954906860235
                        ],
                        [
                            56.49032592773437,
                            26.142802437127383
                        ],
                        [
                            56.480712890625,
                            26.152972606566966
                        ],
                        [
                            56.47144317626953,
                            26.164374469767566
                        ],
                        [
                            56.46148681640625,
                            26.170229047478472
                        ],
                        [
                            56.44500732421875,
                            26.165607036870476
                        ],
                        [
                            56.444664001464844,
                            26.181937320958628
                        ],
                        [
                            56.4532470703125,
                            26.196416979445658
                        ],
                        [
                            56.458396911621094,
                            26.208430648684686
                        ],
                        [
                            56.4642333984375,
                            26.207198534534058
                        ],
                        [
                            56.46148681640625,
                            26.194876675795218
                        ],
                        [
                            56.467323303222656,
                            26.18625059891685
                        ],
                        [
                            56.47624969482422,
                            26.180396825852206
                        ],
                        [
                            56.49032592773437,
                            26.18779101663516
                        ],
                        [
                            56.49238586425781,
                            26.195492799699977
                        ],
                        [
                            56.484832763671875,
                            26.21305096058779
                        ],
                        [
                            56.48208618164062,
                            26.222291034080023
                        ],
                        [
                            56.49890899658203,
                            26.23337815350186
                        ],
                        [
                            56.48963928222656,
                            26.239845151660266
                        ],
                        [
                            56.485862731933594,
                            26.236765673594668
                        ],
                        [
                            56.48448944091797,
                            26.2447721468693
                        ],
                        [
                            56.47144317626953,
                            26.241076920043582
                        ],
                        [
                            56.4642333984375,
                            26.251238511083972
                        ],
                        [
                            56.45599365234375,
                            26.25000685040701
                        ],
                        [
                            56.45153045654296,
                            26.242924548142653
                        ],
                        [
                            56.45084381103515,
                            26.2315303736686
                        ],
                        [
                            56.43951416015624,
                            26.23122240750823
                        ],
                        [
                            56.4316177368164,
                            26.238613370223646
                        ],
                        [
                            56.42784118652343,
                            26.250930597138844
                        ],
                        [
                            56.41307830810547,
                            26.251238511083972
                        ],
                        [
                            56.41410827636719,
                            26.258628200927333
                        ],
                        [
                            56.403465270996094,
                            26.259551879101803
                        ],
                        [
                            56.41616821289062,
                            26.265401670266968
                        ],
                        [
                            56.41101837158203,
                            26.27710036839966
                        ],
                        [
                            56.40380859375,
                            26.28448841229014
                        ],
                        [
                            56.417198181152344,
                            26.284796237242816
                        ],
                        [
                            56.43024444580078,
                            26.280178777191267
                        ],
                        [
                            56.436767578125,
                            26.286643169805362
                        ],
                        [
                            56.430931091308594,
                            26.300802009052884
                        ],
                        [
                            56.44432067871094,
                            26.30264868670853
                        ],
                        [
                            56.44672393798828,
                            26.291568179535147
                        ],
                        [
                            56.44294738769531,
                            26.278023899612222
                        ],
                        [
                            56.45050048828125,
                            26.276176829837237
                        ],
                        [
                            56.455650329589844,
                            26.284796237242816
                        ],
                        [
                            56.455650329589844,
                            26.305418648030322
                        ],
                        [
                            56.46354675292969,
                            26.311881633667735
                        ],
                        [
                            56.47624969482422,
                            26.31280488790508
                        ],
                        [
                            56.49066925048828,
                            26.31434362861871
                        ],
                        [
                            56.49341583251953,
                            26.30664972070252
                        ],
                        [
                            56.504058837890625,
                            26.306034186000986
                        ],
                        [
                            56.52156829833984,
                            26.307573016625156
                        ],
                        [
                            56.52568817138672,
                            26.319882925967843
                        ],
                        [
                            56.514015197753906,
                            26.32849908419746
                        ],
                        [
                            56.50749206542969,
                            26.347267780311125
                        ],
                        [
                            56.52259826660156,
                            26.35742006833118
                        ],
                        [
                            56.542510986328125,
                            26.362649687083504
                        ],
                        [
                            56.546630859375,
                            26.372800624655003
                        ],
                        [
                            56.53633117675781,
                            26.384488478587272
                        ],
                        [
                            56.53221130371094,
                            26.389716872492745
                        ],
                        [
                            56.53495788574219,
                            26.397097731472652
                        ],
                        [
                            56.52809143066406,
                            26.397405257023376
                        ]
                    ]
                ],
                "type": "Polygon"
            }
        },
        {
            "type": "Feature",
            "properties": {},
            "geometry": {
                "coordinates": [
                    [
                        [
                            56.449213027954094,
                            26.37849091177075
                        ],
                        [
                            56.44646644592285,
                            26.37702991884494
                        ],
                        [
                            56.444149017333984,
                            26.371724052326904
                        ],
                        [
                            56.446380615234375,
                            26.365956529798865
                        ],
                        [
                            56.4503288269043,
                            26.36487989371876
                        ],
                        [
                            56.45745277404785,
                            26.364341571918416
                        ],
                        [
                            56.4601993560791,
                            26.36080396629771
                        ],
                        [
                            56.46251678466797,
                            26.361803735380978
                        ],
                        [
                            56.463203430175774,
                            26.363957054811987
                        ],
                        [
                            56.46646499633788,
                            26.36780216832073
                        ],
                        [
                            56.46740913391113,
                            26.37326200972541
                        ],
                        [
                            56.46526336669922,
                            26.37510753158509
                        ],
                        [
                            56.46251678466797,
                            26.372723726964185
                        ],
                        [
                            56.45650863647461,
                            26.37372339295364
                        ],
                        [
                            56.45513534545898,
                            26.37702991884494
                        ],
                        [
                            56.449213027954094,
                            26.37849091177075
                        ]
                    ]
                ],
                "type": "Polygon"
            }
        },
        {
            "type": "Feature",
            "properties": {},
            "geometry": {
                "coordinates": [
                    [
                        [
                            56.49616241455078,
                            26.40655376739115
                        ],
                        [
                            56.49144172668457,
                            26.402325554410417
                        ],
                        [
                            56.49178504943847,
                            26.40001919112608
                        ],
                        [
                            56.49547576904297,
                            26.399788552262827
                        ],
                        [
                            56.498565673828125,
                            26.399788552262827
                        ],
                        [
                            56.49873733520508,
                            26.40363247314636
                        ],
                        [
                            56.49616241455078,
                            26.40655376739115
                        ]
                    ]
                ],
                "type": "Polygon"
            }
        },
        {
            "type": "Feature",
            "properties": {},
            "geometry": {
                "coordinates": [
                    [
                        [
                            56.514015197753906,
                            26.508829239428522
                        ],
                        [
                            56.510066986083984,
                            26.507139474543607
                        ],
                        [
                            56.50757789611816,
                            26.50045697902089
                        ],
                        [
                            56.51341438293457,
                            26.50076422871791
                        ],
                        [
                            56.515045166015625,
                            26.502530898533244
                        ],
                        [
                            56.514015197753906,
                            26.505603303080118
                        ],
                        [
                            56.514015197753906,
                            26.508829239428522
                        ]
                    ]
                ],
                "type": "Polygon"
            }
        },
        {
            "type": "Feature",
            "properties": {},
            "geometry": {
                "coordinates": [
                    [
                        [
                            56.52620315551758,
                            26.500303353864297
                        ],
                        [
                            56.526288986206055,
                            26.49999610293503
                        ],
                        [
                            56.52671813964844,
                            26.498690277321028
                        ],
                        [
                            56.527748107910156,
                            26.49715399289655
                        ],
                        [
                            56.53143882751464,
                            26.496232212384687
                        ],
                        [
                            56.53066635131836,
                            26.499074345218354
                        ],
                        [
                            56.52620315551758,
                            26.500303353864297
                        ]
                    ]
                ],
                "type": "Polygon"
            }
        },
        {
            "type": "Feature",
            "properties": {},
            "geometry": {
                "coordinates": [
                    [
                        [
                            56.538047790527344,
                            26.48056081275282
                        ],
                        [
                            56.536846160888665,
                            26.47894745918705
                        ],
                        [
                            56.537275314331055,
                            26.47610482879695
                        ],
                        [
                            56.53907775878906,
                            26.476258486289655
                        ],
                        [
                            56.540279388427734,
                            26.47848649686887
                        ],
                        [
                            56.538047790527344,
                            26.48056081275282
                        ]
                    ]
                ],
                "type": "Polygon"
            }
        }
    ]
}