{
    "type": "FeatureCollection",
    "features": [
        {
            "type": "Feature",
            "properties": {},
            "geometry": {
                "type": "Polygon",
                "coordinates": [
                    [
                        [
                            134.61204528808594,
                            7.763382015212099
                        ],
                        [
                            134.60105895996094,
                            7.73276506272982
                        ],
                        [
                            134.60105895996094,
                            7.706909016739955
                        ],
                        [
                            134.61891174316403,
                            7.681731875633006
                        ],
                        [
                            134.60792541503906,
                            7.630011991290184
                        ],
                        [
                            134.58663940429688,
                            7.631373121195995
                        ],
                        [
                            134.5550537109375,
                            7.615039276599812
                        ],
                        [
                            134.52552795410153,
                            7.605510912995528
                        ],
                        [
                            134.52896118164062,
                            7.581689078854193
                        ],
                        [
                            134.50836181640625,
                            7.559227284779701
                        ],
                        [
                            134.47402954101562,
                            7.513619444856016
                        ],
                        [
                            134.4623565673828,
                            7.468006816117174
                        ],
                        [
                            134.45068359375,
                            7.439411395770891
                        ],
                        [
                            134.48638916015625,
                            7.414218647839177
                        ],
                        [
                            134.49600219726562,
                            7.382214971125542
                        ],
                        [
                            134.48570251464844,
                            7.361785880677103
                        ],
                        [
                            134.4664764404297,
                            7.364509813836419
                        ],
                        [
                            134.4335174560547,
                            7.375405379038391
                        ],
                        [
                            134.42115783691406,
                            7.369276656587004
                        ],
                        [
                            134.41703796386716,
                            7.343398894524315
                        ],
                        [
                            134.40399169921875,
                            7.3250111479085485
                        ],
                        [
                            134.3895721435547,
                            7.30185512884811
                        ],
                        [
                            134.3792724609375,
                            7.283465671007045
                        ],
                        [
                            134.35592651367188,
                            7.283465671007045
                        ],
                        [
                            134.33670043945312,
                            7.286871183134009
                        ],
                        [
                            134.3140411376953,
                            7.2875522824538725
                        ],
                        [
                            134.29000854492188,
                            7.296406479356336
                        ],
                        [
                            134.27352905273438,
                            7.293001039730459
                        ],
                        [
                            134.28176879882812,
                            7.273248979448938
                        ],
                        [
                            134.29962158203125,
                            7.264394325339793
                        ],
                        [
                            134.3243408203125,
                            7.264394325339793
                        ],
                        [
                            134.3463134765625,
                            7.239191663425745
                        ],
                        [
                            134.35935974121094,
                            7.217393630803996
                        ],
                        [
                            134.3524932861328,
                            7.201044416935622
                        ],
                        [
                            134.33395385742188,
                            7.19014461346439
                        ],
                        [
                            134.32571411132812,
                            7.164937816661018
                        ],
                        [
                            134.30992126464844,
                            7.156762339693515
                        ],
                        [
                            134.30030822753906,
                            7.13632300679218
                        ],
                        [
                            134.3140411376953,
                            7.12542165579628
                        ],
                        [
                            134.3305206298828,
                            7.13564167995864
                        ],
                        [
                            134.3456268310547,
                            7.128828355854019
                        ],
                        [
                            134.33876037597653,
                            7.111113239184953
                        ],
                        [
                            134.32228088378906,
                            7.09135326451219
                        ],
                        [
                            134.30099487304688,
                            7.074318123032665
                        ],
                        [
                            134.29344177246094,
                            7.085902087718753
                        ],
                        [
                            134.28382873535156,
                            7.1042995507290145
                        ],
                        [
                            134.2742156982422,
                            7.119970883040842
                        ],
                        [
                            134.263916015625,
                            7.133597693372765
                        ],
                        [
                            134.25567626953125,
                            7.1519932438076514
                        ],
                        [
                            134.27215576171875,
                            7.160850096497242
                        ],
                        [
                            134.28176879882812,
                            7.181969589168453
                        ],
                        [
                            134.26597595214844,
                            7.192188346553084
                        ],
                        [
                            134.2371368408203,
                            7.199000723728755
                        ],
                        [
                            134.2247772216797,
                            7.179925810121978
                        ],
                        [
                            134.21859741210938,
                            7.145180163286764
                        ],
                        [
                            134.22683715820312,
                            7.113838686268743
                        ],
                        [
                            134.24400329589844,
                            7.093397439178638
                        ],
                        [
                            134.25704956054688,
                            7.077043787948586
                        ],
                        [
                            134.24880981445312,
                            7.0640967363309075
                        ],
                        [
                            134.23988342285156,
                            7.036157127346002
                        ],
                        [
                            134.21791076660156,
                            7.021164448332711
                        ],
                        [
                            134.21241760253906,
                            6.993903794726723
                        ],
                        [
                            134.219970703125,
                            6.965959973420083
                        ],
                        [
                            134.24606323242188,
                            6.975501953620171
                        ],
                        [
                            134.27833557128906,
                            7.006852803970477
                        ],
                        [
                            134.285888671875,
                            7.028660848301287
                        ],
                        [
                            134.296875,
                            7.0566009091156126
                        ],
                        [
                            134.33670043945312,
                            7.074318123032665
                        ],
                        [
                            134.351806640625,
                            7.1036181763273785
                        ],
                        [
                            134.37789916992188,
                            7.109750509577562
                        ],
                        [
                            134.39712524414062,
                            7.13564167995864
                        ],
                        [
                            134.3902587890625,
                            7.158124929364604
                        ],
                        [
                            134.3950653076172,
                            7.194232070442545
                        ],
                        [
                            134.4074249267578,
                            7.228292778591234
                        ],
                        [
                            134.4225311279297,
                            7.25281489910047
                        ],
                        [
                            134.4499969482422,
                            7.240554005521873
                        ],
                        [
                            134.45755004882812,
                            7.255539496792349
                        ],
                        [
                            134.45755004882812,
                            7.282103458911791
                        ],
                        [
                            134.46853637695312,
                            7.295725393504048
                        ],
                        [
                            134.49050903320312,
                            7.293001039730459
                        ],
                        [
                            134.51522827148438,
                            7.307984780163877
                        ],
                        [
                            134.5220947265625,
                            7.329097379446808
                        ],
                        [
                            134.53857421875,
                            7.320924878908544
                        ],
                        [
                            134.55848693847656,
                            7.323649062403288
                        ],
                        [
                            134.55368041992188,
                            7.340674831854912
                        ],
                        [
                            134.5763397216797,
                            7.348846969785414
                        ],
                        [
                            134.5996856689453,
                            7.3597429198273145
                        ],
                        [
                            134.60174560546875,
                            7.421027640985758
                        ],
                        [
                            134.61753845214844,
                            7.461198552113096
                        ],
                        [
                            134.6504974365234,
                            7.49523881072796
                        ],
                        [
                            134.62646484375,
                            7.525192037853014
                        ],
                        [
                            134.64500427246094,
                            7.545613507282539
                        ],
                        [
                            134.65530395507812,
                            7.589176083265965
                        ],
                        [
                            134.65255737304688,
                            7.664038937464568
                        ],
                        [
                            134.6498107910156,
                            7.703506787754708
                        ],
                        [
                            134.63470458984372,
                            7.731404257656411
                        ],
                        [
                            134.62440490722656,
                            7.76066059851289
                        ],
                        [
                            134.61204528808594,
                            7.763382015212099
                        ]
                    ]
                ]
            }
        },
        {
            "type": "Feature",
            "properties": {},
            "geometry": {
                "type": "Polygon",
                "coordinates": [
                    [
                        [
                            134.14152145385742,
                            6.926426847059551
                        ],
                        [
                            134.13585662841797,
                            6.924552349150948
                        ],
                        [
                            134.12366867065427,
                            6.924041121155904
                        ],
                        [
                            134.1233253479004,
                            6.917735930349523
                        ],
                        [
                            134.12521362304688,
                            6.906659039990041
                        ],
                        [
                            134.1240119934082,
                            6.8974565030182164
                        ],
                        [
                            134.11937713623047,
                            6.89285516746695
                        ],
                        [
                            134.12006378173828,
                            6.887401674895938
                        ],
                        [
                            134.1315650939941,
                            6.886719983915005
                        ],
                        [
                            134.14461135864258,
                            6.891832642388049
                        ],
                        [
                            134.1547393798828,
                            6.90563654471907
                        ],
                        [
                            134.15508270263672,
                            6.9133052053605075
                        ],
                        [
                            134.14993286132812,
                            6.918587988082402
                        ],
                        [
                            134.14152145385742,
                            6.926426847059551
                        ]
                    ]
                ]
            }
        },
        {
            "type": "Feature",
            "properties": {},
            "geometry": {
                "type": "Polygon",
                "coordinates": [
                    [
                        [
                            134.7165870666504,
                            8.095940613664242
                        ],
                        [
                            134.7110939025879,
                            8.094071153413314
                        ],
                        [
                            134.71435546875,
                            8.081494559076525
                        ],
                        [
                            134.71040725708008,
                            8.070617188378355
                        ],
                        [
                            134.7083473205566,
                            8.059229627200192
                        ],
                        [
                            134.7007942199707,
                            8.047671774735116
                        ],
                        [
                            134.69186782836914,
                            8.041382804731914
                        ],
                        [
                            134.69066619873047,
                            8.03730342068696
                        ],
                        [
                            134.69959259033203,
                            8.038493245270883
                        ],
                        [
                            134.70680236816406,
                            8.044102371300237
                        ],
                        [
                            134.71349716186523,
                            8.054300583406068
                        ],
                        [
                            134.71778869628906,
                            8.064838466067775
                        ],
                        [
                            134.72036361694336,
                            8.072826678012898
                        ],
                        [
                            134.72379684448242,
                            8.082854209805474
                        ],
                        [
                            134.72156524658203,
                            8.095090860080246
                        ],
                        [
                            134.7165870666504,
                            8.095940613664242
                        ]
                    ]
                ]
            }
        },
        {
            "type": "Feature",
            "properties": {},
            "geometry": {
                "type": "Polygon",
                "coordinates": [
                    [
                        [
                            134.64345932006836,
                            8.174620002267607
                        ],
                        [
                            134.6403694152832,
                            8.170541969115815
                        ],
                        [
                            134.64311599731445,
                            8.16918261546991
                        ],
                        [
                            134.6451759338379,
                            8.171391562793138
                        ],
                        [
                            134.64345932006836,
                            8.174620002267607
                        ]
                    ]
                ]
            }
        },
        {
            "type": "Feature",
            "properties": {},
            "geometry": {
                "type": "Polygon",
                "coordinates": [
                    [
                        [
                            132.2321319580078,
                            5.361383283735065
                        ],
                        [
                            132.22217559814453,
                            5.360015999108169
                        ],
                        [
                            132.2208023071289,
                            5.350786747842501
                        ],
                        [
                            132.23281860351562,
                            5.346342984593677
                        ],
                        [
                            132.2369384765625,
                            5.358648711419927
                        ],
                        [
                            132.2321319580078,
                            5.361383283735065
                        ]
                    ]
                ]
            }
        },
        {
            "type": "Feature",
            "properties": {},
            "geometry": {
                "type": "Polygon",
                "coordinates": [
                    [
                        [
                            132.22148895263672,
                            5.337455361361417
                        ],
                        [
                            132.2142791748047,
                            5.330960478302122
                        ],
                        [
                            132.22217559814453,
                            5.316603124716078
                        ],
                        [
                            132.2311019897461,
                            5.312842810080233
                        ],
                        [
                            132.2321319580078,
                            5.33506251770614
                        ],
                        [
                            132.22148895263672,
                            5.337455361361417
                        ]
                    ]
                ]
            }
        },
        {
            "type": "Feature",
            "properties": {},
            "geometry": {
                "type": "Polygon",
                "coordinates": [
                    [
                        [
                            131.95953369140625,
                            4.661292459491398
                        ],
                        [
                            131.94751739501953,
                            4.659923709282437
                        ],
                        [
                            131.94889068603516,
                            4.650000190607478
                        ],
                        [
                            131.9622802734375,
                            4.652053343881793
                        ],
                        [
                            131.95953369140625,
                            4.661292459491398
                        ]
                    ]
                ]
            }
        },
        {
            "type": "Feature",
            "properties": {},
            "geometry": {
                "type": "Polygon",
                "coordinates": [
                    [
                        [
                            132.31075286865234,
                            4.325870873008957
                        ],
                        [
                            132.30422973632812,
                            4.317312207486531
                        ],
                        [
                            132.308349609375,
                            4.304987559620351
                        ],
                        [
                            132.31693267822266,
                            4.303618141972219
                        ],
                        [
                            132.31796264648438,
                            4.325528528243582
                        ],
                        [
                            132.31075286865234,
                            4.325870873008957
                        ]
                    ]
                ]
            }
        },
        {
            "type": "Feature",
            "properties": {},
            "geometry": {
                "type": "Polygon",
                "coordinates": [
                    [
                        [
                            131.81636810302734,
                            2.979041669392456
                        ],
                        [
                            131.8081283569336,
                            2.976298795643537
                        ],
                        [
                            131.80984497070312,
                            2.9673844088425367
                        ],
                        [
                            131.8187713623047,
                            2.9690987195868477
                        ],
                        [
                            131.81636810302734,
                            2.979041669392456
                        ]
                    ]
                ]
            }
        },
        {
            "type": "Feature",
            "properties": {},
            "geometry": {
                "type": "Polygon",
                "coordinates": [
                    [
                        [
                            131.13195419311523,
                            3.0148698278090804
                        ],
                        [
                            131.12319946289062,
                            3.013841284621198
                        ],
                        [
                            131.1185646057129,
                            3.008355704542479
                        ],
                        [
                            131.1211395263672,
                            2.9990987255974453
                        ],
                        [
                            131.12577438354492,
                            2.9982415939500715
                        ],
                        [
                            131.13195419311523,
                            3.0148698278090804
                        ]
                    ]
                ]
            }
        }
    ]
}