{
    "type": "FeatureCollection",
    "features": [
        {
            "type": "Feature",
            "geometry": {
                "type": "Polygon",
                "coordinates": [
                    [
                        [
                            35.223541259765625,
                            32.55173291790939
                        ],
                        [
                            35.21598815917969,
                            32.54710257770804
                        ],
                        [
                            35.21564483642578,
                            32.54420849379695
                        ],
                        [
                            35.19813537597645,
                            32.538709477352576
                        ],
                        [
                            35.18714904785156,
                            32.523657815699146
                        ],
                        [
                            35.18096923828125,
                            32.52336833595148
                        ],
                        [
                            35.17822265625,
                            32.521920923224314
                        ],
                        [
                            35.17753601074219,
                            32.51844703755765
                        ],
                        [
                            35.157623291015625,
                            32.50368152547121
                        ],
                        [
                            35.14698028564453,
                            32.49644264363212
                        ],
                        [
                            35.13874053955078,
                            32.49499479734808
                        ],
                        [
                            35.14011383056629,
                            32.4929677733996
                        ],
                        [
                            35.106124877929574,
                            32.475881042545126
                        ],
                        [
                            35.103378295898324,
                            32.47732919639942
                        ],
                        [
                            35.093078613281136,
                            32.475881042545126
                        ],
                        [
                            35.08380889892578,
                            32.46863992383165
                        ],
                        [
                            35.072479248046875,
                            32.45908075544229
                        ],
                        [
                            35.07282257080078,
                            32.4535765315941
                        ],
                        [
                            35.065956115722656,
                            32.4515485748787
                        ],
                        [
                            35.065956115722656,
                            32.442856814846415
                        ],
                        [
                            35.06149291992176,
                            32.43851062048472
                        ],
                        [
                            35.05599975585926,
                            32.42402179265739
                        ],
                        [
                            35.05685806274414,
                            32.419022606970614
                        ],
                        [
                            35.0547981262207,
                            32.418153155092874
                        ],
                        [
                            35.053424835204964,
                            32.41634177010285
                        ],
                        [
                            35.0544548034668,
                            32.41206675734467
                        ],
                        [
                            35.054969787597656,
                            32.411849378403595
                        ],
                        [
                            35.05393981933594,
                            32.40293639099521
                        ],
                        [
                            35.04964828491211,
                            32.39706638207117
                        ],
                        [
                            35.04690170288086,
                            32.39003636305839
                        ],
                        [
                            35.04509925842285,
                            32.389311587713394
                        ],
                        [
                            35.0423526763916,
                            32.383585658033326
                        ],
                        [
                            35.040206909179574,
                            32.380976253240945
                        ],
                        [
                            35.042266845703125,
                            32.37822179975443
                        ],
                        [
                            35.048789978027344,
                            32.37648210165771
                        ],
                        [
                            35.051536560058594,
                            32.37097283672928
                        ],
                        [
                            35.05119323730469,
                            32.364593268313314
                        ],
                        [
                            35.04535675048828,
                            32.35879326998727
                        ],
                        [
                            35.042266845703125,
                            32.354733049796174
                        ],
                        [
                            35.041236877441406,
                            32.34632201382947
                        ],
                        [
                            35.02887725830078,
                            32.34632201382947
                        ],
                        [
                            35.02544403076172,
                            32.34023077544518
                        ],
                        [
                            35.02098083496094,
                            32.340810911053424
                        ],
                        [
                            35.01617431640625,
                            32.338200271527754
                        ],
                        [
                            35.01651763916004,
                            32.32485582675006
                        ],
                        [
                            35.013084411621094,
                            32.29525895520317
                        ],
                        [
                            35.00965118408203,
                            32.2801666335657
                        ],
                        [
                            35.01617431640625,
                            32.27987637199386
                        ],
                        [
                            35.02235412597656,
                            32.276393160680826
                        ],
                        [
                            35.03093719482422,
                            32.26478149037512
                        ],
                        [
                            35.024757385253906,
                            32.25781377497745
                        ],
                        [
                            35.02098083496094,
                            32.24300560401558
                        ],
                        [
                            35.01823425292969,
                            32.23400337900872
                        ],
                        [
                            35.013427734375,
                            32.23487460105895
                        ],
                        [
                            34.99420166015625,
                            32.21425343884899
                        ],
                        [
                            34.98870849609375,
                            32.208443816340534
                        ],
                        [
                            34.97394561767578,
                            32.20060023729153
                        ],
                        [
                            34.962615966796875,
                            32.1994381680643
                        ],
                        [
                            34.95780944824219,
                            32.189850530648705
                        ],
                        [
                            34.95918273925781,
                            32.17851838426062
                        ],
                        [
                            34.96192932128906,
                            32.173868890533846
                        ],
                        [
                            34.96845245361328,
                            32.16689420487807
                        ],
                        [
                            34.978065490722656,
                            32.15846574722201
                        ],
                        [
                            34.97463226318348,
                            32.152652563571095
                        ],
                        [
                            34.977035522460824,
                            32.149455154523984
                        ],
                        [
                            34.985618591308594,
                            32.14829243251915
                        ],
                        [
                            34.98973846435547,
                            32.14364139620926
                        ],
                        [
                            34.9859619140625,
                            32.12881463468951
                        ],
                        [
                            34.98767852783192,
                            32.11718411580916
                        ],
                        [
                            34.99317169189453,
                            32.10758782193262
                        ],
                        [
                            34.991111755371094,
                            32.10206222548107
                        ],
                        [
                            34.985618591308594,
                            32.10089889941537
                        ],
                        [
                            34.98321533203125,
                            32.08868308117335
                        ],
                        [
                            34.98699188232422,
                            32.08868308117335
                        ],
                        [
                            34.999351501464844,
                            32.056972505418514
                        ],
                        [
                            35.00518798828125,
                            32.020593632526015
                        ],
                        [
                            34.99969482421875,
                            32.01768269831184
                        ],
                        [
                            34.99900817871094,
                            31.997594731962774
                        ],
                        [
                            34.99317169189453,
                            31.972260153269023
                        ],
                        [
                            34.98699188232422,
                            31.96905643253628
                        ],
                        [
                            34.997291564941406,
                            31.952744848192008
                        ],
                        [
                            35.008277893066406,
                            31.94225729987551
                        ],
                        [
                            35.00141143798828,
                            31.93643036691345
                        ],
                        [
                            35.01514434814453,
                            31.927689274849715
                        ],
                        [
                            35.029563903808594,
                            31.925066785173286
                        ],
                        [
                            35.03917694091797,
                            31.907873056360206
                        ],
                        [
                            35.03986358642578,
                            31.88338830558435
                        ],
                        [
                            35.034027099609375,
                            31.855689373546713
                        ],
                        [
                            35.010337829589844,
                            31.854522920094848
                        ],
                        [
                            34.9969482421875,
                            31.852481591049187
                        ],
                        [
                            34.99248504638672,
                            31.84810716236533
                        ],
                        [
                            34.97772216796875,
                            31.838191022589953
                        ],
                        [
                            34.97669219970703,
                            31.832065815584627
                        ],
                        [
                            34.984588623046875,
                            31.83089906339438
                        ],
                        [
                            35.007591247558594,
                            31.827982118391024
                        ],
                        [
                            35.027160644531136,
                            31.830023989572435
                        ],
                        [
                            35.03814697265625,
                            31.841107644930872
                        ],
                        [
                            35.05393981933594,
                            31.85423130442635
                        ],
                        [
                            35.068016052246094,
                            31.85598098460412
                        ],
                        [
                            35.07968902587879,
                            31.853648070322727
                        ],
                        [
                            35.089988708496094,
                            31.846065691309555
                        ],
                        [
                            35.097198486328125,
                            31.832357501327564
                        ],
                        [
                            35.107154846191406,
                            31.831774128919836
                        ],
                        [
                            35.10955810546875,
                            31.826815314579356
                        ],
                        [
                            35.120887756347656,
                            31.824481662711353
                        ],
                        [
                            35.131874084472656,
                            31.81777208500157
                        ],
                        [
                            35.15419006347656,
                            31.810186757909367
                        ],
                        [
                            35.177879333496094,
                            31.808727969741742
                        ],
                        [
                            35.189208984375,
                            31.809895002118832
                        ],
                        [
                            35.20397186279297,
                            31.80785268578335
                        ],
                        [
                            35.22216796875,
                            31.80289258670676
                        ],
                        [
                            35.22663116455078,
                            31.788302516771726
                        ],
                        [
                            35.226287841796875,
                            31.776920663528124
                        ],
                        [
                            35.230751037597656,
                            31.77312640114433
                        ],
                        [
                            35.22834777832031,
                            31.756488182839366
                        ],
                        [
                            35.225257873535156,
                            31.75619625757135
                        ],
                        [
                            35.22457122802723,
                            31.745686334811598
                        ],
                        [
                            35.226974487304574,
                            31.74393456503281
                        ],
                        [
                            35.22388458251953,
                            31.73488322665613
                        ],
                        [
                            35.218048095703125,
                            31.73488322665613
                        ],
                        [
                            35.20671844482422,
                            31.74860587747124
                        ],
                        [
                            35.20122528076172,
                            31.747730024338612
                        ],
                        [
                            35.19744873046875,
                            31.749481722319228
                        ],
                        [
                            35.19264221191406,
                            31.745978293219775
                        ],
                        [
                            35.186805725097656,
                            31.747438071453356
                        ],
                        [
                            35.18268585205078,
                            31.74451849197424
                        ],
                        [
                            35.167579650878906,
                            31.741598820449646
                        ],
                        [
                            35.1617431640625,
                            31.745102415233838
                        ],
                        [
                            35.15178680419922,
                            31.738387075465727
                        ],
                        [
                            35.139427185058594,
                            31.728167146023935
                        ],
                        [
                            35.13599395751953,
                            31.734299238970124
                        ],
                        [
                            35.12603759765625,
                            31.731087240897256
                        ],
                        [
                            35.118141174316406,
                            31.71444146759931
                        ],
                        [
                            35.10749816894531,
                            31.715317635456092
                        ],
                        [
                            35.09857177734375,
                            31.7059714181356
                        ],
                        [
                            35.04913330078125,
                            31.666239488179908
                        ],
                        [
                            35.003814697265625,
                            31.651043374226855
                        ],
                        [
                            34.954376220703125,
                            31.598422257812445
                        ],
                        [
                            34.9420166015625,
                            31.5504526754715
                        ],
                        [
                            34.937896728515625,
                            31.487235582017444
                        ],
                        [
                            34.88983154296875,
                            31.425147604789192
                        ],
                        [
                            34.88433837890625,
                            31.37708906055048
                        ],
                        [
                            34.921417236328125,
                            31.344254455668054
                        ],
                        [
                            35.0079345703125,
                            31.358327833411312
                        ],
                        [
                            35.12054443359375,
                            31.35598241670874
                        ],
                        [
                            35.233154296875,
                            31.37474411197793
                        ],
                        [
                            35.39779597353413,
                            31.491683582251053
                        ],
                        [
                            35.47607356142589,
                            31.491578080654776
                        ],
                        [
                            35.487213134765625,
                            31.624151855131153
                        ],
                        [
                            35.50506591796875,
                            31.695455797778713
                        ],
                        [
                            35.547637939453125,
                            31.741014875099697
                        ],
                        [
                            35.55587768554676,
                            31.76086695137955
                        ],
                        [
                            35.539398193359375,
                            31.81689688674699
                        ],
                        [
                            35.550384521484375,
                            31.829732296454807
                        ],
                        [
                            35.539398193359375,
                            31.85889704445453
                        ],
                        [
                            35.55313110351551,
                            31.87172661206501
                        ],
                        [
                            35.531158447265625,
                            31.88921859876096
                        ],
                        [
                            35.529785156249886,
                            31.918364527333846
                        ],
                        [
                            35.5462646484375,
                            31.926523733115935
                        ],
                        [
                            35.54351806640625,
                            31.970803930433096
                        ],
                        [
                            35.53802490234375,
                            31.98594751862827
                        ],
                        [
                            35.542144775390625,
                            32.00225320314841
                        ],
                        [
                            35.524291992187386,
                            32.00341778396365
                        ],
                        [
                            35.520172119140625,
                            32.04766089060862
                        ],
                        [
                            35.547637939453125,
                            32.08257455954592
                        ],
                        [
                            35.5352783203125,
                            32.10700619594571
                        ],
                        [
                            35.54901123046875,
                            32.127942397192314
                        ],
                        [
                            35.5462646484375,
                            32.145385562629315
                        ],
                        [
                            35.56137084960926,
                            32.14771106595571
                        ],
                        [
                            35.5572509765625,
                            32.16980038880356
                        ],
                        [
                            35.57098388671875,
                            32.19188435632485
                        ],
                        [
                            35.564117431640625,
                            32.198276083995
                        ],
                        [
                            35.566864013671875,
                            32.20873430628008
                        ],
                        [
                            35.5744171142577,
                            32.209315283375815
                        ],
                        [
                            35.566864013671875,
                            32.21861041216938
                        ],
                        [
                            35.57098388671875,
                            32.22035314303901
                        ],
                        [
                            35.569610595703125,
                            32.2308088266901
                        ],
                        [
                            35.55999755859375,
                            32.23603621746476
                        ],
                        [
                            35.5682373046875,
                            32.24300560401558
                        ],
                        [
                            35.56205749511719,
                            32.27378066442218
                        ],
                        [
                            35.5572509765625,
                            32.298741441902436
                        ],
                        [
                            35.564117431640625,
                            32.312670050625805
                        ],
                        [
                            35.5572509765625,
                            32.32079408355392
                        ],
                        [
                            35.55313110351551,
                            32.36372329228304
                        ],
                        [
                            35.562744140625,
                            32.36488325846306
                        ],
                        [
                            35.55999755859375,
                            32.3880794562793
                        ],
                        [
                            35.554972004294,
                            32.38923576248432
                        ],
                        [
                            35.552962320544694,
                            32.38836769319528
                        ],
                        [
                            35.548088586003225,
                            32.38870980420285
                        ],
                        [
                            35.54193234560671,
                            32.38695811964158
                        ],
                        [
                            35.53047180175781,
                            32.39213817866891
                        ],
                        [
                            35.51708221435547,
                            32.3956169384015
                        ],
                        [
                            35.49270629882801,
                            32.40170444545833
                        ],
                        [
                            35.480003356933594,
                            32.410690015207734
                        ],
                        [
                            35.45631408691406,
                            32.41300872670507
                        ],
                        [
                            35.44567108154297,
                            32.410690015207734
                        ],
                        [
                            35.443267822265625,
                            32.40576255546645
                        ],
                        [
                            35.43502807617176,
                            32.40663212673305
                        ],
                        [
                            35.419235229492074,
                            32.416196857732615
                        ],
                        [
                            35.41168212890625,
                            32.43532327810856
                        ],
                        [
                            35.415802001953125,
                            32.45560444266427
                        ],
                        [
                            35.419578552246094,
                            32.45792199942182
                        ],
                        [
                            35.416831970214844,
                            32.46284660956346
                        ],
                        [
                            35.40550231933594,
                            32.48399040404987
                        ],
                        [
                            35.403099060058594,
                            32.50049648924482
                        ],
                        [
                            35.39039611816406,
                            32.50426061084722
                        ],
                        [
                            35.383872985839844,
                            32.50686644888966
                        ],
                        [
                            35.37322998046875,
                            32.51294644396104
                        ],
                        [
                            35.35778045654297,
                            32.51960501436726
                        ],
                        [
                            35.34267425537098,
                            32.51815754102393
                        ],
                        [
                            35.330657958984375,
                            32.51526252439913
                        ],
                        [
                            35.30525207519531,
                            32.51034078213685
                        ],
                        [
                            35.289459228515625,
                            32.51063030384697
                        ],
                        [
                            35.25306701660156,
                            32.52221040763492
                        ],
                        [
                            35.23521423339844,
                            32.5366834390368
                        ],
                        [
                            35.223541259765625,
                            32.55173291790939
                        ]
                    ]
                ]
            },
            "properties": {}
        },
        {
            "type": "Feature",
            "properties": {},
            "geometry": {
                "type": "Polygon",
                "coordinates": [
                    [
                        [
                            34.48883056640625,
                            31.596082850911525
                        ],
                        [
                            34.463768005371094,
                            31.563910048839922
                        ],
                        [
                            34.43046569824218,
                            31.531726144517158
                        ],
                        [
                            34.36969757080078,
                            31.45853965159678
                        ],
                        [
                            34.31476593017578,
                            31.413135275777
                        ],
                        [
                            34.21794891357422,
                            31.32519340026096
                        ],
                        [
                            34.23511505126953,
                            31.297034627471344
                        ],
                        [
                            34.240264892578125,
                            31.295861162607927
                        ],
                        [
                            34.26738739013672,
                            31.21955462135989
                        ],
                        [
                            34.28901672363281,
                            31.23922412930189
                        ],
                        [
                            34.30549621582031,
                            31.247736527203624
                        ],
                        [
                            34.32609558105469,
                            31.25742211560861
                        ],
                        [
                            34.343605041503906,
                            31.278257436580457
                        ],
                        [
                            34.36592102050781,
                            31.28999361914083
                        ],
                        [
                            34.37347412109375,
                            31.306128484744008
                        ],
                        [
                            34.365234375,
                            31.356568776369325
                        ],
                        [
                            34.36798095703125,
                            31.37357161574468
                        ],
                        [
                            34.44625854492187,
                            31.446238702913487
                        ],
                        [
                            34.51011657714844,
                            31.49777473435026
                        ],
                        [
                            34.553375244140625,
                            31.51533734870699
                        ],
                        [
                            34.56779479980469,
                            31.53933425079507
                        ],
                        [
                            34.48883056640625,
                            31.596082850911525
                        ]
                    ]
                ]
            }
        }
    ]
}