{
    "type": "FeatureCollection",
    "features": [
        {
            "type": "Feature",
            "properties": {},
            "geometry": {
                "type": "Polygon",
                "coordinates": [
                    [
                        [
                            51.21551513671875,
                            26.18933141398614
                        ],
                        [
                            51.20384216308594,
                            26.177623883345746
                        ],
                        [
                            51.20384216308594,
                            26.15667063025148
                        ],
                        [
                            51.18461608886718,
                            26.15667063025148
                        ],
                        [
                            51.18049621582031,
                            26.14002860075234
                        ],
                        [
                            51.15440368652344,
                            26.130782003547658
                        ],
                        [
                            51.150970458984375,
                            26.09625490696853
                        ],
                        [
                            51.123504638671875,
                            26.084538039722087
                        ],
                        [
                            51.074066162109375,
                            26.081454458607542
                        ],
                        [
                            51.068572998046875,
                            26.06418490332395
                        ],
                        [
                            51.024627685546875,
                            26.05678288577881
                        ],
                        [
                            51.03218078613281,
                            26.039509693208814
                        ],
                        [
                            51.02531433105469,
                            26.01482928993099
                        ],
                        [
                            51.01158142089844,
                            26.007424156802212
                        ],
                        [
                            51.0040283203125,
                            25.989526490691645
                        ],
                        [
                            50.98411560058594,
                            25.9926124897092
                        ],
                        [
                            50.983428955078125,
                            25.94816628853973
                        ],
                        [
                            50.98274230957031,
                            25.90926209372367
                        ],
                        [
                            50.955963134765625,
                            25.869727228306154
                        ],
                        [
                            50.94841003417969,
                            25.83017913000977
                        ],
                        [
                            50.953216552734375,
                            25.812872679567928
                        ],
                        [
                            50.927810668945305,
                            25.814727063097408
                        ],
                        [
                            50.91064453125,
                            25.80174576880068
                        ],
                        [
                            50.89691162109375,
                            25.77083220246758
                        ],
                        [
                            50.909271240234375,
                            25.737436504026586
                        ],
                        [
                            50.88798522949219,
                            25.723209559418265
                        ],
                        [
                            50.887298583984375,
                            25.68856292610355
                        ],
                        [
                            50.892791748046875,
                            25.64585946281683
                        ],
                        [
                            50.91270446777344,
                            25.615524531842528
                        ],
                        [
                            50.90995788574219,
                            25.593852007936757
                        ],
                        [
                            50.899658203125,
                            25.54987568350062
                        ],
                        [
                            50.88592529296875,
                            25.54801717338039
                        ],
                        [
                            50.876312255859375,
                            25.578988578695007
                        ],
                        [
                            50.88523864746094,
                            25.593852007936757
                        ],
                        [
                            50.8831787109375,
                            25.635335971980346
                        ],
                        [
                            50.86326599121094,
                            25.647097459564737
                        ],
                        [
                            50.85090637207031,
                            25.662571335129318
                        ],
                        [
                            50.83854675292969,
                            25.65390621209509
                        ],
                        [
                            50.82893371582031,
                            25.63347878906246
                        ],
                        [
                            50.80352783203125,
                            25.624811553531853
                        ],
                        [
                            50.78773498535156,
                            25.60685599371504
                        ],
                        [
                            50.788421630859375,
                            25.590755612437427
                        ],
                        [
                            50.813140869140625,
                            25.5765111610062
                        ],
                        [
                            50.81382751464844,
                            25.5517341648025
                        ],
                        [
                            50.79734802246094,
                            25.539343745154635
                        ],
                        [
                            50.766448974609375,
                            25.53252846853444
                        ],
                        [
                            50.752716064453125,
                            25.507742380531404
                        ],
                        [
                            50.75340270996094,
                            25.488529642488537
                        ],
                        [
                            50.74035644531249,
                            25.45319497952487
                        ],
                        [
                            50.745849609375,
                            25.420950798326693
                        ],
                        [
                            50.75340270996094,
                            25.321063183989498
                        ],
                        [
                            50.75065612792969,
                            25.213017398428725
                        ],
                        [
                            50.76576232910156,
                            25.154607869668236
                        ],
                        [
                            50.76576232910156,
                            25.103632028393882
                        ],
                        [
                            50.7843017578125,
                            25.08684264662343
                        ],
                        [
                            50.80284118652343,
                            25.042681800625722
                        ],
                        [
                            50.788421630859375,
                            25.022150920405707
                        ],
                        [
                            50.782928466796875,
                            24.983568464904028
                        ],
                        [
                            50.81039428710937,
                            24.956802552408
                        ],
                        [
                            50.83168029785156,
                            24.926294766395593
                        ],
                        [
                            50.854339599609375,
                            24.88581360309809
                        ],
                        [
                            50.84815979003906,
                            24.84843459524055
                        ],
                        [
                            50.85090637207031,
                            24.824132181788887
                        ],
                        [
                            50.86463928222656,
                            24.79733168525243
                        ],
                        [
                            50.84953308105468,
                            24.764914044216276
                        ],
                        [
                            50.811767578125,
                            24.751819904924858
                        ],
                        [
                            50.81245422363281,
                            24.7462077085197
                        ],
                        [
                            50.93193054199219,
                            24.54712317973075
                        ],
                        [
                            50.97381591796875,
                            24.51276622512897
                        ],
                        [
                            51.09672546386719,
                            24.4696505758018
                        ],
                        [
                            51.16676330566406,
                            24.484024101014608
                        ],
                        [
                            51.25602722167969,
                            24.50339451531758
                        ],
                        [
                            51.3006591796875,
                            24.50651849623635
                        ],
                        [
                            51.33636474609375,
                            24.542750998636
                        ],
                        [
                            51.354217529296875,
                            24.568981799204426
                        ],
                        [
                            51.37825012207031,
                            24.577099744289427
                        ],
                        [
                            51.39198303222656,
                            24.62579636412304
                        ],
                        [
                            51.43730163574219,
                            24.63890375352977
                        ],
                        [
                            51.450347900390625,
                            24.681961205014595
                        ],
                        [
                            51.46957397460937,
                            24.718766657061526
                        ],
                        [
                            51.491546630859375,
                            24.771148863516316
                        ],
                        [
                            51.4984130859375,
                            24.804811476536706
                        ],
                        [
                            51.52107238769531,
                            24.85341911589439
                        ],
                        [
                            51.549224853515625,
                            24.875224031804528
                        ],
                        [
                            51.60621643066406,
                            24.952444759841555
                        ],
                        [
                            51.61994934082031,
                            24.98232366786997
                        ],
                        [
                            51.6357421875,
                            25.001616605587664
                        ],
                        [
                            51.664581298828125,
                            25.022150920405707
                        ],
                        [
                            51.659088134765625,
                            25.04330389487308
                        ],
                        [
                            51.63299560546874,
                            25.054501051619468
                        ],
                        [
                            51.63368225097656,
                            25.076270372538804
                        ],
                        [
                            51.62750244140625,
                            25.155850917046752
                        ],
                        [
                            51.63299560546874,
                            25.186301620540558
                        ],
                        [
                            51.61994934082031,
                            25.224820176765036
                        ],
                        [
                            51.64054870605469,
                            25.247180194609925
                        ],
                        [
                            51.623382568359375,
                            25.306166036627506
                        ],
                        [
                            51.60209655761718,
                            25.313614839313132
                        ],
                        [
                            51.58630371093749,
                            25.32726978794776
                        ],
                        [
                            51.59042358398437,
                            25.347749323170543
                        ],
                        [
                            51.591796875,
                            25.366364073894893
                        ],
                        [
                            51.57737731933594,
                            25.383114898409268
                        ],
                        [
                            51.584930419921875,
                            25.39800256982554
                        ],
                        [
                            51.571197509765625,
                            25.418470119273117
                        ],
                        [
                            51.551971435546875,
                            25.427152272626365
                        ],
                        [
                            51.551971435546875,
                            25.44451470290646
                        ],
                        [
                            51.54716491699218,
                            25.4624945813551
                        ],
                        [
                            51.53755187988281,
                            25.48481069316569
                        ],
                        [
                            51.51626586914062,
                            25.4866701822106
                        ],
                        [
                            51.49085998535156,
                            25.508981806494198
                        ],
                        [
                            51.496353149414055,
                            25.526332426464588
                        ],
                        [
                            51.5093994140625,
                            25.561645578307413
                        ],
                        [
                            51.505279541015625,
                            25.593232735248666
                        ],
                        [
                            51.543731689453125,
                            25.604998368042544
                        ],
                        [
                            51.557464599609375,
                            25.631002500238303
                        ],
                        [
                            51.58012390136719,
                            25.663809158457223
                        ],
                        [
                            51.58973693847656,
                            25.68237496622936
                        ],
                        [
                            51.60346984863281,
                            25.72259095799301
                        ],
                        [
                            51.59385681152343,
                            25.745477067368604
                        ],
                        [
                            51.602783203125,
                            25.75970134644323
                        ],
                        [
                            51.606903076171875,
                            25.79309078253729
                        ],
                        [
                            51.595916748046875,
                            25.81596330265488
                        ],
                        [
                            51.59454345703125,
                            25.854898241399187
                        ],
                        [
                            51.62406921386719,
                            25.86910939099931
                        ],
                        [
                            51.66664123535156,
                            25.893820362797484
                        ],
                        [
                            51.667327880859375,
                            25.919761316197402
                        ],
                        [
                            51.653594970703125,
                            25.942609332852275
                        ],
                        [
                            51.61033630371094,
                            25.9500185488265
                        ],
                        [
                            51.570510864257805,
                            25.93828707492375
                        ],
                        [
                            51.53617858886719,
                            25.951870779973
                        ],
                        [
                            51.50115966796875,
                            25.964835581945653
                        ],
                        [
                            51.44210815429687,
                            25.958662044841358
                        ],
                        [
                            51.411895751953125,
                            25.97100879513748
                        ],
                        [
                            51.40708923339843,
                            25.995081230575074
                        ],
                        [
                            51.39884948730469,
                            26.021616918325968
                        ],
                        [
                            51.375503540039055,
                            26.048146607649734
                        ],
                        [
                            51.37138366699219,
                            26.07343676754388
                        ],
                        [
                            51.365203857421875,
                            26.10920376334051
                        ],
                        [
                            51.304779052734375,
                            26.144959819851827
                        ],
                        [
                            51.273193359375,
                            26.169612789982907
                        ],
                        [
                            51.24710083007812,
                            26.185018250078308
                        ],
                        [
                            51.21551513671875,
                            26.18933141398614
                        ]
                    ]
                ]
            }
        },
        {
            "type": "Feature",
            "properties": {},
            "geometry": {
                "type": "Polygon",
                "coordinates": [
                    [
                        [
                            50.7319450378418,
                            25.563194162601707
                        ],
                        [
                            50.730228424072266,
                            25.55994211246132
                        ],
                        [
                            50.7374382019043,
                            25.55483156959417
                        ],
                        [
                            50.74155807495117,
                            25.557154570647544
                        ],
                        [
                            50.7319450378418,
                            25.563194162601707
                        ]
                    ]
                ]
            }
        }
    ]
}