{
    "type": "FeatureCollection",
    "features": [
        {
            "type": "Feature",
            "properties": {},
            "geometry": {
                "coordinates": [
                    [
                        [
                            30.4395576808962,
                            -1.0479859843619346
                        ],
                        [
                            30.434023754515923,
                            -1.0579692938503364
                        ],
                        [
                            30.41422761606333,
                            -1.0644956882350083
                        ],
                        [
                            30.37073578652408,
                            -1.0642393360601847
                        ],
                        [
                            30.364812373499973,
                            -1.0612446160528475
                        ],
                        [
                            30.35533242648819,
                            -1.0604425477088189
                        ],
                        [
                            30.348151284227384,
                            -1.0730937518225774
                        ],
                        [
                            30.35258584445694,
                            -1.0812781595704322
                        ],
                        [
                            30.340134917028646,
                            -1.0985324847694369
                        ],
                        [
                            30.342724155469085,
                            -1.1265718463205232
                        ],
                        [
                            30.332247257848692,
                            -1.137489980321558
                        ],
                        [
                            30.305240322070002,
                            -1.151534801865552
                        ],
                        [
                            30.293219643603376,
                            -1.180044557861094
                        ],
                        [
                            30.290018559118234,
                            -1.1920131470555833
                        ],
                        [
                            30.272545478906864,
                            -1.2143868618125653
                        ],
                        [
                            30.262842153002055,
                            -1.218083399542648
                        ],
                        [
                            30.213486220568285,
                            -1.2740361541973335
                        ],
                        [
                            30.19319277835683,
                            -1.281777691084014
                        ],
                        [
                            30.17168338872059,
                            -1.2767557681954245
                        ],
                        [
                            30.169839086424528,
                            -1.30622552831582
                        ],
                        [
                            30.162037333960054,
                            -1.3246192769106329
                        ],
                        [
                            30.16531321790825,
                            -1.3462888862592253
                        ],
                        [
                            30.161274958407873,
                            -1.3535141581489252
                        ],
                        [
                            30.14495085973587,
                            -1.356273106619999
                        ],
                        [
                            30.125633079575408,
                            -1.3745330703717686
                        ],
                        [
                            30.123172686887756,
                            -1.3885824021603028
                        ],
                        [
                            30.117027136470824,
                            -1.3888565416381622
                        ],
                        [
                            30.106338487048415,
                            -1.3798870238626058
                        ],
                        [
                            30.083129367476797,
                            -1.3790861349094832
                        ],
                        [
                            30.074111896692386,
                            -1.3825643077684897
                        ],
                        [
                            30.067336938637737,
                            -1.394851587091603
                        ],
                        [
                            30.051979016193886,
                            -1.4064066355240963
                        ],
                        [
                            30.051223643459707,
                            -1.4313697270780994
                        ],
                        [
                            30.040740757877277,
                            -1.43457321065673
                        ],
                        [
                            30.022682210832844,
                            -1.4230872223857673
                        ],
                        [
                            30.015312313212036,
                            -1.423132746434112
                        ],
                        [
                            30.000000139280644,
                            -1.4402473730422358
                        ],
                        [
                            29.99292917387888,
                            -1.4555774195311544
                        ],
                        [
                            29.93516874990123,
                            -1.4760448513034272
                        ],
                        [
                            29.92371313392617,
                            -1.4859409452756558
                        ],
                        [
                            29.914581187404934,
                            -1.486832987276963
                        ],
                        [
                            29.889747473386276,
                            -1.4569966262144836
                        ],
                        [
                            29.89077765056622,
                            -1.4367696838038306
                        ],
                        [
                            29.884597736537476,
                            -1.4299972831035515
                        ],
                        [
                            29.88286391484371,
                            -1.4082308409529152
                        ],
                        [
                            29.87824605666861,
                            -1.3976766301327541
                        ],
                        [
                            29.877342001273504,
                            -1.3650354788311063
                        ],
                        [
                            29.873290750993164,
                            -1.3612614263334568
                        ],
                        [
                            29.859306119564877,
                            -1.3640299942806096
                        ],
                        [
                            29.843353257556288,
                            -1.3407594658786937
                        ],
                        [
                            29.836257642082302,
                            -1.3258630649014307
                        ],
                        [
                            29.829277338025545,
                            -1.3168705463779915
                        ],
                        [
                            29.817054546580263,
                            -1.3093641203053217
                        ],
                        [
                            29.817077629754735,
                            -1.33414638317188
                        ],
                        [
                            29.80332142750305,
                            -1.3397069130917911
                        ],
                        [
                            29.795104869045616,
                            -1.3545570799029114
                        ],
                        [
                            29.792610008284896,
                            -1.370528193234567
                        ],
                        [
                            29.78334081622864,
                            -1.3730225482312206
                        ],
                        [
                            29.772468754921388,
                            -1.3683779986529157
                        ],
                        [
                            29.757866205213105,
                            -1.3506215048312828
                        ],
                        [
                            29.730011627015017,
                            -1.3435278513521163
                        ],
                        [
                            29.71138091020163,
                            -1.3499340034133762
                        ],
                        [
                            29.687302359997485,
                            -1.3690861689271683
                        ],
                        [
                            29.673345088391585,
                            -1.3878004309556071
                        ],
                        [
                            29.642404046375596,
                            -1.3916181772504497
                        ],
                        [
                            29.635318655554286,
                            -1.3958899739089352
                        ],
                        [
                            29.61057307346644,
                            -1.3941822346279746
                        ],
                        [
                            29.60274021406883,
                            -1.3898056758176804
                        ],
                        [
                            29.59091987725151,
                            -1.387139268171262
                        ],
                        [
                            29.56095856453834,
                            -1.3852555664556432
                        ],
                        [
                            29.5382728824801,
                            -1.4091063724291928
                        ],
                        [
                            29.5093301043525,
                            -1.419195705448513
                        ],
                        [
                            29.49378508892552,
                            -1.4351313654892208
                        ],
                        [
                            29.49101825806769,
                            -1.4640537614260296
                        ],
                        [
                            29.48024919853422,
                            -1.4683504672971666
                        ],
                        [
                            29.48262004074664,
                            -1.4789022125578755
                        ],
                        [
                            29.46050507444751,
                            -1.4915542866873142
                        ],
                        [
                            29.439641527363335,
                            -1.528600691913269
                        ],
                        [
                            29.34375489987221,
                            -1.5350828490861685
                        ],
                        [
                            29.317309396959473,
                            -1.5904159856994604
                        ],
                        [
                            29.28346646318205,
                            -1.6127962603470536
                        ],
                        [
                            29.273400494463374,
                            -1.6408056845354133
                        ],
                        [
                            29.243120835324873,
                            -1.6590263460746157
                        ],
                        [
                            29.245378075744412,
                            -1.7047664868024588
                        ],
                        [
                            29.219432701825863,
                            -1.7358855712715506
                        ],
                        [
                            29.161589286597888,
                            -2.1260814842134725
                        ],
                        [
                            29.10538525364032,
                            -2.2500773599213693
                        ],
                        [
                            29.063856096388207,
                            -2.2846055049110774
                        ],
                        [
                            29.016082176345634,
                            -2.2897103901867477
                        ],
                        [
                            28.984844838555077,
                            -2.282950814149812
                        ],
                        [
                            28.97693441800851,
                            -2.33565132080587
                        ],
                        [
                            28.942289644618256,
                            -2.34011578207038
                        ],
                        [
                            28.897557977057915,
                            -2.3559863921096635
                        ],
                        [
                            28.86935867413773,
                            -2.394618962322886
                        ],
                        [
                            28.865203857421875,
                            -2.4327403948333925
                        ],
                        [
                            28.88861693912736,
                            -2.4750449937889942
                        ],
                        [
                            28.89404848950437,
                            -2.4899962081080793
                        ],
                        [
                            28.888067322875287,
                            -2.505649441019733
                        ],
                        [
                            28.873821873677443,
                            -2.5093873434856304
                        ],
                        [
                            28.86286226298315,
                            -2.5214781338793992
                        ],
                        [
                            28.863157518170823,
                            -2.534846617867174
                        ],
                        [
                            28.891363521158638,
                            -2.5589505625098403
                        ],
                        [
                            28.906886978160454,
                            -2.6452445573630117
                        ],
                        [
                            28.894396497822555,
                            -2.6529178673115257
                        ],
                        [
                            28.917823176799487,
                            -2.6780901762491522
                        ],
                        [
                            28.938489250513555,
                            -2.682755439747569
                        ],
                        [
                            28.9421716848028,
                            -2.6922423789199836
                        ],
                        [
                            28.96048617701285,
                            -2.6939753218386793
                        ],
                        [
                            28.968568972965052,
                            -2.703884560145216
                        ],
                        [
                            28.98166505599173,
                            -2.6940640065909154
                        ],
                        [
                            29.013823359872376,
                            -2.7129228644554653
                        ],
                        [
                            29.04035423081075,
                            -2.7440459623609494
                        ],
                        [
                            29.041671752929688,
                            -2.7261550926283453
                        ],
                        [
                            29.05712127685547,
                            -2.7096941384575812
                        ],
                        [
                            29.049911499023434,
                            -2.7021494595771327
                        ],
                        [
                            29.052658081054688,
                            -2.6975197470414285
                        ],
                        [
                            29.050941467285153,
                            -2.6934044322117305
                        ],
                        [
                            29.05454635620117,
                            -2.6918611855644787
                        ],
                        [
                            29.055233001708988,
                            -2.6889461587883563
                        ],
                        [
                            29.047336578369144,
                            -2.6862025978126107
                        ],
                        [
                            29.05471801757812,
                            -2.683459030673154
                        ],
                        [
                            29.058151245117184,
                            -2.676428611787921
                        ],
                        [
                            29.04767990112305,
                            -2.667340449583608
                        ],
                        [
                            29.05540466308594,
                            -2.653622341778497
                        ],
                        [
                            29.06106948852539,
                            -2.648478012062852
                        ],
                        [
                            29.055233001708988,
                            -2.639732602533818
                        ],
                        [
                            29.053516387939453,
                            -2.6227560438247197
                        ],
                        [
                            29.06278610229492,
                            -2.6013206659968344
                        ],
                        [
                            29.074287414550778,
                            -2.6037214464870644
                        ],
                        [
                            29.091796875,
                            -2.5915460125750966
                        ],
                        [
                            29.09694671630859,
                            -2.596004635795735
                        ],
                        [
                            29.115314483642578,
                            -2.5966905764341197
                        ],
                        [
                            29.129047393798825,
                            -2.609723377689585
                        ],
                        [
                            29.143123626708984,
                            -2.6033784781255864
                        ],
                        [
                            29.140720367431637,
                            -2.5968620615355147
                        ],
                        [
                            29.15050506591797,
                            -2.5936038406299677
                        ],
                        [
                            29.16595458984375,
                            -2.5966905764341197
                        ],
                        [
                            29.17625427246094,
                            -2.615553797703585
                        ],
                        [
                            29.1877555847168,
                            -2.610066344321936
                        ],
                        [
                            29.188270568847656,
                            -2.6152108325700776
                        ],
                        [
                            29.203548431396488,
                            -2.615725280235181
                        ],
                        [
                            29.2100715637207,
                            -2.622241599047191
                        ],
                        [
                            29.21642303466797,
                            -2.624642339531717
                        ],
                        [
                            29.22037124633789,
                            -2.6291008453373195
                        ],
                        [
                            29.224319458007812,
                            -2.631330092267669
                        ],
                        [
                            29.225864410400387,
                            -2.62790047995572
                        ],
                        [
                            29.234104156494137,
                            -2.628757883917529
                        ],
                        [
                            29.237365722656246,
                            -2.6258427080450306
                        ],
                        [
                            29.241828918457028,
                            -2.627386037295944
                        ],
                        [
                            29.244232177734375,
                            -2.623441969865605
                        ],
                        [
                            29.24783706665039,
                            -2.621898635744639
                        ],
                        [
                            29.251785278320312,
                            -2.626871594424216
                        ],
                        [
                            29.266033172607422,
                            -2.6186404796834903
                        ],
                        [
                            29.27204132080078,
                            -2.6236134513170337
                        ],
                        [
                            29.283885955810543,
                            -2.62790047995572
                        ],
                        [
                            29.287490844726562,
                            -2.6325304543485397
                        ],
                        [
                            29.29315567016602,
                            -2.6385322473984263
                        ],
                        [
                            29.311351776123043,
                            -2.64367661838402
                        ],
                        [
                            29.318218231201172,
                            -2.6493354018336492
                        ],
                        [
                            29.321308135986328,
                            -2.656880406195385
                        ],
                        [
                            29.326114654541016,
                            -2.6522505226124267
                        ],
                        [
                            29.330749511718746,
                            -2.658252220220572
                        ],
                        [
                            29.336585998535156,
                            -2.6697411027399496
                        ],
                        [
                            29.333839416503906,
                            -2.6774574560974385
                        ],
                        [
                            29.327316284179684,
                            -2.6870599612799415
                        ],
                        [
                            29.334182739257812,
                            -2.690317936962878
                        ],
                        [
                            29.33916091918945,
                            -2.696490919638798
                        ],
                        [
                            29.34379577636719,
                            -2.7016350479445204
                        ],
                        [
                            29.350490570068356,
                            -2.700263282525537
                        ],
                        [
                            29.350490570068356,
                            -2.7083223821546274
                        ],
                        [
                            29.35066223144531,
                            -2.7131235224129173
                        ],
                        [
                            29.348430633544922,
                            -2.716895833528585
                        ],
                        [
                            29.349117279052734,
                            -2.722897213279232
                        ],
                        [
                            29.352893829345703,
                            -2.7251262895757873
                        ],
                        [
                            29.352550506591797,
                            -2.7369574715095584
                        ],
                        [
                            29.33486938476562,
                            -2.744673396837845
                        ],
                        [
                            29.33401107788086,
                            -2.7474168249572544
                        ],
                        [
                            29.34173583984375,
                            -2.7527321989944395
                        ],
                        [
                            29.338817596435543,
                            -2.763705799373477
                        ],
                        [
                            29.349632263183594,
                            -2.7685067176598257
                        ],
                        [
                            29.34946060180664,
                            -2.777251197387374
                        ],
                        [
                            29.356327056884766,
                            -2.7916537286547993
                        ],
                        [
                            29.353065490722656,
                            -2.7986834715274473
                        ],
                        [
                            29.351692199707035,
                            -2.8005694929339566
                        ],
                        [
                            29.353408813476562,
                            -2.804855893923763
                        ],
                        [
                            29.35770034790039,
                            -2.808970824093615
                        ],
                        [
                            29.36233520507812,
                            -2.8204582606748083
                        ],
                        [
                            29.3609619140625,
                            -2.823887324251714
                        ],
                        [
                            29.365081787109375,
                            -2.8274878301125095
                        ],
                        [
                            29.363021850585934,
                            -2.833488648374267
                        ],
                        [
                            29.368000030517578,
                            -2.832288487208323
                        ],
                        [
                            29.370059967041012,
                            -2.8386321821287
                        ],
                        [
                            29.376583099365234,
                            -2.836574771372018
                        ],
                        [
                            29.375381469726562,
                            -2.83125977664758
                        ],
                        [
                            29.380359649658203,
                            -2.8302310651734195
                        ],
                        [
                            29.384479522705078,
                            -2.8197724467457657
                        ],
                        [
                            29.395122528076172,
                            -2.816514825062878
                        ],
                        [
                            29.3994140625,
                            -2.8204582606748083
                        ],
                        [
                            29.407310485839844,
                            -2.8151431921539447
                        ],
                        [
                            29.420700073242184,
                            -2.8079420929097227
                        ],
                        [
                            29.430828094482422,
                            -2.803312791376057
                        ],
                        [
                            29.432201385498043,
                            -2.799712210852809
                        ],
                        [
                            29.438209533691406,
                            -2.796968903978778
                        ],
                        [
                            29.441471099853516,
                            -2.7976547312991262
                        ],
                        [
                            29.448680877685543,
                            -2.797826188066537
                        ],
                        [
                            29.450912475585938,
                            -2.799883667319238
                        ],
                        [
                            29.45709228515625,
                            -2.800055123760553
                        ],
                        [
                            29.457778930664062,
                            -2.8043415266340364
                        ],
                        [
                            29.466190338134766,
                            -2.809485189345738
                        ],
                        [
                            29.47202682495117,
                            -2.808799368959228
                        ],
                        [
                            29.476490020751953,
                            -2.8098280993879294
                        ],
                        [
                            29.476661682128906,
                            -2.808456458614922
                        ],
                        [
                            29.479408264160153,
                            -2.808456458614922
                        ],
                        [
                            29.485931396484375,
                            -2.802112599098652
                        ],
                        [
                            29.49125289916992,
                            -2.8069133608198937
                        ],
                        [
                            29.498119354248047,
                            -2.8098280993879294
                        ],
                        [
                            29.50876235961914,
                            -2.821315527517384
                        ],
                        [
                            29.515457153320316,
                            -2.8228586062409917
                        ],
                        [
                            29.518375396728512,
                            -2.8274878301125095
                        ],
                        [
                            29.528331756591797,
                            -2.828345091766175
                        ],
                        [
                            29.5341682434082,
                            -2.826459115291935
                        ],
                        [
                            29.539318084716797,
                            -2.8288594484542093
                        ],
                        [
                            29.544124603271484,
                            -2.82868799625022
                        ],
                        [
                            29.544124603271484,
                            -2.817715002533058
                        ],
                        [
                            29.55717086791992,
                            -2.8173720948106613
                        ],
                        [
                            29.564723968505856,
                            -2.813085739763293
                        ],
                        [
                            29.5751953125,
                            -2.8111997385493117
                        ],
                        [
                            29.58292007446289,
                            -2.805027349636731
                        ],
                        [
                            29.58927154541016,
                            -2.8027984234078804
                        ],
                        [
                            29.590816497802734,
                            -2.8079420929097227
                        ],
                        [
                            29.60712432861328,
                            -2.8063989944353533
                        ],
                        [
                            29.611244201660153,
                            -2.810342464262355
                        ],
                        [
                            29.622917175292965,
                            -2.807599182313746
                        ],
                        [
                            29.630985260009762,
                            -2.8029698794224034
                        ],
                        [
                            29.641456604003906,
                            -2.7897676929193445
                        ],
                        [
                            29.663257598876957,
                            -2.788053112352703
                        ],
                        [
                            29.685401916503903,
                            -2.799883667319238
                        ],
                        [
                            29.706001281738278,
                            -2.811371193331128
                        ],
                        [
                            29.708232879638672,
                            -2.8189151787658875
                        ],
                        [
                            29.731578826904297,
                            -2.8122284668622446
                        ],
                        [
                            29.746341705322266,
                            -2.807084816231091
                        ],
                        [
                            29.75217819213867,
                            -2.809656644379429
                        ],
                        [
                            29.765911102294922,
                            -2.7789657936702814
                        ],
                        [
                            29.76968765258789,
                            -2.7640487227526247
                        ],
                        [
                            29.790973663330075,
                            -2.765591876732355
                        ],
                        [
                            29.798526763916012,
                            -2.7585619368037855
                        ],
                        [
                            29.80968475341797,
                            -2.760448022331816
                        ],
                        [
                            29.815006256103512,
                            -2.771764472563147
                        ],
                        [
                            29.825992584228512,
                            -2.774336377994854
                        ],
                        [
                            29.831314086914062,
                            -2.7793087126280382
                        ],
                        [
                            29.83989715576172,
                            -2.768335256627227
                        ],
                        [
                            29.87766265869141,
                            -2.7571902363588396
                        ],
                        [
                            29.87903594970703,
                            -2.7513604918334345
                        ],
                        [
                            29.89105224609375,
                            -2.747245360884402
                        ],
                        [
                            29.902725219726562,
                            -2.721011068575951
                        ],
                        [
                            29.91851806640625,
                            -2.702320930072912
                        ],
                        [
                            29.91903305053711,
                            -2.6918611855644787
                        ],
                        [
                            29.929161071777344,
                            -2.667340449583608
                        ],
                        [
                            29.928817749023438,
                            -2.6565374524509093
                        ],
                        [
                            29.935855865478512,
                            -2.639732602533818
                        ],
                        [
                            29.929332733154297,
                            -2.6337308152731644
                        ],
                        [
                            29.92950439453125,
                            -2.582285744968951
                        ],
                        [
                            29.92057800292969,
                            -2.5569054069704134
                        ],
                        [
                            29.942550659179684,
                            -2.4951673636680027
                        ],
                        [
                            29.970703124999996,
                            -2.4835054055778474
                        ],
                        [
                            29.961090087890625,
                            -2.4101013256130592
                        ],
                        [
                            29.943923950195316,
                            -2.370310536143135
                        ],
                        [
                            29.95559692382813,
                            -2.347670437232854
                        ],
                        [
                            29.95559692382813,
                            -2.327088210764743
                        ],
                        [
                            30.004348754882812,
                            -2.3435540161039135
                        ],
                        [
                            30.03936767578125,
                            -2.352472913224101
                        ],
                        [
                            30.083312988281246,
                            -2.414903583998337
                        ],
                        [
                            30.110778808593746,
                            -2.4320543679985667
                        ],
                        [
                            30.151290893554688,
                            -2.436170523770955
                        ],
                        [
                            30.18081665039062,
                            -2.4265661407686383
                        ],
                        [
                            30.199356079101562,
                            -2.395008403412304
                        ],
                        [
                            30.202789306640625,
                            -2.381973473105684
                        ],
                        [
                            30.219268798828125,
                            -2.3778571536645723
                        ],
                        [
                            30.222015380859375,
                            -2.3497286432518663
                        ],
                        [
                            30.241241455078125,
                            -2.35658930805591
                        ],
                        [
                            30.252227783203125,
                            -2.3716826514839457
                        ],
                        [
                            30.299606323242188,
                            -2.3716826514839457
                        ],
                        [
                            30.371704101562496,
                            -2.3531589798736956
                        ],
                        [
                            30.38406372070312,
                            -2.3154248155552675
                        ],
                        [
                            30.41427612304687,
                            -2.312680473301111
                        ],
                        [
                            30.43006896972656,
                            -2.329146446976341
                        ],
                        [
                            30.454788208007816,
                            -2.318169152494475
                        ],
                        [
                            30.465087890624996,
                            -2.320913484112488
                        ],
                        [
                            30.461654663085934,
                            -2.3428679447384466
                        ],
                        [
                            30.471954345703125,
                            -2.357275372678525
                        ],
                        [
                            30.47607421875,
                            -2.3675663013818165
                        ],
                        [
                            30.487747192382812,
                            -2.3682523605818653
                        ],
                        [
                            30.492553710937496,
                            -2.3778571536645723
                        ],
                        [
                            30.5035400390625,
                            -2.3888339781603642
                        ],
                        [
                            30.51246643066406,
                            -2.4011828008347083
                        ],
                        [
                            30.533319204015612,
                            -2.4051955456497014
                        ],
                        [
                            30.543439057355926,
                            -2.4130360261723376
                        ],
                        [
                            30.549214376324173,
                            -2.4110086372998225
                        ],
                        [
                            30.564117356861374,
                            -2.4150094397646713
                        ],
                        [
                            30.569787580715854,
                            -2.4194157364400657
                        ],
                        [
                            30.58543892286238,
                            -2.4133620919034913
                        ],
                        [
                            30.59057024828715,
                            -2.4049126256228717
                        ],
                        [
                            30.609447685462584,
                            -2.3992316229074744
                        ],
                        [
                            30.614376644411934,
                            -2.4029704271407235
                        ],
                        [
                            30.623957605787915,
                            -2.4000481522176713
                        ],
                        [
                            30.63400268554688,
                            -2.4039269685152282
                        ],
                        [
                            30.655288696289062,
                            -2.414217548124642
                        ],
                        [
                            30.669708251953125,
                            -2.4039269685152282
                        ],
                        [
                            30.688553150852698,
                            -2.3832694560384966
                        ],
                        [
                            30.693740844726562,
                            -2.366880241842123
                        ],
                        [
                            30.71571350097656,
                            -2.357275372678525
                        ],
                        [
                            30.73013305664062,
                            -2.362763877476898
                        ],
                        [
                            30.744552612304688,
                            -2.3799153149215013
                        ],
                        [
                            30.76515197753906,
                            -2.3840316282144993
                        ],
                        [
                            30.76652526855469,
                            -2.390892122998761
                        ],
                        [
                            30.778198242187504,
                            -2.391578170592393
                        ],
                        [
                            30.78163146972656,
                            -2.3826595251504643
                        ],
                        [
                            30.80154418945313,
                            -2.366880241842123
                        ],
                        [
                            30.814590454101562,
                            -2.365508121744195
                        ],
                        [
                            30.835876464843746,
                            -2.3442400871331697
                        ],
                        [
                            30.83656311035156,
                            -2.3325768339780804
                        ],
                        [
                            30.84686279296875,
                            -2.325029971548462
                        ],
                        [
                            30.85578918457031,
                            -2.3140526450921493
                        ],
                        [
                            30.85098266601562,
                            -2.3071917728731552
                        ],
                        [
                            30.853042602539062,
                            -2.281120157400816
                        ],
                        [
                            30.842056274414062,
                            -2.2372090027467983
                        ],
                        [
                            30.84686279296875,
                            -2.2255448802339046
                        ],
                        [
                            30.842056274414062,
                            -2.2090777267549297
                        ],
                        [
                            30.858535766601562,
                            -2.1823182135733914
                        ],
                        [
                            30.86677551269531,
                            -2.14457963050023
                        ],
                        [
                            30.876388549804688,
                            -2.1356594651533154
                        ],
                        [
                            30.87501525878906,
                            -2.1205636828530627
                        ],
                        [
                            30.88737487792969,
                            -2.0951749901256265
                        ],
                        [
                            30.891494750976566,
                            -2.0958611764441635
                        ],
                        [
                            30.899734497070312,
                            -2.0773340406051397
                        ],
                        [
                            30.87844848632812,
                            -2.050572239036836
                        ],
                        [
                            30.876388549804688,
                            -2.0382204870071283
                        ],
                        [
                            30.864715576171875,
                            -2.0341032152432783
                        ],
                        [
                            30.80576874413285,
                            -1.934713180310505
                        ],
                        [
                            30.784258233471718,
                            -1.9466554560991705
                        ],
                        [
                            30.837438459610212,
                            -1.8577634075365106
                        ],
                        [
                            30.81866259892422,
                            -1.8386583820908053
                        ],
                        [
                            30.83038330078125,
                            -1.8199911006683507
                        ],
                        [
                            30.82308224094144,
                            -1.780458879830563
                        ],
                        [
                            30.8295252022278,
                            -1.7546640277559775
                        ],
                        [
                            30.816297484661078,
                            -1.7291757012756013
                        ],
                        [
                            30.826950906564377,
                            -1.7194121399208877
                        ],
                        [
                            30.822144110234603,
                            -1.6875217170045749
                        ],
                        [
                            30.84068298339844,
                            -1.6504674962567827
                        ],
                        [
                            30.7452392578125,
                            -1.5234868273052864
                        ],
                        [
                            30.739059448242184,
                            -1.4541590473507306
                        ],
                        [
                            30.733878921084994,
                            -1.4153077320535192
                        ],
                        [
                            30.67082284918024,
                            -1.3866206292316958
                        ],
                        [
                            30.620211219681693,
                            -1.377305899190059
                        ],
                        [
                            30.615463256835938,
                            -1.3518795527836271
                        ],
                        [
                            30.57220458984375,
                            -1.3392186067545941
                        ],
                        [
                            30.555038452148434,
                            -1.3058866783157643
                        ],
                        [
                            30.561209036532627,
                            -1.284969389872162
                        ],
                        [
                            30.538558959960938,
                            -1.2303741774326018
                        ],
                        [
                            30.51608405698198,
                            -1.1926299358574415
                        ],
                        [
                            30.503756323278765,
                            -1.1652842909753223
                        ],
                        [
                            30.471954345703125,
                            -1.1582920671189592
                        ],
                        [
                            30.468521118164062,
                            -1.1431889126242158
                        ],
                        [
                            30.4695616884632,
                            -1.1281658355253705
                        ],
                        [
                            30.476573299827603,
                            -1.1222397172041296
                        ],
                        [
                            30.45994865135196,
                            -1.1176700217236355
                        ],
                        [
                            30.45305208299605,
                            -1.103735946707853
                        ],
                        [
                            30.452126555707846,
                            -1.0824105170835692
                        ],
                        [
                            30.459374882500292,
                            -1.0763340939013128
                        ],
                        [
                            30.466785009964283,
                            -1.0654045051651884
                        ],
                        [
                            30.46739950919696,
                            -1.060784039640359
                        ],
                        [
                            30.472059025234103,
                            -1.0576195303163016
                        ],
                        [
                            30.469318709190617,
                            -1.0525600972698708
                        ],
                        [
                            30.456458129599845,
                            -1.051740115131183
                        ],
                        [
                            30.451202181600692,
                            -1.0480082110730609
                        ],
                        [
                            30.4395576808962,
                            -1.0479859843619346
                        ]
                    ]
                ],
                "type": "Polygon"
            }
        }
    ]
}