{
    "type": "FeatureCollection",
    "features": [
        {
            "type": "Feature",
            "properties": {},
            "geometry": {
                "type": "Polygon",
                "coordinates": [
                    [
                        [
                            -61.165008544921875,
                            13.384943679295386
                        ],
                        [
                            -61.179771423339844,
                            13.384943679295386
                        ],
                        [
                            -61.202430725097656,
                            13.37826364685014
                        ],
                        [
                            -61.215133666992244,
                            13.362898869407998
                        ],
                        [
                            -61.226463317871094,
                            13.330161950396148
                        ],
                        [
                            -61.240196228027344,
                            13.318135029644733
                        ],
                        [
                            -61.23950958251953,
                            13.299425298506344
                        ],
                        [
                            -61.24809265136719,
                            13.303768757742676
                        ],
                        [
                            -61.26113891601568,
                            13.29641824266964
                        ],
                        [
                            -61.265602111816406,
                            13.280714123074006
                        ],
                        [
                            -61.273841857910156,
                            13.264340661279544
                        ],
                        [
                            -61.28002166748047,
                            13.24529259339292
                        ],
                        [
                            -61.283111572265625,
                            13.209865908476635
                        ],
                        [
                            -61.278648376464844,
                            13.18546529485158
                        ],
                        [
                            -61.25633239746094,
                            13.165742471635616
                        ],
                        [
                            -61.25221252441406,
                            13.153038795325394
                        ],
                        [
                            -61.23298645019531,
                            13.147021034658477
                        ],
                        [
                            -61.240196228027344,
                            13.139331458974166
                        ],
                        [
                            -61.2213134765625,
                            13.130304258390238
                        ],
                        [
                            -61.19487762451172,
                            13.1155925540513
                        ],
                        [
                            -61.16466522216797,
                            13.118601837938455
                        ],
                        [
                            -61.154022216796875,
                            13.13498507049225
                        ],
                        [
                            -61.139259338378906,
                            13.150364253259132
                        ],
                        [
                            -61.13822937011719,
                            13.170756899376459
                        ],
                        [
                            -61.12998962402344,
                            13.189476521959017
                        ],
                        [
                            -61.117286682128906,
                            13.223569293385058
                        ],
                        [
                            -61.10870361328125,
                            13.243287446865004
                        ],
                        [
                            -61.11110687255865,
                            13.269353062714407
                        ],
                        [
                            -61.10973358154297,
                            13.311453148727056
                        ],
                        [
                            -61.116600036621094,
                            13.341520159660119
                        ],
                        [
                            -61.12518310546875,
                            13.360560665265373
                        ],
                        [
                            -61.13273620605469,
                            13.373921526424207
                        ],
                        [
                            -61.13788604736328,
                            13.380935682060985
                        ],
                        [
                            -61.150245666503906,
                            13.380935682060985
                        ],
                        [
                            -61.165008544921875,
                            13.384943679295386
                        ]
                    ]
                ]
            }
        },
        {
            "type": "Feature",
            "properties": {},
            "geometry": {
                "type": "Polygon",
                "coordinates": [
                    [
                        [
                            -61.20449066162115,
                            13.052723550149532
                        ],
                        [
                            -61.215476989746094,
                            13.047037797277522
                        ],
                        [
                            -61.227149963378906,
                            13.038007215169166
                        ],
                        [
                            -61.250152587890625,
                            13.02362449661104
                        ],
                        [
                            -61.25324249267584,
                            13.012251523207683
                        ],
                        [
                            -61.243629455566406,
                            13.00656484083653
                        ],
                        [
                            -61.248779296875,
                            12.998870886590765
                        ],
                        [
                            -61.27693176269537,
                            12.997532783240386
                        ],
                        [
                            -61.29650115966797,
                            12.992180297712094
                        ],
                        [
                            -61.29341125488281,
                            12.983816808126269
                        ],
                        [
                            -61.27246856689453,
                            12.98515498538087
                        ],
                        [
                            -61.25358581542969,
                            12.979467682284026
                        ],
                        [
                            -61.255645751953125,
                            12.96842725192088
                        ],
                        [
                            -61.26319885253906,
                            12.958390071883693
                        ],
                        [
                            -61.28070831298828,
                            12.952702156906767
                        ],
                        [
                            -61.28070831298828,
                            12.944002741634725
                        ],
                        [
                            -61.26697540283203,
                            12.94099133483504
                        ],
                        [
                            -61.248435974121094,
                            12.945341132980488
                        ],
                        [
                            -61.236419677734375,
                            12.964412428478397
                        ],
                        [
                            -61.22886657714844,
                            12.979133130990242
                        ],
                        [
                            -61.21376037597662,
                            12.997532783240386
                        ],
                        [
                            -61.20826721191406,
                            13.016600074665284
                        ],
                        [
                            -61.198997497558594,
                            13.029310787537218
                        ],
                        [
                            -61.200714111328125,
                            13.04871009110932
                        ],
                        [
                            -61.20449066162115,
                            13.052723550149532
                        ]
                    ]
                ]
            }
        },
        {
            "type": "Feature",
            "properties": {},
            "geometry": {
                "type": "Polygon",
                "coordinates": [
                    [
                        [
                            -61.131019592285156,
                            12.969096382863247
                        ],
                        [
                            -61.1359977722168,
                            12.965917994860133
                        ],
                        [
                            -61.140804290771484,
                            12.961401268392635
                        ],
                        [
                            -61.14664077758795,
                            12.96340871249731
                        ],
                        [
                            -61.14973068237305,
                            12.962739566261234
                        ],
                        [
                            -61.151275634765625,
                            12.95671716919877
                        ],
                        [
                            -61.149044036865234,
                            12.944170040945936
                        ],
                        [
                            -61.14835739135742,
                            12.938481801385848
                        ],
                        [
                            -61.143550872802734,
                            12.93731067713407
                        ],
                        [
                            -61.13445281982422,
                            12.937979891665586
                        ],
                        [
                            -61.135311126708984,
                            12.946010325958518
                        ],
                        [
                            -61.1414909362793,
                            12.951698393721799
                        ],
                        [
                            -61.138916015625,
                            12.95671716919877
                        ],
                        [
                            -61.1363410949707,
                            12.953036743736318
                        ],
                        [
                            -61.132221221923885,
                            12.952367569627807
                        ],
                        [
                            -61.12964630126953,
                            12.955713422193524
                        ],
                        [
                            -61.12260818481445,
                            12.961735843534306
                        ],
                        [
                            -61.122951507568416,
                            12.967423552133118
                        ],
                        [
                            -61.131019592285156,
                            12.969096382863247
                        ]
                    ]
                ]
            }
        },
        {
            "type": "Feature",
            "properties": {},
            "geometry": {
                "type": "Polygon",
                "coordinates": [
                    [
                        [
                            -61.17204666137695,
                            12.898995153976143
                        ],
                        [
                            -61.17719650268555,
                            12.895146545397603
                        ],
                        [
                            -61.180973052978516,
                            12.897823844588183
                        ],
                        [
                            -61.186466217041016,
                            12.896150535950834
                        ],
                        [
                            -61.189727783203125,
                            12.889959196714752
                        ],
                        [
                            -61.192474365234375,
                            12.884102383544768
                        ],
                        [
                            -61.19161605834961,
                            12.877074026977054
                        ],
                        [
                            -61.19831085205078,
                            12.869878124389727
                        ],
                        [
                            -61.195392608642635,
                            12.864522900072949
                        ],
                        [
                            -61.192474365234375,
                            12.858163422726584
                        ],
                        [
                            -61.18663787841797,
                            12.853477388943439
                        ],
                        [
                            -61.18062973022461,
                            12.853979468175103
                        ],
                        [
                            -61.178741455078125,
                            12.85916756144252
                        ],
                        [
                            -61.17256164550781,
                            12.86268201531027
                        ],
                        [
                            -61.17136001586914,
                            12.867869928669892
                        ],
                        [
                            -61.175994873046875,
                            12.87155160853848
                        ],
                        [
                            -61.17136001586914,
                            12.878914806085561
                        ],
                        [
                            -61.15917205810547,
                            12.882596323735225
                        ],
                        [
                            -61.15934371948242,
                            12.88677980084704
                        ],
                        [
                            -61.163291931152344,
                            12.88845317212544
                        ],
                        [
                            -61.163978576660156,
                            12.893640552015826
                        ],
                        [
                            -61.16844177246094,
                            12.898325834997335
                        ],
                        [
                            -61.17204666137695,
                            12.898995153976143
                        ]
                    ]
                ]
            }
        },
        {
            "type": "Feature",
            "properties": {},
            "geometry": {
                "type": "Polygon",
                "coordinates": [
                    [
                        [
                            -61.17419242858887,
                            12.914305336481831
                        ],
                        [
                            -61.17659568786621,
                            12.91221383678976
                        ],
                        [
                            -61.18363380432129,
                            12.910456963521899
                        ],
                        [
                            -61.18337631225586,
                            12.90828176998633
                        ],
                        [
                            -61.18105888366699,
                            12.907696137723727
                        ],
                        [
                            -61.17513656616211,
                            12.907863461367315
                        ],
                        [
                            -61.169471740722656,
                            12.910038658542735
                        ],
                        [
                            -61.16964340209961,
                            12.913719718332521
                        ],
                        [
                            -61.17419242858887,
                            12.914305336481831
                        ]
                    ]
                ]
            }
        },
        {
            "type": "Feature",
            "properties": {},
            "geometry": {
                "type": "Polygon",
                "coordinates": [
                    [
                        [
                            -61.16264820098877,
                            12.918613770669923
                        ],
                        [
                            -61.16342067718506,
                            12.91823730850926
                        ],
                        [
                            -61.163163185119686,
                            12.91668962477713
                        ],
                        [
                            -61.16312026977539,
                            12.915225590800675
                        ],
                        [
                            -61.16191864013672,
                            12.914598145041829
                        ],
                        [
                            -61.16045951843262,
                            12.916145841730179
                        ],
                        [
                            -61.160287857055664,
                            12.917609870314054
                        ],
                        [
                            -61.16264820098877,
                            12.918613770669923
                        ]
                    ]
                ]
            }
        },
        {
            "type": "Feature",
            "properties": {},
            "geometry": {
                "type": "Polygon",
                "coordinates": [
                    [
                        [
                            -61.13900184631348,
                            12.919617666991233
                        ],
                        [
                            -61.14097595214844,
                            12.919241206343573
                        ],
                        [
                            -61.142306327819824,
                            12.91953400911856
                        ],
                        [
                            -61.142563819885254,
                            12.919073890318037
                        ],
                        [
                            -61.142563819885254,
                            12.918111820996296
                        ],
                        [
                            -61.14119052886963,
                            12.916940601168825
                        ],
                        [
                            -61.13964557647705,
                            12.917400723898771
                        ],
                        [
                            -61.13814353942871,
                            12.918990232263235
                        ],
                        [
                            -61.13900184631348,
                            12.919617666991233
                        ]
                    ]
                ]
            }
        },
        {
            "type": "Feature",
            "properties": {},
            "geometry": {
                "type": "Polygon",
                "coordinates": [
                    [
                        [
                            -61.1978816986084,
                            12.84887494921198
                        ],
                        [
                            -61.19891166687012,
                            12.847870769335774
                        ],
                        [
                            -61.19856834411621,
                            12.843351910223946
                        ],
                        [
                            -61.200199127197266,
                            12.841343502312489
                        ],
                        [
                            -61.198997497558594,
                            12.838581915230744
                        ],
                        [
                            -61.19668006896978,
                            12.835318182297309
                        ],
                        [
                            -61.195220947265625,
                            12.832723902825274
                        ],
                        [
                            -61.19178771972656,
                            12.833226023521243
                        ],
                        [
                            -61.18904113769531,
                            12.837494008960135
                        ],
                        [
                            -61.189470291137695,
                            12.84100876610025
                        ],
                        [
                            -61.19178771972656,
                            12.841845605794965
                        ],
                        [
                            -61.19659423828131,
                            12.843770326518642
                        ],
                        [
                            -61.19616508483887,
                            12.84761972373952
                        ],
                        [
                            -61.1978816986084,
                            12.84887494921198
                        ]
                    ]
                ]
            }
        },
        {
            "type": "Feature",
            "properties": {},
            "geometry": {
                "type": "Polygon",
                "coordinates": [
                    [
                        [
                            -61.21281623840332,
                            12.81004374019092
                        ],
                        [
                            -61.21453285217285,
                            12.80611007241855
                        ],
                        [
                            -61.21762275695801,
                            12.804436152618193
                        ],
                        [
                            -61.21813774108887,
                            12.801674160648439
                        ],
                        [
                            -61.21908187866211,
                            12.797070773470656
                        ],
                        [
                            -61.21779441833496,
                            12.79497829697962
                        ],
                        [
                            -61.21573448181152,
                            12.796233784956998
                        ],
                        [
                            -61.21504783630377,
                            12.801004582281186
                        ],
                        [
                            -61.21161460876465,
                            12.802929615294635
                        ],
                        [
                            -61.20878219604492,
                            12.8071144189631
                        ],
                        [
                            -61.21024131774902,
                            12.81004374019092
                        ],
                        [
                            -61.21281623840332,
                            12.81004374019092
                        ]
                    ]
                ]
            }
        },
        {
            "type": "Feature",
            "properties": {},
            "geometry": {
                "type": "Polygon",
                "coordinates": [
                    [
                        [
                            -61.28105163574219,
                            12.795480492920325
                        ],
                        [
                            -61.28302574157715,
                            12.791630298496736
                        ],
                        [
                            -61.27976417541504,
                            12.788868166309571
                        ],
                        [
                            -61.27667427062988,
                            12.790458488533451
                        ],
                        [
                            -61.27701759338379,
                            12.794643499130444
                        ],
                        [
                            -61.28105163574219,
                            12.795480492920325
                        ]
                    ]
                ]
            }
        },
        {
            "type": "Feature",
            "properties": {},
            "geometry": {
                "type": "Polygon",
                "coordinates": [
                    [
                        [
                            -61.329030990600586,
                            12.739898084120455
                        ],
                        [
                            -61.331777572631836,
                            12.739898084120455
                        ],
                        [
                            -61.33383750915527,
                            12.738223725761962
                        ],
                        [
                            -61.33460998535156,
                            12.732279664265524
                        ],
                        [
                            -61.33546829223633,
                            12.727423848649554
                        ],
                        [
                            -61.334266662597656,
                            12.72466101551573
                        ],
                        [
                            -61.33186340332031,
                            12.722316769870329
                        ],
                        [
                            -61.33014678955078,
                            12.717042137998904
                        ],
                        [
                            -61.32911682128906,
                            12.711683669604874
                        ],
                        [
                            -61.326799392700195,
                            12.711265034500139
                        ],
                        [
                            -61.32671356201172,
                            12.707832200618016
                        ],
                        [
                            -61.3297176361084,
                            12.706073901886372
                        ],
                        [
                            -61.33366584777832,
                            12.703143376964974
                        ],
                        [
                            -61.33495330810547,
                            12.70548779960547
                        ],
                        [
                            -61.33795738220215,
                            12.706157630673301
                        ],
                        [
                            -61.337785720825195,
                            12.703980673247715
                        ],
                        [
                            -61.34139060974127,
                            12.700129087510469
                        ],
                        [
                            -61.35108947753906,
                            12.706241359432635
                        ],
                        [
                            -61.35486602783203,
                            12.706325088164373
                        ],
                        [
                            -61.35598182678223,
                            12.703059647185
                        ],
                        [
                            -61.35495185852051,
                            12.700715202148043
                        ],
                        [
                            -61.35160446166992,
                            12.699961625937268
                        ],
                        [
                            -61.34791374206549,
                            12.69770088390378
                        ],
                        [
                            -61.346797943115234,
                            12.694686529927639
                        ],
                        [
                            -61.34963035583496,
                            12.693932935851421
                        ],
                        [
                            -61.35272026062012,
                            12.690416133977523
                        ],
                        [
                            -61.35211944580078,
                            12.688322776449724
                        ],
                        [
                            -61.34997367858887,
                            12.688825183826962
                        ],
                        [
                            -61.34696960449219,
                            12.691839607259075
                        ],
                        [
                            -61.34190559387207,
                            12.690918537221592
                        ],
                        [
                            -61.33821487426758,
                            12.694016668636817
                        ],
                        [
                            -61.332550048828125,
                            12.69610997931301
                        ],
                        [
                            -61.3321208953858,
                            12.693598004434243
                        ],
                        [
                            -61.32843017578125,
                            12.692090807599644
                        ],
                        [
                            -61.32559776306158,
                            12.693430538560271
                        ],
                        [
                            -61.321306228637695,
                            12.699208047492892
                        ],
                        [
                            -61.320533752441406,
                            12.703227106717366
                        ],
                        [
                            -61.32036209106451,
                            12.706994917025154
                        ],
                        [
                            -61.31864547729492,
                            12.712688391041047
                        ],
                        [
                            -61.319074630737305,
                            12.716623511727537
                        ],
                        [
                            -61.31461143493652,
                            12.717042137998904
                        ],
                        [
                            -61.31074905395508,
                            12.717293313430401
                        ],
                        [
                            -61.306800842285156,
                            12.718716636181655
                        ],
                        [
                            -61.307315826416016,
                            12.723405172327517
                        ],
                        [
                            -61.30843162536627,
                            12.72867967194537
                        ],
                        [
                            -61.308860778808594,
                            12.732614544673998
                        ],
                        [
                            -61.30989074707031,
                            12.736633075075902
                        ],
                        [
                            -61.313753128051815,
                            12.739395777774416
                        ],
                        [
                            -61.31735801696777,
                            12.737721416097408
                        ],
                        [
                            -61.320533752441406,
                            12.732279664265524
                        ],
                        [
                            -61.323537826538086,
                            12.733702902947112
                        ],
                        [
                            -61.32439613342285,
                            12.736465637580926
                        ],
                        [
                            -61.326284408569336,
                            12.73814000755366
                        ],
                        [
                            -61.327571868896484,
                            12.737219105437378
                        ],
                        [
                            -61.329030990600586,
                            12.739898084120455
                        ]
                    ]
                ]
            }
        },
        {
            "type": "Feature",
            "properties": {},
            "geometry": {
                "type": "Polygon",
                "coordinates": [
                    [
                        [
                            -61.35615348815918,
                            12.641092059378725
                        ],
                        [
                            -61.35958671569824,
                            12.640840808781855
                        ],
                        [
                            -61.36113166809088,
                            12.637658279835078
                        ],
                        [
                            -61.363534927368164,
                            12.63347068136066
                        ],
                        [
                            -61.362504959106445,
                            12.630623075211581
                        ],
                        [
                            -61.36216163635254,
                            12.627775437347816
                        ],
                        [
                            -61.360015869140625,
                            12.626351606525038
                        ],
                        [
                            -61.35932922363281,
                            12.628947997955695
                        ],
                        [
                            -61.358642578125,
                            12.63229814149352
                        ],
                        [
                            -61.35589599609375,
                            12.63187937595191
                        ],
                        [
                            -61.35289192199707,
                            12.63330317599463
                        ],
                        [
                            -61.35357856750488,
                            12.63556448917438
                        ],
                        [
                            -61.35581016540533,
                            12.63782578234684
                        ],
                        [
                            -61.35615348815918,
                            12.641092059378725
                        ]
                    ]
                ]
            }
        },
        {
            "type": "Feature",
            "properties": {},
            "geometry": {
                "type": "Polygon",
                "coordinates": [
                    [
                        [
                            -61.387739181518555,
                            12.652146840942553
                        ],
                        [
                            -61.39237403869629,
                            12.650053169053653
                        ],
                        [
                            -61.39211654663086,
                            12.648043227885406
                        ],
                        [
                            -61.3945198059082,
                            12.648964452885112
                        ],
                        [
                            -61.396493911743164,
                            12.647540740120935
                        ],
                        [
                            -61.39580726623535,
                            12.642850806637673
                        ],
                        [
                            -61.39941215515137,
                            12.639333300011646
                        ],
                        [
                            -61.40009880065918,
                            12.637155771641012
                        ],
                        [
                            -61.398210525512695,
                            12.63439195891178
                        ],
                        [
                            -61.40130043029785,
                            12.629283014284717
                        ],
                        [
                            -61.3996696472168,
                            12.627189155027825
                        ],
                        [
                            -61.39211654663086,
                            12.628612981187771
                        ],
                        [
                            -61.39211654663086,
                            12.631963129115105
                        ],
                        [
                            -61.38962745666504,
                            12.6357319930585
                        ],
                        [
                            -61.38284683227539,
                            12.636402007497164
                        ],
                        [
                            -61.38044357299805,
                            12.639752053340066
                        ],
                        [
                            -61.381988525390625,
                            12.643939548872346
                        ],
                        [
                            -61.38808250427246,
                            12.64795947999333
                        ],
                        [
                            -61.387739181518555,
                            12.652146840942553
                        ]
                    ]
                ]
            }
        },
        {
            "type": "Feature",
            "properties": {},
            "geometry": {
                "type": "Polygon",
                "coordinates": [
                    [
                        [
                            -61.35070323944092,
                            12.624718379056313
                        ],
                        [
                            -61.35108947753906,
                            12.624341478928807
                        ],
                        [
                            -61.35014533996582,
                            12.622582604325093
                        ],
                        [
                            -61.34791374206549,
                            12.622289457382195
                        ],
                        [
                            -61.34615421295166,
                            12.623127019185082
                        ],
                        [
                            -61.34654045104986,
                            12.623755188737846
                        ],
                        [
                            -61.34864330291754,
                            12.624048334001273
                        ],
                        [
                            -61.35070323944092,
                            12.624718379056313
                        ]
                    ]
                ]
            }
        },
        {
            "type": "Feature",
            "properties": {},
            "geometry": {
                "type": "Polygon",
                "coordinates": [
                    [
                        [
                            -61.40185832977295,
                            12.662363713311402
                        ],
                        [
                            -61.4030385017395,
                            12.660186381377448
                        ],
                        [
                            -61.402480602264404,
                            12.659286132935026
                        ],
                        [
                            -61.39951944351196,
                            12.659767661566896
                        ],
                        [
                            -61.399433612823486,
                            12.66068884424277
                        ],
                        [
                            -61.40185832977295,
                            12.662363713311402
                        ]
                    ]
                ]
            }
        },
        {
            "type": "Feature",
            "properties": {},
            "geometry": {
                "type": "Polygon",
                "coordinates": [
                    [
                        [
                            -61.44095420837402,
                            12.616468327116037
                        ],
                        [
                            -61.44370079040527,
                            12.612950457600297
                        ],
                        [
                            -61.44721984863281,
                            12.612531660390705
                        ],
                        [
                            -61.45125389099121,
                            12.613034216960015
                        ],
                        [
                            -61.45468711853027,
                            12.610688944531539
                        ],
                        [
                            -61.45434379577637,
                            12.608929976115585
                        ],
                        [
                            -61.455116271972656,
                            12.60817612881088
                        ],
                        [
                            -61.45451545715338,
                            12.605747050182696
                        ],
                        [
                            -61.45211219787598,
                            12.605747050182696
                        ],
                        [
                            -61.44850730895996,
                            12.604406859011954
                        ],
                        [
                            -61.448936462402344,
                            12.600218716426928
                        ],
                        [
                            -61.45159721374512,
                            12.597705798026807
                        ],
                        [
                            -61.459922790527344,
                            12.596030505409114
                        ],
                        [
                            -61.46224021911621,
                            12.592512355284867
                        ],
                        [
                            -61.46146774291992,
                            12.588994156902052
                        ],
                        [
                            -61.45932197570801,
                            12.587151271827059
                        ],
                        [
                            -61.4479923248291,
                            12.583632999931625
                        ],
                        [
                            -61.44584655761719,
                            12.58279530903828
                        ],
                        [
                            -61.4436149597168,
                            12.582962847435654
                        ],
                        [
                            -61.44301414489746,
                            12.585392141908478
                        ],
                        [
                            -61.440181732177734,
                            12.587988948502055
                        ],
                        [
                            -61.43649101257324,
                            12.589748060617469
                        ],
                        [
                            -61.437692642211914,
                            12.58815648350888
                        ],
                        [
                            -61.43837928771973,
                            12.585727215203638
                        ],
                        [
                            -61.43726348876953,
                            12.584805762589253
                        ],
                        [
                            -61.43820762634277,
                            12.581706306789965
                        ],
                        [
                            -61.438894271850586,
                            12.578690584147381
                        ],
                        [
                            -61.43623352050781,
                            12.578020418749885
                        ],
                        [
                            -61.43434524536133,
                            12.579695828964056
                        ],
                        [
                            -61.43528938293457,
                            12.581790076357699
                        ],
                        [
                            -61.433916091918945,
                            12.585559678610732
                        ],
                        [
                            -61.4300537109375,
                            12.588072716019145
                        ],
                        [
                            -61.42679214477545,
                            12.591088328418856
                        ],
                        [
                            -61.42447471618652,
                            12.590250661863571
                        ],
                        [
                            -61.416921615600586,
                            12.590501962117374
                        ],
                        [
                            -61.41503334045416,
                            12.592512355284867
                        ],
                        [
                            -61.415719985961914,
                            12.596030505409114
                        ],
                        [
                            -61.41254425048828,
                            12.596030505409114
                        ],
                        [
                            -61.410226821899414,
                            12.598459676133325
                        ],
                        [
                            -61.407136917114315,
                            12.600637533765246
                        ],
                        [
                            -61.40730857849121,
                            12.603401711033754
                        ],
                        [
                            -61.41074180603027,
                            12.602564084706813
                        ],
                        [
                            -61.412200927734375,
                            12.604239334622735
                        ],
                        [
                            -61.4164924621582,
                            12.606500904635531
                        ],
                        [
                            -61.41777992248535,
                            12.605328241194874
                        ],
                        [
                            -61.42181396484375,
                            12.606333381615478
                        ],
                        [
                            -61.425161361694336,
                            12.607003473038413
                        ],
                        [
                            -61.426191329956055,
                            12.605495764872146
                        ],
                        [
                            -61.42816543579107,
                            12.605495764872146
                        ],
                        [
                            -61.43280029296875,
                            12.606500904635531
                        ],
                        [
                            -61.43571853637695,
                            12.609683821201608
                        ],
                        [
                            -61.43537521362305,
                            12.613704290851414
                        ],
                        [
                            -61.43837928771973,
                            12.616468327116037
                        ],
                        [
                            -61.44095420837402,
                            12.616468327116037
                        ]
                    ]
                ]
            }
        },
        {
            "type": "Feature",
            "properties": {},
            "geometry": {
                "type": "Polygon",
                "coordinates": [
                    [
                        [
                            -61.39756679534912,
                            12.590292545256307
                        ],
                        [
                            -61.40035629272461,
                            12.590250661863571
                        ],
                        [
                            -61.40185832977295,
                            12.588365902113566
                        ],
                        [
                            -61.401000022888184,
                            12.586355476452837
                        ],
                        [
                            -61.40039920806885,
                            12.584093728757638
                        ],
                        [
                            -61.39936923980713,
                            12.583549230965323
                        ],
                        [
                            -61.39756679534912,
                            12.583758653329841
                        ],
                        [
                            -61.396965980529785,
                            12.582669655168477
                        ],
                        [
                            -61.39554977416992,
                            12.582627770531545
                        ],
                        [
                            -61.39413356781006,
                            12.583632999931625
                        ],
                        [
                            -61.39267444610596,
                            12.58426126630751
                        ],
                        [
                            -61.39112949371338,
                            12.583046616593338
                        ],
                        [
                            -61.39039993286133,
                            12.583381692950683
                        ],
                        [
                            -61.390442848205566,
                            12.584721994005712
                        ],
                        [
                            -61.39134407043463,
                            12.58660678052184
                        ],
                        [
                            -61.391000747680664,
                            12.588072716019145
                        ],
                        [
                            -61.39207363128662,
                            12.588659087872983
                        ],
                        [
                            -61.39331817626953,
                            12.587695761976885
                        ],
                        [
                            -61.395721435546875,
                            12.588617204213577
                        ],
                        [
                            -61.39756679534912,
                            12.590292545256307
                        ]
                    ]
                ]
            }
        }
    ]
}