{
    "type": "FeatureCollection",
    "features": [
        {
            "type": "Feature",
            "properties": {},
            "geometry": {
                "type": "Polygon",
                "coordinates": [
                    [
                        [
                            -62.81158447265625,
                            17.420097759577384
                        ],
                        [
                            -62.818965911865234,
                            17.41911502777979
                        ],
                        [
                            -62.829952239990234,
                            17.415347840232837
                        ],
                        [
                            -62.83750534057617,
                            17.415347840232837
                        ],
                        [
                            -62.85346984863281,
                            17.40764943278394
                        ],
                        [
                            -62.86359786987305,
                            17.39454501476553
                        ],
                        [
                            -62.867889404296875,
                            17.382422592069524
                        ],
                        [
                            -62.86806106567383,
                            17.36915253325193
                        ],
                        [
                            -62.85724639892578,
                            17.362107543427243
                        ],
                        [
                            -62.85398483276373,
                            17.35162147565251
                        ],
                        [
                            -62.84900665283203,
                            17.344575812043967
                        ],
                        [
                            -62.83681869506836,
                            17.33507193015658
                        ],
                        [
                            -62.823944091796875,
                            17.326059173791517
                        ],
                        [
                            -62.801971435546875,
                            17.31720985541051
                        ],
                        [
                            -62.79561996459961,
                            17.30459064584266
                        ],
                        [
                            -62.78703689575195,
                            17.29934604425424
                        ],
                        [
                            -62.77742385864258,
                            17.292953983910063
                        ],
                        [
                            -62.75733947753906,
                            17.290167631709522
                        ],
                        [
                            -62.73811340332031,
                            17.285742162110648
                        ],
                        [
                            -62.73021697998047,
                            17.28902029795501
                        ],
                        [
                            -62.717342376708984,
                            17.290987151441403
                        ],
                        [
                            -62.71528244018555,
                            17.286233886208443
                        ],
                        [
                            -62.70721435546875,
                            17.281316586137788
                        ],
                        [
                            -62.69485473632818,
                            17.27984137051228
                        ],
                        [
                            -62.6824951171875,
                            17.271645513008597
                        ],
                        [
                            -62.670650482177734,
                            17.267547447547162
                        ],
                        [
                            -62.66069412231451,
                            17.25410515338392
                        ],
                        [
                            -62.66326904296881,
                            17.248367290475684
                        ],
                        [
                            -62.66120910644531,
                            17.23869448916535
                        ],
                        [
                            -62.66721725463873,
                            17.2331201023163
                        ],
                        [
                            -62.666873931884766,
                            17.22820138597589
                        ],
                        [
                            -62.66326904296881,
                            17.224266318623105
                        ],
                        [
                            -62.66429901123047,
                            17.21852752854773
                        ],
                        [
                            -62.65880584716797,
                            17.20967304586168
                        ],
                        [
                            -62.650909423828125,
                            17.21049292317854
                        ],
                        [
                            -62.648677825927734,
                            17.22164289383875
                        ],
                        [
                            -62.64009475708008,
                            17.219839267700834
                        ],
                        [
                            -62.633399963378906,
                            17.223774429312424
                        ],
                        [
                            -62.623958587646484,
                            17.225578017051163
                        ],
                        [
                            -62.6220703125,
                            17.232628236575618
                        ],
                        [
                            -62.61829376220703,
                            17.241153723987054
                        ],
                        [
                            -62.62430191040039,
                            17.252957595077618
                        ],
                        [
                            -62.63751983642578,
                            17.257711718728682
                        ],
                        [
                            -62.64009475708008,
                            17.2545969619014
                        ],
                        [
                            -62.648677825927734,
                            17.262629648723983
                        ],
                        [
                            -62.65897750854492,
                            17.272956874709777
                        ],
                        [
                            -62.674598693847656,
                            17.284594800775395
                        ],
                        [
                            -62.681121826171875,
                            17.287053423452978
                        ],
                        [
                            -62.680091857910156,
                            17.30164057584981
                        ],
                        [
                            -62.68627166748047,
                            17.306065663093598
                        ],
                        [
                            -62.687644958496094,
                            17.313112804417795
                        ],
                        [
                            -62.69571304321289,
                            17.32343719797142
                        ],
                        [
                            -62.70120620727539,
                            17.335891249705032
                        ],
                        [
                            -62.72747039794922,
                            17.36702268117691
                        ],
                        [
                            -62.73897171020508,
                            17.377835520011658
                        ],
                        [
                            -62.75733947753906,
                            17.38602663946904
                        ],
                        [
                            -62.776737213134766,
                            17.403882008815295
                        ],
                        [
                            -62.793216705322266,
                            17.41125298303607
                        ],
                        [
                            -62.800254821777344,
                            17.408796024663594
                        ],
                        [
                            -62.80712127685547,
                            17.419606394339663
                        ],
                        [
                            -62.81158447265625,
                            17.420097759577384
                        ]
                    ]
                ]
            }
        },
        {
            "type": "Feature",
            "properties": {},
            "geometry": {
                "type": "Polygon",
                "coordinates": [
                    [
                        [
                            -62.60627746582031,
                            17.212296640483682
                        ],
                        [
                            -62.62035369873047,
                            17.199178295314788
                        ],
                        [
                            -62.63408660888672,
                            17.176874975029335
                        ],
                        [
                            -62.634429931640625,
                            17.151616504519154
                        ],
                        [
                            -62.63683319091797,
                            17.131604107190874
                        ],
                        [
                            -62.628936767578125,
                            17.111917679786494
                        ],
                        [
                            -62.61005401611328,
                            17.091901010239596
                        ],
                        [
                            -62.5946044921875,
                            17.091901010239596
                        ],
                        [
                            -62.5726318359375,
                            17.100104823525207
                        ],
                        [
                            -62.54688262939453,
                            17.106339479955313
                        ],
                        [
                            -62.53967285156256,
                            17.12208926079001
                        ],
                        [
                            -62.535552978515625,
                            17.14111846656429
                        ],
                        [
                            -62.53761291503906,
                            17.16572230819905
                        ],
                        [
                            -62.54447937011719,
                            17.184747041763956
                        ],
                        [
                            -62.55512237548828,
                            17.197538436781194
                        ],
                        [
                            -62.56439208984375,
                            17.202457968797624
                        ],
                        [
                            -62.58087158203125,
                            17.21196869319107
                        ],
                        [
                            -62.60627746582031,
                            17.212296640483682
                        ]
                    ]
                ]
            }
        },
        {
            "type": "Feature",
            "properties": {},
            "geometry": {
                "type": "Polygon",
                "coordinates": [
                    [
                        [
                            -62.610676288604736,
                            17.227607032217033
                        ],
                        [
                            -62.61116981506348,
                            17.22715614188331
                        ],
                        [
                            -62.61110544204712,
                            17.22645930920349
                        ],
                        [
                            -62.610182762145996,
                            17.226110891878175
                        ],
                        [
                            -62.60981798171997,
                            17.22652079454564
                        ],
                        [
                            -62.60964632034302,
                            17.227299607108847
                        ],
                        [
                            -62.610676288604736,
                            17.227607032217033
                        ]
                    ]
                ]
            }
        }
    ]
}