{
    "type": "FeatureCollection",
    "features": [
        {
            "type": "Feature",
            "properties": {},
            "geometry": {
                "type": "Polygon",
                "coordinates": [
                    [
                        [
                            -60.946998596191406,
                            14.113269661369998
                        ],
                        [
                            -60.95832824707031,
                            14.100616839655807
                        ],
                        [
                            -60.968971252441406,
                            14.098285980131818
                        ],
                        [
                            -60.972747802734375,
                            14.086964323755321
                        ],
                        [
                            -60.961761474609375,
                            14.082302302041994
                        ],
                        [
                            -60.965194702148494,
                            14.07497607566931
                        ],
                        [
                            -60.97686767578125,
                            14.074643059798069
                        ],
                        [
                            -60.98304748535156,
                            14.063653263873798
                        ],
                        [
                            -60.97755432128906,
                            14.043004340706107
                        ],
                        [
                            -60.983734130859375,
                            14.039007559838675
                        ],
                        [
                            -60.993690490722656,
                            14.028682219962159
                        ],
                        [
                            -61.00811004638672,
                            14.027682968842946
                        ],
                        [
                            -61.01325988769531,
                            14.017357119042932
                        ],
                        [
                            -61.02012634277344,
                            14.009362593649401
                        ],
                        [
                            -61.02184295654297,
                            13.991707030973375
                        ],
                        [
                            -61.029052734375,
                            13.995038373029898
                        ],
                        [
                            -61.032142639160156,
                            13.985377348106784
                        ],
                        [
                            -61.04175567626953,
                            13.966720427856986
                        ],
                        [
                            -61.052398681640625,
                            13.945729586454595
                        ],
                        [
                            -61.06372833251953,
                            13.936066493591339
                        ],
                        [
                            -61.071624755859375,
                            13.917072339575775
                        ],
                        [
                            -61.081581115722656,
                            13.897410080542027
                        ],
                        [
                            -61.08570098876953,
                            13.871080034768855
                        ],
                        [
                            -61.082611083984375,
                            13.85874721332765
                        ],
                        [
                            -61.067161560058594,
                            13.85074719512785
                        ],
                        [
                            -61.07574462890625,
                            13.836413140483783
                        ],
                        [
                            -61.07196807861328,
                            13.822744963424938
                        ],
                        [
                            -61.08570098876953,
                            13.813076743953399
                        ],
                        [
                            -61.077117919921875,
                            13.79807354036948
                        ],
                        [
                            -61.075401306152344,
                            13.788737726659178
                        ],
                        [
                            -61.061668395996094,
                            13.776400543099237
                        ],
                        [
                            -61.051025390625,
                            13.759394168442002
                        ],
                        [
                            -61.030426025390625,
                            13.749056356171126
                        ],
                        [
                            -61.005706787109375,
                            13.74538799047857
                        ],
                        [
                            -60.99678039550787,
                            13.73771758566747
                        ],
                        [
                            -60.98339080810547,
                            13.726044748874747
                        ],
                        [
                            -60.97068786621094,
                            13.725377712079784
                        ],
                        [
                            -60.960044860839844,
                            13.720374875665954
                        ],
                        [
                            -60.96382141113287,
                            13.71070242287439
                        ],
                        [
                            -60.955238342285156,
                            13.706699912068531
                        ],
                        [
                            -60.94322204589844,
                            13.706032820303584
                        ],
                        [
                            -60.933265686035156,
                            13.711035962362702
                        ],
                        [
                            -60.92811584472656,
                            13.721041926684153
                        ],
                        [
                            -60.92742919921875,
                            13.733048520686662
                        ],
                        [
                            -60.934295654296875,
                            13.73771758566747
                        ],
                        [
                            -60.918846130371094,
                            13.756059440177214
                        ],
                        [
                            -60.913352966308594,
                            13.755725964737207
                        ],
                        [
                            -60.90339660644531,
                            13.759060697754025
                        ],
                        [
                            -60.888633728027344,
                            13.782735934971956
                        ],
                        [
                            -60.8917236328125,
                            13.791738564649021
                        ],
                        [
                            -60.88794708251953,
                            13.81074297569721
                        ],
                        [
                            -60.879364013671875,
                            13.816077268797647
                        ],
                        [
                            -60.881080627441406,
                            13.822744963424938
                        ],
                        [
                            -60.87902069091797,
                            13.830079207009938
                        ],
                        [
                            -60.87730407714844,
                            13.845747043879854
                        ],
                        [
                            -60.872154235839844,
                            13.862747119097715
                        ],
                        [
                            -60.87970733642584,
                            13.876412943758078
                        ],
                        [
                            -60.87593078613281,
                            13.894077328726347
                        ],
                        [
                            -60.87799072265625,
                            13.903408912931457
                        ],
                        [
                            -60.87421417236328,
                            13.913073371410164
                        ],
                        [
                            -60.88279724121094,
                            13.92073799964004
                        ],
                        [
                            -60.87593078613281,
                            13.926402996310442
                        ],
                        [
                            -60.87146759033203,
                            13.94339715280486
                        ],
                        [
                            -60.869407653808594,
                            13.958724142208785
                        ],
                        [
                            -60.87043762207037,
                            13.986709927396474
                        ],
                        [
                            -60.87867736816406,
                            14.001367789931535
                        ],
                        [
                            -60.87902069091797,
                            14.019022610120938
                        ],
                        [
                            -60.883827209472656,
                            14.035343782799211
                        ],
                        [
                            -60.87867736816406,
                            14.046667995241798
                        ],
                        [
                            -60.88417053222656,
                            14.056326439856456
                        ],
                        [
                            -60.89927673339844,
                            14.069647763502958
                        ],
                        [
                            -60.907859802246094,
                            14.081303285007598
                        ],
                        [
                            -60.916786193847656,
                            14.084966326103755
                        ],
                        [
                            -60.91266632080078,
                            14.09195924138779
                        ],
                        [
                            -60.91644287109381,
                            14.108941143493675
                        ],
                        [
                            -60.946998596191406,
                            14.113269661369998
                        ]
                    ]
                ]
            }
        }
    ]
}