{
    "type": "FeatureCollection",
    "features": [
        {
            "type": "Feature",
            "properties": {},
            "geometry": {
                "type": "Polygon",
                "coordinates": [
                    [
                        [
                            -172.3349761962891,
                            -13.43603978972402
                        ],
                        [
                            -172.36278533935547,
                            -13.439712947377316
                        ],
                        [
                            -172.41531372070312,
                            -13.446057359867037
                        ],
                        [
                            -172.4297332763672,
                            -13.462084601019264
                        ],
                        [
                            -172.4802017211914,
                            -13.45440501513597
                        ],
                        [
                            -172.5059509277344,
                            -13.4667590109314
                        ],
                        [
                            -172.5406265258789,
                            -13.466425127537216
                        ],
                        [
                            -172.58869171142578,
                            -13.487125016522453
                        ],
                        [
                            -172.60654449462893,
                            -13.48612345026179
                        ],
                        [
                            -172.63538360595703,
                            -13.498809645885872
                        ],
                        [
                            -172.65907287597656,
                            -13.500478831968458
                        ],
                        [
                            -172.67932891845703,
                            -13.501480338014135
                        ],
                        [
                            -172.69821166992188,
                            -13.513164264564038
                        ],
                        [
                            -172.71984100341797,
                            -13.505820148970741
                        ],
                        [
                            -172.7538299560547,
                            -13.484120305144256
                        ],
                        [
                            -172.76893615722656,
                            -13.485789593908478
                        ],
                        [
                            -172.79502868652344,
                            -13.489128136446114
                        ],
                        [
                            -172.81253814697266,
                            -13.513164264564038
                        ],
                        [
                            -172.79571533203125,
                            -13.542204686216857
                        ],
                        [
                            -172.78026580810547,
                            -13.556222931843726
                        ],
                        [
                            -172.7483367919922,
                            -13.581920900545844
                        ],
                        [
                            -172.72876739501953,
                            -13.598940100590069
                        ],
                        [
                            -172.69752502441406,
                            -13.625634420881063
                        ],
                        [
                            -172.6669692993164,
                            -13.659331694429515
                        ],
                        [
                            -172.63263702392578,
                            -13.700028909188383
                        ],
                        [
                            -172.60826110839844,
                            -13.71737312262147
                        ],
                        [
                            -172.58869171142578,
                            -13.765730021202094
                        ],
                        [
                            -172.56088256835938,
                            -13.782735934971956
                        ],
                        [
                            -172.54199981689453,
                            -13.808075783362376
                        ],
                        [
                            -172.4956512451172,
                            -13.804741750031585
                        ],
                        [
                            -172.47264862060547,
                            -13.794072523080386
                        ],
                        [
                            -172.4637222290039,
                            -13.79874036991394
                        ],
                        [
                            -172.41325378417972,
                            -13.79340568019594
                        ],
                        [
                            -172.36553192138672,
                            -13.782735934971956
                        ],
                        [
                            -172.32810974121094,
                            -13.783402808332157
                        ],
                        [
                            -172.3212432861328,
                            -13.772399154465347
                        ],
                        [
                            -172.31128692626956,
                            -13.763062314640283
                        ],
                        [
                            -172.29755401611328,
                            -13.764396171724547
                        ],
                        [
                            -172.2872543334961,
                            -13.778734654829355
                        ],
                        [
                            -172.27764129638672,
                            -13.799407197552345
                        ],
                        [
                            -172.24124908447266,
                            -13.811076372593138
                        ],
                        [
                            -172.21996307373047,
                            -13.804408344076458
                        ],
                        [
                            -172.2052001953125,
                            -13.783402808332157
                        ],
                        [
                            -172.21309661865234,
                            -13.755059012431772
                        ],
                        [
                            -172.21206665039062,
                            -13.739051587150175
                        ],
                        [
                            -172.1938705444336,
                            -13.72804584787849
                        ],
                        [
                            -172.1890640258789,
                            -13.718040182171304
                        ],
                        [
                            -172.1945571899414,
                            -13.707367001939154
                        ],
                        [
                            -172.16812133789062,
                            -13.675344552820263
                        ],
                        [
                            -172.1729278564453,
                            -13.663001403919807
                        ],
                        [
                            -172.1839141845703,
                            -13.633308480309818
                        ],
                        [
                            -172.19181060791016,
                            -13.597939005012236
                        ],
                        [
                            -172.2268295288086,
                            -13.547878837583099
                        ],
                        [
                            -172.2542953491211,
                            -13.515500981180526
                        ],
                        [
                            -172.29034423828125,
                            -13.470765575316936
                        ],
                        [
                            -172.3349761962891,
                            -13.43603978972402
                        ]
                    ]
                ]
            }
        },
        {
            "type": "Feature",
            "properties": {},
            "geometry": {
                "type": "Polygon",
                "coordinates": [
                    [
                        [
                            -171.88934326171875,
                            -13.787070577775289
                        ],
                        [
                            -171.92951202392578,
                            -13.801407669030413
                        ],
                        [
                            -171.97654724121097,
                            -13.819744524462767
                        ],
                        [
                            -172.02838897705078,
                            -13.813410137510777
                        ],
                        [
                            -172.04692840576175,
                            -13.831746048324128
                        ],
                        [
                            -172.06993103027347,
                            -13.8530805622269
                        ],
                        [
                            -172.0792007446289,
                            -13.866413638851027
                        ],
                        [
                            -172.07508087158203,
                            -13.887744968170933
                        ],
                        [
                            -172.06409454345703,
                            -13.903408912931445
                        ],
                        [
                            -172.0410919189453,
                            -13.915072864136762
                        ],
                        [
                            -172.01980590820312,
                            -13.924403601577025
                        ],
                        [
                            -172.00641632080078,
                            -13.939398640275055
                        ],
                        [
                            -171.9968032836914,
                            -13.954725895350789
                        ],
                        [
                            -171.9803237915039,
                            -13.956725027447371
                        ],
                        [
                            -171.97105407714844,
                            -13.951060774824661
                        ],
                        [
                            -171.96521759033203,
                            -13.971384799655755
                        ],
                        [
                            -171.9466781616211,
                            -13.990041341845373
                        ],
                        [
                            -171.92813873291016,
                            -14.005698343152162
                        ],
                        [
                            -171.90650939941406,
                            -14.010361924547434
                        ],
                        [
                            -171.87698364257812,
                            -14.003366516945917
                        ],
                        [
                            -171.85123443603516,
                            -13.995704635648565
                        ],
                        [
                            -171.8375015258789,
                            -14.010361924547434
                        ],
                        [
                            -171.81896209716797,
                            -14.014359204645759
                        ],
                        [
                            -171.79218292236328,
                            -14.016690919227473
                        ],
                        [
                            -171.77913665771484,
                            -14.037009143260182
                        ],
                        [
                            -171.76883697509766,
                            -14.048333273383498
                        ],
                        [
                            -171.7434310913086,
                            -14.05166379333283
                        ],
                        [
                            -171.705322265625,
                            -14.039340627573987
                        ],
                        [
                            -171.69605255126953,
                            -14.04633493816025
                        ],
                        [
                            -171.6888427734375,
                            -14.0489993812492
                        ],
                        [
                            -171.68231964111328,
                            -14.046001880594341
                        ],
                        [
                            -171.661376953125,
                            -14.048666327558568
                        ],
                        [
                            -171.62017822265625,
                            -14.042671278297027
                        ],
                        [
                            -171.58550262451172,
                            -14.05166379333283
                        ],
                        [
                            -171.53125762939456,
                            -14.047334107951698
                        ],
                        [
                            -171.4838790893555,
                            -14.048000218723981
                        ],
                        [
                            -171.4413070678711,
                            -14.05166379333283
                        ],
                        [
                            -171.43787384033206,
                            -14.057658607129905
                        ],
                        [
                            -171.42860412597656,
                            -14.068648691144787
                        ],
                        [
                            -171.41487121582034,
                            -14.07863921822212
                        ],
                        [
                            -171.40113830566406,
                            -14.080970278358476
                        ],
                        [
                            -171.40113830566406,
                            -14.072977973163011
                        ],
                        [
                            -171.40869140625,
                            -14.061988097202269
                        ],
                        [
                            -171.4203643798828,
                            -14.05399512846773
                        ],
                        [
                            -171.42894744873047,
                            -14.045668822544071
                        ],
                        [
                            -171.42620086669922,
                            -14.03201302557666
                        ],
                        [
                            -171.41246795654297,
                            -14.02968146672704
                        ],
                        [
                            -171.40869140625,
                            -14.022686647941942
                        ],
                        [
                            -171.397705078125,
                            -14.02035499428024
                        ],
                        [
                            -171.39495849609375,
                            -14.01402610062912
                        ],
                        [
                            -171.40010833740234,
                            -14.00869637063467
                        ],
                        [
                            -171.4080047607422,
                            -14.014359204645759
                        ],
                        [
                            -171.41761779785156,
                            -14.00869637063467
                        ],
                        [
                            -171.4248275756836,
                            -13.992373303246158
                        ],
                        [
                            -171.42826080322266,
                            -13.976049076982981
                        ],
                        [
                            -171.4471435546875,
                            -13.96771994405108
                        ],
                        [
                            -171.4622497558594,
                            -13.968053115152028
                        ],
                        [
                            -171.47323608398438,
                            -13.948395196040217
                        ],
                        [
                            -171.49658203125,
                            -13.946395991738314
                        ],
                        [
                            -171.50619506835938,
                            -13.937732572944814
                        ],
                        [
                            -171.5188980102539,
                            -13.923070662144477
                        ],
                        [
                            -171.54808044433594,
                            -13.933400741620705
                        ],
                        [
                            -171.53675079345703,
                            -13.921071238581915
                        ],
                        [
                            -171.5346908569336,
                            -13.909407589852627
                        ],
                        [
                            -171.5508270263672,
                            -13.906075010760352
                        ],
                        [
                            -171.55906677246094,
                            -13.890077963248643
                        ],
                        [
                            -171.57520294189453,
                            -13.876746246499003
                        ],
                        [
                            -171.60369873046875,
                            -13.865747003203447
                        ],
                        [
                            -171.61811828613284,
                            -13.87574633683929
                        ],
                        [
                            -171.6335678100586,
                            -13.867746904402118
                        ],
                        [
                            -171.66378021240234,
                            -13.856747234606711
                        ],
                        [
                            -171.69570922851565,
                            -13.855413905892132
                        ],
                        [
                            -171.70291900634768,
                            -13.840746785080066
                        ],
                        [
                            -171.71321868896484,
                            -13.841746845442437
                        ],
                        [
                            -171.7276382446289,
                            -13.836413140483783
                        ],
                        [
                            -171.7485809326172,
                            -13.819077754999682
                        ],
                        [
                            -171.78188323974612,
                            -13.808409184073165
                        ],
                        [
                            -171.79149627685547,
                            -13.817744210347692
                        ],
                        [
                            -171.82067871093753,
                            -13.79107171509615
                        ],
                        [
                            -171.83956146240234,
                            -13.78907115500741
                        ],
                        [
                            -171.88934326171875,
                            -13.787070577775289
                        ]
                    ]
                ]
            }
        },
        {
            "type": "Feature",
            "properties": {},
            "geometry": {
                "type": "Polygon",
                "coordinates": [
                    [
                        [
                            -172.10864067077637,
                            -13.839413364573712
                        ],
                        [
                            -172.12529182434082,
                            -13.844330314804509
                        ],
                        [
                            -172.1268367767334,
                            -13.839996736985956
                        ],
                        [
                            -172.1316432952881,
                            -13.840746785080066
                        ],
                        [
                            -172.13147163391113,
                            -13.84324692792169
                        ],
                        [
                            -172.1286392211914,
                            -13.844913674881125
                        ],
                        [
                            -172.12529182434082,
                            -13.847497109052497
                        ],
                        [
                            -172.12082862854004,
                            -13.848413804598607
                        ],
                        [
                            -172.11979866027832,
                            -13.85233055392906
                        ],
                        [
                            -172.11688041687012,
                            -13.858247220261992
                        ],
                        [
                            -172.1151638031006,
                            -13.86058051202514
                        ],
                        [
                            -172.11233139038086,
                            -13.860247186065756
                        ],
                        [
                            -172.1092414855957,
                            -13.862247134644642
                        ],
                        [
                            -172.10434913635254,
                            -13.862163803797788
                        ],
                        [
                            -172.1016025543213,
                            -13.858497216929365
                        ],
                        [
                            -172.09945678710938,
                            -13.851580543210233
                        ],
                        [
                            -172.10426330566406,
                            -13.84191352175137
                        ],
                        [
                            -172.10864067077637,
                            -13.839413364573712
                        ]
                    ]
                ]
            }
        },
        {
            "type": "Feature",
            "properties": {},
            "geometry": {
                "type": "Polygon",
                "coordinates": [
                    [
                        [
                            -172.15224266052246,
                            -13.813326789166139
                        ],
                        [
                            -172.1543025970459,
                            -13.81357683411059
                        ],
                        [
                            -172.15447425842285,
                            -13.815493836437405
                        ],
                        [
                            -172.15559005737305,
                            -13.81832763707231
                        ],
                        [
                            -172.15730667114258,
                            -13.822078202551783
                        ],
                        [
                            -172.1565341949463,
                            -13.827245549379388
                        ],
                        [
                            -172.15224266052246,
                            -13.830329233968124
                        ],
                        [
                            -172.14777946472168,
                            -13.829995864630837
                        ],
                        [
                            -172.14520454406738,
                            -13.825662019796919
                        ],
                        [
                            -172.1451187133789,
                            -13.820244600307474
                        ],
                        [
                            -172.14838027954102,
                            -13.818494330153806
                        ],
                        [
                            -172.15267181396484,
                            -13.816660699696882
                        ],
                        [
                            -172.15224266052246,
                            -13.813326789166139
                        ]
                    ]
                ]
            }
        }
    ]
}