{
    "type": "FeatureCollection",
    "features": [
        {
            "type": "Feature",
            "properties": {},
            "geometry": {
                "type": "Polygon",
                "coordinates": [
                    [
                        [
                            12.509136199951172,
                            43.99195000949295
                        ],
                        [
                            12.506904602050781,
                            43.99145600898366
                        ],
                        [
                            12.504329681396484,
                            43.99046799562939
                        ],
                        [
                            12.502613067626953,
                            43.98762736561758
                        ],
                        [
                            12.499523162841797,
                            43.9862687553803
                        ],
                        [
                            12.496948242187498,
                            43.98676279906447
                        ],
                        [
                            12.493000030517578,
                            43.98330440692579
                        ],
                        [
                            12.490596771240234,
                            43.982933852960805
                        ],
                        [
                            12.486820220947266,
                            43.981822177188285
                        ],
                        [
                            12.479782104492188,
                            43.98071048059949
                        ],
                        [
                            12.470340728759766,
                            43.977869383633376
                        ],
                        [
                            12.460556030273438,
                            43.973298638037974
                        ],
                        [
                            12.452144622802733,
                            43.96885108842451
                        ],
                        [
                            12.446479797363281,
                            43.965762316351324
                        ],
                        [
                            12.440643310546875,
                            43.959460723283826
                        ],
                        [
                            12.435493469238281,
                            43.956989327857265
                        ],
                        [
                            12.420043945312498,
                            43.95773075727856
                        ],
                        [
                            12.414722442626953,
                            43.95278771972178
                        ],
                        [
                            12.408714294433594,
                            43.95328204198018
                        ],
                        [
                            12.404594421386719,
                            43.95563001655701
                        ],
                        [
                            12.403221130371094,
                            43.95315846180105
                        ],
                        [
                            12.405109405517578,
                            43.94870940420277
                        ],
                        [
                            12.404937744140625,
                            43.94215879665083
                        ],
                        [
                            12.41231918334961,
                            43.93783252799222
                        ],
                        [
                            12.41180419921875,
                            43.93634916341316
                        ],
                        [
                            12.413177490234373,
                            43.93449490565162
                        ],
                        [
                            12.41506576538086,
                            43.929302676319814
                        ],
                        [
                            12.409915924072266,
                            43.92547002580864
                        ],
                        [
                            12.408199310302734,
                            43.921142542944274
                        ],
                        [
                            12.412147521972656,
                            43.90902391624818
                        ],
                        [
                            12.408885955810547,
                            43.90209787866277
                        ],
                        [
                            12.413349151611328,
                            43.900489933260076
                        ],
                        [
                            12.42279052734375,
                            43.901232067303724
                        ],
                        [
                            12.424678802490234,
                            43.902592622357595
                        ],
                        [
                            12.428970336914062,
                            43.90345841393034
                        ],
                        [
                            12.43377685546875,
                            43.90271630763886
                        ],
                        [
                            12.438926696777344,
                            43.90494259876104
                        ],
                        [
                            12.442874908447266,
                            43.90543731881505
                        ],
                        [
                            12.447338104248045,
                            43.902592622357595
                        ],
                        [
                            12.449913024902344,
                            43.896408030663714
                        ],
                        [
                            12.456607818603516,
                            43.89368660680359
                        ],
                        [
                            12.46192932128906,
                            43.89393401411192
                        ],
                        [
                            12.469310760498047,
                            43.89616063363387
                        ],
                        [
                            12.486648559570312,
                            43.89628433227728
                        ],
                        [
                            12.492828369140625,
                            43.90667410096243
                        ],
                        [
                            12.495231628417969,
                            43.90939493123444
                        ],
                        [
                            12.493515014648438,
                            43.91026062387522
                        ],
                        [
                            12.492656707763672,
                            43.91557817385638
                        ],
                        [
                            12.49214172363281,
                            43.91854590212644
                        ],
                        [
                            12.498149871826172,
                            43.922378998741294
                        ],
                        [
                            12.503128051757812,
                            43.92336814487696
                        ],
                        [
                            12.503814697265623,
                            43.92757183247526
                        ],
                        [
                            12.506904602050781,
                            43.93301145781231
                        ],
                        [
                            12.51617431640625,
                            43.94030472005806
                        ],
                        [
                            12.51394271850586,
                            43.950192460407486
                        ],
                        [
                            12.506217956542969,
                            43.957854327949335
                        ],
                        [
                            12.508964538574219,
                            43.96292050418772
                        ],
                        [
                            12.507076263427734,
                            43.96390897601157
                        ],
                        [
                            12.507076263427734,
                            43.97070427457235
                        ],
                        [
                            12.512741088867188,
                            43.97255740289798
                        ],
                        [
                            12.510337829589844,
                            43.98033991044406
                        ],
                        [
                            12.513084411621094,
                            43.98379847528122
                        ],
                        [
                            12.515830993652344,
                            43.9845395701046
                        ],
                        [
                            12.514457702636719,
                            43.990838502564706
                        ],
                        [
                            12.509136199951172,
                            43.99195000949295
                        ]
                    ]
                ]
            }
        }
    ]
}