{
    "type": "FeatureCollection",
    "features": [
        {
            "type": "Feature",
            "properties": {},
            "geometry": {
                "type": "Polygon",
                "coordinates": [
                    [
                        [
                            6.665611267089843,
                            0.41610351998975986
                        ],
                        [
                            6.6405487060546875,
                            0.4157602062821278
                        ],
                        [
                            6.606903076171875,
                            0.4123270683868392
                        ],
                        [
                            6.589393615722656,
                            0.3961913006523282
                        ],
                        [
                            6.565361022949219,
                            0.37181593277170727
                        ],
                        [
                            6.546478271484375,
                            0.36666619840408243
                        ],
                        [
                            6.530342102050781,
                            0.3525902428085092
                        ],
                        [
                            6.516952514648437,
                            0.3402308495889882
                        ],
                        [
                            6.4963531494140625,
                            0.33199124527839985
                        ],
                        [
                            6.482276916503906,
                            0.3144820635335322
                        ],
                        [
                            6.475067138671874,
                            0.28186684401561
                        ],
                        [
                            6.463394165039062,
                            0.26950736797333824
                        ],
                        [
                            6.456871032714844,
                            0.24616165725295644
                        ],
                        [
                            6.4579010009765625,
                            0.22624910683983263
                        ],
                        [
                            6.4565277099609375,
                            0.20256000284989986
                        ],
                        [
                            6.460304260253906,
                            0.18985713546564592
                        ],
                        [
                            6.470947265625,
                            0.17440768964405876
                        ],
                        [
                            6.475410461425781,
                            0.14110550921720802
                        ],
                        [
                            6.475067138671874,
                            0.12874592437093405
                        ],
                        [
                            6.486396789550781,
                            0.1259993491268141
                        ],
                        [
                            6.484336853027343,
                            0.1122664686893714
                        ],
                        [
                            6.494293212890625,
                            0.10299677069976723
                        ],
                        [
                            6.506309509277343,
                            0.0964736482618299
                        ],
                        [
                            6.506996154785156,
                            0.07484433906622699
                        ],
                        [
                            6.499443054199218,
                            0.056304922578242274
                        ],
                        [
                            6.502532958984375,
                            0.04085540425264153
                        ],
                        [
                            6.504936218261719,
                            0.023002623893801217
                        ],
                        [
                            6.515922546386719,
                            0.015106200996868952
                        ],
                        [
                            6.525535583496094,
                            0.01922607385795467
                        ],
                        [
                            6.5430450439453125,
                            0.024032592068740033
                        ],
                        [
                            6.560211181640625,
                            0.030555723649283564
                        ],
                        [
                            6.5663909912109375,
                            0.04188537224585617
                        ],
                        [
                            6.570167541503906,
                            0.0652313091502137
                        ],
                        [
                            6.5760040283203125,
                            0.07793424110479112
                        ],
                        [
                            6.583900451660156,
                            0.06900785685120234
                        ],
                        [
                            6.5966033935546875,
                            0.06969450185601535
                        ],
                        [
                            6.612052917480469,
                            0.0765609513373198
                        ],
                        [
                            6.627845764160156,
                            0.09063716922855582
                        ],
                        [
                            6.650505065917968,
                            0.0995635485250593
                        ],
                        [
                            6.659774780273437,
                            0.11054985816502651
                        ],
                        [
                            6.661491394042969,
                            0.12943256813597956
                        ],
                        [
                            6.679344177246094,
                            0.14831526404883005
                        ],
                        [
                            6.699943542480469,
                            0.16719794385264178
                        ],
                        [
                            6.711273193359375,
                            0.19157373972537947
                        ],
                        [
                            6.730155944824219,
                            0.20736649064879387
                        ],
                        [
                            6.74457550048828,
                            0.22453250635254227
                        ],
                        [
                            6.750755310058594,
                            0.23723534508372612
                        ],
                        [
                            6.757621765136719,
                            0.23654870544482692
                        ],
                        [
                            6.765174865722656,
                            0.23963858355090023
                        ],
                        [
                            6.7613983154296875,
                            0.24513169845733346
                        ],
                        [
                            6.753501892089844,
                            0.24581833766324468
                        ],
                        [
                            6.749382019042968,
                            0.2513114500312899
                        ],
                        [
                            6.75281524658203,
                            0.26504422073485073
                        ],
                        [
                            6.753501892089844,
                            0.2767170638922838
                        ],
                        [
                            6.761054992675781,
                            0.2825534811942357
                        ],
                        [
                            6.765861511230469,
                            0.29422630694187224
                        ],
                        [
                            6.760711669921875,
                            0.30177930536025155
                        ],
                        [
                            6.749725341796875,
                            0.3161986513040617
                        ],
                        [
                            6.747322082519531,
                            0.3395442161628445
                        ],
                        [
                            6.740455627441406,
                            0.3532768752894047
                        ],
                        [
                            6.7298126220703125,
                            0.3515602939922709
                        ],
                        [
                            6.7291259765625,
                            0.36220309288795854
                        ],
                        [
                            6.720542907714844,
                            0.3670095141212017
                        ],
                        [
                            6.726036071777343,
                            0.3762790334621409
                        ],
                        [
                            6.72088623046875,
                            0.38348865281956296
                        ],
                        [
                            6.705093383789062,
                            0.3906982661048863
                        ],
                        [
                            6.707496643066405,
                            0.3985945021247024
                        ],
                        [
                            6.7181396484375,
                            0.4051174740026745
                        ],
                        [
                            6.721229553222656,
                            0.412670382243194
                        ],
                        [
                            6.711616516113281,
                            0.412670382243194
                        ],
                        [
                            6.69891357421875,
                            0.40443084562974524
                        ],
                        [
                            6.6851806640625,
                            0.40855061499260464
                        ],
                        [
                            6.665611267089843,
                            0.41610351998975986
                        ]
                    ]
                ]
            }
        },
        {
            "type": "Feature",
            "properties": {},
            "geometry": {
                "type": "Polygon",
                "coordinates": [
                    [
                        [
                            6.5265655517578125,
                            0.005321502677898499
                        ],
                        [
                            6.518497467041016,
                            0.002746582030202296
                        ],
                        [
                            6.51111602783203,
                            -0.0022315978998208447
                        ],
                        [
                            6.512145996093749,
                            -0.01029968256171454
                        ],
                        [
                            6.516780853271484,
                            -0.014934539625800134
                        ],
                        [
                            6.524162292480469,
                            -0.01510620099685623
                        ],
                        [
                            6.527767181396484,
                            -0.010986328057668812
                        ],
                        [
                            6.531887054443359,
                            -0.004806518549043713
                        ],
                        [
                            6.5293121337890625,
                            -0.0008583068847324188
                        ],
                        [
                            6.531028747558594,
                            0.0051498413016644595
                        ],
                        [
                            6.5265655517578125,
                            0.005321502677898499
                        ]
                    ]
                ]
            }
        },
        {
            "type": "Feature",
            "properties": {},
            "geometry": {
                "type": "Polygon",
                "coordinates": [
                    [
                        [
                            7.405128479003907,
                            1.7046892395578266
                        ],
                        [
                            7.397575378417969,
                            1.7012575284098532
                        ],
                        [
                            7.390022277832031,
                            1.6940509151425056
                        ],
                        [
                            7.388648986816406,
                            1.6871874490098642
                        ],
                        [
                            7.3780059814453125,
                            1.6854715786888477
                        ],
                        [
                            7.3656463623046875,
                            1.6865011010630062
                        ],
                        [
                            7.3615264892578125,
                            1.6751763250632035
                        ],
                        [
                            7.361869812011718,
                            1.6600765219740536
                        ],
                        [
                            7.366676330566406,
                            1.648408413266914
                        ],
                        [
                            7.360496520996094,
                            1.638799331199781
                        ],
                        [
                            7.3642730712890625,
                            1.6219833268003063
                        ],
                        [
                            7.359466552734375,
                            1.6144332384626583
                        ],
                        [
                            7.348823547363281,
                            1.6051671826461267
                        ],
                        [
                            7.3381805419921875,
                            1.6106581837702312
                        ],
                        [
                            7.32685089111328,
                            1.6096286221850622
                        ],
                        [
                            7.32410430908203,
                            1.6020784880301373
                        ],
                        [
                            7.328910827636718,
                            1.5928123762763
                        ],
                        [
                            7.335777282714843,
                            1.5540315332852859
                        ],
                        [
                            7.3450469970703125,
                            1.5457948017786918
                        ],
                        [
                            7.353973388671875,
                            1.5533451402176797
                        ],
                        [
                            7.357749938964844,
                            1.5454516039379542
                        ],
                        [
                            7.3725128173828125,
                            1.5440788120205315
                        ],
                        [
                            7.378692626953124,
                            1.5330964448287996
                        ],
                        [
                            7.393112182617187,
                            1.532753244944123
                        ],
                        [
                            7.3944854736328125,
                            1.5234868273052864
                        ],
                        [
                            7.403411865234375,
                            1.5248596324393768
                        ],
                        [
                            7.409934997558593,
                            1.5324100450044484
                        ],
                        [
                            7.409248352050781,
                            1.5437356139026024
                        ],
                        [
                            7.4192047119140625,
                            1.5451084060417606
                        ],
                        [
                            7.429847717285156,
                            1.555404318751144
                        ],
                        [
                            7.433967590332031,
                            1.578741534380869
                        ],
                        [
                            7.430534362792969,
                            1.5965874638865776
                        ],
                        [
                            7.4398040771484375,
                            1.6085990600800253
                        ],
                        [
                            7.452850341796876,
                            1.6096286221850622
                        ],
                        [
                            7.465553283691407,
                            1.6202674001017445
                        ],
                        [
                            7.468299865722655,
                            1.6329652231470744
                        ],
                        [
                            7.457656860351562,
                            1.6418879697625655
                        ],
                        [
                            7.44701385498047,
                            1.64531978479005
                        ],
                        [
                            7.437744140625,
                            1.6542424761984778
                        ],
                        [
                            7.4521636962890625,
                            1.658017448957221
                        ],
                        [
                            7.452850341796876,
                            1.6655673728603448
                        ],
                        [
                            7.465209960937499,
                            1.6665969056996095
                        ],
                        [
                            7.4658966064453125,
                            1.674833149008744
                        ],
                        [
                            7.471733093261719,
                            1.6820398335121707
                        ],
                        [
                            7.473106384277343,
                            1.6885601441769507
                        ],
                        [
                            7.457656860351562,
                            1.6854715786888477
                        ],
                        [
                            7.440834045410155,
                            1.6940509151425056
                        ],
                        [
                            7.433280944824218,
                            1.6906191851095436
                        ],
                        [
                            7.425041198730469,
                            1.691648704756987
                        ],
                        [
                            7.408905029296874,
                            1.6950804329675422
                        ],
                        [
                            7.405128479003907,
                            1.7046892395578266
                        ]
                    ]
                ]
            }
        },
        {
            "type": "Feature",
            "properties": {},
            "geometry": {
                "type": "Polygon",
                "coordinates": [
                    [
                        [
                            7.43122100830078,
                            1.517051791590851
                        ],
                        [
                            7.427616119384766,
                            1.517051791590851
                        ],
                        [
                            7.424869537353516,
                            1.5151641774802127
                        ],
                        [
                            7.424612045288087,
                            1.5137913661846374
                        ],
                        [
                            7.426500320434569,
                            1.5113889443262263
                        ],
                        [
                            7.4260711669921875,
                            1.5084717142110775
                        ],
                        [
                            7.428216934204101,
                            1.5079569084904123
                        ],
                        [
                            7.43199348449707,
                            1.5083859132660828
                        ],
                        [
                            7.43422508239746,
                            1.5109599401431184
                        ],
                        [
                            7.433967590332031,
                            1.514820974737846
                        ],
                        [
                            7.43122100830078,
                            1.517051791590851
                        ]
                    ]
                ]
            }
        },
        {
            "type": "Feature",
            "properties": {},
            "geometry": {
                "type": "Polygon",
                "coordinates": [
                    [
                        [
                            7.294406890869141,
                            1.3453582273847202
                        ],
                        [
                            7.2914886474609375,
                            1.3449291922069289
                        ],
                        [
                            7.289342880249023,
                            1.3425265938181659
                        ],
                        [
                            7.290458679199219,
                            1.3395233425123458
                        ],
                        [
                            7.291831970214843,
                            1.339180113557158
                        ],
                        [
                            7.295436859130859,
                            1.3406388362846506
                        ],
                        [
                            7.295351028442383,
                            1.3428698223040694
                        ],
                        [
                            7.294406890869141,
                            1.3453582273847202
                        ]
                    ]
                ]
            }
        },
        {
            "type": "Feature",
            "properties": {},
            "geometry": {
                "type": "Polygon",
                "coordinates": [
                    [
                        [
                            7.2835493087768555,
                            1.3839710814973298
                        ],
                        [
                            7.281274795532226,
                            1.3834133447038854
                        ],
                        [
                            7.2811031341552725,
                            1.3807533674245887
                        ],
                        [
                            7.281918525695801,
                            1.3800669211916954
                        ],
                        [
                            7.2830772399902335,
                            1.3807962703075647
                        ],
                        [
                            7.285094261169433,
                            1.3810107847108422
                        ],
                        [
                            7.2856950759887695,
                            1.3822120650112213
                        ],
                        [
                            7.285051345825194,
                            1.3833704418681978
                        ],
                        [
                            7.2835493087768555,
                            1.3839710814973298
                        ]
                    ]
                ]
            }
        }
    ]
}