{
    "type": "FeatureCollection",
    "features": [
        {
            "type": "Feature",
            "geometry": {
                "type": "Polygon",
                "coordinates": [
                    [
                        [
                            -11.498565673828125,
                            9.9999579356371
                        ],
                        [
                            -11.819915771484375,
                            9.997253068751485
                        ],
                        [
                            -11.894073486328125,
                            9.9999579356371
                        ],
                        [
                            -11.9091796875,
                            9.941798345389335
                        ],
                        [
                            -12.001364441882544,
                            9.916169940823671
                        ],
                        [
                            -12.126159667968864,
                            9.870099035259127
                        ],
                        [
                            -12.218170166015739,
                            9.91068547516803
                        ],
                        [
                            -12.2222900390625,
                            9.929624096148341
                        ],
                        [
                            -12.341766357421989,
                            9.90527423961053
                        ],
                        [
                            -12.396636150164369,
                            9.893654139708406
                        ],
                        [
                            -12.452362200965041,
                            9.879256000582528
                        ],
                        [
                            -12.461979220847809,
                            9.865287984092754
                        ],
                        [
                            -12.496507111702272,
                            9.85506853898835
                        ],
                        [
                            -12.49420166015625,
                            9.829507592498441
                        ],
                        [
                            -12.487335205078125,
                            9.828154458476808
                        ],
                        [
                            -12.48870849609375,
                            9.811916418615478
                        ],
                        [
                            -12.49420166015625,
                            9.810563212682444
                        ],
                        [
                            -12.514801025390625,
                            9.753723582085302
                        ],
                        [
                            -12.505874633789062,
                            9.746956312582398
                        ],
                        [
                            -12.5244140625,
                            9.740865652633806
                        ],
                        [
                            -12.51617431640625,
                            9.705672998709174
                        ],
                        [
                            -12.5299072265625,
                            9.709733878496715
                        ],
                        [
                            -12.531280517578239,
                            9.721239437055331
                        ],
                        [
                            -12.566986083984375,
                            9.702965718167645
                        ],
                        [
                            -12.572479248046875,
                            9.657615522114368
                        ],
                        [
                            -12.586898803710938,
                            9.662353888567326
                        ],
                        [
                            -12.583465576171875,
                            9.632568763821517
                        ],
                        [
                            -12.591705322265739,
                            9.598041808419334
                        ],
                        [
                            -12.612991333007812,
                            9.607520147078151
                        ],
                        [
                            -12.630157470703125,
                            9.568928111432948
                        ],
                        [
                            -12.630844116210938,
                            9.554031766661538
                        ],
                        [
                            -12.632217407226562,
                            9.546583349757588
                        ],
                        [
                            -12.64251708984375,
                            9.551323270273505
                        ],
                        [
                            -12.654876708984489,
                            9.535748998133627
                        ],
                        [
                            -12.645263671875,
                            9.51949682550827
                        ],
                        [
                            -12.669296264648438,
                            9.473444808938526
                        ],
                        [
                            -12.68096923828125,
                            9.44364315173256
                        ],
                        [
                            -12.676162719726562,
                            9.436869687932754
                        ],
                        [
                            -12.685089111328125,
                            9.408419687637533
                        ],
                        [
                            -12.695388793945312,
                            9.416548498325543
                        ],
                        [
                            -12.705001831054801,
                            9.4070648672726
                        ],
                        [
                            -12.709808349609375,
                            9.387419375908078
                        ],
                        [
                            -12.720108032226562,
                            9.39419380919151
                        ],
                        [
                            -12.752380371093864,
                            9.398258405559826
                        ],
                        [
                            -12.756500244140625,
                            9.379289881176696
                        ],
                        [
                            -12.745513916015625,
                            9.347447527112957
                        ],
                        [
                            -12.772979736328125,
                            9.34405987102622
                        ],
                        [
                            -12.786026000976562,
                            9.315602259817865
                        ],
                        [
                            -12.786712646484375,
                            9.300694966223878
                        ],
                        [
                            -12.807998657226562,
                            9.29120817586746
                        ],
                        [
                            -12.825164794921875,
                            9.29459634479443
                        ],
                        [
                            -12.849197387695312,
                            9.283754088863367
                        ],
                        [
                            -12.860870361328125,
                            9.293918713631884
                        ],
                        [
                            -12.885589599609375,
                            9.291885812275517
                        ],
                        [
                            -12.886276245117301,
                            9.274944508941969
                        ],
                        [
                            -12.905502319335938,
                            9.26206857119722
                        ],
                        [
                            -12.915115356445312,
                            9.268845439399795
                        ],
                        [
                            -12.918992441284217,
                            9.2832355580025
                        ],
                        [
                            -12.924890565964745,
                            9.300434061197292
                        ],
                        [
                            -12.945327758789062,
                            9.289175258776764
                        ],
                        [
                            -12.955021411697572,
                            9.279608824198867
                        ],
                        [
                            -12.951385939051534,
                            9.25864053496848
                        ],
                        [
                            -12.964700470059768,
                            9.222591088035724
                        ],
                        [
                            -12.947754861234273,
                            9.175868425580239
                        ],
                        [
                            -12.973209192832826,
                            9.163570354032712
                        ],
                        [
                            -12.981741910193051,
                            9.137978798468032
                        ],
                        [
                            -12.994568636758942,
                            9.128297817507232
                        ],
                        [
                            -13.01985263955578,
                            9.10207356842846
                        ],
                        [
                            -13.028632926258666,
                            9.101201211383286
                        ],
                        [
                            -13.03505581445117,
                            9.093216839501446
                        ],
                        [
                            -13.050031056497915,
                            9.076374171373596
                        ],
                        [
                            -13.060257220632607,
                            9.07965159315672
                        ],
                        [
                            -13.063872328230758,
                            9.064649763210292
                        ],
                        [
                            -13.100357243421655,
                            9.049821186277276
                        ],
                        [
                            -13.112869262695312,
                            9.052599372393788
                        ],
                        [
                            -13.131616400764301,
                            9.05378128801814
                        ],
                        [
                            -13.153895620093152,
                            9.06786662340566
                        ],
                        [
                            -13.165741988959837,
                            9.083760453360263
                        ],
                        [
                            -13.191448813930023,
                            9.089160282968184
                        ],
                        [
                            -13.199339214147102,
                            9.081318147829064
                        ],
                        [
                            -13.212973270582694,
                            9.081425634971536
                        ],
                        [
                            -13.229283456189961,
                            9.074280750003703
                        ],
                        [
                            -13.250885009765625,
                            9.070229354464294
                        ],
                        [
                            -13.260146145590511,
                            9.068683047617737
                        ],
                        [
                            -13.271532779696429,
                            9.064126766278852
                        ],
                        [
                            -13.27678364069979,
                            9.06391137674004
                        ],
                        [
                            -13.285865990897207,
                            9.058398862200887
                        ],
                        [
                            -13.299636840820312,
                            9.048530792186185
                        ],
                        [
                            -13.31409087497957,
                            9.041579337881315
                        ],
                        [
                            -13.319414973618763,
                            9.031453501894129
                        ],
                        [
                            -13.304443359375,
                            9.031577879631772
                        ],
                        [
                            -13.305816650390623,
                            8.966471298599485
                        ],
                        [
                            -13.289337158203123,
                            8.946123093815439
                        ],
                        [
                            -13.259124755859373,
                            8.93120035378109
                        ],
                        [
                            -13.253631591796875,
                            8.89456922239247
                        ],
                        [
                            -13.237152099609375,
                            8.862005139056482
                        ],
                        [
                            -13.256378173828125,
                            8.843008090380774
                        ],
                        [
                            -13.2550048828125,
                            8.794154041638729
                        ],
                        [
                            -13.270111083984375,
                            8.722218306198739
                        ],
                        [
                            -13.25775146484375,
                            8.651626379005748
                        ],
                        [
                            -13.220672607421875,
                            8.540281487583036
                        ],
                        [
                            -13.2440185546875,
                            8.521268124414094
                        ],
                        [
                            -13.292083740234375,
                            8.528058719894872
                        ],
                        [
                            -13.316802978515625,
                            8.498179198345477
                        ],
                        [
                            -13.311309814453125,
                            8.438413177908556
                        ],
                        [
                            -13.29071044921875,
                            8.389506823518294
                        ],
                        [
                            -13.237152099609375,
                            8.331082833500314
                        ],
                        [
                            -13.198699951171873,
                            8.265855052877221
                        ],
                        [
                            -13.175354003906248,
                            8.185664465951138
                        ],
                        [
                            -13.260498046875,
                            8.110895983145387
                        ],
                        [
                            -13.261871337890625,
                            8.07962503184384
                        ],
                        [
                            -13.18084716796875,
                            8.113615081493329
                        ],
                        [
                            -13.1396484375,
                            8.163915076369454
                        ],
                        [
                            -13.080596923828125,
                            8.21420873710816
                        ],
                        [
                            -13.025665283203125,
                            8.210131109596986
                        ],
                        [
                            -12.98583984375,
                            8.173430580237778
                        ],
                        [
                            -12.932281494140625,
                            8.108176866407044
                        ],
                        [
                            -12.91717529296875,
                            8.046991890790093
                        ],
                        [
                            -12.913055419921875,
                            7.9708376933028715
                        ],
                        [
                            -12.94189453125,
                            7.939555962292796
                        ],
                        [
                            -13.014678955078125,
                            7.92323411294785
                        ],
                        [
                            -13.003692626953125,
                            7.902830891387267
                        ],
                        [
                            -12.97210693359375,
                            7.887867887739152
                        ],
                        [
                            -12.935028076171875,
                            7.855219456431373
                        ],
                        [
                            -12.87872314453125,
                            7.802160285513333
                        ],
                        [
                            -12.786712646484375,
                            7.740929800982785
                        ],
                        [
                            -12.744140625,
                            7.693299936880315
                        ],
                        [
                            -12.755126953125,
                            7.664719448692518
                        ],
                        [
                            -12.84027099609375,
                            7.6470258035280825
                        ],
                        [
                            -12.90069580078125,
                            7.644303639113597
                        ],
                        [
                            -13.000946044921875,
                            7.668802493214545
                        ],
                        [
                            -13.050384521484375,
                            7.687856182624792
                        ],
                        [
                            -13.077850341796873,
                            7.69193900486471
                        ],
                        [
                            -13.0902099609375,
                            7.663358425148971
                        ],
                        [
                            -13.086090087890625,
                            7.623886853120049
                        ],
                        [
                            -13.064117431640623,
                            7.596662957328555
                        ],
                        [
                            -12.99957275390625,
                            7.565353344657204
                        ],
                        [
                            -12.92266845703125,
                            7.543571403682195
                        ],
                        [
                            -12.759246826171875,
                            7.504088842638866
                        ],
                        [
                            -12.661743164062498,
                            7.465964348046485
                        ],
                        [
                            -12.59307861328125,
                            7.440092260798337
                        ],
                        [
                            -12.572479248046875,
                            7.381534016633762
                        ],
                        [
                            -12.513427734375,
                            7.370638602239241
                        ],
                        [
                            -12.371978759765625,
                            7.332502543763999
                        ],
                        [
                            -12.012176513671875,
                            7.193550830168335
                        ],
                        [
                            -11.767730712890625,
                            7.076362373228546
                        ],
                        [
                            -11.663360595703125,
                            7.015030940321527
                        ],
                        [
                            -11.61529541015625,
                            6.964596817535289
                        ],
                        [
                            -11.52380881090167,
                            6.917854307527412
                        ],
                        [
                            -11.466003500172079,
                            6.927291482872217
                        ],
                        [
                            -11.457291399940038,
                            6.924430786929482
                        ],
                        [
                            -11.451976868601374,
                            6.93506114879308
                        ],
                        [
                            -11.43795023703067,
                            6.942830814713943
                        ],
                        [
                            -11.41754150390625,
                            6.938696103854229
                        ],
                        [
                            -11.432548502398248,
                            6.970541763459599
                        ],
                        [
                            -11.423779695826322,
                            6.969528460795948
                        ],
                        [
                            -11.415294019995933,
                            6.973011767554614
                        ],
                        [
                            -11.416859485481925,
                            6.983239852141526
                        ],
                        [
                            -11.41304546688339,
                            6.989252474827185
                        ],
                        [
                            -11.39975481485903,
                            6.98743727092505
                        ],
                        [
                            -11.39538278118607,
                            7.0033267786622835
                        ],
                        [
                            -11.388806962800189,
                            7.009621906175218
                        ],
                        [
                            -11.37911670625968,
                            7.010015709769858
                        ],
                        [
                            -11.370417407313354,
                            7.021650093713693
                        ],
                        [
                            -11.370031588218119,
                            7.045451298992994
                        ],
                        [
                            -11.363983154296875,
                            7.051830774037793
                        ],
                        [
                            -11.37648433880693,
                            7.0630723158431605
                        ],
                        [
                            -11.36774804471254,
                            7.080534869720999
                        ],
                        [
                            -11.332397460937498,
                            7.076362373228546
                        ],
                        [
                            -11.336670025214787,
                            7.1132958203227945
                        ],
                        [
                            -11.354178614081746,
                            7.138033176378055
                        ],
                        [
                            -11.34633825883715,
                            7.148792986651786
                        ],
                        [
                            -11.336607042937231,
                            7.141260037820039
                        ],
                        [
                            -11.330606651271594,
                            7.147560766451105
                        ],
                        [
                            -11.336115328388964,
                            7.1568086842153775
                        ],
                        [
                            -11.313024738089439,
                            7.185052362675793
                        ],
                        [
                            -11.31249508324862,
                            7.2087398585921845
                        ],
                        [
                            -11.303478982694173,
                            7.213551068415368
                        ],
                        [
                            -11.303824890957543,
                            7.205960497134854
                        ],
                        [
                            -11.290934774631182,
                            7.203528713627552
                        ],
                        [
                            -11.296826457959469,
                            7.196085792379046
                        ],
                        [
                            -11.28820370565424,
                            7.199242431198277
                        ],
                        [
                            -11.287910408395604,
                            7.213248807651556
                        ],
                        [
                            -11.274853801709469,
                            7.239213910408425
                        ],
                        [
                            -11.265786368286903,
                            7.231745910481441
                        ],
                        [
                            -11.251519068062677,
                            7.230374299054371
                        ],
                        [
                            -11.235747777039506,
                            7.250140580489134
                        ],
                        [
                            -11.221512810299004,
                            7.246225220902174
                        ],
                        [
                            -11.181751224705664,
                            7.266694428343633
                        ],
                        [
                            -11.171812121062231,
                            7.302871622807015
                        ],
                        [
                            -11.14288330078125,
                            7.3243301056761805
                        ],
                        [
                            -11.144097857966498,
                            7.341301087354022
                        ],
                        [
                            -11.129441944720227,
                            7.353871830328151
                        ],
                        [
                            -11.105804443359375,
                            7.38425782830926
                        ],
                        [
                            -11.066627624049204,
                            7.4000141756793765
                        ],
                        [
                            -10.97671926925699,
                            7.47764261240376
                        ],
                        [
                            -10.932769775390625,
                            7.510896436975565
                        ],
                        [
                            -10.923156738281248,
                            7.4972811417554555
                        ],
                        [
                            -10.82977294921875,
                            7.56671467948548
                        ],
                        [
                            -10.821533203125,
                            7.583050362073351
                        ],
                        [
                            -10.795440673828123,
                            7.592579224006395
                        ],
                        [
                            -10.776214599609375,
                            7.6551921925603
                        ],
                        [
                            -10.743255615234375,
                            7.671524501131187
                        ],
                        [
                            -10.6842041015625,
                            7.747733628722438
                        ],
                        [
                            -10.605926513671875,
                            7.776308503776205
                        ],
                        [
                            -10.6072998046875,
                            8.041552778176772
                        ],
                        [
                            -10.574832210690657,
                            8.049989645364251
                        ],
                        [
                            -10.52490234375,
                            8.12856979341067
                        ],
                        [
                            -10.499557110600193,
                            8.146023056490055
                        ],
                        [
                            -10.463127900706056,
                            8.155936916109312
                        ],
                        [
                            -10.446621909057619,
                            8.157664858422514
                        ],
                        [
                            -10.427651247998735,
                            8.15053339661971
                        ],
                        [
                            -10.397186279296875,
                            8.148629746316983
                        ],
                        [
                            -10.385875111290602,
                            8.151913390731167
                        ],
                        [
                            -10.390895670615578,
                            8.154945746189727
                        ],
                        [
                            -10.387683820412121,
                            8.162283293084233
                        ],
                        [
                            -10.376453159676883,
                            8.166832421771765
                        ],
                        [
                            -10.351271083627324,
                            8.152383176676032
                        ],
                        [
                            -10.316162109375,
                            8.196538715606495
                        ],
                        [
                            -10.302850987246359,
                            8.198707370097312
                        ],
                        [
                            -10.296979736188703,
                            8.223702167094885
                        ],
                        [
                            -10.300325561664266,
                            8.240714929397937
                        ],
                        [
                            -10.308686148416498,
                            8.243129239246876
                        ],
                        [
                            -10.319639037945052,
                            8.282885742002904
                        ],
                        [
                            -10.296447369935805,
                            8.297350527585673
                        ],
                        [
                            -10.301489072884443,
                            8.32778888991233
                        ],
                        [
                            -10.288096622765254,
                            8.339131941219971
                        ],
                        [
                            -10.294578493923662,
                            8.361304807647901
                        ],
                        [
                            -10.28716218475985,
                            8.370681485080773
                        ],
                        [
                            -10.288386884846748,
                            8.385757451284857
                        ],
                        [
                            -10.279174265191166,
                            8.39465740536141
                        ],
                        [
                            -10.273998573396696,
                            8.424427652078919
                        ],
                        [
                            -10.279201006457214,
                            8.429260664577647
                        ],
                        [
                            -10.273475988644748,
                            8.445197590038752
                        ],
                        [
                            -10.279280090716611,
                            8.465257397613982
                        ],
                        [
                            -10.276086899920827,
                            8.478071016241952
                        ],
                        [
                            -10.279189667972815,
                            8.485653807345974
                        ],
                        [
                            -10.287738815643898,
                            8.48771852919955
                        ],
                        [
                            -10.295630315743395,
                            8.49466157306989
                        ],
                        [
                            -10.314619618602514,
                            8.497458093324129
                        ],
                        [
                            -10.315647057556067,
                            8.501010885196248
                        ],
                        [
                            -10.323415384112138,
                            8.50618973029727
                        ],
                        [
                            -10.328601405154416,
                            8.50068152411896
                        ],
                        [
                            -10.335431545124095,
                            8.499563658398795
                        ],
                        [
                            -10.339380953760482,
                            8.493638706036224
                        ],
                        [
                            -10.34579654078712,
                            8.49389285708508
                        ],
                        [
                            -10.35714800780596,
                            8.483343816337058
                        ],
                        [
                            -10.366596633022482,
                            8.486983372102843
                        ],
                        [
                            -10.374568080512375,
                            8.480265981376867
                        ],
                        [
                            -10.382703939895123,
                            8.491273349853316
                        ],
                        [
                            -10.393803730460235,
                            8.469281699332162
                        ],
                        [
                            -10.394421268960556,
                            8.456578530234374
                        ],
                        [
                            -10.404923575559387,
                            8.442746214929494
                        ],
                        [
                            -10.411973232412095,
                            8.440785813957614
                        ],
                        [
                            -10.439613040345847,
                            8.403416361142192
                        ],
                        [
                            -10.463735311534194,
                            8.388495878386168
                        ],
                        [
                            -10.479583740234375,
                            8.373203335360262
                        ],
                        [
                            -10.480390234830097,
                            8.362418740670705
                        ],
                        [
                            -10.504513921889298,
                            8.33637848532764
                        ],
                        [
                            -10.542042909150439,
                            8.310345044291202
                        ],
                        [
                            -10.57057998281826,
                            8.305935807522012
                        ],
                        [
                            -10.577218446326413,
                            8.333557969527044
                        ],
                        [
                            -10.624631082757546,
                            8.338082513121282
                        ],
                        [
                            -10.662265541705068,
                            8.348932872307456
                        ],
                        [
                            -10.681716680843039,
                            8.31404273597412
                        ],
                        [
                            -10.686124470005751,
                            8.286595186693066
                        ],
                        [
                            -10.700968583213125,
                            8.279056037499135
                        ],
                        [
                            -10.67530155237938,
                            8.376014996683887
                        ],
                        [
                            -10.638577938920633,
                            8.392077164265816
                        ],
                        [
                            -10.647687315030367,
                            8.424372333701335
                        ],
                        [
                            -10.633392333984375,
                            8.490029833481206
                        ],
                        [
                            -10.622406005859375,
                            8.491388072978754
                        ],
                        [
                            -10.613080144542153,
                            8.543092267109765
                        ],
                        [
                            -10.592193603515625,
                            8.557935905071977
                        ],
                        [
                            -10.57708740234375,
                            8.579663295011144
                        ],
                        [
                            -10.575714111328125,
                            8.600031594221486
                        ],
                        [
                            -10.52490234375,
                            8.619041018922134
                        ],
                        [
                            -10.4974365234375,
                            8.627187622711979
                        ],
                        [
                            -10.476837158203125,
                            8.650268711890488
                        ],
                        [
                            -10.46722412109375,
                            8.67606354930776
                        ],
                        [
                            -10.507049560546875,
                            8.742578887526996
                        ],
                        [
                            -10.5413818359375,
                            8.803653945861065
                        ],
                        [
                            -10.557861328125,
                            8.806368159416285
                        ],
                        [
                            -10.59356689453125,
                            8.996313269136376
                        ],
                        [
                            -10.575714111328125,
                            9.06141447157409
                        ],
                        [
                            -10.626525878906364,
                            9.077687932437932
                        ],
                        [
                            -10.732269287109375,
                            9.083112255354074
                        ],
                        [
                            -10.7391357421875,
                            9.108876667243708
                        ],
                        [
                            -10.726776123046875,
                            9.18751441388967
                        ],
                        [
                            -10.688323974609375,
                            9.210560107629691
                        ],
                        [
                            -10.671844482421875,
                            9.239026242090059
                        ],
                        [
                            -10.67047119140625,
                            9.282398783281842
                        ],
                        [
                            -10.65673828125,
                            9.304083043309173
                        ],
                        [
                            -10.710296630859375,
                            9.344737404880624
                        ],
                        [
                            -10.754241943359375,
                            9.39080660910853
                        ],
                        [
                            -10.799560546875,
                            9.38674192529491
                        ],
                        [
                            -10.813293457031364,
                            9.397580976145512
                        ],
                        [
                            -10.799560546875,
                            9.420612831956799
                        ],
                        [
                            -10.842132568359375,
                            9.446352499964977
                        ],
                        [
                            -10.842132568359375,
                            9.520851202772599
                        ],
                        [
                            -10.86273193359375,
                            9.53439467997389
                        ],
                        [
                            -10.879211425781364,
                            9.58314674061269
                        ],
                        [
                            -10.91217041015625,
                            9.604812077390028
                        ],
                        [
                            -10.92864990234375,
                            9.637307482396151
                        ],
                        [
                            -10.9588623046875,
                            9.663030792615071
                        ],
                        [
                            -10.998687744140625,
                            9.75778387784387
                        ],
                        [
                            -11.094818115234489,
                            9.847097830667165
                        ],
                        [
                            -11.155242919921989,
                            9.87551085006511
                        ],
                        [
                            -11.17034912109375,
                            9.962087752981995
                        ],
                        [
                            -11.21429443359375,
                            9.997253068751485
                        ],
                        [
                            -11.498565673828125,
                            9.9999579356371
                        ]
                    ]
                ]
            },
            "properties": {}
        }
    ]
}