{
    "type": "FeatureCollection",
    "features": [
        {
            "type": "Feature",
            "properties": {},
            "geometry": {
                "type": "Polygon",
                "coordinates": [
                    [
                        [
                            103.80638122558594,
                            1.4781837718245818
                        ],
                        [
                            103.78543853759766,
                            1.4623961247633834
                        ],
                        [
                            103.76518249511717,
                            1.4517565607685534
                        ],
                        [
                            103.7500762939453,
                            1.4490108586915373
                        ],
                        [
                            103.7335968017578,
                            1.4558751076297012
                        ],
                        [
                            103.71437072753906,
                            1.4575911666023798
                        ],
                        [
                            103.69583129882812,
                            1.4438626583311722
                        ],
                        [
                            103.67866516113281,
                            1.43287979197913
                        ],
                        [
                            103.66767883300781,
                            1.4164053938378671
                        ],
                        [
                            103.65394592285156,
                            1.39443934768891
                        ],
                        [
                            103.63609313964844,
                            1.3587440869100178
                        ],
                        [
                            103.62098693847656,
                            1.323048298656767
                        ],
                        [
                            103.60107421874999,
                            1.2646983143314452
                        ],
                        [
                            103.59729766845703,
                            1.2382687684731497
                        ],
                        [
                            103.59729766845703,
                            1.2217930737214573
                        ],
                        [
                            103.62133026123047,
                            1.2087497436491068
                        ],
                        [
                            103.64707946777344,
                            1.2070335113292645
                        ],
                        [
                            103.6508560180664,
                            1.2135551883691902
                        ],
                        [
                            103.62510681152342,
                            1.2245390299004166
                        ],
                        [
                            103.6285400390625,
                            1.235866069334236
                        ],
                        [
                            103.6285400390625,
                            1.2506254724079666
                        ],
                        [
                            103.63883972167969,
                            1.2557740819100387
                        ],
                        [
                            103.65222930908203,
                            1.2581767628761154
                        ],
                        [
                            103.65669250488281,
                            1.2375822832269368
                        ],
                        [
                            103.66630554199219,
                            1.2211065842379059
                        ],
                        [
                            103.67729187011719,
                            1.219047114735722
                        ],
                        [
                            103.68999481201172,
                            1.2283147150520106
                        ],
                        [
                            103.69892120361328,
                            1.2444471276768418
                        ],
                        [
                            103.7112808227539,
                            1.2465065775321413
                        ],
                        [
                            103.73153686523438,
                            1.2588632427458806
                        ],
                        [
                            103.7442398071289,
                            1.2688171804967088
                        ],
                        [
                            103.7607192993164,
                            1.269160419048088
                        ],
                        [
                            103.77445220947266,
                            1.2544011203660779
                        ],
                        [
                            103.79470825195312,
                            1.2550876012281633
                        ],
                        [
                            103.80844116210938,
                            1.2499389903769893
                        ],
                        [
                            103.82938385009766,
                            1.2327768815336897
                        ],
                        [
                            103.84449005126953,
                            1.2365525550244925
                        ],
                        [
                            103.8541030883789,
                            1.2499389903769893
                        ],
                        [
                            103.8650894165039,
                            1.2619523999216926
                        ],
                        [
                            103.87916564941406,
                            1.2736225160659695
                        ],
                        [
                            103.89873504638672,
                            1.286322288277965
                        ],
                        [
                            103.97254943847656,
                            1.3100054779424755
                        ],
                        [
                            103.99452209472656,
                            1.3045137436059147
                        ],
                        [
                            104.0134048461914,
                            1.3027975741651676
                        ],
                        [
                            104.03915405273438,
                            1.2983355281519715
                        ],
                        [
                            104.04430389404297,
                            1.3062299118760903
                        ],
                        [
                            104.0401840209961,
                            1.3199592157122004
                        ],
                        [
                            104.03743743896483,
                            1.3360910507988213
                        ],
                        [
                            104.04636383056639,
                            1.3395233425123458
                        ],
                        [
                            104.06593322753906,
                            1.3350613623490613
                        ],
                        [
                            104.08653259277344,
                            1.3309426042407257
                        ],
                        [
                            104.08584594726562,
                            1.3408962578522488
                        ],
                        [
                            104.08309936523438,
                            1.3625195723708807
                        ],
                        [
                            104.08790588378906,
                            1.3789943485561553
                        ],
                        [
                            104.09408569335938,
                            1.4013037592832867
                        ],
                        [
                            104.08927917480469,
                            1.417091829441639
                        ],
                        [
                            104.07623291015625,
                            1.431850145552487
                        ],
                        [
                            104.0511703491211,
                            1.4418033749200114
                        ],
                        [
                            104.03675079345703,
                            1.442146588951299
                        ],
                        [
                            104.02130126953125,
                            1.439057660807751
                        ],
                        [
                            104.00276184082031,
                            1.4208672216232323
                        ],
                        [
                            103.99314880371094,
                            1.4242993909796224
                        ],
                        [
                            103.97323608398438,
                            1.4225833069396439
                        ],
                        [
                            103.9368438720703,
                            1.4291044194878293
                        ],
                        [
                            103.9255142211914,
                            1.4287612034988086
                        ],
                        [
                            103.90388488769531,
                            1.4270451227847614
                        ],
                        [
                            103.87882232666016,
                            1.4345958683281839
                        ],
                        [
                            103.85787963867188,
                            1.466171441817718
                        ],
                        [
                            103.82766723632811,
                            1.4750948931515468
                        ],
                        [
                            103.80638122558594,
                            1.4781837718245818
                        ]
                    ]
                ]
            }
        },
        {
            "type": "Feature",
            "properties": {},
            "geometry": {
                "type": "Polygon",
                "coordinates": [
                    [
                        [
                            103.72020721435547,
                            1.2164727756430858
                        ],
                        [
                            103.71162414550781,
                            1.212010582067203
                        ],
                        [
                            103.70595932006836,
                            1.2051456545264518
                        ],
                        [
                            103.70424270629883,
                            1.2015415606345425
                        ],
                        [
                            103.71402740478516,
                            1.199653700030662
                        ],
                        [
                            103.7332534790039,
                            1.2010266896900517
                        ],
                        [
                            103.73685836791992,
                            1.2036010434416482
                        ],
                        [
                            103.73291015625,
                            1.2087497436491068
                        ],
                        [
                            103.72793197631836,
                            1.2147565482165015
                        ],
                        [
                            103.72020721435547,
                            1.2164727756430858
                        ]
                    ]
                ]
            }
        },
        {
            "type": "Feature",
            "properties": {},
            "geometry": {
                "type": "Polygon",
                "coordinates": [
                    [
                        [
                            103.7274169921875,
                            1.192960365589254
                        ],
                        [
                            103.72209548950194,
                            1.192960365589254
                        ],
                        [
                            103.7215805053711,
                            1.1891846312793248
                        ],
                        [
                            103.7190055847168,
                            1.190386001848044
                        ],
                        [
                            103.71437072753906,
                            1.1876400112083854
                        ],
                        [
                            103.7164306640625,
                            1.1840358943543217
                        ],
                        [
                            103.71694564819336,
                            1.1797452729434854
                        ],
                        [
                            103.72364044189453,
                            1.1788871478665484
                        ],
                        [
                            103.72896194458008,
                            1.1833493953742065
                        ],
                        [
                            103.73273849487305,
                            1.18661026401476
                        ],
                        [
                            103.73514175415039,
                            1.190386001848044
                        ],
                        [
                            103.7274169921875,
                            1.192960365589254
                        ]
                    ]
                ]
            }
        },
        {
            "type": "Feature",
            "properties": {},
            "geometry": {
                "type": "Polygon",
                "coordinates": [
                    [
                        [
                            103.73273849487305,
                            1.1792303979290677
                        ],
                        [
                            103.72999191284178,
                            1.17699927176656
                        ],
                        [
                            103.72655868530273,
                            1.1733951411194483
                        ],
                        [
                            103.72861862182617,
                            1.1704775081461598
                        ],
                        [
                            103.73153686523438,
                            1.166358491723707
                        ],
                        [
                            103.73720169067381,
                            1.163269225449259
                        ],
                        [
                            103.73754501342772,
                            1.1577771881714292
                        ],
                        [
                            103.74200820922852,
                            1.1577771881714292
                        ],
                        [
                            103.74492645263672,
                            1.1648138590098212
                        ],
                        [
                            103.74183654785155,
                            1.1687612520374988
                        ],
                        [
                            103.7442398071289,
                            1.171164010295596
                        ],
                        [
                            103.74235153198242,
                            1.17528301965751
                        ],
                        [
                            103.7387466430664,
                            1.17699927176656
                        ],
                        [
                            103.73273849487305,
                            1.1792303979290677
                        ]
                    ]
                ]
            }
        },
        {
            "type": "Feature",
            "properties": {},
            "geometry": {
                "type": "Polygon",
                "coordinates": [
                    [
                        [
                            103.76106262207031,
                            1.219047114735722
                        ],
                        [
                            103.75659942626953,
                            1.2188754922060576
                        ],
                        [
                            103.7574577331543,
                            1.215271416559006
                        ],
                        [
                            103.7548828125,
                            1.208578120465902
                        ],
                        [
                            103.75625610351562,
                            1.2017131842611293
                        ],
                        [
                            103.75848770141602,
                            1.1957063509248034
                        ],
                        [
                            103.76312255859375,
                            1.1896995044442626
                        ],
                        [
                            103.76844406127928,
                            1.1878116357033526
                        ],
                        [
                            103.77548217773438,
                            1.1891846312793248
                        ],
                        [
                            103.77805709838867,
                            1.1951914788834281
                        ],
                        [
                            103.78217697143555,
                            1.1982807096822876
                        ],
                        [
                            103.78372192382812,
                            1.2054889013152643
                        ],
                        [
                            103.78217697143555,
                            1.2113240900945874
                        ],
                        [
                            103.77634048461913,
                            1.2130403196998136
                        ],
                        [
                            103.77222061157227,
                            1.2101227287240706
                        ],
                        [
                            103.76569747924805,
                            1.2125254509324634
                        ],
                        [
                            103.76106262207031,
                            1.219047114735722
                        ]
                    ]
                ]
            }
        },
        {
            "type": "Feature",
            "properties": {},
            "geometry": {
                "type": "Polygon",
                "coordinates": [
                    [
                        [
                            103.76535415649414,
                            1.2422160551856727
                        ],
                        [
                            103.75934600830078,
                            1.2417011920354364
                        ],
                        [
                            103.75556945800781,
                            1.2387836322911372
                        ],
                        [
                            103.7519645690918,
                            1.2406714654341724
                        ],
                        [
                            103.74887466430664,
                            1.241872813096664
                        ],
                        [
                            103.74046325683594,
                            1.240156601983221
                        ],
                        [
                            103.73445510864258,
                            1.2382687684731497
                        ],
                        [
                            103.73668670654297,
                            1.2348363404661906
                        ],
                        [
                            103.73891830444336,
                            1.2308890427794437
                        ],
                        [
                            103.74269485473633,
                            1.2288295807960656
                        ],
                        [
                            103.74509811401366,
                            1.2247106520682611
                        ],
                        [
                            103.74715805053711,
                            1.221964696064932
                        ],
                        [
                            103.75110626220703,
                            1.221621451367016
                        ],
                        [
                            103.75728607177733,
                            1.22350929666262
                        ],
                        [
                            103.765869140625,
                            1.2226511853291904
                        ],
                        [
                            103.77462387084961,
                            1.2224795630295693
                        ],
                        [
                            103.78080368041992,
                            1.2221363183974527
                        ],
                        [
                            103.78011703491211,
                            1.225568762742616
                        ],
                        [
                            103.77702713012694,
                            1.2320903948687332
                        ],
                        [
                            103.7723922729492,
                            1.2374106618876142
                        ],
                        [
                            103.76535415649414,
                            1.2422160551856727
                        ]
                    ]
                ]
            }
        },
        {
            "type": "Feature",
            "properties": {},
            "geometry": {
                "type": "Polygon",
                "coordinates": [
                    [
                        [
                            103.7508487701416,
                            1.262553068946758
                        ],
                        [
                            103.74818801879883,
                            1.2612659208660477
                        ],
                        [
                            103.74818801879883,
                            1.260322011868862
                        ],
                        [
                            103.74947547912598,
                            1.25852000283358
                        ],
                        [
                            103.75325202941895,
                            1.2561173221833704
                        ],
                        [
                            103.75702857971191,
                            1.2540578798674866
                        ],
                        [
                            103.75986099243164,
                            1.2540578798674866
                        ],
                        [
                            103.76132011413574,
                            1.2557740819100387
                        ],
                        [
                            103.75900268554688,
                            1.2587774327720291
                        ],
                        [
                            103.75471115112305,
                            1.2623814492394667
                        ],
                        [
                            103.7508487701416,
                            1.262553068946758
                        ]
                    ]
                ]
            }
        },
        {
            "type": "Feature",
            "properties": {},
            "geometry": {
                "type": "Polygon",
                "coordinates": [
                    [
                        [
                            103.78732681274414,
                            1.2164727756430858
                        ],
                        [
                            103.78543853759766,
                            1.2163011529495211
                        ],
                        [
                            103.78518104553223,
                            1.2148423596137146
                        ],
                        [
                            103.78732681274414,
                            1.2131261311515034
                        ],
                        [
                            103.78912925720215,
                            1.2126970738658036
                        ],
                        [
                            103.78981590270995,
                            1.214327491189457
                        ],
                        [
                            103.78732681274414,
                            1.2164727756430858
                        ]
                    ]
                ]
            }
        },
        {
            "type": "Feature",
            "properties": {},
            "geometry": {
                "type": "Polygon",
                "coordinates": [
                    [
                        [
                            103.79316329956055,
                            1.2118389590903524
                        ],
                        [
                            103.79136085510254,
                            1.2114099016006774
                        ],
                        [
                            103.79067420959473,
                            1.2075483811390098
                        ],
                        [
                            103.79127502441406,
                            1.2035152316890398
                        ],
                        [
                            103.79616737365723,
                            1.201198313348991
                        ],
                        [
                            103.79290580749512,
                            1.2010266896900517
                        ],
                        [
                            103.79324913024902,
                            1.1994820762747793
                        ],
                        [
                            103.79668235778809,
                            1.1987097692401247
                        ],
                        [
                            103.79951477050781,
                            1.1994820762747793
                        ],
                        [
                            103.80226135253906,
                            1.199911135644302
                        ],
                        [
                            103.80226135253906,
                            1.2013699369971547
                        ],
                        [
                            103.80157470703125,
                            1.2030861728855666
                        ],
                        [
                            103.7999439239502,
                            1.2054889013152643
                        ],
                        [
                            103.7984848022461,
                            1.2068618880376791
                        ],
                        [
                            103.79651069641113,
                            1.2089213668214593
                        ],
                        [
                            103.79316329956055,
                            1.2118389590903524
                        ]
                    ]
                ]
            }
        },
        {
            "type": "Feature",
            "properties": {},
            "geometry": {
                "type": "Polygon",
                "coordinates": [
                    [
                        [
                            103.83273124694824,
                            1.218017379393734
                        ],
                        [
                            103.83084297180176,
                            1.2171592663081623
                        ],
                        [
                            103.83161544799803,
                            1.2138126226671113
                        ],
                        [
                            103.83341789245605,
                            1.2117531475978498
                        ],
                        [
                            103.8358211517334,
                            1.2111524670742526
                        ],
                        [
                            103.8376235961914,
                            1.2129545082453885
                        ],
                        [
                            103.83676528930664,
                            1.2158720961678757
                        ],
                        [
                            103.83273124694824,
                            1.218017379393734
                        ]
                    ]
                ]
            }
        },
        {
            "type": "Feature",
            "properties": {},
            "geometry": {
                "type": "Polygon",
                "coordinates": [
                    [
                        [
                            103.853759765625,
                            1.2334633680216676
                        ],
                        [
                            103.84981155395508,
                            1.2325194490550715
                        ],
                        [
                            103.84654998779297,
                            1.2333775572203503
                        ],
                        [
                            103.84483337402344,
                            1.2332917464162725
                        ],
                        [
                            103.84449005126953,
                            1.2312322862887863
                        ],
                        [
                            103.84663581848145,
                            1.2291728245702975
                        ],
                        [
                            103.84509086608885,
                            1.228228904085012
                        ],
                        [
                            103.84620666503906,
                            1.2259120069353961
                        ],
                        [
                            103.84852409362793,
                            1.2251397074398012
                        ],
                        [
                            103.85092735290527,
                            1.2236809188963782
                        ],
                        [
                            103.85041236877441,
                            1.2228228076178196
                        ],
                        [
                            103.84723663330078,
                            1.2240241633309568
                        ],
                        [
                            103.84440422058104,
                            1.2246248409857066
                        ],
                        [
                            103.8424301147461,
                            1.2227369964748727
                        ],
                        [
                            103.8434600830078,
                            1.2206775282216544
                        ],
                        [
                            103.84612083435059,
                            1.2173308889471233
                        ],
                        [
                            103.85041236877441,
                            1.2131261311515034
                        ],
                        [
                            103.85230064392088,
                            1.2132977540467533
                        ],
                        [
                            103.85358810424805,
                            1.2160437188887294
                        ],
                        [
                            103.85230064392088,
                            1.219047114735722
                        ],
                        [
                            103.85427474975585,
                            1.2181890019780657
                        ],
                        [
                            103.8581371307373,
                            1.2166443983257476
                        ],
                        [
                            103.85942459106445,
                            1.218274813266135
                        ],
                        [
                            103.86191368103027,
                            1.218703869665465
                        ],
                        [
                            103.86380195617676,
                            1.221364017814795
                        ],
                        [
                            103.86354446411133,
                            1.2243674077215803
                        ],
                        [
                            103.86019706726073,
                            1.2264268731420438
                        ],
                        [
                            103.85607719421387,
                            1.227199172266277
                        ],
                        [
                            103.85873794555664,
                            1.230030933812843
                        ],
                        [
                            103.85951042175293,
                            1.2331201247997963
                        ],
                        [
                            103.853759765625,
                            1.2334633680216676
                        ]
                    ]
                ]
            }
        },
        {
            "type": "Feature",
            "properties": {},
            "geometry": {
                "type": "Polygon",
                "coordinates": [
                    [
                        [
                            103.83710861206055,
                            1.2335062734212765
                        ],
                        [
                            103.83599281311035,
                            1.233420462621346
                        ],
                        [
                            103.83599281311035,
                            1.2320474894463005
                        ],
                        [
                            103.83680820465088,
                            1.2303741774326145
                        ],
                        [
                            103.83766651153564,
                            1.2287008643693456
                        ],
                        [
                            103.8396406173706,
                            1.2278427546994735
                        ],
                        [
                            103.84049892425536,
                            1.2283147150520106
                        ],
                        [
                            103.84011268615723,
                            1.230030933812843
                        ],
                        [
                            103.8385248184204,
                            1.2313180971592106
                        ],
                        [
                            103.83710861206055,
                            1.2335062734212765
                        ]
                    ]
                ]
            }
        }
    ]
}