{
    "type": "FeatureCollection",
    "features": [
        {
            "type": "Feature",
            "geometry": {
                "type": "Polygon",
                "coordinates": [
                    [
                        [
                            16.230926513671875,
                            46.874274621077795
                        ],
                        [
                            16.173248291015625,
                            46.86019101567027
                        ],
                        [
                            16.138916015625,
                            46.854556538855746
                        ],
                        [
                            16.113210563601513,
                            46.869167053056486
                        ],
                        [
                            16.083984375,
                            46.86019101567027
                        ],
                        [
                            16.0345458984375,
                            46.837649560937464
                        ],
                        [
                            15.998840332031248,
                            46.82449601026205
                        ],
                        [
                            15.98236083984375,
                            46.74738913515841
                        ],
                        [
                            16.00982666015625,
                            46.70973594407157
                        ],
                        [
                            16.040039062499996,
                            46.68147880091785
                        ],
                        [
                            16.040039062499996,
                            46.66074749832068
                        ],
                        [
                            16.0015869140625,
                            46.67394106549699
                        ],
                        [
                            15.94940185546875,
                            46.68713141244413
                        ],
                        [
                            15.831298828124998,
                            46.721034661295676
                        ],
                        [
                            15.784606933593748,
                            46.702202151643455
                        ],
                        [
                            15.702209472656248,
                            46.694667307773116
                        ],
                        [
                            15.65277099609375,
                            46.70596917928676
                        ],
                        [
                            15.6390380859375,
                            46.685247274319565
                        ],
                        [
                            15.57861328125,
                            46.68336307047754
                        ],
                        [
                            15.5511474609375,
                            46.66263249079177
                        ],
                        [
                            15.523681640625002,
                            46.63057868059483
                        ],
                        [
                            15.496215820312498,
                            46.62303384721474
                        ],
                        [
                            15.468749999999998,
                            46.61548796222358
                        ],
                        [
                            15.43853759765625,
                            46.64566519258496
                        ],
                        [
                            15.400085449218748,
                            46.65320687122665
                        ],
                        [
                            15.314941406249998,
                            46.649436163350245
                        ],
                        [
                            15.23529052734375,
                            46.64377960861833
                        ],
                        [
                            15.18310546875,
                            46.65320687122665
                        ],
                        [
                            15.128173828125,
                            46.6588624401289
                        ],
                        [
                            15.018310546874998,
                            46.64189395892872
                        ],
                        [
                            14.985351562499998,
                            46.60039303734547
                        ],
                        [
                            14.957885742187498,
                            46.62869257083747
                        ],
                        [
                            14.9139404296875,
                            46.60605412713272
                        ],
                        [
                            14.87274169921875,
                            46.60228013300284
                        ],
                        [
                            14.82879638671875,
                            46.56263732086835
                        ],
                        [
                            14.820556640625,
                            46.5116253954379
                        ],
                        [
                            14.7052001953125,
                            46.49650154751426
                        ],
                        [
                            14.69146728515625,
                            46.45678142812658
                        ],
                        [
                            14.628295898437498,
                            46.443534945303284
                        ],
                        [
                            14.589843749999998,
                            46.43596408010131
                        ],
                        [
                            14.589843749999998,
                            46.39430551701068
                        ],
                        [
                            14.567871093749998,
                            46.375359286114566
                        ],
                        [
                            14.521179199218748,
                            46.42081919374916
                        ],
                        [
                            14.488220214843748,
                            46.41513877649199
                        ],
                        [
                            14.43878173828125,
                            46.42460580983505
                        ],
                        [
                            14.4305419921875,
                            46.443534945303284
                        ],
                        [
                            14.3316650390625,
                            46.43217825300941
                        ],
                        [
                            14.2767333984375,
                            46.445427497233844
                        ],
                        [
                            14.21630859375,
                            46.43596408010131
                        ],
                        [
                            14.15313720703125,
                            46.44164232762498
                        ],
                        [
                            14.1009521484375,
                            46.481373492133784
                        ],
                        [
                            14.02679443359375,
                            46.49082901981415
                        ],
                        [
                            14.0020751953125,
                            46.4851559004343
                        ],
                        [
                            13.90045166015625,
                            46.522965520307295
                        ],
                        [
                            13.80706787109375,
                            46.50784482789971
                        ],
                        [
                            13.713868402280298,
                            46.522514345820404
                        ],
                        [
                            13.717803955078125,
                            46.50406399740093
                        ],
                        [
                            13.70819091796875,
                            46.5002829039397
                        ],
                        [
                            13.70269775390625,
                            46.475699386607516
                        ],
                        [
                            13.694458007812386,
                            46.443534945303284
                        ],
                        [
                            13.5955810546875,
                            46.437856895024204
                        ],
                        [
                            13.573608398437386,
                            46.39904104733023
                        ],
                        [
                            13.4527587890625,
                            46.36114529775181
                        ],
                        [
                            13.440399169921875,
                            46.35924981983804
                        ],
                        [
                            13.448638916015625,
                            46.33175800051563
                        ],
                        [
                            13.415679931640511,
                            46.30472670751783
                        ],
                        [
                            13.373794555664062,
                            46.293341115394114
                        ],
                        [
                            13.38958740234375,
                            46.283376780187254
                        ],
                        [
                            13.42254638671875,
                            46.23495279600417
                        ],
                        [
                            13.412933349609261,
                            46.2150010780199
                        ],
                        [
                            13.450012207031136,
                            46.2150010780199
                        ],
                        [
                            13.448638916015625,
                            46.223552702209886
                        ],
                        [
                            13.5406494140625,
                            46.214050815339526
                        ],
                        [
                            13.570861816406136,
                            46.18458451637958
                        ],
                        [
                            13.636779785156136,
                            46.192098897451764
                        ],
                        [
                            13.667025174892274,
                            46.17402501091287
                        ],
                        [
                            13.64776611328125,
                            46.14178273759234
                        ],
                        [
                            13.570785376766878,
                            46.08917089617833
                        ],
                        [
                            13.52658439901316,
                            46.066501662310614
                        ],
                        [
                            13.496131274351285,
                            46.05853552218709
                        ],
                        [
                            13.496468993504465,
                            46.04769449228003
                        ],
                        [
                            13.509981738535316,
                            46.04500408351342
                        ],
                        [
                            13.4952757692663,
                            46.01592789800026
                        ],
                        [
                            13.476273595904928,
                            46.008332217306496
                        ],
                        [
                            13.531036376953125,
                            45.965469986260864
                        ],
                        [
                            13.572235107421875,
                            45.969288107767774
                        ],
                        [
                            13.5791015625,
                            45.98551218814564
                        ],
                        [
                            13.6395263671875,
                            45.98551218814564
                        ],
                        [
                            13.631286621093636,
                            45.923453279829104
                        ],
                        [
                            13.590087890625,
                            45.87853662114514
                        ],
                        [
                            13.57635498046875,
                            45.846977678695666
                        ],
                        [
                            13.596480623315045,
                            45.80761142402536
                        ],
                        [
                            13.628681777846182,
                            45.79840028673991
                        ],
                        [
                            13.66973876953125,
                            45.79816953017265
                        ],
                        [
                            13.735514999497894,
                            45.76202359184397
                        ],
                        [
                            13.794045544520372,
                            45.74328769019918
                        ],
                        [
                            13.833751892237586,
                            45.70748306914633
                        ],
                        [
                            13.831824383330805,
                            45.69035517982691
                        ],
                        [
                            13.867032334896564,
                            45.65930042019566
                        ],
                        [
                            13.919857756750758,
                            45.63282536029628
                        ],
                        [
                            13.89381388905683,
                            45.61893041187489
                        ],
                        [
                            13.868942720115967,
                            45.609136471962444
                        ],
                        [
                            13.866436617395436,
                            45.596440094984985
                        ],
                        [
                            13.852540673105523,
                            45.592139803783866
                        ],
                        [
                            13.85105349409821,
                            45.58489046034297
                        ],
                        [
                            13.839502002108752,
                            45.582527895915646
                        ],
                        [
                            13.811093319544213,
                            45.58065691610523
                        ],
                        [
                            13.782488335863121,
                            45.58371524000744
                        ],
                        [
                            13.747611051859309,
                            45.59795054262768
                        ],
                        [
                            13.73364843187585,
                            45.595731038020574
                        ],
                        [
                            13.718983428951105,
                            45.59523166190867
                        ],
                        [
                            13.719520568847656,
                            45.59434163419073
                        ],
                        [
                            13.701324462890625,
                            45.59578302308946
                        ],
                        [
                            13.699951171875,
                            45.58809518781759
                        ],
                        [
                            13.710250854492186,
                            45.57656146038471
                        ],
                        [
                            13.729476928710938,
                            45.566948210863636
                        ],
                        [
                            13.715057373046875,
                            45.553486897157995
                        ],
                        [
                            13.704071044921875,
                            45.55685252793942
                        ],
                        [
                            13.679351806640625,
                            45.55012106480582
                        ],
                        [
                            13.651199340820312,
                            45.54819764153181
                        ],
                        [
                            13.63677978515625,
                            45.54002235832007
                        ],
                        [
                            13.620986938476562,
                            45.54723590521258
                        ],
                        [
                            13.60107421875,
                            45.543388795387294
                        ],
                        [
                            13.583221435546875,
                            45.534731835669675
                        ],
                        [
                            13.561248779296873,
                            45.53376986898192
                        ],
                        [
                            13.561935424804688,
                            45.51789504294005
                        ],
                        [
                            13.553695678710938,
                            45.495277708287695
                        ],
                        [
                            13.6065673828125,
                            45.46446502317906
                        ],
                        [
                            13.677978515625,
                            45.44568028040937
                        ],
                        [
                            13.76861572265625,
                            45.464946600971466
                        ],
                        [
                            13.811187744140625,
                            45.46109386344247
                        ],
                        [
                            13.8043212890625,
                            45.439899100688635
                        ],
                        [
                            13.88397216796875,
                            45.427371178989084
                        ],
                        [
                            13.910064697265623,
                            45.45724086262233
                        ],
                        [
                            13.985595703125,
                            45.45049747764105
                        ],
                        [
                            13.995208740234375,
                            45.48420633926945
                        ],
                        [
                            13.9691162109375,
                            45.50249699389715
                        ],
                        [
                            13.975982666015625,
                            45.51404592560424
                        ],
                        [
                            13.995208740234375,
                            45.508271755944975
                        ],
                        [
                            14.0020751953125,
                            45.51789504294005
                        ],
                        [
                            14.072113037109375,
                            45.487094732298374
                        ],
                        [
                            14.190216064453125,
                            45.47554027158593
                        ],
                        [
                            14.209442138671875,
                            45.47265128615832
                        ],
                        [
                            14.225921630859373,
                            45.50153447596235
                        ],
                        [
                            14.245147705078125,
                            45.50345949537662
                        ],
                        [
                            14.27398681640625,
                            45.48131779814123
                        ],
                        [
                            14.319305419921875,
                            45.48131779814123
                        ],
                        [
                            14.3206787109375,
                            45.47361429775641
                        ],
                        [
                            14.375610351562502,
                            45.49094569262732
                        ],
                        [
                            14.440155029296875,
                            45.50923415869288
                        ],
                        [
                            14.501953124999998,
                            45.54964021515788
                        ],
                        [
                            14.506072998046873,
                            45.6082735094011
                        ],
                        [
                            14.5458984375,
                            45.622682153628226
                        ],
                        [
                            14.5733642578125,
                            45.67548217560647
                        ],
                        [
                            14.585723876953123,
                            45.663966415824056
                        ],
                        [
                            14.607696533203125,
                            45.66012730272194
                        ],
                        [
                            14.604949951171873,
                            45.62460302647399
                        ],
                        [
                            14.657135009765625,
                            45.590978249451936
                        ],
                        [
                            14.687347412109373,
                            45.58425087527738
                        ],
                        [
                            14.701080322265627,
                            45.5679096098613
                        ],
                        [
                            14.687347412109373,
                            45.53232688809725
                        ],
                        [
                            14.70794677734375,
                            45.52559248776561
                        ],
                        [
                            14.709320068359375,
                            45.53521281284293
                        ],
                        [
                            14.764251708984375,
                            45.508271755944975
                        ],
                        [
                            14.805450439453125,
                            45.49672163945861
                        ],
                        [
                            14.819183349609375,
                            45.46205707250824
                        ],
                        [
                            14.905700683593752,
                            45.47939202177826
                        ],
                        [
                            14.92218017578125,
                            45.52751668442124
                        ],
                        [
                            14.986724853515625,
                            45.49575902279182
                        ],
                        [
                            15.003204345703127,
                            45.4986468234261
                        ],
                        [
                            15.027923583984373,
                            45.48613195107752
                        ],
                        [
                            15.051269531249998,
                            45.49287107405929
                        ],
                        [
                            15.085601806640625,
                            45.48228066163947
                        ],
                        [
                            15.091094970703125,
                            45.465909744214535
                        ],
                        [
                            15.115814208984373,
                            45.46205707250824
                        ],
                        [
                            15.157012939453123,
                            45.424479725192114
                        ],
                        [
                            15.189971923828123,
                            45.431226220334516
                        ],
                        [
                            15.22430419921875,
                            45.423515874347714
                        ],
                        [
                            15.2435302734375,
                            45.45627757127799
                        ],
                        [
                            15.272369384765625,
                            45.464946600971466
                        ],
                        [
                            15.346527099609375,
                            45.451460867719966
                        ],
                        [
                            15.38360595703125,
                            45.48516915340121
                        ],
                        [
                            15.3094482421875,
                            45.52655459432095
                        ],
                        [
                            15.29571533203125,
                            45.578483912834606
                        ],
                        [
                            15.277862548828123,
                            45.6082735094011
                        ],
                        [
                            15.303955078125,
                            45.61499800408666
                        ],
                        [
                            15.302581787109375,
                            45.63132556313632
                        ],
                        [
                            15.34515380859375,
                            45.636126881422804
                        ],
                        [
                            15.341033935546875,
                            45.64764836702863
                        ],
                        [
                            15.391845703125,
                            45.636126881422804
                        ],
                        [
                            15.402832031250002,
                            45.64764836702863
                        ],
                        [
                            15.37261962890625,
                            45.689393890931
                        ],
                        [
                            15.34515380859375,
                            45.670204413142784
                        ],
                        [
                            15.352020263671873,
                            45.685556521874766
                        ],
                        [
                            15.362319946289062,
                            45.697067839297304
                        ],
                        [
                            15.35614013671875,
                            45.7128920322567
                        ],
                        [
                            15.338973999023438,
                            45.71337148333104
                        ],
                        [
                            15.320434570312498,
                            45.695149450923736
                        ],
                        [
                            15.327987670898436,
                            45.674042835203494
                        ],
                        [
                            15.320434570312498,
                            45.67548217560647
                        ],
                        [
                            15.306272506713867,
                            45.68885427681426
                        ],
                        [
                            15.310220718383789,
                            45.69700789065681
                        ],
                        [
                            15.308074951171875,
                            45.69814690383622
                        ],
                        [
                            15.302839279174803,
                            45.698386693128114
                        ],
                        [
                            15.299234390258787,
                            45.697487477981255
                        ],
                        [
                            15.300543308258055,
                            45.693455818992376
                        ],
                        [
                            15.300199985504149,
                            45.69297619709095
                        ],
                        [
                            15.298719406127928,
                            45.69440006259037
                        ],
                        [
                            15.299963951110838,
                            45.692646454647736
                        ],
                        [
                            15.298547744750977,
                            45.694220207896095
                        ],
                        [
                            15.299513339996338,
                            45.69249657107628
                        ],
                        [
                            15.297861099243164,
                            45.69383052074085
                        ],
                        [
                            15.298762321472168,
                            45.6919869639288
                        ],
                        [
                            15.301465988159181,
                            45.69323099673824
                        ],
                        [
                            15.302581787109375,
                            45.69546419102919
                        ],
                        [
                            15.30318260192871,
                            45.69396541275573
                        ],
                        [
                            15.304362773895264,
                            45.69522438920476
                        ],
                        [
                            15.303547382354736,
                            45.69579391685874
                        ],
                        [
                            15.303804874420166,
                            45.69622855248181
                        ],
                        [
                            15.305414199829103,
                            45.69475977024365
                        ],
                        [
                            15.305006504058838,
                            45.69354574764098
                        ],
                        [
                            15.300908088684082,
                            45.69246659431381
                        ],
                        [
                            15.298526287078857,
                            45.69048809246443
                        ],
                        [
                            15.29743194580078,
                            45.69137243148681
                        ],
                        [
                            15.298225879669188,
                            45.691852067141916
                        ],
                        [
                            15.297281742095947,
                            45.693455818992376
                        ],
                        [
                            15.296573638916016,
                            45.690907780523446
                        ],
                        [
                            15.29668092727661,
                            45.689873543553325
                        ],
                        [
                            15.300629138946531,
                            45.68707051532726
                        ],
                        [
                            15.302410125732422,
                            45.687790022603714
                        ],
                        [
                            15.299019813537598,
                            45.68591628640673
                        ],
                        [
                            15.292346477508545,
                            45.69146236348543
                        ],
                        [
                            15.28919219970703,
                            45.691792112909965
                        ],
                        [
                            15.286788940429688,
                            45.70258283927926
                        ],
                        [
                            15.283355712890623,
                            45.70977550001455
                        ],
                        [
                            15.27168273925781,
                            45.7066587939899
                        ],
                        [
                            15.262413024902346,
                            45.7205627558654
                        ],
                        [
                            15.258636474609377,
                            45.720802449011366
                        ],
                        [
                            15.272369384765625,
                            45.73518215600897
                        ],
                        [
                            15.28472900390625,
                            45.74548533557156
                        ],
                        [
                            15.338973999023438,
                            45.765127989540275
                        ],
                        [
                            15.380859374999998,
                            45.78045403744003
                        ],
                        [
                            15.417251586914062,
                            45.7938608744888
                        ],
                        [
                            15.473556518554688,
                            45.79721207992186
                        ],
                        [
                            15.463943481445312,
                            45.81970781149485
                        ],
                        [
                            15.478363037109373,
                            45.81922927350269
                        ],
                        [
                            15.479736328125,
                            45.82688538784564
                        ],
                        [
                            15.49827575683594,
                            45.83023460679437
                        ],
                        [
                            15.506515502929688,
                            45.82210043976411
                        ],
                        [
                            15.531234741210936,
                            45.82640691154487
                        ],
                        [
                            15.539474487304688,
                            45.8488908518382
                        ],
                        [
                            15.557327270507812,
                            45.83406203882921
                        ],
                        [
                            15.571746826171873,
                            45.85223874650068
                        ],
                        [
                            15.624618530273436,
                            45.832626782661535
                        ],
                        [
                            15.644531250000002,
                            45.82257895307966
                        ],
                        [
                            15.668563842773438,
                            45.843151135002806
                        ],
                        [
                            15.696716308593748,
                            45.84410779560204
                        ],
                        [
                            15.697402954101562,
                            45.8488908518382
                        ],
                        [
                            15.705642700195312,
                            45.84506443975059
                        ],
                        [
                            15.711135864257812,
                            45.846977678695666
                        ],
                        [
                            15.69465637207031,
                            45.86275938922635
                        ],
                        [
                            15.678863525390623,
                            45.868018964152476
                        ],
                        [
                            15.682640075683594,
                            45.869931413475676
                        ],
                        [
                            15.680065155029297,
                            45.87238164300785
                        ],
                        [
                            15.682554244995117,
                            45.87405490841942
                        ],
                        [
                            15.679292678833006,
                            45.87554885282276
                        ],
                        [
                            15.680065155029297,
                            45.87805858900893
                        ],
                        [
                            15.682554244995117,
                            45.87644520018728
                        ],
                        [
                            15.682725906372069,
                            45.87811834325087
                        ],
                        [
                            15.684099197387695,
                            45.876863490676165
                        ],
                        [
                            15.684614181518555,
                            45.87859637487299
                        ],
                        [
                            15.682725906372069,
                            45.87901464916878
                        ],
                        [
                            15.680751800537108,
                            45.88110597341814
                        ],
                        [
                            15.681352615356444,
                            45.88271922691226
                        ],
                        [
                            15.683841705322266,
                            45.881225475283394
                        ],
                        [
                            15.687360763549806,
                            45.88218148095243
                        ],
                        [
                            15.685815811157227,
                            45.88003044506424
                        ],
                        [
                            15.687704086303711,
                            45.880807217630455
                        ],
                        [
                            15.690021514892578,
                            45.88009019718566
                        ],
                        [
                            15.688648223876951,
                            45.88379470321721
                        ],
                        [
                            15.690708160400389,
                            45.883376464905865
                        ],
                        [
                            15.691909790039062,
                            45.88546762497626
                        ],
                        [
                            15.688648223876951,
                            45.88510914598318
                        ],
                        [
                            15.687446594238281,
                            45.8876184503559
                        ],
                        [
                            15.686845779418944,
                            45.88582610165605
                        ],
                        [
                            15.684013366699219,
                            45.887498962241786
                        ],
                        [
                            15.683584213256836,
                            45.88845485995783
                        ],
                        [
                            15.67972183227539,
                            45.89144193429572
                        ],
                        [
                            15.684013366699219,
                            45.89036660604021
                        ],
                        [
                            15.684528350830078,
                            45.89233802527165
                        ],
                        [
                            15.682640075683594,
                            45.893234101789666
                        ],
                        [
                            15.682725906372069,
                            45.896400123028855
                        ],
                        [
                            15.680837631225584,
                            45.8965195919943
                        ],
                        [
                            15.681953430175781,
                            45.89962569487956
                        ],
                        [
                            15.682039260864258,
                            45.901656514361214
                        ],
                        [
                            15.680408477783203,
                            45.90111895172729
                        ],
                        [
                            15.680322647094727,
                            45.90291080693288
                        ],
                        [
                            15.679121017456053,
                            45.90464287866022
                        ],
                        [
                            15.684785842895506,
                            45.90625544858718
                        ],
                        [
                            15.685129165649412,
                            45.90828602556521
                        ],
                        [
                            15.68718910217285,
                            45.90876379758853
                        ],
                        [
                            15.692338943481445,
                            45.911630343368486
                        ],
                        [
                            15.690193176269531,
                            45.91294412737392
                        ],
                        [
                            15.691223144531252,
                            45.91372043966804
                        ],
                        [
                            15.692853927612303,
                            45.913481575503376
                        ],
                        [
                            15.694313049316406,
                            45.91515360306613
                        ],
                        [
                            15.697488784790039,
                            45.91461617112911
                        ],
                        [
                            15.701179504394531,
                            45.91634787762542
                        ],
                        [
                            15.69972038269043,
                            45.917243566677804
                        ],
                        [
                            15.699806213378906,
                            45.91927374167176
                        ],
                        [
                            15.702810287475584,
                            45.92082617831274
                        ],
                        [
                            15.70521354675293,
                            45.92004996542181
                        ],
                        [
                            15.70744514465332,
                            45.922856222226
                        ],
                        [
                            15.705900192260742,
                            45.924229445106995
                        ],
                        [
                            15.707788467407227,
                            45.92530411756465
                        ],
                        [
                            15.706243515014647,
                            45.92560263399712
                        ],
                        [
                            15.703926086425781,
                            45.92721459497437
                        ],
                        [
                            15.705041885375977,
                            45.92763250313698
                        ],
                        [
                            15.70615768432617,
                            45.92721459497437
                        ],
                        [
                            15.706586837768553,
                            45.92858770997149
                        ],
                        [
                            15.707616806030273,
                            45.92852801002623
                        ],
                        [
                            15.706071853637694,
                            45.92930410430259
                        ],
                        [
                            15.704526901245115,
                            45.93091595771755
                        ],
                        [
                            15.706930160522461,
                            45.93061746987842
                        ],
                        [
                            15.708131790161131,
                            45.931393534918946
                        ],
                        [
                            15.709333419799805,
                            45.93097565509262
                        ],
                        [
                            15.70873260498047,
                            45.932408372817875
                        ],
                        [
                            15.709848403930664,
                            45.93300532761351
                        ],
                        [
                            15.708131790161131,
                            45.93396044192156
                        ],
                        [
                            15.707788467407227,
                            45.935214004488195
                        ],
                        [
                            15.709848403930664,
                            45.93485584664631
                        ],
                        [
                            15.70873260498047,
                            45.93628846413493
                        ],
                        [
                            15.709590911865234,
                            45.9366466127242
                        ],
                        [
                            15.707788467407227,
                            45.93825825275084
                        ],
                        [
                            15.708560943603514,
                            45.939213276589186
                        ],
                        [
                            15.710277557373045,
                            45.93837763163018
                        ],
                        [
                            15.711479187011719,
                            45.939392341727654
                        ],
                        [
                            15.711221694946289,
                            45.94100390195097
                        ],
                        [
                            15.704956054687502,
                            45.99886962627587
                        ],
                        [
                            15.710449218749998,
                            46.01985337287631
                        ],
                        [
                            15.724182128906248,
                            46.044642082970135
                        ],
                        [
                            15.689849853515625,
                            46.06370275591751
                        ],
                        [
                            15.655517578124998,
                            46.075136001950504
                        ],
                        [
                            15.643157958984375,
                            46.086566879725034
                        ],
                        [
                            15.626678466796873,
                            46.0856143970306
                        ],
                        [
                            15.622558593749998,
                            46.10085214663405
                        ],
                        [
                            15.6060791015625,
                            46.10942153064161
                        ],
                        [
                            15.612945556640623,
                            46.127508077954246
                        ],
                        [
                            15.596466064453125,
                            46.14749156542368
                        ],
                        [
                            15.611572265625,
                            46.15415111633001
                        ],
                        [
                            15.603332519531248,
                            46.164614496897094
                        ],
                        [
                            15.650024414062498,
                            46.19219023536159
                        ],
                        [
                            15.643157958984375,
                            46.210249600187225
                        ],
                        [
                            15.677490234374998,
                            46.22640294763494
                        ],
                        [
                            15.753021240234373,
                            46.220702308799446
                        ],
                        [
                            15.757141113281248,
                            46.21310053621607
                        ],
                        [
                            15.790100097656248,
                            46.218801964311396
                        ],
                        [
                            15.79559326171875,
                            46.23780244949404
                        ],
                        [
                            15.784606933593748,
                            46.25964487666549
                        ],
                        [
                            15.862884521484375,
                            46.270088180220725
                        ],
                        [
                            15.871124267578125,
                            46.27673288302042
                        ],
                        [
                            15.912322998046875,
                            46.28717293114449
                        ],
                        [
                            15.964508056640625,
                            46.29950860500902
                        ],
                        [
                            15.978240966796875,
                            46.31373862226742
                        ],
                        [
                            16.01531982421875,
                            46.30994431269357
                        ],
                        [
                            16.035919189453125,
                            46.336498955749924
                        ],
                        [
                            16.07574462890625,
                            46.34218755951396
                        ],
                        [
                            16.071624755859375,
                            46.36777895261494
                        ],
                        [
                            16.05377197265625,
                            46.38672781370433
                        ],
                        [
                            16.057891845703125,
                            46.395252655951154
                        ],
                        [
                            16.09222412109375,
                            46.38956957573262
                        ],
                        [
                            16.140289306640625,
                            46.40472314125321
                        ],
                        [
                            16.189727783203125,
                            46.380096460287824
                        ],
                        [
                            16.221313476562496,
                            46.38672781370433
                        ],
                        [
                            16.2652587890625,
                            46.375359286114566
                        ],
                        [
                            16.3037109375,
                            46.380096460287824
                        ],
                        [
                            16.30508422851562,
                            46.39714688451722
                        ],
                        [
                            16.277618408203125,
                            46.417979059090115
                        ],
                        [
                            16.25152587890625,
                            46.48231911886259
                        ],
                        [
                            16.24465942382812,
                            46.487992534084604
                        ],
                        [
                            16.248779296875,
                            46.50122820195782
                        ],
                        [
                            16.270751953125,
                            46.50122820195782
                        ],
                        [
                            16.270751953125,
                            46.51540570001737
                        ],
                        [
                            16.30096435546875,
                            46.51068027820581
                        ],
                        [
                            16.316757202148434,
                            46.526036396854636
                        ],
                        [
                            16.335296630859375,
                            46.5302880931902
                        ],
                        [
                            16.341819763183594,
                            46.5293433005425
                        ],
                        [
                            16.345252990722656,
                            46.53926280368402
                        ],
                        [
                            16.34044647216797,
                            46.54304118543359
                        ],
                        [
                            16.353063583374023,
                            46.543070703005846
                        ],
                        [
                            16.355037689208984,
                            46.54242131270866
                        ],
                        [
                            16.3551664352417,
                            46.53849528776131
                        ],
                        [
                            16.358771324157715,
                            46.53846576770147
                        ],
                        [
                            16.358299255371094,
                            46.54301166784527
                        ],
                        [
                            16.352076530456543,
                            46.5453435078761
                        ],
                        [
                            16.352076530456543,
                            46.548560692344324
                        ],
                        [
                            16.35340690612793,
                            46.5491214664521
                        ],
                        [
                            16.35666847229004,
                            46.54859020691551
                        ],
                        [
                            16.355981826782227,
                            46.54528447518704
                        ],
                        [
                            16.35735511779785,
                            46.544989310778725
                        ],
                        [
                            16.360788345336914,
                            46.54652414817675
                        ],
                        [
                            16.365337371826172,
                            46.54643560104492
                        ],
                        [
                            16.36735439300537,
                            46.549150980718316
                        ],
                        [
                            16.365723609924316,
                            46.55163012178882
                        ],
                        [
                            16.367568969726562,
                            46.55499448926091
                        ],
                        [
                            16.37091636657715,
                            46.55416817271292
                        ],
                        [
                            16.376495361328125,
                            46.552308914477045
                        ],
                        [
                            16.38108730316162,
                            46.552279401928004
                        ],
                        [
                            16.38203144073486,
                            46.55015445622146
                        ],
                        [
                            16.380143165588375,
                            46.547645732678234
                        ],
                        [
                            16.373491287231445,
                            46.54732106586366
                        ],
                        [
                            16.369500160217285,
                            46.5469963971072
                        ],
                        [
                            16.36941432952881,
                            46.54490076114327
                        ],
                        [
                            16.373448371887207,
                            46.5419195057952
                        ],
                        [
                            16.37907028198242,
                            46.54094539678173
                        ],
                        [
                            16.380529403686523,
                            46.54065020878169
                        ],
                        [
                            16.38082981109619,
                            46.54212613273304
                        ],
                        [
                            16.38331890106201,
                            46.54253938424952
                        ],
                        [
                            16.385164260864258,
                            46.54171287807095
                        ],
                        [
                            16.386494636535645,
                            46.54020742377246
                        ],
                        [
                            16.38709545135498,
                            46.53607458955568
                        ],
                        [
                            16.390657424926758,
                            46.53583841809947
                        ],
                        [
                            16.397566795349118,
                            46.53583841809947
                        ],
                        [
                            16.396665573120114,
                            46.53737351420491
                        ],
                        [
                            16.40082836151123,
                            46.53935136251546
                        ],
                        [
                            16.40383243560791,
                            46.53870192773084
                        ],
                        [
                            16.40408992767334,
                            46.53672405576416
                        ],
                        [
                            16.403489112854,
                            46.534687067541434
                        ],
                        [
                            16.401772499084473,
                            46.532177629182556
                        ],
                        [
                            16.405978202819824,
                            46.529520450415795
                        ],
                        [
                            16.406922340393066,
                            46.526626930135635
                        ],
                        [
                            16.40979766845703,
                            46.5264497708254
                        ],
                        [
                            16.412243843078613,
                            46.53022904413121
                        ],
                        [
                            16.41022682189941,
                            46.53132144133098
                        ],
                        [
                            16.409325599670407,
                            46.53312237252729
                        ],
                        [
                            16.407737731933594,
                            46.53365378343659
                        ],
                        [
                            16.4095401763916,
                            46.53403757697055
                        ],
                        [
                            16.4155912399292,
                            46.53138048920233
                        ],
                        [
                            16.417908668518066,
                            46.52890042333156
                        ],
                        [
                            16.42507553100586,
                            46.527689873863785
                        ],
                        [
                            16.424260139465332,
                            46.530612861867226
                        ],
                        [
                            16.424860954284664,
                            46.53256143314842
                        ],
                        [
                            16.42807960510254,
                            46.53300428050795
                        ],
                        [
                            16.430783271789547,
                            46.5312919173712
                        ],
                        [
                            16.431641578674316,
                            46.52739461380347
                        ],
                        [
                            16.43473148345947,
                            46.526951720703806
                        ],
                        [
                            16.436963081359863,
                            46.5289299485913
                        ],
                        [
                            16.44108295440674,
                            46.52520963947606
                        ],
                        [
                            16.437993049621582,
                            46.52278834905635
                        ],
                        [
                            16.43803596496582,
                            46.51735481681634
                        ],
                        [
                            16.4410400390625,
                            46.51493317632542
                        ],
                        [
                            16.447477340698242,
                            46.51629167086551
                        ],
                        [
                            16.451082229614258,
                            46.51776825684657
                        ],
                        [
                            16.457004547119137,
                            46.51735481681634
                        ],
                        [
                            16.45923614501953,
                            46.51635073507512
                        ],
                        [
                            16.461639404296875,
                            46.51995353046326
                        ],
                        [
                            16.46172523498535,
                            46.52125284067899
                        ],
                        [
                            16.464557647705078,
                            46.52154813412193
                        ],
                        [
                            16.465587615966797,
                            46.51965822835363
                        ],
                        [
                            16.462154388427734,
                            46.51605541338502
                        ],
                        [
                            16.461639404296875,
                            46.51481504476047
                        ],
                        [
                            16.46687507629394,
                            46.51257049623507
                        ],
                        [
                            16.466102600097656,
                            46.51694137364044
                        ],
                        [
                            16.467561721801758,
                            46.517709194177705
                        ],
                        [
                            16.46979331970215,
                            46.51723669051567
                        ],
                        [
                            16.471424102783203,
                            46.5165279273188
                        ],
                        [
                            16.471424102783203,
                            46.51404718332878
                        ],
                        [
                            16.470565795898438,
                            46.51197981016282
                        ],
                        [
                            16.47022247314453,
                            46.511152838876214
                        ],
                        [
                            16.47262573242187,
                            46.511034699093834
                        ],
                        [
                            16.475543975830078,
                            46.51186167217798
                        ],
                        [
                            16.477346420288086,
                            46.51257049623507
                        ],
                        [
                            16.480350494384766,
                            46.51209794789087
                        ],
                        [
                            16.480607986450195,
                            46.50973514453876
                        ],
                        [
                            16.48773193359375,
                            46.50784482789971
                        ],
                        [
                            16.485671997070312,
                            46.50229164258299
                        ],
                        [
                            16.50798797607422,
                            46.494610770689384
                        ],
                        [
                            16.509017944335938,
                            46.492247207208926
                        ],
                        [
                            16.517257690429688,
                            46.49177448218621
                        ],
                        [
                            16.516533210566223,
                            46.48463261815107
                        ],
                        [
                            16.51119982457874,
                            46.47979871093939
                        ],
                        [
                            16.521578304008273,
                            46.47925373994035
                        ],
                        [
                            16.531956783437806,
                            46.47870876894131
                        ],
                        [
                            16.524274853831486,
                            46.468833818458464
                        ],
                        [
                            16.530515949811402,
                            46.467715528586815
                        ],
                        [
                            16.540946960449215,
                            46.476408682156546
                        ],
                        [
                            16.561203002929688,
                            46.477590820859966
                        ],
                        [
                            16.56463623046875,
                            46.47428076777367
                        ],
                        [
                            16.576134729172963,
                            46.47167576655233
                        ],
                        [
                            16.58930919374194,
                            46.47253349844183
                        ],
                        [
                            16.588750276331027,
                            46.46272952699421
                        ],
                        [
                            16.59517468107652,
                            46.462011820739825
                        ],
                        [
                            16.596571188233753,
                            46.47197230429953
                        ],
                        [
                            16.612213012039263,
                            46.46982399144435
                        ],
                        [
                            16.605491638183594,
                            46.47546295270333
                        ],
                        [
                            16.5838623046875,
                            46.47782724551892
                        ],
                        [
                            16.57390594482422,
                            46.48255552297668
                        ],
                        [
                            16.566696166992188,
                            46.48941079543939
                        ],
                        [
                            16.534767150878906,
                            46.5002829039397
                        ],
                        [
                            16.523780822753906,
                            46.50571814310074
                        ],
                        [
                            16.52618408203125,
                            46.50878999443673
                        ],
                        [
                            16.529617309570312,
                            46.50855370434326
                        ],
                        [
                            16.53305053710926,
                            46.514460648524775
                        ],
                        [
                            16.524810791015625,
                            46.51587821960058
                        ],
                        [
                            16.53167724609375,
                            46.53146906088904
                        ],
                        [
                            16.51897430419922,
                            46.53737351420491
                        ],
                        [
                            16.518630981445312,
                            46.552958186495715
                        ],
                        [
                            16.50867462158203,
                            46.564761777806275
                        ],
                        [
                            16.491851806640625,
                            46.5640536347374
                        ],
                        [
                            16.481895446777344,
                            46.56641407568593
                        ],
                        [
                            16.482925415039062,
                            46.5782147398224
                        ],
                        [
                            16.443786621093636,
                            46.61171462536894
                        ],
                        [
                            16.4252471923827,
                            46.61548796222358
                        ],
                        [
                            16.3916015625,
                            46.63765100682623
                        ],
                        [
                            16.384735107421875,
                            46.65273554711876
                        ],
                        [
                            16.39434814453125,
                            46.663103728640706
                        ],
                        [
                            16.419754028320312,
                            46.6588624401289
                        ],
                        [
                            16.425933837890625,
                            46.69419634511967
                        ],
                        [
                            16.385421752929688,
                            46.69843486113957
                        ],
                        [
                            16.373062133789062,
                            46.703614817813545
                        ],
                        [
                            16.381301879882812,
                            46.713973240259
                        ],
                        [
                            16.36962890625,
                            46.721976114280686
                        ],
                        [
                            16.358642578125,
                            46.71538559839362
                        ],
                        [
                            16.34353637695301,
                            46.73844888224751
                        ],
                        [
                            16.32293701171875,
                            46.755387052132136
                        ],
                        [
                            16.330490112304574,
                            46.77749276376827
                        ],
                        [
                            16.312637329101562,
                            46.77749276376827
                        ],
                        [
                            16.315383911132812,
                            46.79911935722295
                        ],
                        [
                            16.3421630859375,
                            46.803819640791566
                        ],
                        [
                            16.35040283203125,
                            46.83483121393447
                        ],
                        [
                            16.335983276367188,
                            46.84610371505515
                        ],
                        [
                            16.285171508789062,
                            46.87239702052007
                        ],
                        [
                            16.230926513671875,
                            46.874274621077795
                        ]
                    ]
                ]
            },
            "properties": {}
        }
    ]
}