{
    "type": "FeatureCollection",
    "features": [
        {
            "type": "Feature",
            "geometry": {
                "type": "Polygon",
                "coordinates": [
                    [
                        [
                            50.782928466796875,
                            12.011114292027393
                        ],
                        [
                            50.74310302734375,
                            11.988278484166859
                        ],
                        [
                            50.656585693359375,
                            11.973501343052307
                        ],
                        [
                            50.579681396484375,
                            11.943944636888816
                        ],
                        [
                            50.524749755859375,
                            11.875414424662937
                        ],
                        [
                            50.486297607421875,
                            11.761159137584265
                        ],
                        [
                            50.41351318359375,
                            11.688548747070879
                        ],
                        [
                            50.28717041015625,
                            11.637441125025171
                        ],
                        [
                            50.16357421874999,
                            11.583633483895829
                        ],
                        [
                            50.068817138671875,
                            11.535197748080085
                        ],
                        [
                            49.947967529296875,
                            11.539234379090713
                        ],
                        [
                            49.838104248046875,
                            11.515013722769776
                        ],
                        [
                            49.68017578124999,
                            11.48540786584439
                        ],
                        [
                            49.549713134765625,
                            11.471949630036582
                        ],
                        [
                            49.494781494140625,
                            11.40464884161848
                        ],
                        [
                            49.44259643554687,
                            11.365607070187439
                        ],
                        [
                            49.29840087890625,
                            11.354835984407478
                        ],
                        [
                            49.222869873046875,
                            11.323866848954395
                        ],
                        [
                            49.08416748046875,
                            11.295587753738996
                        ],
                        [
                            48.94134521484375,
                            11.257877957479947
                        ],
                        [
                            48.758697509765625,
                            11.325213402877894
                        ],
                        [
                            48.654327392578125,
                            11.349450289004926
                        ],
                        [
                            48.525238037109375,
                            11.323866848954395
                        ],
                        [
                            48.390655517578125,
                            11.310400961284474
                        ],
                        [
                            48.3123779296875,
                            11.263265374108466
                        ],
                        [
                            48.239593505859375,
                            11.224204320774966
                        ],
                        [
                            48.14483642578125,
                            11.155497934661462
                        ],
                        [
                            47.811126708984375,
                            11.140676776401115
                        ],
                        [
                            47.70538330078125,
                            11.117769865203444
                        ],
                        [
                            47.50762939453125,
                            11.208039579322028
                        ],
                        [
                            47.373046875,
                            11.20130400358827
                        ],
                        [
                            47.151947021484375,
                            11.09351352693142
                        ],
                        [
                            47.07916259765625,
                            11.01938447893334
                        ],
                        [
                            46.94183349609375,
                            10.956023030580504
                        ],
                        [
                            46.73583984375,
                            10.823864119711995
                        ],
                        [
                            46.53533935546875,
                            10.748318519296626
                        ],
                        [
                            46.388397216796875,
                            10.707839873991668
                        ],
                        [
                            46.23870849609375,
                            10.81711974903753
                        ],
                        [
                            46.10137939453124,
                            10.772603102370724
                        ],
                        [
                            45.872039794921875,
                            10.87107045949965
                        ],
                        [
                            45.759429931640625,
                            10.883208026721288
                        ],
                        [
                            45.619354248046875,
                            10.81711974903753
                        ],
                        [
                            45.487518310546875,
                            10.709189249411077
                        ],
                        [
                            45.314483642578125,
                            10.6970446543633
                        ],
                        [
                            45.188140869140625,
                            10.574222078332806
                        ],
                        [
                            45.01373291015625,
                            10.491862900551824
                        ],
                        [
                            44.932708740234375,
                            10.424339015699848
                        ],
                        [
                            44.7198486328125,
                            10.449999821845706
                        ],
                        [
                            44.616851806640625,
                            10.405429699947703
                        ],
                        [
                            44.40673828125,
                            10.409481792727005
                        ],
                        [
                            44.28863525390625,
                            10.458102794213447
                        ],
                        [
                            44.01397705078125,
                            10.664656691613153
                        ],
                        [
                            43.721466064453125,
                            10.937146781752944
                        ],
                        [
                            43.559417724609375,
                            11.195915430095884
                        ],
                        [
                            43.518218994140625,
                            11.232286352218692
                        ],
                        [
                            43.509979248046875,
                            11.325213402877894
                        ],
                        [
                            43.534698486328125,
                            11.361567960696178
                        ],
                        [
                            43.51409912109375,
                            11.387148020368564
                        ],
                        [
                            43.47015380859374,
                            11.389840524525674
                        ],
                        [
                            43.485260009765625,
                            11.41137963969444
                        ],
                        [
                            43.4893798828125,
                            11.447723189292294
                        ],
                        [
                            43.466033935546875,
                            11.465220271497596
                        ],
                        [
                            43.482513427734375,
                            11.49886545936535
                        ],
                        [
                            43.472900390625,
                            11.528469900754635
                        ],
                        [
                            43.44818115234375,
                            11.523087506868514
                        ],
                        [
                            43.430328369140625,
                            11.492136742935218
                        ],
                        [
                            43.438568115234375,
                            11.453107022219326
                        ],
                        [
                            43.42758178710937,
                            11.424840756980428
                        ],
                        [
                            43.40423583984374,
                            11.41137963969444
                        ],
                        [
                            43.397369384765625,
                            11.445031234408352
                        ],
                        [
                            43.37677001953124,
                            11.471949630036582
                        ],
                        [
                            43.3740234375,
                            11.506939706884161
                        ],
                        [
                            43.36029052734375,
                            11.508285392288224
                        ],
                        [
                            43.3355712890625,
                            11.469257905863257
                        ],
                        [
                            43.31085205078125,
                            11.490790980367056
                        ],
                        [
                            43.27926635742187,
                            11.496173992078278
                        ],
                        [
                            42.96280384984041,
                            10.982928226593218
                        ],
                        [
                            42.743682861328125,
                            10.6970446543633
                        ],
                        [
                            42.7093505859375,
                            10.62551663717714
                        ],
                        [
                            42.669042576557445,
                            10.593644939383573
                        ],
                        [
                            42.704939471302225,
                            10.535913178498149
                        ],
                        [
                            42.743682861328125,
                            10.520218543737048
                        ],
                        [
                            42.79449462890625,
                            10.398676095047769
                        ],
                        [
                            42.824852652044754,
                            10.297887297130083
                        ],
                        [
                            42.88424111484872,
                            10.19888367681919
                        ],
                        [
                            42.94540677074909,
                            10.159717864008316
                        ],
                        [
                            42.96456215911104,
                            10.12488406392201
                        ],
                        [
                            43.01637679209844,
                            10.093622536028702
                        ],
                        [
                            43.059539794921875,
                            9.983728396794728
                        ],
                        [
                            43.0938720703125,
                            9.901215754373554
                        ],
                        [
                            43.136444091796875,
                            9.889039997662055
                        ],
                        [
                            43.147430419921875,
                            9.89715721895666
                        ],
                        [
                            43.257293701171875,
                            9.847048536387009
                        ],
                        [
                            43.284759521484375,
                            9.699581586732473
                        ],
                        [
                            43.29741888037569,
                            9.610490892137477
                        ],
                        [
                            43.33542991734947,
                            9.598906630503798
                        ],
                        [
                            43.39702818655235,
                            9.555119258585409
                        ],
                        [
                            43.42721561058303,
                            9.471605858023672
                        ],
                        [
                            43.46456922944367,
                            9.41069414002032
                        ],
                        [
                            43.54355419207289,
                            9.372108661952264
                        ],
                        [
                            43.64537755372996,
                            9.354600364820643
                        ],
                        [
                            43.9786456428908,
                            9.018689932270401
                        ],
                        [
                            44.014260310380195,
                            8.998779196949322
                        ],
                        [
                            44.28726196289051,
                            8.905423273746422
                        ],
                        [
                            45.47668087607896,
                            8.511006551369057
                        ],
                        [
                            46.27707804343148,
                            8.249622709701566
                        ],
                        [
                            46.99188703583954,
                            7.999168257412434
                        ],
                        [
                            47.987550149064816,
                            8.002117033082156
                        ],
                        [
                            44.97528076171875,
                            4.921305737130207
                        ],
                        [
                            44.5166015625,
                            4.92951505644009
                        ],
                        [
                            44.009165626390256,
                            4.95929420178299
                        ],
                        [
                            43.68988037109375,
                            4.872047700241915
                        ],
                        [
                            43.3135986328125,
                            4.740675384778373
                        ],
                        [
                            43.02520751953125,
                            4.576424935853651
                        ],
                        [
                            42.99774169921875,
                            4.442259043798202
                        ],
                        [
                            42.9180908203125,
                            4.321762725615631
                        ],
                        [
                            42.827453613281136,
                            4.2642463343131
                        ],
                        [
                            42.695617675781136,
                            4.2642463343131
                        ],
                        [
                            42.55828857421875,
                            4.209464815163479
                        ],
                        [
                            42.21771240234375,
                            4.17933333310746
                        ],
                        [
                            42.088623046875,
                            4.184811870761927
                        ],
                        [
                            42.000732421875,
                            4.102629809278488
                        ],
                        [
                            41.95953369140625,
                            4.069754607616852
                        ],
                        [
                            41.90977975316852,
                            3.983840781437564
                        ],
                        [
                            41.85791015625,
                            3.909468978414795
                        ],
                        [
                            41.309967041015625,
                            3.144629781613849
                        ],
                        [
                            40.98587036132801,
                            2.8278307348500062
                        ],
                        [
                            40.991363525390625,
                            -0.830811948265076
                        ],
                        [
                            41.557159423828125,
                            -1.598303410509457
                        ],
                        [
                            41.561279296875,
                            -1.6669400831931047
                        ],
                        [
                            41.605224609375,
                            -1.653212936926045
                        ],
                        [
                            41.77001953125,
                            -1.4280747713669302
                        ],
                        [
                            42.00073242187499,
                            -1.1699626314237717
                        ],
                        [
                            42.2314453125,
                            -0.9063342699592115
                        ],
                        [
                            42.64892578125,
                            -0.324094951369079
                        ],
                        [
                            43.53057861328125,
                            0.6550455441838959
                        ],
                        [
                            43.814849853515625,
                            0.8884836766190173
                        ],
                        [
                            44.501495361328125,
                            1.467887492920394
                        ],
                        [
                            44.839324951171875,
                            1.7273383791406443
                        ],
                        [
                            45.267791748046875,
                            1.9538143416858043
                        ],
                        [
                            45.74707031249999,
                            2.2269171347403813
                        ],
                        [
                            45.92010498046875,
                            2.3215995661848083
                        ],
                        [
                            46.1700439453125,
                            2.534268465560728
                        ],
                        [
                            46.27716064453124,
                            2.6508787019248685
                        ],
                        [
                            46.37466430664062,
                            2.7811947651144187
                        ],
                        [
                            46.56280517578125,
                            2.911496431199423
                        ],
                        [
                            46.81549072265625,
                            3.1885079957989797
                        ],
                        [
                            47.138214111328125,
                            3.527128043594465
                        ],
                        [
                            47.503509521484375,
                            3.9026184734373017
                        ],
                        [
                            47.789154052734375,
                            4.249181803731266
                        ],
                        [
                            47.96493530273437,
                            4.442259043798202
                        ],
                        [
                            48.11737060546875,
                            4.679085969314938
                        ],
                        [
                            48.426361083984375,
                            5.162069646777001
                        ],
                        [
                            48.860321044921875,
                            5.7786001342050906
                        ],
                        [
                            49.014129638671875,
                            6.012190719736564
                        ],
                        [
                            49.0924072265625,
                            6.2129166684070505
                        ],
                        [
                            49.13360595703125,
                            6.412201394895643
                        ],
                        [
                            49.18304443359375,
                            6.56229611623886
                        ],
                        [
                            49.343719482421875,
                            6.871892962887516
                        ],
                        [
                            49.427490234375,
                            7.045016210142397
                        ],
                        [
                            49.645843505859375,
                            7.352932982389429
                        ],
                        [
                            49.80926513671875,
                            7.615719865896804
                        ],
                        [
                            49.84771728515624,
                            7.721878499324502
                        ],
                        [
                            49.85870361328125,
                            7.789914903590689
                        ],
                        [
                            49.833984375,
                            7.836173352103869
                        ],
                        [
                            49.835357666015625,
                            7.910992301186667
                        ],
                        [
                            49.96856689453124,
                            8.03747339584114
                        ],
                        [
                            50.077056884765625,
                            8.093221395885989
                        ],
                        [
                            50.164947509765625,
                            8.182945857134058
                        ],
                        [
                            50.18692016601562,
                            8.26857309306195
                        ],
                        [
                            50.25421142578125,
                            8.38135516487773
                        ],
                        [
                            50.31463623046875,
                            8.443846835686024
                        ],
                        [
                            50.372314453125,
                            8.555219894081734
                        ],
                        [
                            50.362701416015625,
                            8.629903118263488
                        ],
                        [
                            50.390167236328125,
                            8.678778692363062
                        ],
                        [
                            50.420379638671875,
                            8.746650870360723
                        ],
                        [
                            50.450592041015625,
                            8.860648239550995
                        ],
                        [
                            50.626373291015625,
                            9.013946004773622
                        ],
                        [
                            50.6634521484375,
                            9.085824386028294
                        ],
                        [
                            50.6854248046875,
                            9.198359633230906
                        ],
                        [
                            50.80902099609375,
                            9.295951603184601
                        ],
                        [
                            50.8831787109375,
                            9.465317340414682
                        ],
                        [
                            50.843353271484375,
                            9.499180522706906
                        ],
                        [
                            50.82000732421875,
                            9.53981192034452
                        ],
                        [
                            50.86120605468749,
                            9.690105836991949
                        ],
                        [
                            50.870819091796875,
                            9.817329187067783
                        ],
                        [
                            50.920257568359375,
                            9.976965850016063
                        ],
                        [
                            50.91201782226562,
                            10.112189985988717
                        ],
                        [
                            50.92437744140625,
                            10.183835756592677
                        ],
                        [
                            50.906524658203125,
                            10.263573438929946
                        ],
                        [
                            50.9326171875,
                            10.313568186415065
                        ],
                        [
                            51.08367919921874,
                            10.37030936022744
                        ],
                        [
                            51.216888427734375,
                            10.408131100982322
                        ],
                        [
                            51.24710083007812,
                            10.37301106486403
                        ],
                        [
                            51.411895751953125,
                            10.354098643030412
                        ],
                        [
                            51.439361572265625,
                            10.427040252850256
                        ],
                        [
                            51.41464233398437,
                            10.495913866004589
                        ],
                        [
                            51.339111328125,
                            10.498614480162155
                        ],
                        [
                            51.2786865234375,
                            10.513467436222529
                        ],
                        [
                            51.216888427734375,
                            10.552621801948721
                        ],
                        [
                            51.1798095703125,
                            10.614718497179924
                        ],
                        [
                            51.17156982421875,
                            10.687598521992154
                        ],
                        [
                            51.156463623046875,
                            10.85758369455561
                        ],
                        [
                            51.148223876953125,
                            10.96006778449538
                        ],
                        [
                            51.17431640625,
                            11.04634266410296
                        ],
                        [
                            51.19903564453125,
                            11.163581884219079
                        ],
                        [
                            51.137237548828125,
                            11.18379077304663
                        ],
                        [
                            51.10702514648437,
                            11.221510260010541
                        ],
                        [
                            51.096038818359375,
                            11.299627795341129
                        ],
                        [
                            51.13861083984375,
                            11.380416648498276
                        ],
                        [
                            51.145477294921875,
                            11.501556900932487
                        ],
                        [
                            51.260833740234375,
                            11.630715737981486
                        ],
                        [
                            51.2786865234375,
                            11.680479748433367
                        ],
                        [
                            51.28143310546875,
                            11.734268627679059
                        ],
                        [
                            51.31988525390625,
                            11.798801436203313
                        ],
                        [
                            51.3116455078125,
                            11.845847044118496
                        ],
                        [
                            51.27044677734374,
                            11.864663020722729
                        ],
                        [
                            51.141357421875,
                            11.892884551107446
                        ],
                        [
                            51.05621337890624,
                            11.895572163340905
                        ],
                        [
                            50.994415283203125,
                            11.945288193567402
                        ],
                        [
                            50.89691162109375,
                            11.964097286892557
                        ],
                        [
                            50.782928466796875,
                            12.011114292027393
                        ]
                    ]
                ]
            },
            "properties": {}
        }
    ]
}