{
    "type": "FeatureCollection",
    "features": [
        {
            "type": "Feature",
            "properties": {},
            "geometry": {
                "type": "Polygon",
                "coordinates": [
                    [
                        [
                            80.19607543945312,
                            9.847097830667165
                        ],
                        [
                            80.1177978515625,
                            9.84033246528631
                        ],
                        [
                            80.0189208984375,
                            9.838979375579344
                        ],
                        [
                            79.91317749023438,
                            9.807856784237531
                        ],
                        [
                            79.84176635742188,
                            9.778084614017667
                        ],
                        [
                            79.78408813476561,
                            9.723946569800441
                        ],
                        [
                            79.74700927734375,
                            9.67250730626842
                        ],
                        [
                            79.74700927734375,
                            9.603458034423026
                        ],
                        [
                            79.7772216796875,
                            9.568251019008402
                        ],
                        [
                            79.85687255859375,
                            9.54929188384387
                        ],
                        [
                            79.89395141601562,
                            9.579084335882534
                        ],
                        [
                            79.96124267578125,
                            9.573667720630613
                        ],
                        [
                            80.03677368164062,
                            9.572313553320438
                        ],
                        [
                            80.10818481445312,
                            9.52897735357409
                        ],
                        [
                            80.123291015625,
                            9.474799368327114
                        ],
                        [
                            80.06011962890625,
                            9.419258059393734
                        ],
                        [
                            80.02578735351561,
                            9.384032109601689
                        ],
                        [
                            80.02853393554688,
                            9.325765958926807
                        ],
                        [
                            80.08071899414062,
                            9.282398783281842
                        ],
                        [
                            80.08895874023438,
                            9.217337966973941
                        ],
                        [
                            80.04089355468749,
                            9.121080214365112
                        ],
                        [
                            79.99832153320312,
                            9.038359140415787
                        ],
                        [
                            79.94750976562499,
                            9.008520639259519
                        ],
                        [
                            79.92416381835936,
                            9.051921278888537
                        ],
                        [
                            79.88296508789062,
                            9.09396065484442
                        ],
                        [
                            79.78271484375,
                            9.125147970698777
                        ],
                        [
                            79.70169067382812,
                            9.119724285282519
                        ],
                        [
                            79.64126586914062,
                            9.092604622880069
                        ],
                        [
                            79.58633422851562,
                            9.102096738726456
                        ],
                        [
                            79.56985473632812,
                            9.083112255354074
                        ],
                        [
                            79.61242675781249,
                            9.058702156392139
                        ],
                        [
                            79.65911865234374,
                            9.060058316542385
                        ],
                        [
                            79.7222900390625,
                            9.05327746462043
                        ],
                        [
                            79.78683471679688,
                            9.024796491272795
                        ],
                        [
                            79.85412597656249,
                            8.959688690233548
                        ],
                        [
                            79.90768432617188,
                            8.881001205714659
                        ],
                        [
                            79.89395141601562,
                            8.807725258724508
                        ],
                        [
                            79.93927001953124,
                            8.73172004911607
                        ],
                        [
                            79.90768432617188,
                            8.663845162677136
                        ],
                        [
                            79.88433837890625,
                            8.571515669286475
                        ],
                        [
                            79.85000610351562,
                            8.53756535080403
                        ],
                        [
                            79.81842041015625,
                            8.476447174280977
                        ],
                        [
                            79.81430053710938,
                            8.514477408346146
                        ],
                        [
                            79.79095458984375,
                            8.559293903302025
                        ],
                        [
                            79.7607421875,
                            8.509044748731696
                        ],
                        [
                            79.771728515625,
                            8.442488428411211
                        ],
                        [
                            79.77859497070312,
                            8.403092541087716
                        ],
                        [
                            79.74838256835938,
                            8.340594311750309
                        ],
                        [
                            79.70581054687499,
                            8.256341764755218
                        ],
                        [
                            79.67559814453125,
                            8.218286322728328
                        ],
                        [
                            79.68521118164062,
                            8.048351657539454
                        ],
                        [
                            79.78546142578125,
                            7.690578068483068
                        ],
                        [
                            79.76486206054688,
                            7.633414807931163
                        ],
                        [
                            79.77310180664062,
                            7.54629420634032
                        ],
                        [
                            79.82940673828125,
                            7.272567858407591
                        ],
                        [
                            79.81155395507812,
                            7.22897396660112
                        ],
                        [
                            79.79919433593749,
                            7.197638256475282
                        ],
                        [
                            79.85824584960938,
                            6.987769928155617
                        ],
                        [
                            79.79919433593749,
                            6.960507326113334
                        ],
                        [
                            79.79919433593749,
                            6.92506357659203
                        ],
                        [
                            79.82528686523438,
                            6.904614047238085
                        ],
                        [
                            79.83901977539062,
                            6.840533143527431
                        ],
                        [
                            79.94888305664062,
                            6.5391025879031535
                        ],
                        [
                            79.94338989257812,
                            6.472244644605101
                        ],
                        [
                            79.98046875,
                            6.412201394895643
                        ],
                        [
                            80.00930786132812,
                            6.305743748658554
                        ],
                        [
                            80.03952026367188,
                            6.206090498573885
                        ],
                        [
                            80.10543823242188,
                            6.075011000682009
                        ],
                        [
                            80.20980834960938,
                            6.005361989842799
                        ],
                        [
                            80.34576416015625,
                            5.94799728781266
                        ],
                        [
                            80.4913330078125,
                            5.919312689072785
                        ],
                        [
                            80.5682373046875,
                            5.90565283255788
                        ],
                        [
                            80.606689453125,
                            5.923410580222011
                        ],
                        [
                            80.716552734375,
                            5.935704071135609
                        ],
                        [
                            80.79620361328125,
                            5.987606891658272
                        ],
                        [
                            80.90744018554688,
                            6.0476987312836785
                        ],
                        [
                            81.22879028320312,
                            6.144651001885719
                        ],
                        [
                            81.40731811523438,
                            6.222473157416403
                        ],
                        [
                            81.551513671875,
                            6.32075833898686
                        ],
                        [
                            81.71218872070312,
                            6.47633824336597
                        ],
                        [
                            81.84402465820312,
                            6.73689479939678
                        ],
                        [
                            81.89483642578125,
                            7.021845944232477
                        ],
                        [
                            81.88385009765625,
                            7.147224098111108
                        ],
                        [
                            81.89620971679686,
                            7.3161575177549505
                        ],
                        [
                            81.84814453125,
                            7.445539142972754
                        ],
                        [
                            81.78359985351562,
                            7.659275328420263
                        ],
                        [
                            81.71630859375,
                            7.7531766117743395
                        ],
                        [
                            81.65313720703125,
                            7.822568458247752
                        ],
                        [
                            81.6009521484375,
                            7.855219456431373
                        ],
                        [
                            81.61056518554688,
                            7.910992301186667
                        ],
                        [
                            81.55975341796875,
                            7.9640375200936235
                        ],
                        [
                            81.57623291015625,
                            7.999397185650014
                        ],
                        [
                            81.53778076171874,
                            8.01163635612208
                        ],
                        [
                            81.5020751953125,
                            8.055150422824966
                        ],
                        [
                            81.46087646484375,
                            8.146242825034385
                        ],
                        [
                            81.37435913085936,
                            8.460147349856591
                        ],
                        [
                            81.34552001953125,
                            8.536207275165502
                        ],
                        [
                            81.298828125,
                            8.536207275165502
                        ],
                        [
                            81.23565673828125,
                            8.50225381584185
                        ],
                        [
                            81.26174926757812,
                            8.552503863722983
                        ],
                        [
                            81.24526977539062,
                            8.590526524038742
                        ],
                        [
                            81.2384033203125,
                            8.644837994493944
                        ],
                        [
                            81.18621826171875,
                            8.735792150582744
                        ],
                        [
                            81.11343383789062,
                            8.856577510980191
                        ],
                        [
                            81.06262207031249,
                            8.878287542107088
                        ],
                        [
                            80.95138549804688,
                            9.034290399259548
                        ],
                        [
                            80.84701538085938,
                            9.285109389204356
                        ],
                        [
                            80.55999755859375,
                            9.53168602752469
                        ],
                        [
                            80.34164428710938,
                            9.703642540353869
                        ],
                        [
                            80.2716064453125,
                            9.843038628071653
                        ],
                        [
                            80.19607543945312,
                            9.847097830667165
                        ]
                    ]
                ]
            }
        },
        {
            "type": "Feature",
            "properties": {},
            "geometry": {
                "type": "Polygon",
                "coordinates": [
                    [
                        [
                            79.65087890624999,
                            9.560125804733719
                        ],
                        [
                            79.64332580566405,
                            9.52220557466749
                        ],
                        [
                            79.65087890624999,
                            9.497826059631098
                        ],
                        [
                            79.69894409179688,
                            9.467349225571995
                        ],
                        [
                            79.73258972167969,
                            9.470735674130932
                        ],
                        [
                            79.74014282226562,
                            9.493085396684473
                        ],
                        [
                            79.73258972167969,
                            9.53371751887767
                        ],
                        [
                            79.69482421875,
                            9.53439467997389
                        ],
                        [
                            79.68109130859375,
                            9.558771583482544
                        ],
                        [
                            79.65087890624999,
                            9.560125804733719
                        ]
                    ]
                ]
            }
        },
        {
            "type": "Feature",
            "properties": {},
            "geometry": {
                "type": "Polygon",
                "coordinates": [
                    [
                        [
                            79.88365173339844,
                            9.444997828512903
                        ],
                        [
                            79.88210678100586,
                            9.44127245454806
                        ],
                        [
                            79.88485336303711,
                            9.437039026150249
                        ],
                        [
                            79.89103317260742,
                            9.436022995597575
                        ],
                        [
                            79.88931655883788,
                            9.44211913398666
                        ],
                        [
                            79.88365173339844,
                            9.444997828512903
                        ]
                    ]
                ]
            }
        },
        {
            "type": "Feature",
            "properties": {},
            "geometry": {
                "type": "Polygon",
                "coordinates": [
                    [
                        [
                            80.00450134277344,
                            9.486482221139442
                        ],
                        [
                            80.00141143798828,
                            9.480894819427505
                        ],
                        [
                            80.00518798828125,
                            9.475984603408033
                        ],
                        [
                            80.00690460205078,
                            9.468365163644851
                        ],
                        [
                            80.00947952270508,
                            9.46464004269247
                        ],
                        [
                            80.0160026550293,
                            9.46396274363553
                        ],
                        [
                            80.01703262329102,
                            9.469042454024372
                        ],
                        [
                            80.01995086669922,
                            9.475815284361294
                        ],
                        [
                            80.01960754394531,
                            9.481741401294869
                        ],
                        [
                            80.01445770263672,
                            9.486143593323925
                        ],
                        [
                            80.00450134277344,
                            9.486482221139442
                        ]
                    ]
                ]
            }
        },
        {
            "type": "Feature",
            "properties": {},
            "geometry": {
                "type": "Polygon",
                "coordinates": [
                    [
                        [
                            79.98733520507812,
                            9.310859099000712
                        ],
                        [
                            79.97875213623045,
                            9.303066623629414
                        ],
                        [
                            79.96707916259766,
                            9.296968043533807
                        ],
                        [
                            79.96810913085938,
                            9.282398783281842
                        ],
                        [
                            79.97600555419922,
                            9.275283343030654
                        ],
                        [
                            79.99042510986328,
                            9.277994003958407
                        ],
                        [
                            79.99488830566406,
                            9.267828917506309
                        ],
                        [
                            80.00347137451172,
                            9.266812392669905
                        ],
                        [
                            80.01033782958984,
                            9.276977508565212
                        ],
                        [
                            80.00965118408202,
                            9.289175258776764
                        ],
                        [
                            79.99557495117188,
                            9.29798448093119
                        ],
                        [
                            79.98733520507812,
                            9.310859099000712
                        ]
                    ]
                ]
            }
        },
        {
            "type": "Feature",
            "properties": {},
            "geometry": {
                "type": "Polygon",
                "coordinates": [
                    [
                        [
                            79.52573776245117,
                            9.39546400068217
                        ],
                        [
                            79.52281951904297,
                            9.393939770334304
                        ],
                        [
                            79.5201587677002,
                            9.390975969899312
                        ],
                        [
                            79.52290534973145,
                            9.384032109601689
                        ],
                        [
                            79.52917098999023,
                            9.382592511399398
                        ],
                        [
                            79.5326042175293,
                            9.384624883594645
                        ],
                        [
                            79.53071594238281,
                            9.390044484525443
                        ],
                        [
                            79.52573776245117,
                            9.39546400068217
                        ]
                    ]
                ]
            }
        },
        {
            "type": "Feature",
            "properties": {},
            "geometry": {
                "type": "Polygon",
                "coordinates": [
                    [
                        [
                            79.55972671508789,
                            9.097520214307794
                        ],
                        [
                            79.55732345581055,
                            9.094130158478785
                        ],
                        [
                            79.56161499023438,
                            9.08701093674273
                        ],
                        [
                            79.56573486328124,
                            9.084468323257116
                        ],
                        [
                            79.57174301147461,
                            9.091926604971706
                        ],
                        [
                            79.56470489501953,
                            9.094469165506696
                        ],
                        [
                            79.55972671508789,
                            9.097520214307794
                        ]
                    ]
                ]
            }
        },
        {
            "type": "Feature",
            "properties": {},
            "geometry": {
                "type": "Polygon",
                "coordinates": [
                    [
                        [
                            79.45793151855469,
                            9.149553533881221
                        ],
                        [
                            79.45587158203124,
                            9.148197713142977
                        ],
                        [
                            79.4560432434082,
                            9.145655535333608
                        ],
                        [
                            79.4615364074707,
                            9.143791260065337
                        ],
                        [
                            79.46222305297852,
                            9.146672408636736
                        ],
                        [
                            79.45793151855469,
                            9.149553533881221
                        ]
                    ]
                ]
            }
        },
        {
            "type": "Feature",
            "properties": {},
            "geometry": {
                "type": "Polygon",
                "coordinates": [
                    [
                        [
                            79.47509765625,
                            9.144469179474493
                        ],
                        [
                            79.47011947631836,
                            9.143621780011324
                        ],
                        [
                            79.46977615356445,
                            9.141926975033412
                        ],
                        [
                            79.47286605834961,
                            9.139384752440332
                        ],
                        [
                            79.47750091552734,
                            9.140910088174138
                        ],
                        [
                            79.47509765625,
                            9.144469179474493
                        ]
                    ]
                ]
            }
        },
        {
            "type": "Feature",
            "properties": {},
            "geometry": {
                "type": "Polygon",
                "coordinates": [
                    [
                        [
                            79.49947357177734,
                            9.127859782485405
                        ],
                        [
                            79.49329376220703,
                            9.125147970698777
                        ],
                        [
                            79.49638366699219,
                            9.119724285282519
                        ],
                        [
                            79.50119018554688,
                            9.120741232577421
                        ],
                        [
                            79.50204849243164,
                            9.125147970698777
                        ],
                        [
                            79.49947357177734,
                            9.127859782485405
                        ]
                    ]
                ]
            }
        },
        {
            "type": "Feature",
            "properties": {},
            "geometry": {
                "type": "Polygon",
                "coordinates": [
                    [
                        [
                            79.51166152954102,
                            9.120063268036118
                        ],
                        [
                            79.5106315612793,
                            9.117520889537275
                        ],
                        [
                            79.51423645019531,
                            9.111249611840654
                        ],
                        [
                            79.51904296874999,
                            9.109724149265972
                        ],
                        [
                            79.52007293701172,
                            9.11514798660337
                        ],
                        [
                            79.5164680480957,
                            9.120063268036118
                        ],
                        [
                            79.51166152954102,
                            9.120063268036118
                        ]
                    ]
                ]
            }
        },
        {
            "type": "Feature",
            "properties": {},
            "geometry": {
                "type": "Polygon",
                "coordinates": [
                    [
                        [
                            79.5274543762207,
                            9.107012199720346
                        ],
                        [
                            79.52659606933592,
                            9.10463922698838
                        ],
                        [
                            79.52882766723633,
                            9.102096738726456
                        ],
                        [
                            79.53071594238281,
                            9.099215230178492
                        ],
                        [
                            79.5358657836914,
                            9.097859218124363
                        ],
                        [
                            79.53689575195312,
                            9.103113736200562
                        ],
                        [
                            79.53363418579102,
                            9.106842702190471
                        ],
                        [
                            79.5274543762207,
                            9.107012199720346
                        ]
                    ]
                ]
            }
        }
    ]
}