{
    "type": "FeatureCollection",
    "features": [
        {
            "type": "Feature",
            "geometry": {
                "type": "Polygon",
                "coordinates": [
                    [
                        [
                            -56.9805908203125,
                            6.024482217477507
                        ],
                        [
                            -57.023162841796875,
                            5.9903384828302455
                        ],
                        [
                            -57.1014404296875,
                            5.971217057997224
                        ],
                        [
                            -57.14813232421875,
                            5.766303188459986
                        ],
                        [
                            -57.1453857421875,
                            5.662451740971942
                        ],
                        [
                            -57.19711555011425,
                            5.519197030238261
                        ],
                        [
                            -57.26104994379555,
                            5.478631378340717
                        ],
                        [
                            -57.26898193359375,
                            5.369928743247048
                        ],
                        [
                            -57.345886230468864,
                            5.315235740232145
                        ],
                        [
                            -57.29644775390625,
                            5.320705259943899
                        ],
                        [
                            -57.293701171875,
                            5.2386573862016
                        ],
                        [
                            -57.26348876953125,
                            5.2249816885943705
                        ],
                        [
                            -57.26348876953125,
                            5.27968268025723
                        ],
                        [
                            -57.20855712890625,
                            5.2249816885943705
                        ],
                        [
                            -57.17559814453125,
                            5.1702759208247535
                        ],
                        [
                            -57.216796875000114,
                            5.134714634014467
                        ],
                        [
                            -57.25799560546875,
                            5.1702759208247535
                        ],
                        [
                            -57.293701171875,
                            5.167540507950538
                        ],
                        [
                            -57.32666015625,
                            5.074529483496559
                        ],
                        [
                            -57.271728515625,
                            5.019810836520885
                        ],
                        [
                            -57.32666015625,
                            5.0225468783063425
                        ],
                        [
                            -57.425537109375,
                            4.9842412512187035
                        ],
                        [
                            -57.527160644531364,
                            5.00339434502215
                        ],
                        [
                            -57.62603759765625,
                            4.9924497884904175
                        ],
                        [
                            -57.6837158203125,
                            5.011602642331368
                        ],
                        [
                            -57.7606201171875,
                            4.926778627933813
                        ],
                        [
                            -57.840270996093864,
                            4.918569274845269
                        ],
                        [
                            -57.930908203125,
                            4.811838534173914
                        ],
                        [
                            -57.83203125,
                            4.664029951910404
                        ],
                        [
                            -57.929534912109375,
                            4.432674823020461
                        ],
                        [
                            -57.959747314453125,
                            4.395705952493886
                        ],
                        [
                            -57.95013427734375,
                            4.303960496615201
                        ],
                        [
                            -58.06411743164074,
                            4.182072606722732
                        ],
                        [
                            -58.062744140625,
                            4.108108878310174
                        ],
                        [
                            -58.040771484375,
                            3.99989036105956
                        ],
                        [
                            -57.981719970703125,
                            3.9300201571114752
                        ],
                        [
                            -57.91717529296875,
                            3.8656247834774597
                        ],
                        [
                            -57.85400390625,
                            3.756004433260587
                        ],
                        [
                            -57.8375244140625,
                            3.6682982193569544
                        ],
                        [
                            -57.731781005859375,
                            3.6038834748710658
                        ],
                        [
                            -57.709808349609375,
                            3.555912080474523
                        ],
                        [
                            -57.658996582031364,
                            3.532610786227175
                        ],
                        [
                            -57.63702392578125,
                            3.4585910482810767
                        ],
                        [
                            -57.668609619140625,
                            3.392790869678844
                        ],
                        [
                            -57.6397705078125,
                            3.347550642760906
                        ],
                        [
                            -57.577972412109375,
                            3.342066836345094
                        ],
                        [
                            -57.542266845703125,
                            3.3448087433873686
                        ],
                        [
                            -57.527160644531364,
                            3.372227390996944
                        ],
                        [
                            -57.473602294921875,
                            3.3365829992793588
                        ],
                        [
                            -57.4365234375,
                            3.358518163442509
                        ],
                        [
                            -57.42279052734375,
                            3.3831946339143837
                        ],
                        [
                            -57.38983154296875,
                            3.361260024378483
                        ],
                        [
                            -57.337646484375,
                            3.358518163442509
                        ],
                        [
                            -57.3101806640625,
                            3.391419984682776
                        ],
                        [
                            -57.289581298828125,
                            3.348921589569947
                        ],
                        [
                            -57.279968261718864,
                            3.3160183381615123
                        ],
                        [
                            -57.29095458984375,
                            3.2735166862535356
                        ],
                        [
                            -57.29095458984375,
                            3.1734250695079433
                        ],
                        [
                            -57.278594970703125,
                            3.1569707170633405
                        ],
                        [
                            -57.282714843750114,
                            3.139144874504179
                        ],
                        [
                            -57.2552490234375,
                            3.1309174598616396
                        ],
                        [
                            -57.240142822265625,
                            3.1377736432253345
                        ],
                        [
                            -57.2442626953125,
                            3.09389329669897
                        ],
                        [
                            -57.216796875000114,
                            3.0733237573840584
                        ],
                        [
                            -57.207183837890625,
                            3.023955250363652
                        ],
                        [
                            -57.226409912109375,
                            3.0170983347129785
                        ],
                        [
                            -57.229156494140625,
                            2.959498545196161
                        ],
                        [
                            -57.18795776367199,
                            2.9608700037783326
                        ],
                        [
                            -57.18109130859375,
                            2.9402979471996784
                        ],
                        [
                            -57.222290039062614,
                            2.9060103444427834
                        ],
                        [
                            -57.18795776367199,
                            2.819600993200333
                        ],
                        [
                            -57.1453857421875,
                            2.833317196855306
                        ],
                        [
                            -57.1234130859375,
                            2.8168577330377342
                        ],
                        [
                            -57.139892578125,
                            2.7962830762573616
                        ],
                        [
                            -57.1453857421875,
                            2.7757080586045757
                        ],
                        [
                            -57.10968017578125,
                            2.779823090877867
                        ],
                        [
                            -57.086334228515625,
                            2.77159301200225
                        ],
                        [
                            -57.1014404296875,
                            2.733185223261409
                        ],
                        [
                            -57.069854736328125,
                            2.698891515557585
                        ],
                        [
                            -57.06298828125,
                            2.664596840238585
                        ],
                        [
                            -57.06161499023449,
                            2.631673052980167
                        ],
                        [
                            -57.031402587890625,
                            2.64264774589176
                        ],
                        [
                            -57.01904296875,
                            2.6385322473984387
                        ],
                        [
                            -57.025909423828125,
                            2.605607770806103
                        ],
                        [
                            -57.01904296875,
                            2.5795419490007094
                        ],
                        [
                            -56.99981689453125,
                            2.567194793978701
                        ],
                        [
                            -57.008056640625,
                            2.5164330206204784
                        ],
                        [
                            -56.990203857421875,
                            2.501341299635929
                        ],
                        [
                            -56.9586181640625,
                            2.5164330206204784
                        ],
                        [
                            -56.954498291015625,
                            2.482133403730576
                        ],
                        [
                            -56.942138671875,
                            2.4437167766633623
                        ],
                        [
                            -56.929779052734375,
                            2.4313683408148723
                        ],
                        [
                            -56.932525634765625,
                            2.3943223575350774
                        ],
                        [
                            -56.896820068359375,
                            2.3737408219431484
                        ],
                        [
                            -56.88446044921875,
                            2.3490425749158272
                        ],
                        [
                            -56.88720703125,
                            2.307877861586207
                        ],
                        [
                            -56.87759399414074,
                            2.2872950566067374
                        ],
                        [
                            -56.836395263671875,
                            2.2776896463828633
                        ],
                        [
                            -56.819915771484375,
                            2.2475007985315845
                        ],
                        [
                            -56.819915771484375,
                            2.20496090980601
                        ],
                        [
                            -56.69082641601574,
                            2.0279272879011736
                        ],
                        [
                            -56.60430908203125,
                            2.0279272879011736
                        ],
                        [
                            -56.55487060546875,
                            2.0238099899065127
                        ],
                        [
                            -56.517791748046875,
                            1.984008906765771
                        ],
                        [
                            -56.485160492936004,
                            1.953117699937428
                        ],
                        [
                            -56.43402099609375,
                            1.9510693541804334
                        ],
                        [
                            -56.38664245605469,
                            1.9236192337659013
                        ],
                        [
                            -56.36054992675781,
                            1.9428343648096005
                        ],
                        [
                            -56.3104248046875,
                            1.920874197326819
                        ],
                        [
                            -56.24038696289068,
                            1.8803844008638448
                        ],
                        [
                            -56.22596740722656,
                            1.900972551626305
                        ],
                        [
                            -56.161422729492244,
                            1.8947961320582885
                        ],
                        [
                            -56.119537353515625,
                            1.8522468692175673
                        ],
                        [
                            -56.0302734375,
                            1.8481291440146947
                        ],
                        [
                            -55.99456787109375,
                            1.8275403751917603
                        ],
                        [
                            -55.90118408203125,
                            1.897541210145475
                        ],
                        [
                            -55.921783447265625,
                            1.938716855057324
                        ],
                        [
                            -55.931396484375,
                            1.9908712313470842
                        ],
                        [
                            -55.9149169921875,
                            1.9963610704462995
                        ],
                        [
                            -55.902557373046875,
                            2.040279118941826
                        ],
                        [
                            -55.962982177734375,
                            2.0924302418460576
                        ],
                        [
                            -55.99044799804693,
                            2.15967517634759
                        ],
                        [
                            -56.059112548828125,
                            2.1871212383575553
                        ],
                        [
                            -56.034393310546875,
                            2.2214281090541332
                        ],
                        [
                            -56.1346435546875,
                            2.261223079993419
                        ],
                        [
                            -56.089324951171875,
                            2.3723687086440504
                        ],
                        [
                            -56.031646728515625,
                            2.329832525045374
                        ],
                        [
                            -56.031646728515625,
                            2.3751129338801293
                        ],
                        [
                            -55.98907470703131,
                            2.420391858508547
                        ],
                        [
                            -56.00555419921875,
                            2.4601811810210052
                        ],
                        [
                            -55.96435546875,
                            2.4889933987096002
                        ],
                        [
                            -55.99044799804693,
                            2.515061053188819
                        ],
                        [
                            -55.92864990234381,
                            2.5356404127077643
                        ],
                        [
                            -55.8709716796875,
                            2.4835054055778603
                        ],
                        [
                            -55.817413330078125,
                            2.4615532055607585
                        ],
                        [
                            -55.77209472656256,
                            2.45606509893525
                        ],
                        [
                            -55.75286865234375,
                            2.4162756547063857
                        ],
                        [
                            -55.70892333984381,
                            2.3984386276428595
                        ],
                        [
                            -55.69793701171875,
                            2.4217639236659676
                        ],
                        [
                            -55.62652587890625,
                            2.4231359874338043
                        ],
                        [
                            -55.578460693359375,
                            2.43685654851047
                        ],
                        [
                            -55.55374145507818,
                            2.4258801107974675
                        ],
                        [
                            -55.49468994140625,
                            2.44097268960325
                        ],
                        [
                            -55.413665771484375,
                            2.43685654851047
                        ],
                        [
                            -55.36834716796875,
                            2.4190197919622793
                        ],
                        [
                            -55.347747802734375,
                            2.447832896735233
                        ],
                        [
                            -55.35736083984375,
                            2.479389395764281
                        ],
                        [
                            -55.317535400390625,
                            2.5191769511516404
                        ],
                        [
                            -55.237884521484375,
                            2.5040852618529215
                        ],
                        [
                            -55.171966552734375,
                            2.560335211824682
                        ],
                        [
                            -55.122528076171875,
                            2.567194793978701
                        ],
                        [
                            -55.097808837890625,
                            2.5356404127077643
                        ],
                        [
                            -55.01129150390625,
                            2.5864014278082523
                        ],
                        [
                            -54.95361328125,
                            2.589145208949906
                        ],
                        [
                            -54.927520751953125,
                            2.51231711399721
                        ],
                        [
                            -54.86709594726568,
                            2.43685654851047
                        ],
                        [
                            -54.80392456054693,
                            2.43685654851047
                        ],
                        [
                            -54.759979248046875,
                            2.473901362766794
                        ],
                        [
                            -54.694061279296875,
                            2.454693068753791
                        ],
                        [
                            -54.685821533203125,
                            2.408043209688525
                        ],
                        [
                            -54.71466064453125,
                            2.391578170592393
                        ],
                        [
                            -54.691314697265625,
                            2.3284603685731593
                        ],
                        [
                            -54.6405029296875,
                            2.3215995661848083
                        ],
                        [
                            -54.601586010989166,
                            2.337229541231037
                        ],
                        [
                            -54.581451416015625,
                            2.3504147112508176
                        ],
                        [
                            -54.54437255859375,
                            2.351786846237037
                        ],
                        [
                            -54.525146484375,
                            2.33806543577458
                        ],
                        [
                            -54.49493408203125,
                            2.3751129338801293
                        ],
                        [
                            -54.48257446289062,
                            2.4272521703917294
                        ],
                        [
                            -54.424896240234375,
                            2.4272521703917294
                        ],
                        [
                            -54.397430419921875,
                            2.4615532055607585
                        ],
                        [
                            -54.36172485351562,
                            2.499969316374292
                        ],
                        [
                            -54.345245361328125,
                            2.5479878714713835
                        ],
                        [
                            -54.328765869140625,
                            2.582285744968951
                        ],
                        [
                            -54.31091308593749,
                            2.6357885741666065
                        ],
                        [
                            -54.279327392578125,
                            2.6728276499057344
                        ],
                        [
                            -54.24774169921875,
                            2.733185223261409
                        ],
                        [
                            -54.19281005859375,
                            2.789424777005989
                        ],
                        [
                            -54.199676513671875,
                            2.8223442468940902
                        ],
                        [
                            -54.172210693359375,
                            2.852519608788139
                        ],
                        [
                            -54.19281005859375,
                            2.8730932656804886
                        ],
                        [
                            -54.1790771484375,
                            2.9101249120129142
                        ],
                        [
                            -54.16671752929687,
                            2.959498545196161
                        ],
                        [
                            -54.183197021484375,
                            2.978698810547412
                        ],
                        [
                            -54.172210693359375,
                            3.0294407516769266
                        ],
                        [
                            -54.188690185546875,
                            3.0609818433084883
                        ],
                        [
                            -54.1680908203125,
                            3.0856655287215506
                        ],
                        [
                            -54.1845703125,
                            3.126803728296058
                        ],
                        [
                            -54.210662841796875,
                            3.124061231620662
                        ],
                        [
                            -54.185943603515625,
                            3.1981061065238334
                        ],
                        [
                            -54.1571044921875,
                            3.21318867033321
                        ],
                        [
                            -54.12002563476562,
                            3.283113991917241
                        ],
                        [
                            -54.07333374023437,
                            3.3119053545330193
                        ],
                        [
                            -54.0582275390625,
                            3.3831946339143837
                        ],
                        [
                            -54.001922607421875,
                            3.443512240911225
                        ],
                        [
                            -54.007415771484375,
                            3.4558494647494307
                        ],
                        [
                            -54.00329589843749,
                            3.52575735288141
                        ],
                        [
                            -54.007415771484375,
                            3.5655065601088447
                        ],
                        [
                            -53.98406982421875,
                            3.6038834748710658
                        ],
                        [
                            -54.01153564453125,
                            3.6491113304683442
                        ],
                        [
                            -54.032135009765625,
                            3.6340356301913808
                        ],
                        [
                            -54.048614501953125,
                            3.639517732223585
                        ],
                        [
                            -54.05410766601562,
                            3.654593340629972
                        ],
                        [
                            -54.087066650390625,
                            3.6778915094650726
                        ],
                        [
                            -54.078826904296875,
                            3.71489323033406
                        ],
                        [
                            -54.11865234375,
                            3.793002860841048
                        ],
                        [
                            -54.144744873046875,
                            3.803965054420254
                        ],
                        [
                            -54.195556640625,
                            3.8094460989409775
                        ],
                        [
                            -54.196929931640625,
                            3.8491826245028906
                        ],
                        [
                            -54.24224853515625,
                            3.866994949019476
                        ],
                        [
                            -54.257354736328125,
                            3.9039885789060573
                        ],
                        [
                            -54.28619384765625,
                            3.921799746253506
                        ],
                        [
                            -54.30267333984375,
                            3.9930406027902787
                        ],
                        [
                            -54.34112548828125,
                            4.020439291914029
                        ],
                        [
                            -54.3603515625,
                            4.047837060192175
                        ],
                        [
                            -54.33425903320312,
                            4.135503657998192
                        ],
                        [
                            -54.391937255859375,
                            4.173854757173578
                        ],
                        [
                            -54.40841674804687,
                            4.199877651526744
                        ],
                        [
                            -54.39605712890625,
                            4.206725637589252
                        ],
                        [
                            -54.38232421875,
                            4.261507350688869
                        ],
                        [
                            -54.393310546875,
                            4.284788399873687
                        ],
                        [
                            -54.38919067382812,
                            4.349149953414805
                        ],
                        [
                            -54.411163330078125,
                            4.375166897767158
                        ],
                        [
                            -54.41665649414062,
                            4.414875226336637
                        ],
                        [
                            -54.43450927734375,
                            4.412136788910181
                        ],
                        [
                            -54.452362060546875,
                            4.5148212264183485
                        ],
                        [
                            -54.419403076171875,
                            4.575056021865321
                        ],
                        [
                            -54.4427490234375,
                            4.650342383235499
                        ],
                        [
                            -54.433135986328125,
                            4.710565685396272
                        ],
                        [
                            -54.47021484375,
                            4.735200991337153
                        ],
                        [
                            -54.485321044921875,
                            4.904886794837085
                        ],
                        [
                            -54.4427490234375,
                            4.943197029768433
                        ],
                        [
                            -54.438629150390625,
                            5.012970681861887
                        ],
                        [
                            -54.4097900390625,
                            5.081368989130768
                        ],
                        [
                            -54.3603515625,
                            5.1415534974737955
                        ],
                        [
                            -54.28070068359375,
                            5.26053787955076
                        ],
                        [
                            -54.20928955078125,
                            5.300194310699868
                        ],
                        [
                            -54.1571044921875,
                            5.353521355337334
                        ],
                        [
                            -54.12002563476562,
                            5.410945277946018
                        ],
                        [
                            -54.015655517578125,
                            5.533978112395475
                        ],
                        [
                            -54.001922607421875,
                            5.56678256930651
                        ],
                        [
                            -54.021148681640625,
                            5.600951931935029
                        ],
                        [
                            -54.02252197265624,
                            5.659718554577286
                        ],
                        [
                            -53.96209716796875,
                            5.774501181937736
                        ],
                        [
                            -53.97308349609375,
                            5.80319322390002
                        ],
                        [
                            -53.97994995117187,
                            5.84554547217311
                        ],
                        [
                            -53.99505615234374,
                            5.8264190458573335
                        ],
                        [
                            -54.019775390625,
                            5.851010045440856
                        ],
                        [
                            -54.10491943359375,
                            5.878332109674327
                        ],
                        [
                            -54.2230224609375,
                            5.90565283255788
                        ],
                        [
                            -54.356231689453125,
                            5.938435920783005
                        ],
                        [
                            -54.518280029296875,
                            5.967119522904161
                        ],
                        [
                            -54.740753173828125,
                            5.9930700603368505
                        ],
                        [
                            -54.91241455078125,
                            6.008093492080039
                        ],
                        [
                            -55.12664794921875,
                            5.994435843963697
                        ],
                        [
                            -55.1898193359375,
                            5.961656095137535
                        ],
                        [
                            -55.1678466796875,
                            5.920678656166646
                        ],
                        [
                            -55.218658447265625,
                            5.924776537181989
                        ],
                        [
                            -55.314788818359375,
                            5.965753671065536
                        ],
                        [
                            -55.482330322265625,
                            6.001264710802949
                        ],
                        [
                            -55.5908203125,
                            6.008093492080039
                        ],
                        [
                            -55.73089599609375,
                            5.984875286827038
                        ],
                        [
                            -55.894317626953125,
                            5.984875286827038
                        ],
                        [
                            -55.957489013671875,
                            5.900188795584184
                        ],
                        [
                            -55.96435546875,
                            5.856474565300485
                        ],
                        [
                            -55.96023559570312,
                            5.820954232861818
                        ],
                        [
                            -56.039886474609375,
                            5.833249987302088
                        ],
                        [
                            -56.12091064453125,
                            5.864671244842154
                        ],
                        [
                            -56.239013671875,
                            5.893358673645309
                        ],
                        [
                            -56.429901123046875,
                            5.926142490762487
                        ],
                        [
                            -56.57684326171875,
                            5.958924360849786
                        ],
                        [
                            -56.66198730468749,
                            6.0039962335866095
                        ],
                        [
                            -56.854248046875,
                            5.997167400960712
                        ],
                        [
                            -56.9805908203125,
                            6.024482217477507
                        ]
                    ]
                ]
            },
            "properties": {}
        }
    ]
}