{
    "type": "FeatureCollection",
    "features": [
        {
            "type": "Feature",
            "geometry": {
                "type": "Polygon",
                "coordinates": [
                    [
                        [
                            -0.14036455002846537,
                            11.139995806496142
                        ],
                        [
                            -0.1435089111328125,
                            11.122486141228997
                        ],
                        [
                            -0.142822265625,
                            11.102946786877578
                        ],
                        [
                            -0.127716064453125,
                            11.106315734437102
                        ],
                        [
                            -0.10093688964855119,
                            11.09351352693142
                        ],
                        [
                            -0.0954437255859375,
                            11.085427633155152
                        ],
                        [
                            -0.054931640625,
                            11.085427633155152
                        ],
                        [
                            -0.0446319580078125,
                            11.100925399681124
                        ],
                        [
                            -0.0350189208984375,
                            11.109684643110402
                        ],
                        [
                            -0.025920867919921875,
                            11.111369082861199
                        ],
                        [
                            -0.02094268798828125,
                            11.113221955353792
                        ],
                        [
                            -0.01922607421875,
                            11.114064166232335
                        ],
                        [
                            -0.0144195556640625,
                            11.112042856038396
                        ],
                        [
                            -0.0102996826171875,
                            11.109853087523101
                        ],
                        [
                            -0.00446319580078125,
                            11.107326411122665
                        ],
                        [
                            -0.004978179931640625,
                            11.101599196968122
                        ],
                        [
                            0.0015449523924644382,
                            11.095029607110636
                        ],
                        [
                            0.00274658203125,
                            11.086606839926732
                        ],
                        [
                            0.006694793701058188,
                            11.079868451477992
                        ],
                        [
                            0.0089263916015625,
                            11.075488415758324
                        ],
                        [
                            0.024204254150390625,
                            11.06217944365074
                        ],
                        [
                            0.02368927001953125,
                            11.05931540857543
                        ],
                        [
                            0.028324127197265625,
                            11.004387918877434
                        ],
                        [
                            0.03398895263671875,
                            10.992592335305472
                        ],
                        [
                            0.03295898437488631,
                            10.985009211023787
                        ],
                        [
                            0.031585693359375,
                            10.983155528785064
                        ],
                        [
                            0.0336456298828125,
                            10.978437012388598
                        ],
                        [
                            0.0274658203125,
                            10.976751809690821
                        ],
                        [
                            0.02197265625,
                            10.975909204736666
                        ],
                        [
                            0.018711090087890625,
                            10.97338137545531
                        ],
                        [
                            0.0157928466796875,
                            10.970347951773446
                        ],
                        [
                            0.01373291015625,
                            10.970853524549222
                        ],
                        [
                            0.0130462646484375,
                            10.969505328558837
                        ],
                        [
                            0.010128021240234375,
                            10.965966284830309
                        ],
                        [
                            0.008411407470703125,
                            10.96562923083733
                        ],
                        [
                            0.00583648681640625,
                            10.966640391663683
                        ],
                        [
                            -0.0054931640625,
                            10.964281011023713
                        ],
                        [
                            -0.00652313232421875,
                            10.95956219327959
                        ],
                        [
                            -0.004978179931640625,
                            10.959225131989095
                        ],
                        [
                            -0.006008148193359375,
                            10.954000632893342
                        ],
                        [
                            -0.00789642333984375,
                            10.952989428868403
                        ],
                        [
                            -0.007381439208984375,
                            10.94591090400321
                        ],
                        [
                            -0.011844635009765625,
                            10.94371989773879
                        ],
                        [
                            -0.00926971435546875,
                            10.922483151860485
                        ],
                        [
                            -0.006694793701171875,
                            10.919112100042435
                        ],
                        [
                            -0.008754730224609375,
                            10.915741009961256
                        ],
                        [
                            -0.008068084716796875,
                            10.91371833755091
                        ],
                        [
                            -0.0144195556640625,
                            10.90613319340842
                        ],
                        [
                            -0.0164794921875,
                            10.892985151950407
                        ],
                        [
                            -0.024719238281363687,
                            10.880847982905198
                        ],
                        [
                            -0.0254058837890625,
                            10.868035990515247
                        ],
                        [
                            -0.028839111328125,
                            10.854886268472459
                        ],
                        [
                            -0.0240325927734375,
                            10.833305983642491
                        ],
                        [
                            -0.020599365234375,
                            10.819817515515387
                        ],
                        [
                            -0.04119873046875,
                            10.800932640687549
                        ],
                        [
                            -0.064544677734375,
                            10.774626729292933
                        ],
                        [
                            -0.0734710693359375,
                            10.767881253339015
                        ],
                        [
                            -0.07209777832042619,
                            10.736850120022627
                        ],
                        [
                            -0.072784423828125,
                            10.71930937343816
                        ],
                        [
                            -0.0899505615234375,
                            10.713912016045523
                        ],
                        [
                            -0.075531005859375,
                            10.6822006000841
                        ],
                        [
                            -0.05905151367198869,
                            10.632940136988802
                        ],
                        [
                            -0.0164794921875,
                            10.624841764608254
                        ],
                        [
                            -0.01373291015625,
                            10.616068285545188
                        ],
                        [
                            0.042572021484375,
                            10.600545359681696
                        ],
                        [
                            0.05767822265625,
                            10.582996756583686
                        ],
                        [
                            0.0624847412109375,
                            10.56072208353705
                        ],
                        [
                            0.119476318359375,
                            10.542496149969237
                        ],
                        [
                            0.1277160644530113,
                            10.528994762650957
                        ],
                        [
                            0.14556884765625,
                            10.523594042104941
                        ],
                        [
                            0.155181884765625,
                            10.47430810424045
                        ],
                        [
                            0.155181884765625,
                            10.464855109617483
                        ],
                        [
                            0.171661376953125,
                            10.447298784079655
                        ],
                        [
                            0.16754150390625,
                            10.43919552993234
                        ],
                        [
                            0.1723480224609375,
                            10.425014327184186
                        ],
                        [
                            0.18951416015625,
                            10.414884501204682
                        ],
                        [
                            0.1908874511717613,
                            10.4034036338225
                        ],
                        [
                            0.20599365234375,
                            10.404754346034307
                        ],
                        [
                            0.20599365234375,
                            10.419611794313038
                        ],
                        [
                            0.21697998046875,
                            10.423663702751158
                        ],
                        [
                            0.23895263671875,
                            10.414884501204682
                        ],
                        [
                            0.2506256103515625,
                            10.414209167764772
                        ],
                        [
                            0.267791748046875,
                            10.409481792727005
                        ],
                        [
                            0.2725982666014488,
                            10.418936471116536
                        ],
                        [
                            0.2863311767578125,
                            10.420962436314879
                        ],
                        [
                            0.2986907958983238,
                            10.40745575291668
                        ],
                        [
                            0.300750732421875,
                            10.39327310593904
                        ],
                        [
                            0.2931976318359375,
                            10.378414404173913
                        ],
                        [
                            0.3137969970703125,
                            10.365581321019082
                        ],
                        [
                            0.3179168701171875,
                            10.337211588171092
                        ],
                        [
                            0.3343963623046875,
                            10.33586058454231
                        ],
                        [
                            0.3172302246092613,
                            10.310865970226073
                        ],
                        [
                            0.35430908203125,
                            10.311541526447186
                        ],
                        [
                            0.3948211669921875,
                            10.313568186415065
                        ],
                        [
                            0.3975677490234375,
                            10.306137036108558
                        ],
                        [
                            0.3701019287109375,
                            10.281815683073859
                        ],
                        [
                            0.3810882568359375,
                            10.273708148970899
                        ],
                        [
                            0.363922119140625,
                            10.264249096368573
                        ],
                        [
                            0.3549957275390625,
                            10.206813072484595
                        ],
                        [
                            0.3536224365234375,
                            10.17099477058418
                        ],
                        [
                            0.363922119140625,
                            10.137876162180557
                        ],
                        [
                            0.350189208984375,
                            10.106106116928428
                        ],
                        [
                            0.3646087646483238,
                            10.084473650421396
                        ],
                        [
                            0.394134521484375,
                            10.079065306698537
                        ],
                        [
                            0.4167938232421875,
                            10.063515813179098
                        ],
                        [
                            0.4126739501953125,
                            10.020243719192832
                        ],
                        [
                            0.362548828125,
                            10.033766870069249
                        ],
                        [
                            0.35980224609375,
                            9.998605505008365
                        ],
                        [
                            0.366668701171875,
                            9.968174329301792
                        ],
                        [
                            0.384521484375,
                            9.949914259696394
                        ],
                        [
                            0.3865814208984375,
                            9.937063968975368
                        ],
                        [
                            0.3591156005859375,
                            9.926918645909456
                        ],
                        [
                            0.350189208984375,
                            9.90324500326577
                        ],
                        [
                            0.3577423095703125,
                            9.851833503938185
                        ],
                        [
                            0.3412628173828125,
                            9.815976003248139
                        ],
                        [
                            0.3302764892576988,
                            9.790941105980911
                        ],
                        [
                            0.336456298828125,
                            9.775377920756757
                        ],
                        [
                            0.3275299072265625,
                            9.770641154544265
                        ],
                        [
                            0.32135009765625,
                            9.725300127953927
                        ],
                        [
                            0.3398895263671875,
                            9.721239437055331
                        ],
                        [
                            0.3520840186757539,
                            9.691877572524886
                        ],
                        [
                            0.3511253287829277,
                            9.672301763763187
                        ],
                        [
                            0.3661661845050901,
                            9.651512710829296
                        ],
                        [
                            0.3594963465673544,
                            9.622389643388132
                        ],
                        [
                            0.37036447209149514,
                            9.612377529425771
                        ],
                        [
                            0.3815159270484969,
                            9.584922566369116
                        ],
                        [
                            0.3460693359373863,
                            9.575021882542638
                        ],
                        [
                            0.3234100341796875,
                            9.579084335882534
                        ],
                        [
                            0.2698516845701988,
                            9.569605202508594
                        ],
                        [
                            0.24169921875,
                            9.576376039055797
                        ],
                        [
                            0.23345947265625,
                            9.538457618319674
                        ],
                        [
                            0.2513122558592613,
                            9.518819634862778
                        ],
                        [
                            0.281524658203125,
                            9.524237122440443
                        ],
                        [
                            0.3096771240234375,
                            9.51272485867024
                        ],
                        [
                            0.3076171875,
                            9.499180522706906
                        ],
                        [
                            0.2767181396484375,
                            9.4842811343613
                        ],
                        [
                            0.26092529296875,
                            9.476153922371239
                        ],
                        [
                            0.229339599609375,
                            9.484958393336216
                        ],
                        [
                            0.230712890625,
                            9.462608141517805
                        ],
                        [
                            0.2519989013671875,
                            9.434837622834896
                        ],
                        [
                            0.2794647216796875,
                            9.427386615032363
                        ],
                        [
                            0.3179168701171875,
                            9.447029833692698
                        ],
                        [
                            0.33782958984375,
                            9.452448455542408
                        ],
                        [
                            0.347442626953125,
                            9.474799368327114
                        ],
                        [
                            0.3460693359373863,
                            9.489699168705691
                        ],
                        [
                            0.358428955078125,
                            9.497148826084286
                        ],
                        [
                            0.3907012939453125,
                            9.493762638264792
                        ],
                        [
                            0.416107177734375,
                            9.500534980425044
                        ],
                        [
                            0.4497528076171875,
                            9.49511711740931
                        ],
                        [
                            0.484771728515625,
                            9.488344668146576
                        ],
                        [
                            0.5019378662109375,
                            9.472090244206223
                        ],
                        [
                            0.49713134765625,
                            9.451093808076601
                        ],
                        [
                            0.5074310302734375,
                            9.436869687932754
                        ],
                        [
                            0.520477294921875,
                            9.436869687932754
                        ],
                        [
                            0.55206298828125,
                            9.422644980835543
                        ],
                        [
                            0.5657958984375,
                            9.405710041600022
                        ],
                        [
                            0.545196533203125,
                            9.341349722426134
                        ],
                        [
                            0.5568695068359375,
                            9.308826296084192
                        ],
                        [
                            0.5403900146484375,
                            9.304760654787902
                        ],
                        [
                            0.5060577392578125,
                            9.255969278048351
                        ],
                        [
                            0.5328369140623863,
                            9.207171129195654
                        ],
                        [
                            0.5088043212890625,
                            9.159722024656395
                        ],
                        [
                            0.4799652099609375,
                            9.146841887238088
                        ],
                        [
                            0.4854583740233238,
                            9.100062735102263
                        ],
                        [
                            0.45867919921875,
                            9.07226352747096
                        ],
                        [
                            0.457305908203125,
                            9.039037259473996
                        ],
                        [
                            0.4689788818359375,
                            9.005129744450642
                        ],
                        [
                            0.4950714111328125,
                            8.951549393099837
                        ],
                        [
                            0.516357421875,
                            8.93730518495303
                        ],
                        [
                            0.5101776123046875,
                            8.915598654293941
                        ],
                        [
                            0.5252838134765625,
                            8.876252281225671
                        ],
                        [
                            0.516357421875,
                            8.861326689929978
                        ],
                        [
                            0.517730712890625,
                            8.853185202744987
                        ],
                        [
                            0.498504638671875,
                            8.836901687944978
                        ],
                        [
                            0.498504638671875,
                            8.8158677499556
                        ],
                        [
                            0.4868316650390625,
                            8.798904024226378
                        ],
                        [
                            0.468292236328125,
                            8.794154041638729
                        ],
                        [
                            0.4559326171875,
                            8.811117985203378
                        ],
                        [
                            0.4305267333983238,
                            8.794832614310419
                        ],
                        [
                            0.439453125,
                            8.788725415514568
                        ],
                        [
                            0.4264068603515625,
                            8.781260924757706
                        ],
                        [
                            0.4195404052734375,
                            8.79008257950273
                        ],
                        [
                            0.3797149658203125,
                            8.79076115963277
                        ],
                        [
                            0.38177490234375,
                            8.771081831652914
                        ],
                        [
                            0.399627685546875,
                            8.761581093002746
                        ],
                        [
                            0.3755950927734375,
                            8.755473347064394
                        ],
                        [
                            0.3831481933592613,
                            8.73647082983753
                        ],
                        [
                            0.471038818359375,
                            8.594600154729617
                        ],
                        [
                            0.49163818359375,
                            8.594600154729617
                        ],
                        [
                            0.50537109375,
                            8.571515669286475
                        ],
                        [
                            0.5225372314451988,
                            8.563367868922992
                        ],
                        [
                            0.5307769775390625,
                            8.568120773682582
                        ],
                        [
                            0.54107666015625,
                            8.553861881323066
                        ],
                        [
                            0.5664825439453125,
                            8.542997605026342
                        ],
                        [
                            0.5733489990234375,
                            8.526021553917841
                        ],
                        [
                            0.5898284912109375,
                            8.521268124414094
                        ],
                        [
                            0.6282806396484375,
                            8.509723835399154
                        ],
                        [
                            0.6296539306640625,
                            8.49614187335958
                        ],
                        [
                            0.6461334228514488,
                            8.491388072978754
                        ],
                        [
                            0.65093994140625,
                            8.463543203534632
                        ],
                        [
                            0.6536865234375,
                            8.424149462643895
                        ],
                        [
                            0.685272216796875,
                            8.409885221474008
                        ],
                        [
                            0.696258544921875,
                            8.395620455263652
                        ],
                        [
                            0.70587158203125,
                            8.39426187874921
                        ],
                        [
                            0.7010650634765625,
                            8.386789622967713
                        ],
                        [
                            0.7120513916015625,
                            8.384751710086855
                        ],
                        [
                            0.7120513916015625,
                            8.35418173620506
                        ],
                        [
                            0.718231201171875,
                            8.348067453709643
                        ],
                        [
                            0.718231201171875,
                            8.341273694199122
                        ],
                        [
                            0.7305908203125,
                            8.34263245555328
                        ],
                        [
                            0.7305908203125,
                            8.286919373892305
                        ],
                        [
                            0.71136474609375,
                            8.289637268700774
                        ],
                        [
                            0.68389892578125,
                            8.275368111531822
                        ],
                        [
                            0.6818389892578125,
                            8.263136993960478
                        ],
                        [
                            0.6722259521484375,
                            8.258380345800186
                        ],
                        [
                            0.6365203857421875,
                            8.259059870475873
                        ],
                        [
                            0.6378936767578125,
                            8.247507791970772
                        ],
                        [
                            0.6255340576171875,
                            8.235955375848445
                        ],
                        [
                            0.6241607666015625,
                            8.220325099822952
                        ],
                        [
                            0.6049346923828125,
                            8.21420873710816
                        ],
                        [
                            0.5884552001953125,
                            8.201975728982468
                        ],
                        [
                            0.600128173828125,
                            8.185664465951138
                        ],
                        [
                            0.613861083984375,
                            8.185664465951138
                        ],
                        [
                            0.61248779296875,
                            8.174789919410912
                        ],
                        [
                            0.6063079833984375,
                            8.172071236432545
                        ],
                        [
                            0.6090545654296875,
                            8.140805052181381
                        ],
                        [
                            0.594635009765625,
                            8.138086138067298
                        ],
                        [
                            0.5912017822265625,
                            8.103418367881105
                        ],
                        [
                            0.5843353271484375,
                            8.102058786536976
                        ],
                        [
                            0.605621337890625,
                            7.993957436359008
                        ],
                        [
                            0.5960083007811363,
                            7.985797676445874
                        ],
                        [
                            0.62347412109375,
                            7.866102552589316
                        ],
                        [
                            0.61798095703125,
                            7.7994391205004225
                        ],
                        [
                            0.6330871582030113,
                            7.768144452028487
                        ],
                        [
                            0.615234375,
                            7.750455129045224
                        ],
                        [
                            0.624847412109375,
                            7.7082699006796815
                        ],
                        [
                            0.59051513671875,
                            7.6973827067235465
                        ],
                        [
                            0.5877685546875,
                            7.618442212274373
                        ],
                        [
                            0.520477294921875,
                            7.595301717200048
                        ],
                        [
                            0.528717041015625,
                            7.47958062149775
                        ],
                        [
                            0.5218505859375,
                            7.4537093393381415
                        ],
                        [
                            0.5712890625,
                            7.391067284066375
                        ],
                        [
                            0.61798095703125,
                            7.406047717076271
                        ],
                        [
                            0.644073486328125,
                            7.393791036980679
                        ],
                        [
                            0.65643310546875,
                            7.310709042647455
                        ],
                        [
                            0.6303405761717613,
                            7.20172564595797
                        ],
                        [
                            0.5960083007811363,
                            7.114520045511842
                        ],
                        [
                            0.6128311157226562,
                            7.10259611283154
                        ],
                        [
                            0.5990982055664062,
                            7.062733867690454
                        ],
                        [
                            0.604248046875,
                            7.026616387569721
                        ],
                        [
                            0.594635009765625,
                            7.00140063335305
                        ],
                        [
                            0.5548095703125,
                            6.993222257973445
                        ],
                        [
                            0.517730712890625,
                            6.972775693390873
                        ],
                        [
                            0.52734375,
                            6.942785785094588
                        ],
                        [
                            0.5644226074217613,
                            6.923700302184781
                        ],
                        [
                            0.558929443359375,
                            6.888253787244411
                        ],
                        [
                            0.539703369140625,
                            6.874619806083099
                        ],
                        [
                            0.545196533203125,
                            6.859621975047315
                        ],
                        [
                            0.534210205078125,
                            6.858258512427753
                        ],
                        [
                            0.536956787109375,
                            6.829624897122784
                        ],
                        [
                            0.560302734375,
                            6.82826134882511
                        ],
                        [
                            0.5767822265625,
                            6.8050804338725115
                        ],
                        [
                            0.5709457397460938,
                            6.800648660813861
                        ],
                        [
                            0.5668258666992188,
                            6.7829211600411945
                        ],
                        [
                            0.5791854858398438,
                            6.775079941885627
                        ],
                        [
                            0.5733489990234375,
                            6.7737162387535
                        ],
                        [
                            0.5812454223632812,
                            6.7617836719808135
                        ],
                        [
                            0.600128173828125,
                            6.756328686143602
                        ],
                        [
                            0.6090545654296875,
                            6.746100421898313
                        ],
                        [
                            0.6207275390625,
                            6.75496493006856
                        ],
                        [
                            0.648193359375,
                            6.738258606353293
                        ],
                        [
                            0.65093994140625,
                            6.6741555464614395
                        ],
                        [
                            0.6330871582030113,
                            6.642782900356179
                        ],
                        [
                            0.65643310546875,
                            6.6086799291228076
                        ],
                        [
                            0.671539306640625,
                            6.6114082535287215
                        ],
                        [
                            0.696258544921875,
                            6.599130675207247
                        ],
                        [
                            0.6880187988280113,
                            6.5909454538633145
                        ],
                        [
                            0.734710693359375,
                            6.5895812371657
                        ],
                        [
                            0.7470703125,
                            6.563660407838105
                        ],
                        [
                            0.715484619140625,
                            6.528187613695336
                        ],
                        [
                            0.7223510742186363,
                            6.492712306196848
                        ],
                        [
                            0.745697021484375,
                            6.477702768909363
                        ],
                        [
                            0.758056640625,
                            6.442223907855765
                        ],
                        [
                            0.7827758789061363,
                            6.43403612558649
                        ],
                        [
                            0.786895751953125,
                            6.4162954782289034
                        ],
                        [
                            0.836334228515625,
                            6.395824732995197
                        ],
                        [
                            0.87615966796875,
                            6.361705003612828
                        ],
                        [
                            0.891265869140625,
                            6.334407588395717
                        ],
                        [
                            0.9986110070883285,
                            6.334010396908481
                        ],
                        [
                            1.018101352965516,
                            6.277454837394654
                        ],
                        [
                            1.0363478850131003,
                            6.237475257314747
                        ],
                        [
                            1.058603010042873,
                            6.223886222758423
                        ],
                        [
                            1.0822343653906756,
                            6.190359176068627
                        ],
                        [
                            1.0855279685180506,
                            6.166661327920157
                        ],
                        [
                            1.19824001330133,
                            6.166138482076528
                        ],
                        [
                            1.199895773098035,
                            6.107565801288768
                        ],
                        [
                            1.20025634765625,
                            6.105052896455727
                        ],
                        [
                            1.2359619140625,
                            6.110514878562125
                        ],
                        [
                            1.34307861328125,
                            6.151477964207555
                        ],
                        [
                            1.61773681640625,
                            6.225203550938972
                        ],
                        [
                            1.631813049316406,
                            6.233394646324962
                        ],
                        [
                            1.6307830810546875,
                            6.2361249830392875
                        ],
                        [
                            1.658935546875,
                            6.2473874716363795
                        ],
                        [
                            1.6761016845703125,
                            6.252847984958681
                        ],
                        [
                            1.6956710815429688,
                            6.261721197473609
                        ],
                        [
                            1.753692626953125,
                            6.273324401686734
                        ],
                        [
                            1.7842483520507812,
                            6.278102116604305
                        ],
                        [
                            1.8024444580078125,
                            6.280832219738084
                        ],
                        [
                            1.7900848388671875,
                            6.308132462593773
                        ],
                        [
                            1.7976379394531248,
                            6.326900545838889
                        ],
                        [
                            1.78253173828125,
                            6.347032822761896
                        ],
                        [
                            1.7821884155273438,
                            6.385930245405554
                        ],
                        [
                            1.759185791015625,
                            6.409813164433628
                        ],
                        [
                            1.7753219604492188,
                            6.42721287289345
                        ],
                        [
                            1.7540359497070312,
                            6.447682355981662
                        ],
                        [
                            1.734466552734375,
                            6.487254344358068
                        ],
                        [
                            1.6980743408203123,
                            6.504310278580456
                        ],
                        [
                            1.698760986328125,
                            6.521365633956204
                        ],
                        [
                            1.69189453125,
                            6.550699486838195
                        ],
                        [
                            1.6754150390624998,
                            6.564342552236089
                        ],
                        [
                            1.6534423828125,
                            6.5752567354397025
                        ],
                        [
                            1.6149902343749998,
                            6.616182785001683
                        ],
                        [
                            1.60400390625,
                            6.6441469701177525
                        ],
                        [
                            1.6184234619140625,
                            6.653013331326967
                        ],
                        [
                            1.597137451171875,
                            6.671427569937014
                        ],
                        [
                            1.5765380859375,
                            6.688477173722685
                        ],
                        [
                            1.5902709960937498,
                            6.706890077528039
                        ],
                        [
                            1.5964508056640625,
                            6.733485265230401
                        ],
                        [
                            1.5978240966796873,
                            6.723938442162685
                        ],
                        [
                            1.613616943359375,
                            6.735530988605575
                        ],
                        [
                            1.621856689453125,
                            6.738258606353293
                        ],
                        [
                            1.619110107421875,
                            6.7539421104890875
                        ],
                        [
                            1.6239166259765625,
                            6.7634883424290635
                        ],
                        [
                            1.6088104248046875,
                            6.773034385741664
                        ],
                        [
                            1.61224365234375,
                            6.791444078484329
                        ],
                        [
                            1.5937042236328125,
                            6.8050804338725115
                        ],
                        [
                            1.6115570068359375,
                            6.824852461082603
                        ],
                        [
                            1.5998840332031248,
                            6.833033750862032
                        ],
                        [
                            1.5964508056640625,
                            6.87666492821222
                        ],
                        [
                            1.6033172607421875,
                            6.888935476020927
                        ],
                        [
                            1.6019439697265625,
                            6.904614047238085
                        ],
                        [
                            1.5827178955078123,
                            6.916883871079278
                        ],
                        [
                            1.5744781494140625,
                            6.946875430788496
                        ],
                        [
                            1.5634918212890625,
                            6.972775693390873
                        ],
                        [
                            1.5579986572265625,
                            6.995266865249603
                        ],
                        [
                            1.6417694091796875,
                            6.995948399019012
                        ],
                        [
                            1.641082763671875,
                            7.440773124769176
                        ],
                        [
                            1.654815673828125,
                            7.533360741154155
                        ],
                        [
                            1.6500091552734375,
                            7.579647145954003
                        ],
                        [
                            1.641082763671875,
                            7.635456484915743
                        ],
                        [
                            1.638336181640625,
                            7.762021309064894
                        ],
                        [
                            1.6458892822265625,
                            7.7783494918978935
                        ],
                        [
                            1.638336181640625,
                            7.853178844138427
                        ],
                        [
                            1.6355895996093748,
                            8.173430580237778
                        ],
                        [
                            1.6335296630859375,
                            8.357578518416208
                        ],
                        [
                            1.613616943359375,
                            8.368448022627353
                        ],
                        [
                            1.6239166259765625,
                            8.390865416667367
                        ],
                        [
                            1.6259765625,
                            8.431620998188286
                        ],
                        [
                            1.6314697265625,
                            8.453355552701467
                        ],
                        [
                            1.6500091552734375,
                            8.468976507121637
                        ],
                        [
                            1.6603088378906248,
                            8.49750009121942
                        ],
                        [
                            1.624603271484375,
                            8.55046682824691
                        ],
                        [
                            1.6266632080078125,
                            8.88167961847885
                        ],
                        [
                            1.619110107421875,
                            8.927808736732212
                        ],
                        [
                            1.6225433349609373,
                            8.949514540351778
                        ],
                        [
                            1.6143035888671875,
                            8.97596673745915
                        ],
                        [
                            1.6225433349609373,
                            9.015980495833825
                        ],
                        [
                            1.619110107421875,
                            9.054633645237482
                        ],
                        [
                            1.6101837158203125,
                            9.07090741341433
                        ],
                        [
                            1.60400390625,
                            9.102774737363891
                        ],
                        [
                            1.577911376953125,
                            9.135995094088257
                        ],
                        [
                            1.564178466796875,
                            9.174635284692604
                        ],
                        [
                            1.5236663818359375,
                            9.20039307486152
                        ],
                        [
                            1.4934539794921875,
                            9.226148989595172
                        ],
                        [
                            1.4728546142578125,
                            9.262746263901297
                        ],
                        [
                            1.43096923828125,
                            9.299339726202044
                        ],
                        [
                            1.4117431640625,
                            9.337284459988716
                        ],
                        [
                            1.3938903808593748,
                            9.446352499964977
                        ],
                        [
                            1.3897705078125,
                            9.49037641697809
                        ],
                        [
                            1.3767242431640623,
                            9.488344668146576
                        ],
                        [
                            1.360931396484375,
                            9.488344668146576
                        ],
                        [
                            1.349945068359375,
                            9.516110858860797
                        ],
                        [
                            1.3368988037109375,
                            9.54184336329451
                        ],
                        [
                            1.3684844970703125,
                            9.597364774080114
                        ],
                        [
                            1.3671112060546875,
                            9.631891798594312
                        ],
                        [
                            1.3767242431640623,
                            9.652877088976386
                        ],
                        [
                            1.3677978515625,
                            9.657615522114368
                        ],
                        [
                            1.3629913330078125,
                            9.76725770881807
                        ],
                        [
                            1.3739776611328125,
                            9.80176723944146
                        ],
                        [
                            1.3629913330078125,
                            9.823418445809562
                        ],
                        [
                            1.3533782958984375,
                            9.995900626867186
                        ],
                        [
                            1.1020660400390625,
                            10.147338971518469
                        ],
                        [
                            0.9908294677734375,
                            10.225734322414597
                        ],
                        [
                            0.7779693603515625,
                            10.376388162866519
                        ],
                        [
                            0.784149169921875,
                            10.524269137345923
                        ],
                        [
                            0.808868408203125,
                            10.573547092689159
                        ],
                        [
                            0.802001953125,
                            10.685574312521242
                        ],
                        [
                            0.806121826171875,
                            10.72335732832338
                        ],
                        [
                            0.83221435546875,
                            10.751016902876426
                        ],
                        [
                            0.87890625,
                            10.800932640687549
                        ],
                        [
                            0.888519287109375,
                            10.863652814178272
                        ],
                        [
                            0.904998779296875,
                            10.873767739353797
                        ],
                        [
                            0.891265869140625,
                            10.923663010955066
                        ],
                        [
                            0.9170935814556174,
                            10.9964522024045
                        ],
                        [
                            0.655059814453125,
                            10.997142116308444
                        ],
                        [
                            0.5038600017761894,
                            10.926456494280298
                        ],
                        [
                            0.5096673530297551,
                            10.990054588031372
                        ],
                        [
                            0.49840620941463953,
                            10.987897933454994
                        ],
                        [
                            0.5058222954707787,
                            11.013279896083725
                        ],
                        [
                            0.04438302146297701,
                            11.1027531036845
                        ],
                        [
                            -0.14036455002846537,
                            11.139995806496142
                        ]
                    ]
                ]
            },
            "properties": {}
        }
    ]
}