{
    "type": "FeatureCollection",
    "features": [
        {
            "type": "Feature",
            "properties": {},
            "geometry": {
                "type": "Polygon",
                "coordinates": [
                    [
                        [
                            -61.00639343261719,
                            10.851514451625107
                        ],
                        [
                            -61.03385925292969,
                            10.848142596740013
                        ],
                        [
                            -61.07299804687506,
                            10.839375596102927
                        ],
                        [
                            -61.1279296875,
                            10.831957164161318
                        ],
                        [
                            -61.159515380859375,
                            10.82251525771678
                        ],
                        [
                            -61.212387084960994,
                            10.807677375271169
                        ],
                        [
                            -61.27967834472656,
                            10.80565397080638
                        ],
                        [
                            -61.33392333984375,
                            10.809700766095014
                        ],
                        [
                            -61.35246276855469,
                            10.82184082444266
                        ],
                        [
                            -61.37443542480469,
                            10.81644530362555
                        ],
                        [
                            -61.37855529785156,
                            10.800258158896535
                        ],
                        [
                            -61.39503479003906,
                            10.7962112363456
                        ],
                        [
                            -61.42181396484375,
                            10.784070141719273
                        ],
                        [
                            -61.4410400390625,
                            10.780697528442671
                        ],
                        [
                            -61.46026611328125,
                            10.782721100945526
                        ],
                        [
                            -61.47949218750006,
                            10.782721100945526
                        ],
                        [
                            -61.48429870605469,
                            10.765183020662807
                        ],
                        [
                            -61.49116516113281,
                            10.774626729292933
                        ],
                        [
                            -61.49940490722656,
                            10.77057946184975
                        ],
                        [
                            -61.50627136230469,
                            10.780697528442671
                        ],
                        [
                            -61.519317626953125,
                            10.779348472547028
                        ],
                        [
                            -61.51863098144531,
                            10.761135626350834
                        ],
                        [
                            -61.55845642089844,
                            10.760461055348594
                        ],
                        [
                            -61.57493591308594,
                            10.752366085618164
                        ],
                        [
                            -61.60377502441406,
                            10.75911190881616
                        ],
                        [
                            -61.618194580078125,
                            10.74966771410236
                        ],
                        [
                            -61.65252685546875,
                            10.728754517254337
                        ],
                        [
                            -61.6827392578125,
                            10.717960043111294
                        ],
                        [
                            -61.69990539550781,
                            10.705815799595415
                        ],
                        [
                            -61.71363830566412,
                            10.716610706769771
                        ],
                        [
                            -61.744537353515625,
                            10.711887982219153
                        ],
                        [
                            -61.76445007324219,
                            10.701767610250048
                        ],
                        [
                            -61.77337646484375,
                            10.680176354634435
                        ],
                        [
                            -61.763763427734375,
                            10.664656691613153
                        ],
                        [
                            -61.742477416992244,
                            10.666681040405237
                        ],
                        [
                            -61.71363830566412,
                            10.674103537369739
                        ],
                        [
                            -61.689605712890625,
                            10.669380151172223
                        ],
                        [
                            -61.67999267578125,
                            10.661957538939191
                        ],
                        [
                            -61.65733337402344,
                            10.647786594787553
                        ],
                        [
                            -61.61476135253906,
                            10.6504858730763
                        ],
                        [
                            -61.590728759765625,
                            10.655884357904977
                        ],
                        [
                            -61.578369140625,
                            10.667355820342438
                        ],
                        [
                            -61.54541015625,
                            10.651160688912094
                        ],
                        [
                            -61.51863098144531,
                            10.628890977650158
                        ],
                        [
                            -61.497344970703125,
                            10.599195502826536
                        ],
                        [
                            -61.4739990234375,
                            10.542496149969237
                        ],
                        [
                            -61.48223876953125,
                            10.518193226989164
                        ],
                        [
                            -61.48567199707031,
                            10.490512566946057
                        ],
                        [
                            -61.50146484375,
                            10.468231212208556
                        ],
                        [
                            -61.5069580078125,
                            10.42163775512
                        ],
                        [
                            -61.50352478027344,
                            10.37503732803859
                        ],
                        [
                            -61.48704528808594,
                            10.356125028535365
                        ],
                        [
                            -61.47743225097656,
                            10.331807538799895
                        ],
                        [
                            -61.4739990234375,
                            10.297354541613823
                        ],
                        [
                            -61.4849853515625,
                            10.267627361917459
                        ],
                        [
                            -61.54335021972656,
                            10.24668153431029
                        ],
                        [
                            -61.58180236816406,
                            10.248032919829418
                        ],
                        [
                            -61.620941162109375,
                            10.26289778004857
                        ],
                        [
                            -61.63330078125006,
                            10.260870794748941
                        ],
                        [
                            -61.65184020996094,
                            10.235194524835748
                        ],
                        [
                            -61.659393310546875,
                            10.21086772082578
                        ],
                        [
                            -61.69029235839844,
                            10.200731003109594
                        ],
                        [
                            -61.70745849609375,
                            10.187214877541987
                        ],
                        [
                            -61.72187805175781,
                            10.169643057799753
                        ],
                        [
                            -61.772003173828125,
                            10.166939615070447
                        ],
                        [
                            -61.835174560546875,
                            10.144635340238578
                        ],
                        [
                            -61.83998107910156,
                            10.12097759343909
                        ],
                        [
                            -61.86126708984375,
                            10.107458097783807
                        ],
                        [
                            -61.91688537597656,
                            10.097994112412433
                        ],
                        [
                            -61.94503784179693,
                            10.07230474944009
                        ],
                        [
                            -61.942291259765625,
                            10.0418804895794
                        ],
                        [
                            -61.91413879394531,
                            10.032414580381667
                        ],
                        [
                            -61.8475341796875,
                            10.055402736564236
                        ],
                        [
                            -61.80908203125,
                            10.077713206587076
                        ],
                        [
                            -61.78504943847656,
                            10.063515813179098
                        ],
                        [
                            -61.75346374511719,
                            10.075008989352337
                        ],
                        [
                            -61.682052612304744,
                            10.071628685919348
                        ],
                        [
                            -61.66282653808594,
                            10.056754930151309
                        ],
                        [
                            -61.63536071777344,
                            10.049317795405157
                        ],
                        [
                            -61.60514831542969,
                            10.052022227840844
                        ],
                        [
                            -61.55982971191406,
                            10.062163647896979
                        ],
                        [
                            -61.50970458984381,
                            10.060811476952429
                        ],
                        [
                            -61.428680419921875,
                            10.063515813179098
                        ],
                        [
                            -61.376495361328125,
                            10.064191893696496
                        ],
                        [
                            -61.31675720214844,
                            10.06960048685615
                        ],
                        [
                            -61.26800537109375,
                            10.07230474944009
                        ],
                        [
                            -61.22337341308594,
                            10.06486797279801
                        ],
                        [
                            -61.19934082031256,
                            10.067572275043391
                        ],
                        [
                            -61.173248291015625,
                            10.06689620160633
                        ],
                        [
                            -61.071624755859375,
                            10.100698136652653
                        ],
                        [
                            -61.049652099609375,
                            10.116921804498109
                        ],
                        [
                            -61.035919189453125,
                            10.132468717070843
                        ],
                        [
                            -61.01188659667969,
                            10.144635340238578
                        ],
                        [
                            -61.01463317871094,
                            10.133820586900628
                        ],
                        [
                            -60.99678039550787,
                            10.129089017558867
                        ],
                        [
                            -60.98442077636719,
                            10.131792780018268
                        ],
                        [
                            -60.98236083984375,
                            10.143283516037895
                        ],
                        [
                            -60.986480712890625,
                            10.16761547789759
                        ],
                        [
                            -60.99163055419922,
                            10.20579940232609
                        ],
                        [
                            -60.99506378173828,
                            10.231815913476678
                        ],
                        [
                            -60.98991394042969,
                            10.27404596704475
                        ],
                        [
                            -60.98098754882818,
                            10.320661393555959
                        ],
                        [
                            -60.96794128417969,
                            10.321674695810518
                        ],
                        [
                            -60.963134765625,
                            10.332483050053943
                        ],
                        [
                            -60.960044860839844,
                            10.34295328876063
                        ],
                        [
                            -60.985107421875,
                            10.348694884341276
                        ],
                        [
                            -60.994720458984375,
                            10.361528659180635
                        ],
                        [
                            -61.00776672363281,
                            10.39327310593904
                        ],
                        [
                            -61.02287292480469,
                            10.440546086957772
                        ],
                        [
                            -61.03248596191406,
                            10.478359299402134
                        ],
                        [
                            -61.03179931640625,
                            10.506041047447962
                        ],
                        [
                            -61.019439697265625,
                            10.51481766953869
                        ],
                        [
                            -61.002960205078125,
                            10.520893646365389
                        ],
                        [
                            -61.01463317871094,
                            10.563422129963456
                        ],
                        [
                            -61.0125732421875,
                            10.585021646686442
                        ],
                        [
                            -61.03111267089844,
                            10.669380151172223
                        ],
                        [
                            -61.024932861328125,
                            10.690972174450241
                        ],
                        [
                            -60.99952697753906,
                            10.699068787321808
                        ],
                        [
                            -60.98167419433594,
                            10.709189249411077
                        ],
                        [
                            -60.96931457519531,
                            10.72807987390491
                        ],
                        [
                            -60.93910217285156,
                            10.759786482837015
                        ],
                        [
                            -60.93086242675781,
                            10.794187754628206
                        ],
                        [
                            -60.90339660644531,
                            10.80565397080638
                        ],
                        [
                            -60.90339660644531,
                            10.824538548432923
                        ],
                        [
                            -60.89996337890625,
                            10.84139877290165
                        ],
                        [
                            -60.91575622558594,
                            10.84477070382845
                        ],
                        [
                            -60.94184875488281,
                            10.850165714234954
                        ],
                        [
                            -60.98854064941406,
                            10.842747549833478
                        ],
                        [
                            -61.00639343261719,
                            10.851514451625107
                        ]
                    ]
                ]
            }
        },
        {
            "type": "Feature",
            "properties": {},
            "geometry": {
                "type": "Polygon",
                "coordinates": [
                    [
                        [
                            -60.52471160888672,
                            11.36442900249727
                        ],
                        [
                            -60.53363800048828,
                            11.359043488208044
                        ],
                        [
                            -60.53638458251959,
                            11.355340888140114
                        ],
                        [
                            -60.53140640258789,
                            11.350291810610935
                        ],
                        [
                            -60.53621292114258,
                            11.34877706993394
                        ],
                        [
                            -60.54462432861328,
                            11.343727876301832
                        ],
                        [
                            -60.552520751953125,
                            11.342381409588913
                        ],
                        [
                            -60.56007385253912,
                            11.34069831727218
                        ],
                        [
                            -60.55818557739258,
                            11.331946077410558
                        ],
                        [
                            -60.55440902709961,
                            11.329926291693424
                        ],
                        [
                            -60.55269241333008,
                            11.325045083984055
                        ],
                        [
                            -60.56007385253912,
                            11.323361889599202
                        ],
                        [
                            -60.567626953125,
                            11.32083707945678
                        ],
                        [
                            -60.570716857910156,
                            11.328411443043237
                        ],
                        [
                            -60.578269958496094,
                            11.332451021610474
                        ],
                        [
                            -60.587711334228516,
                            11.332787650581631
                        ],
                        [
                            -60.60110092163086,
                            11.326896586369324
                        ],
                        [
                            -60.6141471862793,
                            11.326391632361812
                        ],
                        [
                            -60.630455017089844,
                            11.31511409401132
                        ],
                        [
                            -60.6361198425293,
                            11.307034390429994
                        ],
                        [
                            -60.646934509277344,
                            11.308044365839864
                        ],
                        [
                            -60.654144287109375,
                            11.302826121242541
                        ],
                        [
                            -60.672855377197266,
                            11.301311129210418
                        ],
                        [
                            -60.675773620605526,
                            11.29541941743728
                        ],
                        [
                            -60.68967819213867,
                            11.293567711598863
                        ],
                        [
                            -60.700321197509766,
                            11.287507499851202
                        ],
                        [
                            -60.702037811279354,
                            11.278080249522125
                        ],
                        [
                            -60.746498107910156,
                            11.252322078469204
                        ],
                        [
                            -60.76211929321289,
                            11.238684466559969
                        ],
                        [
                            -60.77688217163086,
                            11.229087241834662
                        ],
                        [
                            -60.78306198120117,
                            11.221847018980624
                        ],
                        [
                            -60.782375335693416,
                            11.213933079387937
                        ],
                        [
                            -60.800228118896484,
                            11.200293653701417
                        ],
                        [
                            -60.8012580871582,
                            11.18934797053133
                        ],
                        [
                            -60.81499099731445,
                            11.185474783540519
                        ],
                        [
                            -60.81275939941406,
                            11.176717822126491
                        ],
                        [
                            -60.82563400268555,
                            11.174023319248109
                        ],
                        [
                            -60.83147048950195,
                            11.170655155450742
                        ],
                        [
                            -60.83696365356445,
                            11.177391443934297
                        ],
                        [
                            -60.8452033996582,
                            11.170486746234403
                        ],
                        [
                            -60.843143463134766,
                            11.158024193067472
                        ],
                        [
                            -60.84846496582031,
                            11.155834770384816
                        ],
                        [
                            -60.849151611328125,
                            11.149434824877055
                        ],
                        [
                            -60.845375061035156,
                            11.141518907906374
                        ],
                        [
                            -60.83576202392578,
                            11.142024185639443
                        ],
                        [
                            -60.823917388916016,
                            11.144550561139901
                        ],
                        [
                            -60.8064079284668,
                            11.141013629295724
                        ],
                        [
                            -60.803489685058594,
                            11.133434344853026
                        ],
                        [
                            -60.795249938964844,
                            11.13107630499957
                        ],
                        [
                            -60.782718658447266,
                            11.131413169004915
                        ],
                        [
                            -60.78065872192383,
                            11.136802940084252
                        ],
                        [
                            -60.77430725097656,
                            11.137308226006537
                        ],
                        [
                            -60.768470764160156,
                            11.141182055596769
                        ],
                        [
                            -60.77104568481445,
                            11.147413760177777
                        ],
                        [
                            -60.761775970458984,
                            11.160718844484425
                        ],
                        [
                            -60.74993133544922,
                            11.164592362090968
                        ],
                        [
                            -60.74014663696289,
                            11.175538980197572
                        ],
                        [
                            -60.733795166015625,
                            11.17132879133857
                        ],
                        [
                            -60.72315216064459,
                            11.166613307282862
                        ],
                        [
                            -60.714569091796875,
                            11.166108072303967
                        ],
                        [
                            -60.70838928222656,
                            11.171160382513238
                        ],
                        [
                            -60.69894790649414,
                            11.171497200066147
                        ],
                        [
                            -60.6939697265625,
                            11.18126473895766
                        ],
                        [
                            -60.69173812866211,
                            11.189516368790976
                        ],
                        [
                            -60.684871673583984,
                            11.186990384616893
                        ],
                        [
                            -60.66822052001953,
                            11.188674376513722
                        ],
                        [
                            -60.66650390625006,
                            11.183959174536408
                        ],
                        [
                            -60.655517578125,
                            11.181601544774857
                        ],
                        [
                            -60.64985275268555,
                            11.18109633590231
                        ],
                        [
                            -60.64624786376953,
                            11.18513798222467
                        ],
                        [
                            -60.63749313354492,
                            11.190358358620575
                        ],
                        [
                            -60.62376022338867,
                            11.202987912225876
                        ],
                        [
                            -60.613460540771484,
                            11.214606614601223
                        ],
                        [
                            -60.60161590576172,
                            11.217974267118294
                        ],
                        [
                            -60.59732437133789,
                            11.213764695339341
                        ],
                        [
                            -60.59062957763672,
                            11.215448531410225
                        ],
                        [
                            -60.59062957763672,
                            11.219321317133744
                        ],
                        [
                            -60.59183120727539,
                            11.226056472968981
                        ],
                        [
                            -60.58977127075195,
                            11.23531705565105
                        ],
                        [
                            -60.5756950378418,
                            11.242556940487976
                        ],
                        [
                            -60.567283630371094,
                            11.241546734913054
                        ],
                        [
                            -60.561790466308594,
                            11.236158912064461
                        ],
                        [
                            -60.55509567260742,
                            11.23498031239768
                        ],
                        [
                            -60.55269241333008,
                            11.239863051087932
                        ],
                        [
                            -60.54960250854492,
                            11.245587535968646
                        ],
                        [
                            -60.549259185791016,
                            11.25299552405909
                        ],
                        [
                            -60.54994583129883,
                            11.260908391744113
                        ],
                        [
                            -60.547027587890625,
                            11.257204523310325
                        ],
                        [
                            -60.54170608520508,
                            11.254679131143305
                        ],
                        [
                            -60.53621292114258,
                            11.25299552405909
                        ],
                        [
                            -60.5320930480957,
                            11.25552093099373
                        ],
                        [
                            -60.52814483642578,
                            11.264443858049786
                        ],
                        [
                            -60.52419662475586,
                            11.26764257583837
                        ],
                        [
                            -60.52299499511719,
                            11.273534857570837
                        ],
                        [
                            -60.524024963378906,
                            11.278248595991373
                        ],
                        [
                            -60.52145004272461,
                            11.282625569563946
                        ],
                        [
                            -60.5207633972168,
                            11.289695924410916
                        ],
                        [
                            -60.5231666564942,
                            11.293736048987144
                        ],
                        [
                            -60.52797317504883,
                            11.296092762051426
                        ],
                        [
                            -60.53020477294922,
                            11.299122793253288
                        ],
                        [
                            -60.52591323852539,
                            11.302994453196337
                        ],
                        [
                            -60.521793365478516,
                            11.307371049295488
                        ],
                        [
                            -60.52042007446289,
                            11.303162785051294
                        ],
                        [
                            -60.522823333740234,
                            11.299291127381386
                        ],
                        [
                            -60.5207633972168,
                            11.296429433765764
                        ],
                        [
                            -60.51595687866211,
                            11.297439446537688
                        ],
                        [
                            -60.51338195800781,
                            11.301311129210418
                        ],
                        [
                            -60.51492691040039,
                            11.30652940139016
                        ],
                        [
                            -60.508747100830135,
                            11.301142796268222
                        ],
                        [
                            -60.51115036010742,
                            11.296429433765764
                        ],
                        [
                            -60.509090423583984,
                            11.293399374111818
                        ],
                        [
                            -60.503597259521484,
                            11.291210977792835
                        ],
                        [
                            -60.497074127197266,
                            11.29205267065991
                        ],
                        [
                            -60.491065979003906,
                            11.293231036526011
                        ],
                        [
                            -60.49003601074219,
                            11.297439446537688
                        ],
                        [
                            -60.49346923828125,
                            11.300637796848623
                        ],
                        [
                            -60.493812561035156,
                            11.304509436332207
                        ],
                        [
                            -60.4987907409668,
                            11.30652940139016
                        ],
                        [
                            -60.501708984375,
                            11.308886009295291
                        ],
                        [
                            -60.495529174804744,
                            11.31124259781671
                        ],
                        [
                            -60.495529174804744,
                            11.314777444245978
                        ],
                        [
                            -60.50445556640625,
                            11.314945769178125
                        ],
                        [
                            -60.50651550292969,
                            11.31208423187604
                        ],
                        [
                            -60.5097770690918,
                            11.309390994181804
                        ],
                        [
                            -60.515270233154354,
                            11.312252558391151
                        ],
                        [
                            -60.516815185546875,
                            11.315955716693056
                        ],
                        [
                            -60.515270233154354,
                            11.321510364339522
                        ],
                        [
                            -60.51424026489258,
                            11.328579759956176
                        ],
                        [
                            -60.51647186279297,
                            11.334639102837388
                        ],
                        [
                            -60.51664352416998,
                            11.339520146750365
                        ],
                        [
                            -60.52213668823242,
                            11.339856767395224
                        ],
                        [
                            -60.52539825439453,
                            11.344232799682663
                        ],
                        [
                            -60.527286529541016,
                            11.350460114634423
                        ],
                        [
                            -60.51664352416998,
                            11.354331079781334
                        ],
                        [
                            -60.51097869873047,
                            11.35752879398917
                        ],
                        [
                            -60.51046371459961,
                            11.361736258067445
                        ],
                        [
                            -60.51595687866211,
                            11.362072852511977
                        ],
                        [
                            -60.522823333740234,
                            11.360389876316086
                        ],
                        [
                            -60.52471160888672,
                            11.36442900249727
                        ]
                    ]
                ]
            }
        }
    ]
}