{
    "type": "FeatureCollection",
    "features": [
        {
            "type": "Feature",
            "geometry": {
                "type": "Polygon",
                "coordinates": [
                    [
                        [
                            58.62442016601562,
                            42.79842367778193
                        ],
                        [
                            58.62030029296875,
                            42.75306280054229
                        ],
                        [
                            58.64227294921875,
                            42.736926481692684
                        ],
                        [
                            58.62579345703125,
                            42.72482148625276
                        ],
                        [
                            58.59970092773437,
                            42.72784795659619
                        ],
                        [
                            58.58734130859375,
                            42.717759147911806
                        ],
                        [
                            58.60794067382812,
                            42.70262285884388
                        ],
                        [
                            58.59832763671875,
                            42.66931003040665
                        ],
                        [
                            58.57772827148437,
                            42.656181890253855
                        ],
                        [
                            58.55438232421874,
                            42.66022161324799
                        ],
                        [
                            58.478851318359375,
                            42.65315192577889
                        ],
                        [
                            58.43765258789062,
                            42.66325123326264
                        ],
                        [
                            58.316802978515625,
                            42.6895017559477
                        ],
                        [
                            58.270111083984375,
                            42.68647341541784
                        ],
                        [
                            58.20419311523438,
                            42.65921170710379
                        ],
                        [
                            58.150634765625,
                            42.63799988907408
                        ],
                        [
                            58.14788818359374,
                            42.61779143282346
                        ],
                        [
                            58.215179443359375,
                            42.5733097370664
                        ],
                        [
                            58.30169677734375,
                            42.55510352893436
                        ],
                        [
                            58.333282470703125,
                            42.495390378152244
                        ],
                        [
                            58.39920043945313,
                            42.40622065620649
                        ],
                        [
                            58.41705322265625,
                            42.36666166373274
                        ],
                        [
                            58.51455688476562,
                            42.32504712815144
                        ],
                        [
                            58.520050048828125,
                            42.30676863078423
                        ],
                        [
                            58.49121093749999,
                            42.2884848246275
                        ],
                        [
                            58.454132080078125,
                            42.29965889253408
                        ],
                        [
                            58.4033203125,
                            42.29458001652551
                        ],
                        [
                            58.41156005859375,
                            42.32301644617188
                        ],
                        [
                            58.379974365234375,
                            42.405206634470666
                        ],
                        [
                            58.34289550781249,
                            42.4417010906216
                        ],
                        [
                            58.292083740234375,
                            42.45386118849115
                        ],
                        [
                            58.212432861328125,
                            42.46905799126156
                        ],
                        [
                            58.17260742187501,
                            42.45690084412248
                        ],
                        [
                            58.121795654296875,
                            42.44372793752476
                        ],
                        [
                            58.10119628906249,
                            42.47007098029904
                        ],
                        [
                            58.06961059570312,
                            42.50146550893477
                        ],
                        [
                            58.02429199218749,
                            42.50247797334869
                        ],
                        [
                            57.981719970703125,
                            42.48526384858916
                        ],
                        [
                            57.96112060546874,
                            42.44474133638783
                        ],
                        [
                            57.94189453125,
                            42.45791402988027
                        ],
                        [
                            57.91580200195313,
                            42.461966608980134
                        ],
                        [
                            57.902069091796875,
                            42.43257946814707
                        ],
                        [
                            57.91442871093749,
                            42.413318349422475
                        ],
                        [
                            57.9473876953125,
                            42.37376383130166
                        ],
                        [
                            57.93914794921876,
                            42.32200108060303
                        ],
                        [
                            57.932281494140625,
                            42.245801966774025
                        ],
                        [
                            57.885589599609375,
                            42.235635122140614
                        ],
                        [
                            57.849884033203125,
                            42.25088477477567
                        ],
                        [
                            57.83615112304687,
                            42.218347726793304
                        ],
                        [
                            57.863616943359375,
                            42.17459965566123
                        ],
                        [
                            57.81005859375,
                            42.17765282939429
                        ],
                        [
                            57.74688720703125,
                            42.180705855725115
                        ],
                        [
                            57.66586303710938,
                            42.14813264235833
                        ],
                        [
                            57.613677978515625,
                            42.16645713841854
                        ],
                        [
                            57.53814697265625,
                            42.17459965566123
                        ],
                        [
                            57.403564453125,
                            42.17052852806085
                        ],
                        [
                            57.286834716796875,
                            42.13183974703906
                        ],
                        [
                            57.223663330078125,
                            42.087012670088214
                        ],
                        [
                            57.1728515625,
                            41.98603585974727
                        ],
                        [
                            57.122039794921875,
                            41.93804121581888
                        ],
                        [
                            57.02728271484375,
                            41.916585116228354
                        ],
                        [
                            56.98883056640624,
                            41.875696393231
                        ],
                        [
                            56.964111328125,
                            41.812267143599804
                        ],
                        [
                            56.97372436523437,
                            41.748775021355044
                        ],
                        [
                            56.97372436523437,
                            41.67496335351134
                        ],
                        [
                            56.99981689453125,
                            41.61338889474735
                        ],
                        [
                            57.02728271484375,
                            41.57025176609894
                        ],
                        [
                            57.02453613281249,
                            41.47154438707647
                        ],
                        [
                            57.0465087890625,
                            41.41801503608024
                        ],
                        [
                            57.08633422851562,
                            41.37165592008984
                        ],
                        [
                            57.13714599609374,
                            41.38608229923676
                        ],
                        [
                            57.16049194335937,
                            41.37886950966323
                        ],
                        [
                            57.144012451171875,
                            41.35104125623227
                        ],
                        [
                            57.102813720703125,
                            41.3376382230811
                        ],
                        [
                            57.06710815429687,
                            41.32320110223851
                        ],
                        [
                            57.0574951171875,
                            41.27780646738183
                        ],
                        [
                            57.030029296875,
                            41.25922682850889
                        ],
                        [
                            56.77459716796874,
                            41.281934557995356
                        ],
                        [
                            56.418914794921875,
                            41.30257109430557
                        ],
                        [
                            56.059112548828125,
                            41.31598134210304
                        ],
                        [
                            55.99883987820792,
                            41.31847714547017
                        ],
                        [
                            55.878602889512024,
                            41.325537325228304
                        ],
                        [
                            55.817413330078125,
                            41.297412572239566
                        ],
                        [
                            55.817413330078125,
                            41.27780646738183
                        ],
                        [
                            55.74188232421875,
                            41.30153942253397
                        ],
                        [
                            55.7281494140625,
                            41.27883851451407
                        ],
                        [
                            55.67047119140625,
                            41.285030454601916
                        ],
                        [
                            55.6182861328125,
                            41.275742324160106
                        ],
                        [
                            55.6072998046875,
                            41.24787000204815
                        ],
                        [
                            55.59082031249994,
                            41.27367811566259
                        ],
                        [
                            55.556488037109375,
                            41.29122180718259
                        ],
                        [
                            55.553741455078125,
                            41.269549502842565
                        ],
                        [
                            55.534515380859375,
                            41.25509730187495
                        ],
                        [
                            55.49606323242182,
                            41.253032440653186
                        ],
                        [
                            55.46585083007807,
                            41.27058168052551
                        ],
                        [
                            55.447998046875,
                            41.27058168052551
                        ],
                        [
                            55.443878173828125,
                            41.292253642159466
                        ],
                        [
                            55.42739868164068,
                            41.283998505385924
                        ],
                        [
                            55.42327880859375,
                            41.29534904916866
                        ],
                        [
                            55.40679931640625,
                            41.29844430929419
                        ],
                        [
                            55.41229248046875,
                            41.31288691435732
                        ],
                        [
                            55.394439697265625,
                            41.32629504031827
                        ],
                        [
                            55.399932861328125,
                            41.33866932357447
                        ],
                        [
                            55.3546142578125,
                            41.357226341046065
                        ],
                        [
                            55.294189453125,
                            41.41286565600375
                        ],
                        [
                            55.133514404296875,
                            41.59285100004952
                        ],
                        [
                            55.111541748046875,
                            41.61441561788573
                        ],
                        [
                            55.08956909179682,
                            41.67598909594535
                        ],
                        [
                            54.9755859375,
                            41.79895948813606
                        ],
                        [
                            54.952239990234375,
                            41.83580468561975
                        ],
                        [
                            54.9481201171875,
                            41.90636538970964
                        ],
                        [
                            54.77233886718756,
                            42.05643057984999
                        ],
                        [
                            54.22027587890619,
                            42.37782185221891
                        ],
                        [
                            53.8824462890625,
                            42.33316920061985
                        ],
                        [
                            53.573455810546875,
                            42.2884848246275
                        ],
                        [
                            52.98431396484375,
                            42.120635949743644
                        ],
                        [
                            52.90878295898432,
                            42.08395512413707
                        ],
                        [
                            52.609405517578125,
                            41.87262868373214
                        ],
                        [
                            52.44049072265619,
                            41.75799552006108
                        ],
                        [
                            52.4652099609375,
                            41.7200805552871
                        ],
                        [
                            52.55310058593749,
                            41.6770148220322
                        ],
                        [
                            52.56134033203125,
                            41.6154423246811
                        ],
                        [
                            52.52563476562499,
                            41.51886045990478
                        ],
                        [
                            52.59979248046874,
                            41.46125371076149
                        ],
                        [
                            52.734375,
                            41.36444153054222
                        ],
                        [
                            52.80303955078125,
                            41.244772343082076
                        ],
                        [
                            52.80029296875,
                            41.1290213474951
                        ],
                        [
                            52.84149169921874,
                            41.071069130806414
                        ],
                        [
                            52.89642333984375,
                            40.97575093157534
                        ],
                        [
                            52.76733398437499,
                            40.734770989672406
                        ],
                        [
                            52.6959228515625,
                            40.5930995321649
                        ],
                        [
                            52.635498046875,
                            40.333983227838104
                        ],
                        [
                            52.679443359375,
                            40.18307014852534
                        ],
                        [
                            52.6849365234375,
                            40.0360265298117
                        ],
                        [
                            52.7508544921875,
                            39.9897471840457
                        ],
                        [
                            52.877197265625,
                            39.85072092501597
                        ],
                        [
                            53.0474853515625,
                            39.690280594818034
                        ],
                        [
                            53.1243896484375,
                            39.67759833072648
                        ],
                        [
                            53.10791015625,
                            39.76210275375139
                        ],
                        [
                            53.06396484374999,
                            39.825413103424786
                        ],
                        [
                            52.9595947265625,
                            39.95185892663005
                        ],
                        [
                            53.031005859375,
                            39.9476478239225
                        ],
                        [
                            53.23974609375,
                            39.930800820752765
                        ],
                        [
                            53.41552734375,
                            39.918162846609455
                        ],
                        [
                            53.316650390625,
                            39.7789912112384
                        ],
                        [
                            53.2342529296875,
                            39.70718665682654
                        ],
                        [
                            53.1793212890625,
                            39.64799732373418
                        ],
                        [
                            53.096923828125,
                            39.52946653645165
                        ],
                        [
                            53.0419921875,
                            39.41922073655956
                        ],
                        [
                            53.10241699218749,
                            39.33854604847979
                        ],
                        [
                            53.162841796875,
                            39.193948213963665
                        ],
                        [
                            53.2342529296875,
                            39.198205348894795
                        ],
                        [
                            53.2342529296875,
                            39.30454987014581
                        ],
                        [
                            53.3001708984375,
                            39.330048552942415
                        ],
                        [
                            53.49243164062499,
                            39.27053717095511
                        ],
                        [
                            53.5693359375,
                            39.15988184949157
                        ],
                        [
                            53.6956787109375,
                            39.027718840211605
                        ],
                        [
                            53.843994140625,
                            38.96368010198575
                        ],
                        [
                            53.94836425781249,
                            38.89958342598271
                        ],
                        [
                            53.82751464843749,
                            38.71123253895224
                        ],
                        [
                            53.78906249999999,
                            38.56105262446978
                        ],
                        [
                            53.81103515625,
                            38.285624966683756
                        ],
                        [
                            53.756103515625,
                            37.94852933714952
                        ],
                        [
                            53.800048828125,
                            37.709899354855125
                        ],
                        [
                            53.86944869102069,
                            37.35596505404909
                        ],
                        [
                            54.24621956814673,
                            37.3194266527404
                        ],
                        [
                            54.28829447368895,
                            37.3540165568359
                        ],
                        [
                            54.38148653014596,
                            37.35808494394894
                        ],
                        [
                            54.5745849609375,
                            37.45741810262938
                        ],
                        [
                            54.680946459507794,
                            37.43626711807527
                        ],
                        [
                            54.78741060843943,
                            37.51568067462618
                        ],
                        [
                            54.81838994120528,
                            37.6091815942286
                        ],
                        [
                            54.788818359375,
                            37.640334898059486
                        ],
                        [
                            54.8712158203125,
                            37.77071473849609
                        ],
                        [
                            54.98487261143049,
                            37.819019104089534
                        ],
                        [
                            55.04500939632601,
                            37.88358336000084
                        ],
                        [
                            55.4534912109375,
                            38.07836562996712
                        ],
                        [
                            55.777587890625,
                            38.12159327165922
                        ],
                        [
                            55.975341796875,
                            38.07836562996712
                        ],
                        [
                            56.3323974609375,
                            38.08268954483802
                        ],
                        [
                            56.3323974609375,
                            38.1777509666256
                        ],
                        [
                            56.4752197265625,
                            38.268375880204744
                        ],
                        [
                            56.75537109375,
                            38.272688535980976
                        ],
                        [
                            57.041015624999886,
                            38.190704293996504
                        ],
                        [
                            57.2003173828125,
                            38.27700093565902
                        ],
                        [
                            57.3760986328125,
                            38.08268954483802
                        ],
                        [
                            57.354125976562386,
                            38.017803980061124
                        ],
                        [
                            57.513427734375,
                            37.92253448828906
                        ],
                        [
                            57.755126953125,
                            37.92253448828906
                        ],
                        [
                            58.07373046875,
                            37.79676317682161
                        ],
                        [
                            58.2110595703125,
                            37.77071473849609
                        ],
                        [
                            58.2550048828125,
                            37.67512527892127
                        ],
                        [
                            58.42529296875,
                            37.644684587165884
                        ],
                        [
                            58.5736083984375,
                            37.69251435532741
                        ],
                        [
                            58.727416992187386,
                            37.65773212628272
                        ],
                        [
                            58.8262939453125,
                            37.69251435532741
                        ],
                        [
                            59.035034179687386,
                            37.63163475580643
                        ],
                        [
                            59.2437744140625,
                            37.50972584293751
                        ],
                        [
                            59.381103515625,
                            37.52715361723378
                        ],
                        [
                            59.3865966796875,
                            37.37015718405753
                        ],
                        [
                            59.501953125,
                            37.19533058280065
                        ],
                        [
                            59.5953369140625,
                            37.12966595484084
                        ],
                        [
                            59.820556640625,
                            37.112145754751516
                        ],
                        [
                            60.0128173828125,
                            37.03763967977139
                        ],
                        [
                            60.3424072265625,
                            36.63316209558658
                        ],
                        [
                            60.787353515624886,
                            36.62875385775956
                        ],
                        [
                            61.1334228515625,
                            36.6551995018735
                        ],
                        [
                            61.1883544921875,
                            36.54936246839778
                        ],
                        [
                            61.138916015625,
                            36.37264499608118
                        ],
                        [
                            61.226806640624886,
                            36.12900165569652
                        ],
                        [
                            61.1279296875,
                            35.964669147704086
                        ],
                        [
                            61.2103271484375,
                            35.93354064249312
                        ],
                        [
                            61.2542724609375,
                            35.81335872633348
                        ],
                        [
                            61.23779296875,
                            35.67068501330236
                        ],
                        [
                            61.27420320683413,
                            35.60424029301216
                        ],
                        [
                            61.29846674216216,
                            35.618113005847
                        ],
                        [
                            61.32191554955327,
                            35.62145033307654
                        ],
                        [
                            61.35773969026022,
                            35.62418197361356
                        ],
                        [
                            61.36697206620507,
                            35.625440490164955
                        ],
                        [
                            61.37564884007477,
                            35.620332961553736
                        ],
                        [
                            61.36758208786565,
                            35.61363477551284
                        ],
                        [
                            61.3748442692735,
                            35.59084041417007
                        ],
                        [
                            61.394479187961835,
                            35.58747859037797
                        ],
                        [
                            61.38366673650139,
                            35.567116698230684
                        ],
                        [
                            61.585044207564664,
                            35.439875875880205
                        ],
                        [
                            61.805648803710945,
                            35.42151066245931
                        ],
                        [
                            62.000656127929695,
                            35.459551379037606
                        ],
                        [
                            62.17369079589844,
                            35.338654049359064
                        ],
                        [
                            62.31101989746093,
                            35.291589484566124
                        ],
                        [
                            62.31101989746093,
                            35.13675607652669
                        ],
                        [
                            62.44834899902344,
                            35.3072807158836
                        ],
                        [
                            62.51152038574219,
                            35.27365292357922
                        ],
                        [
                            62.57469177246094,
                            35.22655055189109
                        ],
                        [
                            62.62687683105469,
                            35.24449753934067
                        ],
                        [
                            62.76145935058594,
                            35.262440555519596
                        ],
                        [
                            62.79716491699219,
                            35.316245767635834
                        ],
                        [
                            62.89329528808594,
                            35.36329598397911
                        ],
                        [
                            63.04161071777344,
                            35.44165210456756
                        ],
                        [
                            63.107528686523445,
                            35.425986973827136
                        ],
                        [
                            63.11851501464844,
                            35.546753306701
                        ],
                        [
                            63.10203552246094,
                            35.55792619233775
                        ],
                        [
                            63.08280944824218,
                            35.62046556900037
                        ],
                        [
                            63.23387145996094,
                            35.68964858696096
                        ],
                        [
                            63.24211120605469,
                            35.71418299132001
                        ],
                        [
                            63.19267272949218,
                            35.725332497303015
                        ],
                        [
                            63.12126159667968,
                            35.78105661888153
                        ],
                        [
                            63.115768432617195,
                            35.827834717743585
                        ],
                        [
                            63.099288940429695,
                            35.827834717743585
                        ],
                        [
                            63.107528686523445,
                            35.865682520284096
                        ],
                        [
                            63.310775756835945,
                            35.84564769832635
                        ],
                        [
                            63.58818054199219,
                            35.916859613225014
                        ],
                        [
                            63.582687377929695,
                            35.95021815265235
                        ],
                        [
                            63.75572204589844,
                            35.97911749857497
                        ],
                        [
                            63.926010131835945,
                            36.039105412048464
                        ],
                        [
                            64.06333923339844,
                            35.999118541418134
                        ],
                        [
                            64.06608581542969,
                            36.10570509327924
                        ],
                        [
                            64.17045593261719,
                            36.16337918464025
                        ],
                        [
                            64.2748260498047,
                            36.15672664526235
                        ],
                        [
                            64.3187713623047,
                            36.21436322889413
                        ],
                        [
                            64.4231414794922,
                            36.25202575042051
                        ],
                        [
                            64.45060729980469,
                            36.24981081019096
                        ],
                        [
                            64.60166931152344,
                            36.41354670392876
                        ],
                        [
                            64.63737487792969,
                            36.53722603815996
                        ],
                        [
                            64.60441589355469,
                            36.601196658743596
                        ],
                        [
                            64.63188171386719,
                            36.691547435472636
                        ],
                        [
                            64.81040954589845,
                            36.9268411923102
                        ],
                        [
                            64.76646423339845,
                            37.12857106113286
                        ],
                        [
                            65.06584167480469,
                            37.23798199321937
                        ],
                        [
                            65.21415710449219,
                            37.23798199321937
                        ],
                        [
                            65.5821990966797,
                            37.26640286793118
                        ],
                        [
                            65.65361022949219,
                            37.369065779358245
                        ],
                        [
                            65.64537048339844,
                            37.460688409207044
                        ],
                        [
                            65.70854187011719,
                            37.54131068652799
                        ],
                        [
                            65.75798034667969,
                            37.536954951447285
                        ],
                        [
                            65.7854461669922,
                            37.57832416022909
                        ],
                        [
                            65.83763122558594,
                            37.50209991181568
                        ],
                        [
                            66.10679626464847,
                            37.42797890822841
                        ],
                        [
                            66.17820739746094,
                            37.36251701774283
                        ],
                        [
                            66.23039245605469,
                            37.37997911184042
                        ],
                        [
                            66.28807067871094,
                            37.31447530414411
                        ],
                        [
                            66.42814636230469,
                            37.351601144954785
                        ],
                        [
                            66.4501190185547,
                            37.30355244770045
                        ],
                        [
                            66.5531548984019,
                            37.3545798784359
                        ],
                        [
                            66.5167236328125,
                            37.384344000228964
                        ],
                        [
                            66.54006958007812,
                            37.411618795843026
                        ],
                        [
                            66.62109375,
                            37.4356124041315
                        ],
                        [
                            66.64718627929686,
                            37.445425754961384
                        ],
                        [
                            66.63894653320311,
                            37.48030724508602
                        ],
                        [
                            66.53182983398438,
                            37.58376576718623
                        ],
                        [
                            66.54006958007812,
                            37.71859032558816
                        ],
                        [
                            66.54281616210938,
                            37.785910776551354
                        ],
                        [
                            66.57577514648438,
                            37.83364941345965
                        ],
                        [
                            66.62933349609375,
                            37.89544674639969
                        ],
                        [
                            66.68289184570312,
                            37.920367835943516
                        ],
                        [
                            66.68701171875,
                            37.94852933714952
                        ],
                        [
                            66.64993286132812,
                            37.98750437106374
                        ],
                        [
                            66.61148071289062,
                            38.02213147353745
                        ],
                        [
                            66.5277099609375,
                            38.04160203158016
                        ],
                        [
                            66.45904541015625,
                            38.031867399480674
                        ],
                        [
                            66.39999389648438,
                            38.031867399480674
                        ],
                        [
                            66.32034301757812,
                            38.070798163726785
                        ],
                        [
                            66.27227783203125,
                            38.11727165830543
                        ],
                        [
                            66.24069213867188,
                            38.153997218446115
                        ],
                        [
                            66.11984252929688,
                            38.18098951438852
                        ],
                        [
                            66.09375,
                            38.201496974020806
                        ],
                        [
                            66.03057861328125,
                            38.22847167526397
                        ],
                        [
                            65.98388671875,
                            38.226314067139185
                        ],
                        [
                            65.9234619140625,
                            38.274844767832825
                        ],
                        [
                            65.86029052734375,
                            38.274844767832825
                        ],
                        [
                            65.841064453125,
                            38.25543637637947
                        ],
                        [
                            65.66253662109375,
                            38.268375880204744
                        ],
                        [
                            65.53619384765625,
                            38.298559092254344
                        ],
                        [
                            65.1708984375,
                            38.50519140240356
                        ],
                        [
                            65.04180908203125,
                            38.61043215866372
                        ],
                        [
                            64.83856201171875,
                            38.67264490154078
                        ],
                        [
                            64.77264404296875,
                            38.713375686254714
                        ],
                        [
                            64.53643798828125,
                            38.8225909761771
                        ],
                        [
                            64.324951171875,
                            38.989302551359515
                        ],
                        [
                            64.2645263671875,
                            38.96154447940714
                        ],
                        [
                            64.16839599609375,
                            38.96154447940714
                        ],
                        [
                            63.7042236328125,
                            39.22587043822116
                        ],
                        [
                            63.69598388671875,
                            39.27053717095511
                        ],
                        [
                            63.55041503906249,
                            39.37252570201878
                        ],
                        [
                            62.790985107421875,
                            39.7789912112384
                        ],
                        [
                            62.464141845703125,
                            39.9676482528045
                        ],
                        [
                            62.43804931640625,
                            40.000267972646796
                        ],
                        [
                            62.42980957031251,
                            40.062307630891
                        ],
                        [
                            62.39822387695313,
                            40.104336313781154
                        ],
                        [
                            62.40509033203124,
                            40.12114052159822
                        ],
                        [
                            62.41195678710937,
                            40.15158756460002
                        ],
                        [
                            62.38311767578126,
                            40.27533480732468
                        ],
                        [
                            62.39410400390625,
                            40.298381330906686
                        ],
                        [
                            62.38311767578126,
                            40.333983227838104
                        ],
                        [
                            62.32818603515626,
                            40.37793612222415
                        ],
                        [
                            62.35565185546875,
                            40.43649540640561
                        ],
                        [
                            62.30621337890625,
                            40.44590196740629
                        ],
                        [
                            62.260894775390625,
                            40.482470524589516
                        ],
                        [
                            62.23342895507812,
                            40.48978184687258
                        ],
                        [
                            62.189483642578125,
                            40.52841417575912
                        ],
                        [
                            62.11944580078125,
                            40.588928169693745
                        ],
                        [
                            62.1112060546875,
                            40.61916465186328
                        ],
                        [
                            62.079620361328125,
                            40.684803661591275
                        ],
                        [
                            62.04803466796876,
                            40.70250471166452
                        ],
                        [
                            62.04666137695312,
                            40.75037808986467
                        ],
                        [
                            62.02056884765625,
                            40.79509814519895
                        ],
                        [
                            61.98760986328125,
                            40.82939777183173
                        ],
                        [
                            61.99035644531249,
                            40.868872344643655
                        ],
                        [
                            62.00683593749999,
                            40.88860081193033
                        ],
                        [
                            61.988983154296875,
                            40.94671366508002
                        ],
                        [
                            61.986236572265625,
                            40.9788613095528
                        ],
                        [
                            61.973876953125,
                            41.008920735004885
                        ],
                        [
                            61.947784423828125,
                            41.03378713521864
                        ],
                        [
                            61.9024658203125,
                            41.05864414643029
                        ],
                        [
                            61.9024658203125,
                            41.071069130806414
                        ],
                        [
                            61.8804931640625,
                            41.11350344637787
                        ],
                        [
                            61.86538696289062,
                            41.11660732012896
                        ],
                        [
                            61.81182861328124,
                            41.154876361984655
                        ],
                        [
                            61.752777099609375,
                            41.17968758574463
                        ],
                        [
                            61.72119140625,
                            41.212754601947125
                        ],
                        [
                            61.662139892578125,
                            41.22824901518529
                        ],
                        [
                            61.64016723632812,
                            41.251999985566385
                        ],
                        [
                            61.607208251953125,
                            41.27367811566259
                        ],
                        [
                            61.582489013671875,
                            41.2674850985213
                        ],
                        [
                            61.534423828125,
                            41.269549502842565
                        ],
                        [
                            61.49871826171875,
                            41.28606238749825
                        ],
                        [
                            61.42730712890625,
                            41.290189955885644
                        ],
                        [
                            61.403961181640625,
                            41.265420628926684
                        ],
                        [
                            61.40670776367187,
                            41.226183305514596
                        ],
                        [
                            61.395721435546875,
                            41.20035642843989
                        ],
                        [
                            61.33666992187499,
                            41.151774298444984
                        ],
                        [
                            61.24053955078125,
                            41.14453557935463
                        ],
                        [
                            61.12792968750001,
                            41.192089674364105
                        ],
                        [
                            61.090850830078125,
                            41.23341300384136
                        ],
                        [
                            61.082611083984375,
                            41.21585377825921
                        ],
                        [
                            61.06475830078124,
                            41.258194471326796
                        ],
                        [
                            61.051025390625,
                            41.24890252240322
                        ],
                        [
                            61.03317260742187,
                            41.2674850985213
                        ],
                        [
                            61.030426025390625,
                            41.22205169039092
                        ],
                        [
                            61.00982666015624,
                            41.229281845547625
                        ],
                        [
                            60.9906005859375,
                            41.24373975746002
                        ],
                        [
                            60.81344604492187,
                            41.2602591693733
                        ],
                        [
                            60.68023681640625,
                            41.25612970800976
                        ],
                        [
                            60.582733154296875,
                            41.226183305514596
                        ],
                        [
                            60.48660278320312,
                            41.21791981422846
                        ],
                        [
                            60.27511596679687,
                            41.3304200625732
                        ],
                        [
                            60.211944580078125,
                            41.3427935623111
                        ],
                        [
                            60.08285522460938,
                            41.422134246213616
                        ],
                        [
                            60.07461547851562,
                            41.45404926555731
                        ],
                        [
                            60.10345458984374,
                            41.54353338440556
                        ],
                        [
                            60.17486572265624,
                            41.57641597789266
                        ],
                        [
                            60.16387939453125,
                            41.63597302844412
                        ],
                        [
                            60.09796142578124,
                            41.69752591075902
                        ],
                        [
                            60.06500244140624,
                            41.74570122744876
                        ],
                        [
                            60.08010864257812,
                            41.79691191119474
                        ],
                        [
                            60.102081298828125,
                            41.812267143599804
                        ],
                        [
                            60.1226806640625,
                            41.80305444575587
                        ],
                        [
                            60.13092041015625,
                            41.80919639152055
                        ],
                        [
                            60.216064453125,
                            41.77950486590359
                        ],
                        [
                            60.28335571289062,
                            41.75799552006108
                        ],
                        [
                            60.319061279296875,
                            41.75492216766298
                        ],
                        [
                            60.325927734375,
                            41.76823896512856
                        ],
                        [
                            60.25314331054687,
                            41.821478516604024
                        ],
                        [
                            60.192718505859375,
                            41.83375828633243
                        ],
                        [
                            60.150146484375,
                            41.870583462266836
                        ],
                        [
                            60.10894775390625,
                            41.89716623689334
                        ],
                        [
                            60.04440307617188,
                            41.9155632172071
                        ],
                        [
                            60.02105712890625,
                            41.95131994679697
                        ],
                        [
                            59.99496459960937,
                            41.95336258301847
                        ],
                        [
                            59.9688720703125,
                            41.94110578381595
                        ],
                        [
                            59.94827270507812,
                            41.98501507352482
                        ],
                        [
                            59.96475219726562,
                            41.999304591234996
                        ],
                        [
                            60.022430419921875,
                            42.00338672135351
                        ],
                        [
                            60.04165649414062,
                            42.011550195928585
                        ],
                        [
                            60.05126953124999,
                            42.06356771883277
                        ],
                        [
                            60.04989624023437,
                            42.094146370922736
                        ],
                        [
                            60.0238037109375,
                            42.119617324466994
                        ],
                        [
                            59.959259033203125,
                            42.14813264235833
                        ],
                        [
                            59.967498779296875,
                            42.15831357302287
                        ],
                        [
                            59.97161865234374,
                            42.17663512119453
                        ],
                        [
                            60.016937255859375,
                            42.167475010395336
                        ],
                        [
                            60.01281738281251,
                            42.20919365980178
                        ],
                        [
                            59.98260498046875,
                            42.22648356137063
                        ],
                        [
                            59.94964599609374,
                            42.23461834757937
                        ],
                        [
                            59.93453979492187,
                            42.26816325848521
                        ],
                        [
                            59.830169677734375,
                            42.30778424213693
                        ],
                        [
                            59.810943603515625,
                            42.26511445833756
                        ],
                        [
                            59.73953247070312,
                            42.27832486073693
                        ],
                        [
                            59.688720703125,
                            42.285437007491545
                        ],
                        [
                            59.56649780273437,
                            42.28137302193453
                        ],
                        [
                            59.5458984375,
                            42.293564192170095
                        ],
                        [
                            59.447021484375,
                            42.29254835143021
                        ],
                        [
                            59.429168701171875,
                            42.30270602152241
                        ],
                        [
                            59.41680908203125,
                            42.32606244456202
                        ],
                        [
                            59.33166503906249,
                            42.35042512243457
                        ],
                        [
                            59.289093017578125,
                            42.382894009614034
                        ],
                        [
                            59.258880615234375,
                            42.414332240033474
                        ],
                        [
                            59.2657470703125,
                            42.45082138532402
                        ],
                        [
                            59.206695556640625,
                            42.51462626746592
                        ],
                        [
                            59.1558837890625,
                            42.52879629320373
                        ],
                        [
                            59.102325439453125,
                            42.50754004948742
                        ],
                        [
                            59.050140380859375,
                            42.508552415528634
                        ],
                        [
                            59.000701904296875,
                            42.52677220056902
                        ],
                        [
                            58.93615722656249,
                            42.53891577257117
                        ],
                        [
                            58.69171142578125,
                            42.73188302070198
                        ],
                        [
                            58.673858642578125,
                            42.76213763409351
                        ],
                        [
                            58.62442016601562,
                            42.79842367778193
                        ]
                    ]
                ]
            },
            "properties": {}
        },
        {
            "type": "Feature",
            "properties": {},
            "geometry": {
                "type": "Polygon",
                "coordinates": [
                    [
                        [
                            53.10791015625,
                            39.11940660636222
                        ],
                        [
                            53.052978515625,
                            39.10875135935859
                        ],
                        [
                            53.021392822265625,
                            39.07251146922361
                        ],
                        [
                            53.021392822265625,
                            38.97862765746913
                        ],
                        [
                            53.02001953125,
                            38.89958342598271
                        ],
                        [
                            53.04473876953125,
                            38.86109762182888
                        ],
                        [
                            53.035125732421875,
                            38.83008001147299
                        ],
                        [
                            53.048858642578125,
                            38.78620445725866
                        ],
                        [
                            53.0859375,
                            38.77549900381297
                        ],
                        [
                            53.07220458984375,
                            38.975424875431436
                        ],
                        [
                            53.070831298828125,
                            39.07570985562645
                        ],
                        [
                            53.112030029296875,
                            39.09383130692365
                        ],
                        [
                            53.10791015625,
                            39.11940660636222
                        ]
                    ]
                ]
            }
        }
    ]
}