{
    "type": "FeatureCollection",
    "features": [
        {
            "type": "Feature",
            "properties": {},
            "geometry": {
                "type": "Polygon",
                "coordinates": [
                    [
                        [
                            179.1657257080078,
                            -8.430262547918572
                        ],
                        [
                            179.1617774963379,
                            -8.430262547918572
                        ],
                        [
                            179.16315078735352,
                            -8.433998274671854
                        ],
                        [
                            179.16950225830078,
                            -8.44146961981804
                        ],
                        [
                            179.17551040649403,
                            -8.453015959702016
                        ],
                        [
                            179.18701171875,
                            -8.477296104547888
                        ],
                        [
                            179.1918182373047,
                            -8.505139977027781
                        ],
                        [
                            179.1931915283203,
                            -8.5151564853767
                        ],
                        [
                            179.18169021606445,
                            -8.531963257656715
                        ],
                        [
                            179.16881561279297,
                            -8.53841414562418
                        ],
                        [
                            179.13019180297852,
                            -8.56251912968171
                        ],
                        [
                            179.12263870239258,
                            -8.568120773682582
                        ],
                        [
                            179.11165237426758,
                            -8.580172515816704
                        ],
                        [
                            179.09826278686523,
                            -8.595279088922847
                        ],
                        [
                            179.0968894958496,
                            -8.606820784079316
                        ],
                        [
                            179.09242630004883,
                            -8.616495169223086
                        ],
                        [
                            179.09740447998047,
                            -8.631091141425564
                        ],
                        [
                            179.0807533264159,
                            -8.638728343878842
                        ],
                        [
                            179.07869338989258,
                            -8.634655188475021
                        ],
                        [
                            179.08058166503906,
                            -8.62311434277434
                        ],
                        [
                            179.0778350830078,
                            -8.62141712983826
                        ],
                        [
                            179.07320022583008,
                            -8.626339026347384
                        ],
                        [
                            179.07062530517578,
                            -8.636182626905446
                        ],
                        [
                            179.07268524169922,
                            -8.643140879255661
                        ],
                        [
                            179.08143997192383,
                            -8.646195681181904
                        ],
                        [
                            179.10581588745117,
                            -8.63584319667756
                        ],
                        [
                            179.1049575805664,
                            -8.628205935832376
                        ],
                        [
                            179.10066604614258,
                            -8.616325445300284
                        ],
                        [
                            179.10272598266602,
                            -8.610724513118466
                        ],
                        [
                            179.10358428955078,
                            -8.600371056604768
                        ],
                        [
                            179.11199569702148,
                            -8.586452849594236
                        ],
                        [
                            179.11937713623047,
                            -8.583058087482105
                        ],
                        [
                            179.12521362304688,
                            -8.572534132055914
                        ],
                        [
                            179.1379165649414,
                            -8.567441790924509
                        ],
                        [
                            179.15679931640625,
                            -8.55691740322076
                        ],
                        [
                            179.17396545410156,
                            -8.54503468041615
                        ],
                        [
                            179.2041778564453,
                            -8.526700610450167
                        ],
                        [
                            179.20589447021484,
                            -8.514816947012042
                        ],
                        [
                            179.19696807861328,
                            -8.493085865590645
                        ],
                        [
                            179.19628143310547,
                            -8.47576802871774
                        ],
                        [
                            179.1918182373047,
                            -8.462184865656598
                        ],
                        [
                            179.18289184570312,
                            -8.44384683568601
                        ],
                        [
                            179.1657257080078,
                            -8.430262547918572
                        ]
                    ]
                ]
            }
        },
        {
            "type": "Feature",
            "properties": {},
            "geometry": {
                "type": "Polygon",
                "coordinates": [
                    [
                        [
                            179.12160873413086,
                            -8.424149462643882
                        ],
                        [
                            179.11319732666016,
                            -8.426696593251204
                        ],
                        [
                            179.1162872314453,
                            -8.430092741299212
                        ],
                        [
                            179.12521362304688,
                            -8.43094177365016
                        ],
                        [
                            179.12538528442371,
                            -8.42652678506588
                        ],
                        [
                            179.12160873413086,
                            -8.424149462643882
                        ]
                    ]
                ]
            }
        },
        {
            "type": "Feature",
            "properties": {},
            "geometry": {
                "type": "Polygon",
                "coordinates": [
                    [
                        [
                            179.09448623657227,
                            -8.43365866464094
                        ],
                        [
                            179.09191131591797,
                            -8.436035928589
                        ],
                        [
                            179.09500122070312,
                            -8.437224555077577
                        ],
                        [
                            179.09757614135742,
                            -8.434677493838242
                        ],
                        [
                            179.09448623657227,
                            -8.43365866464094
                        ]
                    ]
                ]
            }
        },
        {
            "type": "Feature",
            "properties": {},
            "geometry": {
                "type": "Polygon",
                "coordinates": [
                    [
                        [
                            179.0774917602539,
                            -8.457770234468807
                        ],
                        [
                            179.07663345336914,
                            -8.460656729817055
                        ],
                        [
                            179.07852172851562,
                            -8.46659944623917
                        ],
                        [
                            179.0807533264159,
                            -8.46642965561436
                        ],
                        [
                            179.08315658569336,
                            -8.462864035194539
                        ],
                        [
                            179.08161163330078,
                            -8.460317143251586
                        ],
                        [
                            179.0774917602539,
                            -8.457770234468807
                        ]
                    ]
                ]
            }
        },
        {
            "type": "Feature",
            "properties": {},
            "geometry": {
                "type": "Polygon",
                "coordinates": [
                    [
                        [
                            179.05929565429688,
                            -8.489265821651635
                        ],
                        [
                            179.05826568603516,
                            -8.491048513554995
                        ],
                        [
                            179.0595531463623,
                            -8.492152080583683
                        ],
                        [
                            179.06341552734375,
                            -8.492067190924917
                        ],
                        [
                            179.06341552734375,
                            -8.48952049243045
                        ],
                        [
                            179.05929565429688,
                            -8.489265821651635
                        ]
                    ]
                ]
            }
        },
        {
            "type": "Feature",
            "properties": {},
            "geometry": {
                "type": "Polygon",
                "coordinates": [
                    [
                        [
                            179.0386962890624,
                            -8.508450546909845
                        ],
                        [
                            179.0357780456543,
                            -8.509638949631569
                        ],
                        [
                            179.03509140014648,
                            -8.51176108817543
                        ],
                        [
                            179.03680801391602,
                            -8.513034365655539
                        ],
                        [
                            179.03878211975098,
                            -8.511845973472534
                        ],
                        [
                            179.03972625732422,
                            -8.509893606877837
                        ],
                        [
                            179.0386962890624,
                            -8.508450546909845
                        ]
                    ]
                ]
            }
        },
        {
            "type": "Feature",
            "properties": {},
            "geometry": {
                "type": "Polygon",
                "coordinates": [
                    [
                        [
                            179.0510129928589,
                            -8.558020780103258
                        ],
                        [
                            179.05011177062988,
                            -8.558445154975896
                        ],
                        [
                            179.0502405166626,
                            -8.559463652740178
                        ],
                        [
                            179.05118465423584,
                            -8.559506090087883
                        ],
                        [
                            179.0513563156128,
                            -8.558911966789424
                        ],
                        [
                            179.0510129928589,
                            -8.558020780103258
                        ]
                    ]
                ]
            }
        },
        {
            "type": "Feature",
            "properties": {},
            "geometry": {
                "type": "Polygon",
                "coordinates": [
                    [
                        [
                            179.06496047973621,
                            -8.573170669900987
                        ],
                        [
                            179.06388759613037,
                            -8.573425284740514
                        ],
                        [
                            179.0653896331787,
                            -8.575674375080608
                        ],
                        [
                            179.06676292419434,
                            -8.576650391274647
                        ],
                        [
                            179.06732082366943,
                            -8.576395778596206
                        ],
                        [
                            179.0672779083252,
                            -8.575165148244896
                        ],
                        [
                            179.06496047973621,
                            -8.573170669900987
                        ]
                    ]
                ]
            }
        },
        {
            "type": "Feature",
            "properties": {},
            "geometry": {
                "type": "Polygon",
                "coordinates": [
                    [
                        [
                            179.07135486602783,
                            -8.596170188206049
                        ],
                        [
                            179.0699815750122,
                            -8.596679386855838
                        ],
                        [
                            179.06938076019287,
                            -8.598037246577233
                        ],
                        [
                            179.06955242156982,
                            -8.598122112648266
                        ],
                        [
                            179.07002449035645,
                            -8.598588875699233
                        ],
                        [
                            179.07122611999512,
                            -8.598801040532344
                        ],
                        [
                            179.07178401947021,
                            -8.597994813534573
                        ],
                        [
                            179.07195568084717,
                            -8.596976419085623
                        ],
                        [
                            179.07135486602783,
                            -8.596170188206049
                        ]
                    ]
                ]
            }
        },
        {
            "type": "Feature",
            "properties": {},
            "geometry": {
                "type": "Polygon",
                "coordinates": [
                    [
                        [
                            179.82919692993164,
                            -9.345245554406182
                        ],
                        [
                            179.8154640197754,
                            -9.347447527112957
                        ],
                        [
                            179.80825424194336,
                            -9.3555777671815
                        ],
                        [
                            179.8044776916504,
                            -9.367264654251521
                        ],
                        [
                            179.80327606201172,
                            -9.377257477717146
                        ],
                        [
                            179.80928421020508,
                            -9.384032109601689
                        ],
                        [
                            179.81477737426746,
                            -9.379797980181014
                        ],
                        [
                            179.81220245361317,
                            -9.372007047014183
                        ],
                        [
                            179.81306076049805,
                            -9.364893433585719
                        ],
                        [
                            179.81563568115234,
                            -9.357440920433614
                        ],
                        [
                            179.82799530029286,
                            -9.352698328886222
                        ],
                        [
                            179.83503341674805,
                            -9.352698328886222
                        ],
                        [
                            179.83709335327148,
                            -9.361505947417726
                        ],
                        [
                            179.83709335327148,
                            -9.371329566299494
                        ],
                        [
                            179.8458480834961,
                            -9.381999733931789
                        ],
                        [
                            179.85666275024414,
                            -9.391145330607285
                        ],
                        [
                            179.86352920532227,
                            -9.400121329613192
                        ],
                        [
                            179.86696243286133,
                            -9.409774502694095
                        ],
                        [
                            179.86404418945312,
                            -9.420612831956786
                        ],
                        [
                            179.85889434814453,
                            -9.42738661503235
                        ],
                        [
                            179.84859466552734,
                            -9.421967599204851
                        ],
                        [
                            179.84189987182617,
                            -9.419088712449662
                        ],
                        [
                            179.83795166015625,
                            -9.421967599204851
                        ],
                        [
                            179.84344482421875,
                            -9.430434774041336
                        ],
                        [
                            179.85769271850586,
                            -9.436022995597563
                        ],
                        [
                            179.86696243286133,
                            -9.435006962050513
                        ],
                        [
                            179.87262725830067,
                            -9.42637055604543
                        ],
                        [
                            179.8736572265625,
                            -9.409435799427653
                        ],
                        [
                            179.86713409423828,
                            -9.388435549344853
                        ],
                        [
                            179.85408782958984,
                            -9.37861241467984
                        ],
                        [
                            179.8468780517578,
                            -9.370143971867662
                        ],
                        [
                            179.8436164855956,
                            -9.362183447293118
                        ],
                        [
                            179.84189987182617,
                            -9.351173910727557
                        ],
                        [
                            179.82919692993164,
                            -9.345245554406182
                        ]
                    ]
                ]
            }
        },
        {
            "type": "Feature",
            "properties": {},
            "geometry": {
                "type": "Polygon",
                "coordinates": [
                    [
                        [
                            178.37608337402344,
                            -7.92663455163725
                        ],
                        [
                            178.36029052734375,
                            -7.934115417828389
                        ],
                        [
                            178.34518432617188,
                            -7.953497028508545
                        ],
                        [
                            178.34964752197266,
                            -7.971517704409945
                        ],
                        [
                            178.33248138427734,
                            -7.987157647757153
                        ],
                        [
                            178.33385467529297,
                            -7.991577523234425
                        ],
                        [
                            178.34758758544922,
                            -7.994637408987795
                        ],
                        [
                            178.3527374267578,
                            -7.990217566646126
                        ],
                        [
                            178.3469009399413,
                            -7.983417715754773
                        ],
                        [
                            178.3575439453125,
                            -7.974577740404665
                        ],
                        [
                            178.35617065429688,
                            -7.957577250957507
                        ],
                        [
                            178.36956024169922,
                            -7.944316379598877
                        ],
                        [
                            178.38706970214844,
                            -7.944316379598877
                        ],
                        [
                            178.4124755859374,
                            -7.957917267661815
                        ],
                        [
                            178.42037200927723,
                            -7.973217727232973
                        ],
                        [
                            178.40011596679688,
                            -7.997697271790663
                        ],
                        [
                            178.38054656982422,
                            -8.037813345935879
                        ],
                        [
                            178.3685302734375,
                            -8.05311080522299
                        ],
                        [
                            178.34930419921875,
                            -8.044612288001021
                        ],
                        [
                            178.3238983154297,
                            -8.031354245443271
                        ],
                        [
                            178.3311080932616,
                            -8.011296384130672
                        ],
                        [
                            178.32321166992176,
                            -8.004496884696618
                        ],
                        [
                            178.3077621459961,
                            -8.0174158365253
                        ],
                        [
                            178.30089569091797,
                            -8.029314508148921
                        ],
                        [
                            178.31668853759766,
                            -8.044952232111891
                        ],
                        [
                            178.3523941040039,
                            -8.05413061530824
                        ],
                        [
                            178.3626937866211,
                            -8.07554603328031
                        ],
                        [
                            178.38363647460926,
                            -8.078605286066823
                        ],
                        [
                            178.3905029296875,
                            -8.057529963706779
                        ],
                        [
                            178.40423583984375,
                            -8.028974550937258
                        ],
                        [
                            178.43135833740234,
                            -7.9929374752909945
                        ],
                        [
                            178.44165802001953,
                            -7.9708376933028715
                        ],
                        [
                            178.43101501464832,
                            -7.953157008138382
                        ],
                        [
                            178.40389251708984,
                            -7.93581559571015
                        ],
                        [
                            178.37608337402344,
                            -7.92663455163725
                        ]
                    ]
                ]
            }
        },
        {
            "type": "Feature",
            "properties": {},
            "geometry": {
                "type": "Polygon",
                "coordinates": [
                    [
                        [
                            178.66636276245117,
                            -7.455071023918097
                        ],
                        [
                            178.66121292114258,
                            -7.455922074630203
                        ],
                        [
                            178.6603546142578,
                            -7.46358145657134
                        ],
                        [
                            178.66893768310547,
                            -7.481112425690133
                        ],
                        [
                            178.6764907836914,
                            -7.498983076959898
                        ],
                        [
                            178.6867904663086,
                            -7.501025390420846
                        ],
                        [
                            178.69245529174805,
                            -7.497621529328646
                        ],
                        [
                            178.69863510131836,
                            -7.489452154143764
                        ],
                        [
                            178.69983673095703,
                            -7.482644224504747
                        ],
                        [
                            178.69932174682606,
                            -7.476346794991573
                        ],
                        [
                            178.69382858276367,
                            -7.475325581644388
                        ],
                        [
                            178.68627548217773,
                            -7.473793757145613
                        ],
                        [
                            178.67752075195312,
                            -7.463921870434195
                        ],
                        [
                            178.66636276245117,
                            -7.455071023918097
                        ]
                    ]
                ]
            }
        },
        {
            "type": "Feature",
            "properties": {},
            "geometry": {
                "type": "Polygon",
                "coordinates": [
                    [
                        [
                            179.47424411773682,
                            -10.78617800581612
                        ],
                        [
                            179.47003841400146,
                            -10.786304477192175
                        ],
                        [
                            179.46729183197021,
                            -10.787569188027405
                        ],
                        [
                            179.46857929229736,
                            -10.790562315812553
                        ],
                        [
                            179.47222709655762,
                            -10.792796603043959
                        ],
                        [
                            179.47720527648926,
                            -10.790983880712217
                        ],
                        [
                            179.47866439819336,
                            -10.788623109660287
                        ],
                        [
                            179.47733402252186,
                            -10.786515262700727
                        ],
                        [
                            179.47424411773682,
                            -10.78617800581612
                        ]
                    ]
                ]
            }
        },
        {
            "type": "Feature",
            "properties": {},
            "geometry": {
                "type": "Polygon",
                "coordinates": [
                    [
                        [
                            177.14767456054688,
                            -7.186738371214102
                        ],
                        [
                            177.1420097351073,
                            -7.195253928936749
                        ],
                        [
                            177.14406967163086,
                            -7.2075160513159435
                        ],
                        [
                            177.1516227722168,
                            -7.210411226247275
                        ],
                        [
                            177.15797424316406,
                            -7.221480842014342
                        ],
                        [
                            177.157802581787,
                            -7.23680755485699
                        ],
                        [
                            177.15917587280273,
                            -7.24651420379361
                        ],
                        [
                            177.15265274047852,
                            -7.243619260189847
                        ],
                        [
                            177.15076446533203,
                            -7.2366372609057015
                        ],
                        [
                            177.14561462402344,
                            -7.2359560844578965
                        ],
                        [
                            177.14046478271484,
                            -7.24481129804339
                        ],
                        [
                            177.14853286743164,
                            -7.254347487331478
                        ],
                        [
                            177.16415405273438,
                            -7.25639093018854
                        ],
                        [
                            177.16827392578114,
                            -7.2475359441547615
                        ],
                        [
                            177.16569900512684,
                            -7.239872834988181
                        ],
                        [
                            177.1687889099121,
                            -7.216031218861043
                        ],
                        [
                            177.1600341796875,
                            -7.196275785130191
                        ],
                        [
                            177.14767456054688,
                            -7.186738371214102
                        ]
                    ]
                ]
            }
        },
        {
            "type": "Feature",
            "properties": {},
            "geometry": {
                "type": "Polygon",
                "coordinates": [
                    [
                        [
                            177.3354721069336,
                            -6.100871028760151
                        ],
                        [
                            177.328519821167,
                            -6.10240722884861
                        ],
                        [
                            177.32843399047852,
                            -6.105820991055776
                        ],
                        [
                            177.33555793762207,
                            -6.115123382608761
                        ],
                        [
                            177.3442268371582,
                            -6.11631817347278
                        ],
                        [
                            177.35383987426758,
                            -6.113672561542493
                        ],
                        [
                            177.3555564880371,
                            -6.1091493882593895
                        ],
                        [
                            177.3529815673828,
                            -6.1028339503139595
                        ],
                        [
                            177.34688758850098,
                            -6.1028339503139595
                        ],
                        [
                            177.3354721069336,
                            -6.100871028760151
                        ]
                    ]
                ]
            }
        },
        {
            "type": "Feature",
            "properties": {},
            "geometry": {
                "type": "Polygon",
                "coordinates": [
                    [
                        [
                            176.05779647827148,
                            -5.641440038720314
                        ],
                        [
                            176.05745315551758,
                            -5.64605242890779
                        ],
                        [
                            176.06380462646484,
                            -5.650835609588862
                        ],
                        [
                            176.07891082763672,
                            -5.655447924970112
                        ],
                        [
                            176.0807991027832,
                            -5.652031398586968
                        ],
                        [
                            176.07736587524414,
                            -5.647077399521037
                        ],
                        [
                            176.06826782226562,
                            -5.641610868640778
                        ],
                        [
                            176.05779647827148,
                            -5.641440038720314
                        ]
                    ]
                ]
            }
        },
        {
            "type": "Feature",
            "properties": {},
            "geometry": {
                "type": "Polygon",
                "coordinates": [
                    [
                        [
                            176.11221313476562,
                            -5.654935447298468
                        ],
                        [
                            176.10294342041016,
                            -5.658181131551584
                        ],
                        [
                            176.10088348388672,
                            -5.6607435009898195
                        ],
                        [
                            176.1086082458496,
                            -5.662451740971942
                        ],
                        [
                            176.11787796020508,
                            -5.667234786052215
                        ],
                        [
                            176.11495971679688,
                            -5.668601363084559
                        ],
                        [
                            176.10998153686523,
                            -5.666209851155236
                        ],
                        [
                            176.10586166381836,
                            -5.670138758378674
                        ],
                        [
                            176.12062454223633,
                            -5.684145948928712
                        ],
                        [
                            176.1324691772461,
                            -5.7017398637771475
                        ],
                        [
                            176.1379623413086,
                            -5.703618793707034
                        ],
                        [
                            176.13452911376953,
                            -5.689953708514222
                        ],
                        [
                            176.1324691772461,
                            -5.675775839406891
                        ],
                        [
                            176.1247444152832,
                            -5.661426797588544
                        ],
                        [
                            176.11221313476562,
                            -5.654935447298468
                        ]
                    ]
                ]
            }
        },
        {
            "type": "Feature",
            "properties": {},
            "geometry": {
                "type": "Polygon",
                "coordinates": [
                    [
                        [
                            176.32112503051746,
                            -6.272983134659207
                        ],
                        [
                            176.3188076019287,
                            -6.273324401686734
                        ],
                        [
                            176.31202697753906,
                            -6.282367896459272
                        ],
                        [
                            176.31091117858887,
                            -6.289960898079013
                        ],
                        [
                            176.31726264953602,
                            -6.301563472794198
                        ],
                        [
                            176.321382522583,
                            -6.303355023718566
                        ],
                        [
                            176.32421493530273,
                            -6.299857228067307
                        ],
                        [
                            176.32781982421875,
                            -6.2935440738148305
                        ],
                        [
                            176.32773399353016,
                            -6.284244828520351
                        ],
                        [
                            176.32593154907227,
                            -6.277846168701669
                        ],
                        [
                            176.32112503051746,
                            -6.272983134659207
                        ]
                    ]
                ]
            }
        }
    ]
}