{
    "type": "FeatureCollection",
    "features": [
        {
            "type": "Feature",
            "geometry": {
                "type": "Polygon",
                "coordinates": [
                    [
                        [
                            -57.0684814453125,
                            -30.08573122961661
                        ],
                        [
                            -57.089080810546875,
                            -30.10711788709237
                        ],
                        [
                            -57.086334228515625,
                            -30.11899736389511
                        ],
                        [
                            -57.111053466796875,
                            -30.115433670851896
                        ],
                        [
                            -57.105560302734375,
                            -30.128499916692782
                        ],
                        [
                            -57.116546630859375,
                            -30.141564433484245
                        ],
                        [
                            -57.130279541015625,
                            -30.13918919542218
                        ],
                        [
                            -57.165985107421875,
                            -30.197366063272245
                        ],
                        [
                            -57.15911865234375,
                            -30.236527044865156
                        ],
                        [
                            -57.20855712890625,
                            -30.28634573802957
                        ],
                        [
                            -57.248382568359375,
                            -30.288717426233095
                        ],
                        [
                            -57.26760864257818,
                            -30.26618407355881
                        ],
                        [
                            -57.28546142578125,
                            -30.29108905709619
                        ],
                        [
                            -57.31292724609375,
                            -30.257881008009864
                        ],
                        [
                            -57.358245849609375,
                            -30.282788098216884
                        ],
                        [
                            -57.366485595703125,
                            -30.26618407355881
                        ],
                        [
                            -57.388458251953125,
                            -30.30413200176367
                        ],
                        [
                            -57.4200439453125,
                            -30.301760686320698
                        ],
                        [
                            -57.4200439453125,
                            -30.281602189612
                        ],
                        [
                            -57.48046875,
                            -30.264997964321065
                        ],
                        [
                            -57.495574951171875,
                            -30.288717426233095
                        ],
                        [
                            -57.57110595703125,
                            -30.264997964321065
                        ],
                        [
                            -57.557373046875,
                            -30.211608223816917
                        ],
                        [
                            -57.603897436427374,
                            -30.189649177231438
                        ],
                        [
                            -57.60395847081854,
                            -30.17920485319003
                        ],
                        [
                            -57.631600121949994,
                            -30.171383278963987
                        ],
                        [
                            -57.6507568359375,
                            -30.183121842195504
                        ],
                        [
                            -57.652130126953125,
                            -30.20567424070585
                        ],
                        [
                            -57.61093139648443,
                            -30.256694798480332
                        ],
                        [
                            -57.641143798828125,
                            -30.33969484897426
                        ],
                        [
                            -57.8814697265625,
                            -30.49483450812004
                        ],
                        [
                            -57.8814697265625,
                            -30.585908257485578
                        ],
                        [
                            -57.80181884765625,
                            -30.700515832683934
                        ],
                        [
                            -57.814178466796875,
                            -30.92343257300734
                        ],
                        [
                            -57.907562255859375,
                            -30.93050081760778
                        ],
                        [
                            -57.89794921875,
                            -30.97172182943199
                        ],
                        [
                            -57.86773681640625,
                            -31.017632855634172
                        ],
                        [
                            -57.88421630859375,
                            -31.103509440594742
                        ],
                        [
                            -57.913055419921875,
                            -31.138778700830695
                        ],
                        [
                            -57.915802001953125,
                            -31.238637039097664
                        ],
                        [
                            -57.99957275390625,
                            -31.355982416708716
                        ],
                        [
                            -57.978973388671875,
                            -31.393502061653894
                        ],
                        [
                            -58.08746337890625,
                            -31.45092496907143
                        ],
                        [
                            -58.069610595703125,
                            -31.49660377607411
                        ],
                        [
                            -57.99407958984375,
                            -31.53874903386096
                        ],
                        [
                            -57.98446655273443,
                            -31.596082850911525
                        ],
                        [
                            -58.072357177734375,
                            -31.812229022640704
                        ],
                        [
                            -58.20281982421881,
                            -31.855397761567083
                        ],
                        [
                            -58.193206787109375,
                            -31.91137034628234
                        ],
                        [
                            -58.13690185546875,
                            -32.01273389791075
                        ],
                        [
                            -58.1890869140625,
                            -32.1546872200248
                        ],
                        [
                            -58.097076416015625,
                            -32.253458681254116
                        ],
                        [
                            -58.12042236328125,
                            -32.337039963119864
                        ],
                        [
                            -58.179473876953125,
                            -32.375322284319346
                        ],
                        [
                            -58.201446533203125,
                            -32.455314743877466
                        ],
                        [
                            -58.15887451171875,
                            -32.59773394005744
                        ],
                        [
                            -58.149261474609375,
                            -32.735306509649014
                        ],
                        [
                            -58.116302490234375,
                            -32.82190301541268
                        ],
                        [
                            -58.1231689453125,
                            -32.88074047366183
                        ],
                        [
                            -58.106689453125,
                            -32.93723381397089
                        ],
                        [
                            -58.11767578125,
                            -32.97295587553773
                        ],
                        [
                            -58.138275146484375,
                            -33.043205496165555
                        ],
                        [
                            -58.2110595703125,
                            -33.08693925905122
                        ],
                        [
                            -58.336029052734375,
                            -33.10879798900968
                        ],
                        [
                            -58.382720947265625,
                            -33.14330070312579
                        ],
                        [
                            -58.407440185546875,
                            -33.19732768648872
                        ],
                        [
                            -58.40606689453125,
                            -33.250172902093894
                        ],
                        [
                            -58.393707275390625,
                            -33.294951439068946
                        ],
                        [
                            -58.42803955078125,
                            -33.36379663433047
                        ],
                        [
                            -58.4417724609375,
                            -33.44519313450844
                        ],
                        [
                            -58.43902587890625,
                            -33.539105398674415
                        ],
                        [
                            -58.503570556640625,
                            -33.58259116393916
                        ],
                        [
                            -58.44451904296875,
                            -33.688924428426475
                        ],
                        [
                            -58.4307861328125,
                            -33.88865750124074
                        ],
                        [
                            -58.348388671875,
                            -34.03786668460356
                        ],
                        [
                            -58.316802978515625,
                            -34.143634820312634
                        ],
                        [
                            -58.11218261718756,
                            -34.28558793000448
                        ],
                        [
                            -57.943267822265625,
                            -34.44542371620849
                        ],
                        [
                            -57.871856689453125,
                            -34.4861839632883
                        ],
                        [
                            -57.8155517578125,
                            -34.487315908229846
                        ],
                        [
                            -57.709808349609375,
                            -34.481656029905835
                        ],
                        [
                            -57.599945068359375,
                            -34.45448326886294
                        ],
                        [
                            -57.536773681640625,
                            -34.46580632768852
                        ],
                        [
                            -57.48870849609375,
                            -34.448821163611164
                        ],
                        [
                            -57.396697998046875,
                            -34.444291203033735
                        ],
                        [
                            -57.363739013671875,
                            -34.45448326886294
                        ],
                        [
                            -57.286834716796875,
                            -34.447688696497444
                        ],
                        [
                            -57.15087890625,
                            -34.45901267667008
                        ],
                        [
                            -57.09869384765625,
                            -34.51447797766275
                        ],
                        [
                            -57.04925537109375,
                            -34.55181136917047
                        ],
                        [
                            -56.9476318359375,
                            -34.62755795089016
                        ],
                        [
                            -56.830902099609375,
                            -34.69984837732893
                        ],
                        [
                            -56.619415283203125,
                            -34.75176814895904
                        ],
                        [
                            -56.55487060546875,
                            -34.77094763658631
                        ],
                        [
                            -56.479339599609375,
                            -34.76530707335774
                        ],
                        [
                            -56.42303466796875,
                            -34.79350603426752
                        ],
                        [
                            -56.4422607421875,
                            -34.812675821417535
                        ],
                        [
                            -56.4532470703125,
                            -34.839731459420655
                        ],
                        [
                            -56.385955810546875,
                            -34.8746651676126
                        ],
                        [
                            -56.336517333984375,
                            -34.90958403746168
                        ],
                        [
                            -56.26785278320312,
                            -34.91296249521695
                        ],
                        [
                            -56.23077392578125,
                            -34.90170042871544
                        ],
                        [
                            -56.2005615234375,
                            -34.92647493584643
                        ],
                        [
                            -56.163482666015625,
                            -34.95236756110989
                        ],
                        [
                            -56.116790771484375,
                            -34.91859294917691
                        ],
                        [
                            -56.070098876953125,
                            -34.919718993622055
                        ],
                        [
                            -55.92864990234374,
                            -34.848748030078696
                        ],
                        [
                            -55.798187255859375,
                            -34.79350603426752
                        ],
                        [
                            -55.740509033203125,
                            -34.79576153473033
                        ],
                        [
                            -55.69107055664062,
                            -34.78222760653012
                        ],
                        [
                            -55.666351318359375,
                            -34.79012266789143
                        ],
                        [
                            -55.600433349609375,
                            -34.79012266789143
                        ],
                        [
                            -55.49606323242187,
                            -34.809293241762674
                        ],
                        [
                            -55.391693115234375,
                            -34.81154831029377
                        ],
                        [
                            -55.34088134765625,
                            -34.832968383211
                        ],
                        [
                            -55.30517578124999,
                            -34.88367790965999
                        ],
                        [
                            -55.284576416015625,
                            -34.908457853981375
                        ],
                        [
                            -55.2392578125,
                            -34.9118363580797
                        ],
                        [
                            -55.20355224609374,
                            -34.899447830057255
                        ],
                        [
                            -55.074462890625,
                            -34.89381606312037
                        ],
                        [
                            -55.06622314453125,
                            -34.921971036163754
                        ],
                        [
                            -55.042877197265625,
                            -34.92760087214065
                        ],
                        [
                            -54.9920654296875,
                            -34.94336235780078
                        ],
                        [
                            -54.976959228515625,
                            -34.97375095431688
                        ],
                        [
                            -54.949493408203125,
                            -34.9895035675793
                        ],
                        [
                            -54.876708984375,
                            -34.94786508309557
                        ],
                        [
                            -54.678955078125,
                            -34.86001735420488
                        ],
                        [
                            -54.655609130859375,
                            -34.86903170200863
                        ],
                        [
                            -54.619903564453125,
                            -34.86452465161482
                        ],
                        [
                            -54.5855712890625,
                            -34.82733206198157
                        ],
                        [
                            -54.229888916015625,
                            -34.68404023638139
                        ],
                        [
                            -54.136505126953125,
                            -34.67274685882315
                        ],
                        [
                            -54.131011962890625,
                            -34.64563646992296
                        ],
                        [
                            -54.12002563476562,
                            -34.606084592169296
                        ],
                        [
                            -54.034881591796875,
                            -34.53484372092871
                        ],
                        [
                            -53.762969970703125,
                            -34.41823916300347
                        ],
                        [
                            -53.749237060546875,
                            -34.37517887533528
                        ],
                        [
                            -53.73001098632812,
                            -34.34570381052937
                        ],
                        [
                            -53.760223388671875,
                            -34.33209643835391
                        ],
                        [
                            -53.76708984375,
                            -34.30374065672995
                        ],
                        [
                            -53.69842529296875,
                            -34.21520907870627
                        ],
                        [
                            -53.536376953125,
                            -34.07654992889175
                        ],
                        [
                            -53.514404296875,
                            -34.03559064991931
                        ],
                        [
                            -53.513031005859375,
                            -33.988918483762156
                        ],
                        [
                            -53.474578857421875,
                            -33.94222067051575
                        ],
                        [
                            -53.482818603515625,
                            -33.88865750124074
                        ],
                        [
                            -53.36334228515625,
                            -33.75974028844419
                        ],
                        [
                            -53.36540222167969,
                            -33.744325682405275
                        ],
                        [
                            -53.41827392578125,
                            -33.750606041606446
                        ],
                        [
                            -53.436126708984375,
                            -33.72890830547333
                        ],
                        [
                            -53.438873291015625,
                            -33.69463755048318
                        ],
                        [
                            -53.529510498046875,
                            -33.688924428426475
                        ],
                        [
                            -53.52813720703125,
                            -33.624911521500394
                        ],
                        [
                            -53.53363037109375,
                            -33.60661337538808
                        ],
                        [
                            -53.52539062500006,
                            -33.59403114663234
                        ],
                        [
                            -53.52539062500006,
                            -33.50704924881551
                        ],
                        [
                            -53.502044677734375,
                            -33.40393120023467
                        ],
                        [
                            -53.521270751953125,
                            -33.21341439224263
                        ],
                        [
                            -53.504791259765625,
                            -33.12835119163156
                        ],
                        [
                            -53.3880615234375,
                            -33.008663494575565
                        ],
                        [
                            -53.2562255859375,
                            -32.93492866908232
                        ],
                        [
                            -53.301544189453125,
                            -32.91533251206151
                        ],
                        [
                            -53.282318115234375,
                            -32.89111950367498
                        ],
                        [
                            -53.1903076171875,
                            -32.85074978170653
                        ],
                        [
                            -53.150482177734375,
                            -32.795355714148315
                        ],
                        [
                            -53.1243896484375,
                            -32.786120011700625
                        ],
                        [
                            -53.08319091796875,
                            -32.78496548146117
                        ],
                        [
                            -53.076324462890625,
                            -32.735306509649014
                        ],
                        [
                            -53.194427490234375,
                            -32.63937487360668
                        ],
                        [
                            -53.243865966796875,
                            -32.63012300670739
                        ],
                        [
                            -53.25347900390625,
                            -32.60236166681751
                        ],
                        [
                            -53.28643798828125,
                            -32.62087018318112
                        ],
                        [
                            -53.37020874023443,
                            -32.5734344533633
                        ],
                        [
                            -53.3935546875,
                            -32.58500645901216
                        ],
                        [
                            -53.427886962890625,
                            -32.55838861348271
                        ],
                        [
                            -53.474578857421875,
                            -32.48196313217177
                        ],
                        [
                            -53.52539062500006,
                            -32.480804670595184
                        ],
                        [
                            -53.58993530273443,
                            -32.44372602857217
                        ],
                        [
                            -53.6407470703125,
                            -32.37996146435729
                        ],
                        [
                            -53.63525390625,
                            -32.34980253736092
                        ],
                        [
                            -53.65447998046875,
                            -32.31383067137084
                        ],
                        [
                            -53.6407470703125,
                            -32.29525895520318
                        ],
                        [
                            -53.67645263671875,
                            -32.260426730930874
                        ],
                        [
                            -53.7066650390625,
                            -32.18723554514384
                        ],
                        [
                            -53.738250732421875,
                            -32.111659100104504
                        ],
                        [
                            -53.72589111328125,
                            -32.09304606091566
                        ],
                        [
                            -53.81927490234375,
                            -32.05930026106166
                        ],
                        [
                            -53.843994140625,
                            -32.03252749583841
                        ],
                        [
                            -53.85498046875,
                            -31.995265407619225
                        ],
                        [
                            -53.892059326171875,
                            -31.991771310172084
                        ],
                        [
                            -53.909912109375,
                            -31.968473925845093
                        ],
                        [
                            -53.953857421875,
                            -31.955657843600374
                        ],
                        [
                            -53.968963623046875,
                            -31.93468221498939
                        ],
                        [
                            -53.96484375,
                            -31.918364527333846
                        ],
                        [
                            -54.010162353515625,
                            -31.909038834436892
                        ],
                        [
                            -54.03350830078125,
                            -31.89621446335143
                        ],
                        [
                            -54.089813232421875,
                            -31.93235129404253
                        ],
                        [
                            -54.4537353515625,
                            -31.653381399663985
                        ],
                        [
                            -54.4647216796875,
                            -31.608948861695662
                        ],
                        [
                            -54.452362060546875,
                            -31.600761605954926
                        ],
                        [
                            -54.48944091796875,
                            -31.55981453201843
                        ],
                        [
                            -54.51141357421875,
                            -31.505971031689402
                        ],
                        [
                            -54.569091796875,
                            -31.483722267336216
                        ],
                        [
                            -54.591064453125,
                            -31.45795392876587
                        ],
                        [
                            -54.672088623046875,
                            -31.453268014244355
                        ],
                        [
                            -54.740753173828125,
                            -31.42866311735861
                        ],
                        [
                            -54.790191650390625,
                            -31.429834925591393
                        ],
                        [
                            -54.83688354492193,
                            -31.439208864183133
                        ],
                        [
                            -54.861602783203125,
                            -31.416944229585408
                        ],
                        [
                            -54.8876953125,
                            -31.37708906055047
                        ],
                        [
                            -54.93438720703125,
                            -31.386468269542288
                        ],
                        [
                            -54.9371337890625,
                            -31.354809686417838
                        ],
                        [
                            -54.95635986328125,
                            -31.347772997537877
                        ],
                        [
                            -54.957733154296875,
                            -31.32431356604116
                        ],
                        [
                            -54.985198974609375,
                            -31.31140838620162
                        ],
                        [
                            -55.001678466796875,
                            -31.271508470221193
                        ],
                        [
                            -55.030517578125,
                            -31.269160890477643
                        ],
                        [
                            -55.0634765625,
                            -31.33135200955614
                        ],
                        [
                            -55.162353515625,
                            -31.285592721861654
                        ],
                        [
                            -55.169219970703125,
                            -31.27033468765124
                        ],
                        [
                            -55.2392578125,
                            -31.257422115608595
                        ],
                        [
                            -55.24200439453131,
                            -31.237462847742812
                        ],
                        [
                            -55.2557373046875,
                            -31.202230321849903
                        ],
                        [
                            -55.281829833984375,
                            -31.19048322901982
                        ],
                        [
                            -55.27359008789068,
                            -31.172859855662644
                        ],
                        [
                            -55.290069580078125,
                            -31.159933963855238
                        ],
                        [
                            -55.2886962890625,
                            -31.145830979734345
                        ],
                        [
                            -55.339508056640625,
                            -31.136427824643523
                        ],
                        [
                            -55.3271484375,
                            -31.088222024691504
                        ],
                        [
                            -55.35736083984375,
                            -31.067050772707812
                        ],
                        [
                            -55.350494384765625,
                            -31.041168396491422
                        ],
                        [
                            -55.36834716796875,
                            -31.03646175359853
                        ],
                        [
                            -55.3765869140625,
                            -31.02234042904364
                        ],
                        [
                            -55.40130615234375,
                            -31.027047769854374
                        ],
                        [
                            -55.435638427734375,
                            -31.005862904624195
                        ],
                        [
                            -55.42739868164068,
                            -30.982318643027522
                        ],
                        [
                            -55.45898437500006,
                            -30.952880145101926
                        ],
                        [
                            -55.487823486328125,
                            -30.950524673197826
                        ],
                        [
                            -55.493316650390625,
                            -30.925788712587014
                        ],
                        [
                            -55.513916015625,
                            -30.90104635247748
                        ],
                        [
                            -55.55236816406256,
                            -30.884547891921986
                        ],
                        [
                            -55.57708740234375,
                            -30.835035461605276
                        ],
                        [
                            -55.600433349609375,
                            -30.84800547382288
                        ],
                        [
                            -55.62652587890625,
                            -30.842110231051294
                        ],
                        [
                            -55.65948486328125,
                            -30.86568902844681
                        ],
                        [
                            -55.644378662109375,
                            -30.91282922665619
                        ],
                        [
                            -55.669097900390625,
                            -30.950524673197826
                        ],
                        [
                            -55.691070556640625,
                            -30.94463573937753
                        ],
                        [
                            -55.7061767578125,
                            -30.952880145101926
                        ],
                        [
                            -55.72540283203125,
                            -30.94110220488551
                        ],
                        [
                            -55.73089599609375,
                            -30.979963897240072
                        ],
                        [
                            -55.74737548828125,
                            -30.98349599413146
                        ],
                        [
                            -55.756988525390625,
                            -30.997623074185977
                        ],
                        [
                            -55.776214599609375,
                            -30.997623074185977
                        ],
                        [
                            -55.767974853515625,
                            -31.00821701110019
                        ],
                        [
                            -55.811920166015625,
                            -31.017632855634172
                        ],
                        [
                            -55.8270263671875,
                            -31.043521630684204
                        ],
                        [
                            -55.853118896484375,
                            -31.047051372899155
                        ],
                        [
                            -55.8819580078125,
                            -31.07410838057329
                        ],
                        [
                            -55.89569091796881,
                            -31.070579642117313
                        ],
                        [
                            -55.92041015625,
                            -31.076460800121108
                        ],
                        [
                            -55.92864990234381,
                            -31.08469381013484
                        ],
                        [
                            -55.975341796875,
                            -31.07410838057329
                        ],
                        [
                            -56.004180908203125,
                            -31.083517709507174
                        ],
                        [
                            -56.00830078125,
                            -31.065874453805343
                        ],
                        [
                            -56.023406982421875,
                            -31.023517286053252
                        ],
                        [
                            -56.01104736328125,
                            -30.97172182943199
                        ],
                        [
                            -56.0137939453125,
                            -30.92107637538488
                        ],
                        [
                            -55.99044799804693,
                            -30.853900354339405
                        ],
                        [
                            -56.015167236328125,
                            -30.817346256492073
                        ],
                        [
                            -56.02203369140631,
                            -30.790216480462245
                        ],
                        [
                            -56.06597900390625,
                            -30.770159115784185
                        ],
                        [
                            -56.0687255859375,
                            -30.743016025803318
                        ],
                        [
                            -56.086578369140625,
                            -30.754818309502475
                        ],
                        [
                            -56.105804443359375,
                            -30.730031843442752
                        ],
                        [
                            -56.130523681640625,
                            -30.733573157600024
                        ],
                        [
                            -56.130523681640625,
                            -30.712323321009045
                        ],
                        [
                            -56.14562988281256,
                            -30.702877445958027
                        ],
                        [
                            -56.1346435546875,
                            -30.683982921529303
                        ],
                        [
                            -56.166229248046875,
                            -30.666265946323286
                        ],
                        [
                            -56.168975830078125,
                            -30.636730434653305
                        ],
                        [
                            -56.185455322265625,
                            -30.62845887475363
                        ],
                        [
                            -56.1676025390625,
                            -30.61309553055679
                        ],
                        [
                            -56.212921142578125,
                            -30.60600393400216
                        ],
                        [
                            -56.234893798828125,
                            -30.593001325080845
                        ],
                        [
                            -56.22802734375,
                            -30.57526768288609
                        ],
                        [
                            -56.259613037109375,
                            -30.5847260290874
                        ],
                        [
                            -56.2664794921875,
                            -30.553983031019296
                        ],
                        [
                            -56.281585693359375,
                            -30.552800413453518
                        ],
                        [
                            -56.292572021484375,
                            -30.520864293643594
                        ],
                        [
                            -56.322784423828125,
                            -30.529145036680408
                        ],
                        [
                            -56.35986328125,
                            -30.4901010713093
                        ],
                        [
                            -56.372222900390625,
                            -30.500750980290665
                        ],
                        [
                            -56.40655517578125,
                            -30.467614102257855
                        ],
                        [
                            -56.40106201171875,
                            -30.44867367928756
                        ],
                        [
                            -56.446380615234375,
                            -30.421440372174192
                        ],
                        [
                            -56.454620361328125,
                            -30.38472258144958
                        ],
                        [
                            -56.4862060546875,
                            -30.396568538569365
                        ],
                        [
                            -56.515045166015625,
                            -30.36221130643335
                        ],
                        [
                            -56.545257568359375,
                            -30.35865642078877
                        ],
                        [
                            -56.53839111328125,
                            -30.317173211357428
                        ],
                        [
                            -56.56585693359375,
                            -30.311245603935003
                        ],
                        [
                            -56.580963134765625,
                            -30.29108905709619
                        ],
                        [
                            -56.619415283203125,
                            -30.299389313522603
                        ],
                        [
                            -56.608428955078125,
                            -30.27448643699945
                        ],
                        [
                            -56.611175537109375,
                            -30.260253384089417
                        ],
                        [
                            -56.634521484375,
                            -30.262625702860714
                        ],
                        [
                            -56.624908447265625,
                            -30.24483191530716
                        ],
                        [
                            -56.6619873046875,
                            -30.219915199004745
                        ],
                        [
                            -56.646881103515625,
                            -30.203300547277802
                        ],
                        [
                            -56.682586669921875,
                            -30.197366063272245
                        ],
                        [
                            -56.6949462890625,
                            -30.203300547277802
                        ],
                        [
                            -56.70593261718756,
                            -30.17362455035855
                        ],
                        [
                            -56.773223876953125,
                            -30.164126343161087
                        ],
                        [
                            -56.7828369140625,
                            -30.128499916692782
                        ],
                        [
                            -56.8157958984375,
                            -30.10236569641242
                        ],
                        [
                            -56.888580322265625,
                            -30.089295993825527
                        ],
                        [
                            -56.91192626953125,
                            -30.109493896732292
                        ],
                        [
                            -56.92291259765625,
                            -30.0964251367153
                        ],
                        [
                            -56.970977783203125,
                            -30.09880140343807
                        ],
                        [
                            -56.986083984375,
                            -30.086919498630827
                        ],
                        [
                            -57.02178955078125,
                            -30.089295993825527
                        ],
                        [
                            -57.039642333984375,
                            -30.105929860846874
                        ],
                        [
                            -57.067108154296875,
                            -30.09880140343807
                        ],
                        [
                            -57.0684814453125,
                            -30.08573122961661
                        ]
                    ]
                ]
            },
            "properties": {}
        }
    ]
}