{
    "type": "FeatureCollection",
    "features": [
        {
            "type": "Feature",
            "properties": {},
            "geometry": {
                "type": "Polygon",
                "coordinates": [
                    [
                        [
                            166.62139892578125,
                            -14.628766359651054
                        ],
                        [
                            166.55548095703125,
                            -14.66464027888777
                        ],
                        [
                            166.5211486816406,
                            -14.842593996215237
                        ],
                        [
                            166.56921386718747,
                            -14.95141896840447
                        ],
                        [
                            166.65023803710938,
                            -15.232514752876272
                        ],
                        [
                            166.6351318359375,
                            -15.38483946264189
                        ],
                        [
                            166.65573120117188,
                            -15.43779592024092
                        ],
                        [
                            166.76422119140625,
                            -15.593938580800781
                        ],
                        [
                            166.74911499023438,
                            -15.627004454829185
                        ],
                        [
                            166.7669677734375,
                            -15.661387302408023
                        ],
                        [
                            166.84112548828125,
                            -15.687831711654024
                        ],
                        [
                            166.8658447265625,
                            -15.650808580175482
                        ],
                        [
                            166.915283203125,
                            -15.642874179359655
                        ],
                        [
                            166.95098876953125,
                            -15.658742673171377
                        ],
                        [
                            167.0045471191406,
                            -15.630972001280334
                        ],
                        [
                            167.047119140625,
                            -15.64022931070753
                        ],
                        [
                            167.08419799804688,
                            -15.714272693412482
                        ],
                        [
                            167.20504760742188,
                            -15.771109173575294
                        ],
                        [
                            167.25997924804688,
                            -15.759214481640653
                        ],
                        [
                            167.28469848632812,
                            -15.720882402699356
                        ],
                        [
                            167.26959228515622,
                            -15.675932151334584
                        ],
                        [
                            167.29019165039062,
                            -15.616423955297027
                        ],
                        [
                            167.31216430664062,
                            -15.550283472595705
                        ],
                        [
                            167.28057861328125,
                            -15.515882017308009
                        ],
                        [
                            167.27508544921875,
                            -15.424558071072397
                        ],
                        [
                            167.23388671875,
                            -15.350410538543864
                        ],
                        [
                            167.24212646484375,
                            -15.288159230437842
                        ],
                        [
                            167.20230102539062,
                            -15.24046486627672
                        ],
                        [
                            167.17758178710938,
                            -15.16492667481092
                        ],
                        [
                            167.14874267578125,
                            -15.095991084505291
                        ],
                        [
                            167.1144104003906,
                            -15.077427674847987
                        ],
                        [
                            167.11715698242188,
                            -15.034990942301745
                        ],
                        [
                            167.08419799804688,
                            -14.993872304906395
                        ],
                        [
                            167.0855712890625,
                            -14.971320017312575
                        ],
                        [
                            167.15286254882812,
                            -14.997851873680595
                        ],
                        [
                            167.18032836914062,
                            -14.984586356558793
                        ],
                        [
                            167.17071533203125,
                            -14.95141896840447
                        ],
                        [
                            167.113037109375,
                            -14.92355439904404
                        ],
                        [
                            167.05535888671875,
                            -14.928862214741336
                        ],
                        [
                            167.00592041015622,
                            -14.906303093157913
                        ],
                        [
                            166.95785522460935,
                            -14.94478487508836
                        ],
                        [
                            166.97158813476562,
                            -14.995198836057883
                        ],
                        [
                            166.959228515625,
                            -15.050905707724771
                        ],
                        [
                            166.959228515625,
                            -15.113227083820759
                        ],
                        [
                            166.90292358398438,
                            -15.146369299638827
                        ],
                        [
                            166.84661865234375,
                            -15.143718113174689
                        ],
                        [
                            166.8109130859375,
                            -14.971320017312575
                        ],
                        [
                            166.78070068359375,
                            -14.809404732947877
                        ],
                        [
                            166.73538208007812,
                            -14.797455353142809
                        ],
                        [
                            166.62139892578125,
                            -14.628766359651054
                        ]
                    ]
                ]
            }
        },
        {
            "type": "Feature",
            "properties": {},
            "geometry": {
                "type": "Polygon",
                "coordinates": [
                    [
                        [
                            167.19818115234375,
                            -15.870204441534865
                        ],
                        [
                            167.15560913085938,
                            -15.9005839120979
                        ],
                        [
                            167.17620849609372,
                            -15.986414107497193
                        ],
                        [
                            167.1405029296875,
                            -16.068248602050335
                        ],
                        [
                            167.15835571289062,
                            -16.132900450566044
                        ],
                        [
                            167.24349975585938,
                            -16.181705218921916
                        ],
                        [
                            167.32177734375,
                            -16.134219656653038
                        ],
                        [
                            167.3712158203125,
                            -16.198849978758137
                        ],
                        [
                            167.3602294921875,
                            -16.32804703184378
                        ],
                        [
                            167.38632202148438,
                            -16.416326578516152
                        ],
                        [
                            167.41378784179688,
                            -16.467694748288956
                        ],
                        [
                            167.398681640625,
                            -16.51114949399363
                        ],
                        [
                            167.45635986328122,
                            -16.609873919524176
                        ],
                        [
                            167.5030517578125,
                            -16.61118990316615
                        ],
                        [
                            167.59506225585938,
                            -16.559859865723592
                        ],
                        [
                            167.61703491210938,
                            -16.521682507760566
                        ],
                        [
                            167.64724731445312,
                            -16.54011389965838
                        ],
                        [
                            167.6747131347656,
                            -16.52563223986926
                        ],
                        [
                            167.75161743164062,
                            -16.559859865723592
                        ],
                        [
                            167.794189453125,
                            -16.57170647432069
                        ],
                        [
                            167.80242919921875,
                            -16.536164463838773
                        ],
                        [
                            167.838134765625,
                            -16.566441404897727
                        ],
                        [
                            167.86697387695312,
                            -16.55196172197251
                        ],
                        [
                            167.83538818359375,
                            -16.416326578516152
                        ],
                        [
                            167.80654907226562,
                            -16.401835664857224
                        ],
                        [
                            167.78045654296875,
                            -16.320139453117562
                        ],
                        [
                            167.73651123046875,
                            -16.305641395576814
                        ],
                        [
                            167.70904541015625,
                            -16.260822436124425
                        ],
                        [
                            167.60467529296875,
                            -16.206762442296196
                        ],
                        [
                            167.48382568359375,
                            -16.070887864986513
                        ],
                        [
                            167.43576049804688,
                            -16.051092539626506
                        ],
                        [
                            167.40692138671875,
                            -15.967930708968813
                        ],
                        [
                            167.29293823242188,
                            -15.874167241081153
                        ],
                        [
                            167.19818115234375,
                            -15.870204441534865
                        ]
                    ]
                ]
            }
        },
        {
            "type": "Feature",
            "properties": {},
            "geometry": {
                "type": "Polygon",
                "coordinates": [
                    [
                        [
                            168.0303955078125,
                            -14.888386811926
                        ],
                        [
                            168.06060791015625,
                            -15.072786569173761
                        ],
                        [
                            168.08876037597656,
                            -15.146369299638827
                        ],
                        [
                            168.1011199951172,
                            -15.21992645903117
                        ],
                        [
                            168.1072998046875,
                            -15.31730044701902
                        ],
                        [
                            168.13819885253906,
                            -15.400065825806685
                        ],
                        [
                            168.1793975830078,
                            -15.396755841628917
                        ],
                        [
                            168.19244384765625,
                            -15.304717237385459
                        ],
                        [
                            168.17733764648438,
                            -15.296769557382794
                        ],
                        [
                            168.18077087402344,
                            -15.18480776912753
                        ],
                        [
                            168.1615447998047,
                            -15.16227572090282
                        ],
                        [
                            168.14987182617188,
                            -15.094665180449292
                        ],
                        [
                            168.08876037597656,
                            -14.892368336542457
                        ],
                        [
                            168.0303955078125,
                            -14.888386811926
                        ]
                    ]
                ]
            }
        },
        {
            "type": "Feature",
            "properties": {},
            "geometry": {
                "type": "Polygon",
                "coordinates": [
                    [
                        [
                            168.1519317626953,
                            -15.436472173319213
                        ],
                        [
                            168.13682556152344,
                            -15.45235657881628
                        ],
                        [
                            168.13133239746094,
                            -15.49669409840637
                        ],
                        [
                            168.12515258789062,
                            -15.54631436698145
                        ],
                        [
                            168.09837341308594,
                            -15.632294499683276
                        ],
                        [
                            168.1072998046875,
                            -15.67989874853036
                        ],
                        [
                            168.12515258789062,
                            -15.755910276849294
                        ],
                        [
                            168.15467834472656,
                            -15.78961064138803
                        ],
                        [
                            168.15261840820312,
                            -15.841141531704206
                        ],
                        [
                            168.1793975830078,
                            -15.936240914103877
                        ],
                        [
                            168.167724609375,
                            -15.975852374520526
                        ],
                        [
                            168.20755004882812,
                            -16.023375778545354
                        ],
                        [
                            168.24874877929688,
                            -16.020075907491282
                        ],
                        [
                            168.27072143554688,
                            -15.986414107497193
                        ],
                        [
                            168.2892608642578,
                            -15.931619067256662
                        ],
                        [
                            168.28033447265625,
                            -15.853691938213348
                        ],
                        [
                            168.2666015625,
                            -15.83057216324004
                        ],
                        [
                            168.2274627685547,
                            -15.68188201822303
                        ],
                        [
                            168.2068634033203,
                            -15.605842909610057
                        ],
                        [
                            168.20411682128906,
                            -15.505295799756198
                        ],
                        [
                            168.1752777099609,
                            -15.498017460385697
                        ],
                        [
                            168.18145751953125,
                            -15.446400069337601
                        ],
                        [
                            168.1519317626953,
                            -15.436472173319213
                        ]
                    ]
                ]
            }
        },
        {
            "type": "Feature",
            "properties": {},
            "geometry": {
                "type": "Polygon",
                "coordinates": [
                    [
                        [
                            168.17733764648438,
                            -16.08672270693416
                        ],
                        [
                            168.123779296875,
                            -16.089361724599268
                        ],
                        [
                            168.10043334960938,
                            -16.136858042466557
                        ],
                        [
                            168.03863525390625,
                            -16.179067431382258
                        ],
                        [
                            167.90542602539062,
                            -16.198849978758137
                        ],
                        [
                            167.91229248046875,
                            -16.284551396249796
                        ],
                        [
                            168.08944702148438,
                            -16.378120933940313
                        ],
                        [
                            168.18695068359375,
                            -16.384708648758693
                        ],
                        [
                            168.31329345703125,
                            -16.353085588019585
                        ],
                        [
                            168.32565307617188,
                            -16.321457405100826
                        ],
                        [
                            168.31329345703125,
                            -16.276642061633524
                        ],
                        [
                            168.24050903320312,
                            -16.230497926843622
                        ],
                        [
                            168.20755004882812,
                            -16.11047260335594
                        ],
                        [
                            168.17733764648438,
                            -16.08672270693416
                        ]
                    ]
                ]
            }
        },
        {
            "type": "Feature",
            "properties": {},
            "geometry": {
                "type": "Polygon",
                "coordinates": [
                    [
                        [
                            168.22265625,
                            -16.42423025820886
                        ],
                        [
                            168.19244384765625,
                            -16.508516150849754
                        ],
                        [
                            168.2501220703125,
                            -16.522999094104996
                        ],
                        [
                            168.27896118164062,
                            -16.42423025820886
                        ],
                        [
                            168.22265625,
                            -16.42423025820886
                        ]
                    ]
                ]
            }
        },
        {
            "type": "Feature",
            "properties": {},
            "geometry": {
                "type": "Polygon",
                "coordinates": [
                    [
                        [
                            168.3538055419922,
                            -16.47691323665893
                        ],
                        [
                            168.31398010253903,
                            -16.48152231635627
                        ],
                        [
                            168.30093383789062,
                            -16.493373731812284
                        ],
                        [
                            168.31329345703125,
                            -16.53353146171968
                        ],
                        [
                            168.3647918701172,
                            -16.54406325463195
                        ],
                        [
                            168.37989807128906,
                            -16.52563223986926
                        ],
                        [
                            168.37371826171875,
                            -16.493373731812284
                        ],
                        [
                            168.3538055419922,
                            -16.47691323665893
                        ]
                    ]
                ]
            }
        },
        {
            "type": "Feature",
            "properties": {},
            "geometry": {
                "type": "Polygon",
                "coordinates": [
                    [
                        [
                            168.19244384765625,
                            -16.553278101739544
                        ],
                        [
                            168.16429138183594,
                            -16.56051802975877
                        ],
                        [
                            168.1244659423828,
                            -16.570390220460506
                        ],
                        [
                            168.1189727783203,
                            -16.580919999359804
                        ],
                        [
                            168.12583923339844,
                            -16.594739459743412
                        ],
                        [
                            168.14712524414062,
                            -16.601319806103692
                        ],
                        [
                            168.13682556152344,
                            -16.6131638617219
                        ],
                        [
                            168.12034606933594,
                            -16.63816557978192
                        ],
                        [
                            168.10935974121094,
                            -16.6901323976794
                        ],
                        [
                            168.1299591064453,
                            -16.72959142923318
                        ],
                        [
                            168.14712524414062,
                            -16.788107279860995
                        ],
                        [
                            168.1945037841797,
                            -16.82491700710915
                        ],
                        [
                            168.26454162597656,
                            -16.829517720583475
                        ],
                        [
                            168.28376770019528,
                            -16.816372528577872
                        ],
                        [
                            168.33457946777344,
                            -16.797310381204476
                        ],
                        [
                            168.37509155273438,
                            -16.80979959070618
                        ],
                        [
                            168.4197235107422,
                            -16.8321466495438
                        ],
                        [
                            168.475341796875,
                            -16.851862453216565
                        ],
                        [
                            168.49044799804688,
                            -16.838061606272994
                        ],
                        [
                            168.48220825195312,
                            -16.814400671140856
                        ],
                        [
                            168.50006103515625,
                            -16.8032264250267
                        ],
                        [
                            168.4918212890625,
                            -16.788107279860995
                        ],
                        [
                            168.44444274902344,
                            -16.747345330125356
                        ],
                        [
                            168.40667724609375,
                            -16.77167206116177
                        ],
                        [
                            168.36959838867188,
                            -16.759180344554938
                        ],
                        [
                            168.35792541503906,
                            -16.728933845580062
                        ],
                        [
                            168.34075927734375,
                            -16.71972743629047
                        ],
                        [
                            168.32359313964844,
                            -16.68223961288527
                        ],
                        [
                            168.3002471923828,
                            -16.667110864702863
                        ],
                        [
                            168.2549285888672,
                            -16.675662043309767
                        ],
                        [
                            168.24325561523438,
                            -16.628954799528252
                        ],
                        [
                            168.2171630859375,
                            -16.57368083823933
                        ],
                        [
                            168.19244384765625,
                            -16.553278101739544
                        ]
                    ]
                ]
            }
        },
        {
            "type": "Feature",
            "properties": {},
            "geometry": {
                "type": "Polygon",
                "coordinates": [
                    [
                        [
                            167.947998046875,
                            -15.266963072935074
                        ],
                        [
                            167.8813934326172,
                            -15.28418511407642
                        ],
                        [
                            167.80792236328125,
                            -15.310015523128332
                        ],
                        [
                            167.7337646484375,
                            -15.359680423515899
                        ],
                        [
                            167.66921997070312,
                            -15.423234239729013
                        ],
                        [
                            167.6630401611328,
                            -15.438457790534665
                        ],
                        [
                            167.68226623535156,
                            -15.469563311134117
                        ],
                        [
                            167.77633666992188,
                            -15.485445179478594
                        ],
                        [
                            167.8436279296875,
                            -15.484783459305502
                        ],
                        [
                            167.94113159179685,
                            -15.402713775227252
                        ],
                        [
                            167.94593811035156,
                            -15.366963615578788
                        ],
                        [
                            167.9981231689453,
                            -15.303392644997984
                        ],
                        [
                            168.0077362060547,
                            -15.272262313088643
                        ],
                        [
                            167.947998046875,
                            -15.266963072935074
                        ]
                    ]
                ]
            }
        },
        {
            "type": "Feature",
            "properties": {},
            "geometry": {
                "type": "Polygon",
                "coordinates": [
                    [
                        [
                            167.53532409667966,
                            -14.187174718895434
                        ],
                        [
                            167.4707794189453,
                            -14.191168901588155
                        ],
                        [
                            167.4151611328125,
                            -14.227778959746418
                        ],
                        [
                            167.41653442382812,
                            -14.281019363254686
                        ],
                        [
                            167.42202758789062,
                            -14.309630880716188
                        ],
                        [
                            167.40280151367188,
                            -14.35021305958151
                        ],
                        [
                            167.43576049804688,
                            -14.374824898484027
                        ],
                        [
                            167.53257751464844,
                            -14.38347165838915
                        ],
                        [
                            167.5813293457031,
                            -14.360191158370354
                        ],
                        [
                            167.62046813964844,
                            -14.269041368611889
                        ],
                        [
                            167.60398864746094,
                            -14.2138012730224
                        ],
                        [
                            167.53532409667966,
                            -14.187174718895434
                        ]
                    ]
                ]
            }
        },
        {
            "type": "Feature",
            "properties": {},
            "geometry": {
                "type": "Polygon",
                "coordinates": [
                    [
                        [
                            167.79813766479492,
                            -14.313456563376576
                        ],
                        [
                            167.7909278869629,
                            -14.320775079024658
                        ],
                        [
                            167.79436111450195,
                            -14.32543219201519
                        ],
                        [
                            167.80157089233398,
                            -14.323436298282722
                        ],
                        [
                            167.80139923095703,
                            -14.315951538695298
                        ],
                        [
                            167.79813766479492,
                            -14.313456563376576
                        ]
                    ]
                ]
            }
        },
        {
            "type": "Feature",
            "properties": {},
            "geometry": {
                "type": "Polygon",
                "coordinates": [
                    [
                        [
                            167.46734619140625,
                            -13.706032820303584
                        ],
                        [
                            167.40005493164062,
                            -13.72671178377289
                        ],
                        [
                            167.3787689208984,
                            -13.777400879552877
                        ],
                        [
                            167.3705291748047,
                            -13.83741321948021
                        ],
                        [
                            167.3945617675781,
                            -13.885411949605436
                        ],
                        [
                            167.44056701660156,
                            -13.920737999640028
                        ],
                        [
                            167.43576049804688,
                            -13.958724142208773
                        ],
                        [
                            167.44537353515625,
                            -13.976049076982981
                        ],
                        [
                            167.49069213867188,
                            -13.970718466610652
                        ],
                        [
                            167.5044250488281,
                            -13.939398640275042
                        ],
                        [
                            167.48451232910156,
                            -13.920071520315084
                        ],
                        [
                            167.53189086914062,
                            -13.917405583801377
                        ],
                        [
                            167.5579833984375,
                            -13.914073119934262
                        ],
                        [
                            167.56759643554688,
                            -13.896076985570954
                        ],
                        [
                            167.61016845703125,
                            -13.88941139562337
                        ],
                        [
                            167.63145446777344,
                            -13.882745613917539
                        ],
                        [
                            167.6232147216797,
                            -13.866746955956813
                        ],
                        [
                            167.60330200195312,
                            -13.866080321266555
                        ],
                        [
                            167.5751495361328,
                            -13.862080472921022
                        ],
                        [
                            167.55592346191406,
                            -13.853413898471025
                        ],
                        [
                            167.56759643554688,
                            -13.831412681016364
                        ],
                        [
                            167.5655364990234,
                            -13.803408123350966
                        ],
                        [
                            167.55661010742188,
                            -13.779401539612378
                        ],
                        [
                            167.54150390625,
                            -13.772732606134625
                        ],
                        [
                            167.530517578125,
                            -13.75005680956885
                        ],
                        [
                            167.49549865722656,
                            -13.71070242287439
                        ],
                        [
                            167.46734619140625,
                            -13.706032820303584
                        ]
                    ]
                ]
            }
        },
        {
            "type": "Feature",
            "properties": {},
            "geometry": {
                "type": "Polygon",
                "coordinates": [
                    [
                        [
                            167.71522521972656,
                            -13.639314092068396
                        ],
                        [
                            167.64793395996094,
                            -13.645319551082846
                        ],
                        [
                            167.6465606689453,
                            -13.666671056275316
                        ],
                        [
                            167.61360168457028,
                            -13.696026216568013
                        ],
                        [
                            167.61291503906247,
                            -13.71737312262147
                        ],
                        [
                            167.6342010498047,
                            -13.726044748874735
                        ],
                        [
                            167.64450073242185,
                            -13.711369501377265
                        ],
                        [
                            167.7014923095703,
                            -13.690022049868018
                        ],
                        [
                            167.72552490234375,
                            -13.677346083584968
                        ],
                        [
                            167.71522521972656,
                            -13.639314092068396
                        ]
                    ]
                ]
            }
        },
        {
            "type": "Feature",
            "properties": {},
            "geometry": {
                "type": "Polygon",
                "coordinates": [
                    [
                        [
                            167.6959991455078,
                            -13.820077908478542
                        ],
                        [
                            167.66921997070312,
                            -13.83541305718796
                        ],
                        [
                            167.6685333251953,
                            -13.857413896093906
                        ],
                        [
                            167.68638610839844,
                            -13.867413588732378
                        ],
                        [
                            167.71316528320312,
                            -13.86408040570843
                        ],
                        [
                            167.72621154785156,
                            -13.83741321948021
                        ],
                        [
                            167.6959991455078,
                            -13.820077908478542
                        ]
                    ]
                ]
            }
        },
        {
            "type": "Feature",
            "properties": {},
            "geometry": {
                "type": "Polygon",
                "coordinates": [
                    [
                        [
                            167.5408172607422,
                            -13.59059750817927
                        ],
                        [
                            167.52159118652344,
                            -13.594601989197129
                        ],
                        [
                            167.50511169433594,
                            -13.59259975714714
                        ],
                        [
                            167.4982452392578,
                            -13.603278132528756
                        ],
                        [
                            167.51541137695312,
                            -13.609284507076328
                        ],
                        [
                            167.51129150390625,
                            -13.627970030567198
                        ],
                        [
                            167.51747131347656,
                            -13.635310367863752
                        ],
                        [
                            167.52845764160156,
                            -13.625968080820735
                        ],
                        [
                            167.54493713378906,
                            -13.623298788116125
                        ],
                        [
                            167.5408172607422,
                            -13.606615026092665
                        ],
                        [
                            167.5408172607422,
                            -13.59059750817927
                        ]
                    ]
                ]
            }
        },
        {
            "type": "Feature",
            "properties": {},
            "geometry": {
                "type": "Polygon",
                "coordinates": [
                    [
                        [
                            167.3334503173828,
                            -13.495137395415089
                        ],
                        [
                            167.30804443359375,
                            -13.500478831968458
                        ],
                        [
                            167.28057861328125,
                            -13.51984053697927
                        ],
                        [
                            167.27989196777344,
                            -13.533192520585454
                        ],
                        [
                            167.29843139648438,
                            -13.561896748597066
                        ],
                        [
                            167.33413696289062,
                            -13.575913832365224
                        ],
                        [
                            167.3650360107422,
                            -13.559894240510044
                        ],
                        [
                            167.37258911132812,
                            -13.531857355912644
                        ],
                        [
                            167.36572265625,
                            -13.508490762626565
                        ],
                        [
                            167.3334503173828,
                            -13.495137395415089
                        ]
                    ]
                ]
            }
        },
        {
            "type": "Feature",
            "properties": {},
            "geometry": {
                "type": "Polygon",
                "coordinates": [
                    [
                        [
                            166.54586791992188,
                            -13.06342578889815
                        ],
                        [
                            166.52389526367188,
                            -13.102217513557752
                        ],
                        [
                            166.5211486816406,
                            -13.166411067933177
                        ],
                        [
                            166.56234741210938,
                            -13.210534384132387
                        ],
                        [
                            166.57882690429688,
                            -13.259996496419117
                        ],
                        [
                            166.62551879882812,
                            -13.29608412305202
                        ],
                        [
                            166.5966796875,
                            -13.317466849852305
                        ],
                        [
                            166.61590576171872,
                            -13.357554369495743
                        ],
                        [
                            166.64337158203125,
                            -13.393627444410113
                        ],
                        [
                            166.66397094726562,
                            -13.441716464198757
                        ],
                        [
                            166.70516967773438,
                            -13.468428420913316
                        ],
                        [
                            166.73126220703125,
                            -13.42969511218854
                        ],
                        [
                            166.71478271484375,
                            -13.385611672348809
                        ],
                        [
                            166.6790771484375,
                            -13.377595633416385
                        ],
                        [
                            166.68045043945312,
                            -13.333502655583274
                        ],
                        [
                            166.64611816406247,
                            -13.309448548494599
                        ],
                        [
                            166.67770385742185,
                            -13.258659814691365
                        ],
                        [
                            166.65435791015625,
                            -13.210534384132387
                        ],
                        [
                            166.629638671875,
                            -13.202512555455915
                        ],
                        [
                            166.60491943359375,
                            -13.185131022955911
                        ],
                        [
                            166.61727905273438,
                            -13.126292062732247
                        ],
                        [
                            166.59530639648438,
                            -13.076802935029326
                        ],
                        [
                            166.54586791992188,
                            -13.06342578889815
                        ]
                    ]
                ]
            }
        },
        {
            "type": "Feature",
            "properties": {},
            "geometry": {
                "type": "Polygon",
                "coordinates": [
                    [
                        [
                            168.3603286743164,
                            -16.82590288368768
                        ],
                        [
                            168.35277557373047,
                            -16.828860482642092
                        ],
                        [
                            168.35414886474607,
                            -16.835761367278625
                        ],
                        [
                            168.3592987060547,
                            -16.83970461701539
                        ],
                        [
                            168.36444854736328,
                            -16.830832189624815
                        ],
                        [
                            168.3603286743164,
                            -16.82590288368768
                        ]
                    ]
                ]
            }
        },
        {
            "type": "Feature",
            "properties": {},
            "geometry": {
                "type": "Polygon",
                "coordinates": [
                    [
                        [
                            168.5570526123047,
                            -16.82097344950033
                        ],
                        [
                            168.55413436889648,
                            -16.822123662280216
                        ],
                        [
                            168.55688095092773,
                            -16.827381688936587
                        ],
                        [
                            168.55670928955075,
                            -16.832310956392217
                        ],
                        [
                            168.5664939880371,
                            -16.831653728143245
                        ],
                        [
                            168.5658073425293,
                            -16.8272173778123
                        ],
                        [
                            168.5664939880371,
                            -16.824259753206942
                        ],
                        [
                            168.5570526123047,
                            -16.82097344950033
                        ]
                    ]
                ]
            }
        },
        {
            "type": "Feature",
            "properties": {},
            "geometry": {
                "type": "Polygon",
                "coordinates": [
                    [
                        [
                            168.5500144958496,
                            -16.813414734731857
                        ],
                        [
                            168.54726791381836,
                            -16.813414734731857
                        ],
                        [
                            168.54143142700195,
                            -16.814729315471237
                        ],
                        [
                            168.541259765625,
                            -16.816865489732553
                        ],
                        [
                            168.5434913635254,
                            -16.81801572744162
                        ],
                        [
                            168.54846954345703,
                            -16.816372528577872
                        ],
                        [
                            168.5500144958496,
                            -16.813414734731857
                        ]
                    ]
                ]
            }
        },
        {
            "type": "Feature",
            "properties": {},
            "geometry": {
                "type": "Polygon",
                "coordinates": [
                    [
                        [
                            168.56014251708984,
                            -16.860569612449765
                        ],
                        [
                            168.55636596679688,
                            -16.8645123451097
                        ],
                        [
                            168.55052947998047,
                            -16.868619270838867
                        ],
                        [
                            168.54658126831055,
                            -16.8760115121982
                        ],
                        [
                            168.5331916809082,
                            -16.87617578094269
                        ],
                        [
                            168.52495193481445,
                            -16.8988434968278
                        ],
                        [
                            168.52632522583008,
                            -16.934810583257256
                        ],
                        [
                            168.53988647460938,
                            -16.93908019211189
                        ],
                        [
                            168.5519027709961,
                            -16.937109615449412
                        ],
                        [
                            168.5603141784668,
                            -16.932511522975766
                        ],
                        [
                            168.5680389404297,
                            -16.931197761633236
                        ],
                        [
                            168.57250213623044,
                            -16.925778399169193
                        ],
                        [
                            168.5767936706543,
                            -16.923150773334648
                        ],
                        [
                            168.57507705688474,
                            -16.919373496961903
                        ],
                        [
                            168.58572006225586,
                            -16.912147191970387
                        ],
                        [
                            168.58829498291013,
                            -16.90492060985208
                        ],
                        [
                            168.59722137451172,
                            -16.897529500693977
                        ],
                        [
                            168.59567642211914,
                            -16.889481074649375
                        ],
                        [
                            168.59996795654297,
                            -16.883896250749707
                        ],
                        [
                            168.59704971313477,
                            -16.877818460529436
                        ],
                        [
                            168.5939598083496,
                            -16.870262016138234
                        ],
                        [
                            168.5822868347168,
                            -16.869933468220978
                        ],
                        [
                            168.56014251708984,
                            -16.860569612449765
                        ]
                    ]
                ]
            }
        },
        {
            "type": "Feature",
            "properties": {},
            "geometry": {
                "type": "Polygon",
                "coordinates": [
                    [
                        [
                            168.57318878173828,
                            -16.947537015875405
                        ],
                        [
                            168.56632232666016,
                            -16.947947531622134
                        ],
                        [
                            168.56675148010254,
                            -16.949507483285156
                        ],
                        [
                            168.5719871520996,
                            -16.952052639788864
                        ],
                        [
                            168.57361793518066,
                            -16.95829223249654
                        ],
                        [
                            168.57919692993164,
                            -16.96740494953005
                        ],
                        [
                            168.5818576812744,
                            -16.968718457869414
                        ],
                        [
                            168.58511924743652,
                            -16.967322854953782
                        ],
                        [
                            168.58606338500977,
                            -16.963874850344617
                        ],
                        [
                            168.58057022094727,
                            -16.955665060816987
                        ],
                        [
                            168.57318878173828,
                            -16.947537015875405
                        ]
                    ]
                ]
            }
        },
        {
            "type": "Feature",
            "properties": {},
            "geometry": {
                "type": "Polygon",
                "coordinates": [
                    [
                        [
                            168.62005233764648,
                            -16.99309878750372
                        ],
                        [
                            168.6078643798828,
                            -17.008365662779706
                        ],
                        [
                            168.61026763916016,
                            -17.01657314600051
                        ],
                        [
                            168.61576080322266,
                            -17.02445199139042
                        ],
                        [
                            168.62125396728516,
                            -17.025929237974132
                        ],
                        [
                            168.62348556518555,
                            -17.023138873525312
                        ],
                        [
                            168.62211227416992,
                            -17.017886309929963
                        ],
                        [
                            168.6236572265625,
                            -17.01345434475329
                        ],
                        [
                            168.6433982849121,
                            -17.009843036306187
                        ],
                        [
                            168.65232467651367,
                            -17.00787320234802
                        ],
                        [
                            168.64751815795898,
                            -16.9972029084597
                        ],
                        [
                            168.63567352294922,
                            -16.993427120486636
                        ],
                        [
                            168.62005233764648,
                            -16.99309878750372
                        ]
                    ]
                ]
            }
        },
        {
            "type": "Feature",
            "properties": {},
            "geometry": {
                "type": "Polygon",
                "coordinates": [
                    [
                        [
                            168.5910415649414,
                            -17.014439234970123
                        ],
                        [
                            168.5858917236328,
                            -17.015752413867116
                        ],
                        [
                            168.57902526855466,
                            -17.02346715385543
                        ],
                        [
                            168.57902526855466,
                            -17.027242336257167
                        ],
                        [
                            168.58417510986328,
                            -17.03068917540016
                        ],
                        [
                            168.59447479248047,
                            -17.027734745737323
                        ],
                        [
                            168.5965347290039,
                            -17.021169179451373
                        ],
                        [
                            168.5910415649414,
                            -17.014439234970123
                        ]
                    ]
                ]
            }
        },
        {
            "type": "Feature",
            "properties": {},
            "geometry": {
                "type": "Polygon",
                "coordinates": [
                    [
                        [
                            168.59893798828125,
                            -16.981935124030542
                        ],
                        [
                            168.5984230041504,
                            -16.985054449834266
                        ],
                        [
                            168.59739303588867,
                            -16.988009552747965
                        ],
                        [
                            168.6001396179199,
                            -16.995561270859564
                        ],
                        [
                            168.60511779785156,
                            -16.99408378472747
                        ],
                        [
                            168.6049461364746,
                            -16.988666235961386
                        ],
                        [
                            168.60357284545898,
                            -16.98292017988765
                        ],
                        [
                            168.59893798828125,
                            -16.981935124030542
                        ]
                    ]
                ]
            }
        },
        {
            "type": "Feature",
            "properties": {},
            "geometry": {
                "type": "Polygon",
                "coordinates": [
                    [
                        [
                            168.40049743652344,
                            -17.027242336257167
                        ],
                        [
                            168.37989807128906,
                            -17.029868505174377
                        ],
                        [
                            168.3620452880859,
                            -17.050220063802282
                        ],
                        [
                            168.32496643066406,
                            -17.07122579909003
                        ],
                        [
                            168.32565307617188,
                            -17.08632221087634
                        ],
                        [
                            168.33389282226562,
                            -17.10272996746543
                        ],
                        [
                            168.36753845214844,
                            -17.100104823525193
                        ],
                        [
                            168.4039306640625,
                            -17.073851349787525
                        ],
                        [
                            168.44032287597653,
                            -17.063348925329628
                        ],
                        [
                            168.44375610351562,
                            -17.050220063802282
                        ],
                        [
                            168.40049743652344,
                            -17.027242336257167
                        ]
                    ]
                ]
            }
        },
        {
            "type": "Feature",
            "properties": {},
            "geometry": {
                "type": "Polygon",
                "coordinates": [
                    [
                        [
                            168.4416961669922,
                            -17.12241736704664
                        ],
                        [
                            168.4210968017578,
                            -17.125698397775604
                        ],
                        [
                            168.42864990234375,
                            -17.13554114256562
                        ],
                        [
                            168.4471893310547,
                            -17.146695623119985
                        ],
                        [
                            168.45062255859375,
                            -17.13554114256562
                        ],
                        [
                            168.4416961669922,
                            -17.12241736704664
                        ]
                    ]
                ]
            }
        },
        {
            "type": "Feature",
            "properties": {},
            "geometry": {
                "type": "Polygon",
                "coordinates": [
                    [
                        [
                            168.42744827270508,
                            -17.240006085146472
                        ],
                        [
                            168.42212677001953,
                            -17.24033398268597
                        ],
                        [
                            168.41629028320312,
                            -17.24836729047567
                        ],
                        [
                            168.42195510864258,
                            -17.259023179551292
                        ],
                        [
                            168.42933654785156,
                            -17.260990353298613
                        ],
                        [
                            168.43173980712888,
                            -17.265580343760632
                        ],
                        [
                            168.43774795532227,
                            -17.267383523033377
                        ],
                        [
                            168.43929290771484,
                            -17.261318213549593
                        ],
                        [
                            168.43311309814453,
                            -17.253613343555294
                        ],
                        [
                            168.42744827270508,
                            -17.240006085146472
                        ]
                    ]
                ]
            }
        },
        {
            "type": "Feature",
            "properties": {},
            "geometry": {
                "type": "Polygon",
                "coordinates": [
                    [
                        [
                            168.35174560546875,
                            -17.396510737345487
                        ],
                        [
                            168.31878662109375,
                            -17.40437341634564
                        ],
                        [
                            168.30780029296875,
                            -17.42664916972571
                        ],
                        [
                            168.3380126953125,
                            -17.486911100806847
                        ],
                        [
                            168.38058471679688,
                            -17.51048642597462
                        ],
                        [
                            168.34625244140622,
                            -17.519653781765818
                        ],
                        [
                            168.28720092773438,
                            -17.48953073238539
                        ],
                        [
                            168.23089599609375,
                            -17.51572497168026
                        ],
                        [
                            168.18283081054688,
                            -17.57857571874488
                        ],
                        [
                            168.19381713867188,
                            -17.611301839598692
                        ],
                        [
                            168.13751220703125,
                            -17.628317078493986
                        ],
                        [
                            168.1292724609375,
                            -17.655799841508053
                        ],
                        [
                            168.16360473632812,
                            -17.663651289207536
                        ],
                        [
                            168.13339233398438,
                            -17.71467734244876
                        ],
                        [
                            168.1787109375,
                            -17.75522616321699
                        ],
                        [
                            168.21304321289062,
                            -17.74345487051766
                        ],
                        [
                            168.25286865234372,
                            -17.708136350936922
                        ],
                        [
                            168.27346801757812,
                            -17.725142432725615
                        ],
                        [
                            168.24462890625,
                            -17.752610387296084
                        ],
                        [
                            168.2501220703125,
                            -17.787920134296662
                        ],
                        [
                            168.33663940429688,
                            -17.823222901242588
                        ],
                        [
                            168.3778381347656,
                            -17.842832529048007
                        ],
                        [
                            168.46435546875,
                            -17.838910776229625
                        ],
                        [
                            168.55636596679688,
                            -17.811456088564473
                        ],
                        [
                            168.57421875,
                            -17.78007412664324
                        ],
                        [
                            168.59481811523435,
                            -17.72775860985227
                        ],
                        [
                            168.60855102539062,
                            -17.67804472008466
                        ],
                        [
                            168.563232421875,
                            -17.67281087850531
                        ],
                        [
                            168.52890014648438,
                            -17.634860973714645
                        ],
                        [
                            168.51242065429688,
                            -17.5929759421994
                        ],
                        [
                            168.46847534179688,
                            -17.527511146795433
                        ],
                        [
                            168.4368896484375,
                            -17.51572497168026
                        ],
                        [
                            168.42453002929685,
                            -17.481671724450752
                        ],
                        [
                            168.37921142578125,
                            -17.45023229881414
                        ],
                        [
                            168.35174560546875,
                            -17.396510737345487
                        ]
                    ]
                ]
            }
        },
        {
            "type": "Feature",
            "properties": {},
            "geometry": {
                "type": "Polygon",
                "coordinates": [
                    [
                        [
                            168.4914779663086,
                            -17.463332719132794
                        ],
                        [
                            168.47396850585938,
                            -17.468572623463153
                        ],
                        [
                            168.4691619873047,
                            -17.478724508934814
                        ],
                        [
                            168.47053527832028,
                            -17.488875828028657
                        ],
                        [
                            168.4801483154297,
                            -17.500336313673436
                        ],
                        [
                            168.49971771240234,
                            -17.49640708570853
                        ],
                        [
                            168.5076141357422,
                            -17.479706919411406
                        ],
                        [
                            168.50486755371094,
                            -17.467590152886764
                        ],
                        [
                            168.4914779663086,
                            -17.463332719132794
                        ]
                    ]
                ]
            }
        },
        {
            "type": "Feature",
            "properties": {},
            "geometry": {
                "type": "Polygon",
                "coordinates": [
                    [
                        [
                            169.1008758544922,
                            -18.612410369253304
                        ],
                        [
                            169.03907775878906,
                            -18.622171091209932
                        ],
                        [
                            168.98895263671875,
                            -18.670315781372945
                        ],
                        [
                            168.98345947265625,
                            -18.725600248588986
                        ],
                        [
                            168.9800262451172,
                            -18.778266273935085
                        ],
                        [
                            168.99925231933594,
                            -18.82571662050116
                        ],
                        [
                            168.98345947265625,
                            -18.847812211896056
                        ],
                        [
                            168.98757934570312,
                            -18.888746353640798
                        ],
                        [
                            169.04251098632812,
                            -18.90953446864917
                        ],
                        [
                            169.11460876464844,
                            -18.951102946021255
                        ],
                        [
                            169.15786743164062,
                            -18.954350047559018
                        ],
                        [
                            169.222412109375,
                            -18.978376634116863
                        ],
                        [
                            169.2876434326172,
                            -19.004996642802364
                        ],
                        [
                            169.31854248046875,
                            -18.990063991345163
                        ],
                        [
                            169.35287475585938,
                            -18.956947683286685
                        ],
                        [
                            169.34394836425778,
                            -18.880950144970228
                        ],
                        [
                            169.2876434326172,
                            -18.848462038217974
                        ],
                        [
                            169.2162322998047,
                            -18.79256778664964
                        ],
                        [
                            169.26223754882812,
                            -18.786067249578988
                        ],
                        [
                            169.2938232421875,
                            -18.774365650676245
                        ],
                        [
                            169.27459716796875,
                            -18.741206709942034
                        ],
                        [
                            169.25674438476562,
                            -18.720397774505493
                        ],
                        [
                            169.2059326171875,
                            -18.728851713580486
                        ],
                        [
                            169.18739318847653,
                            -18.69893587716699
                        ],
                        [
                            169.17297363281247,
                            -18.64884753847907
                        ],
                        [
                            169.1400146484375,
                            -18.622821786088767
                        ],
                        [
                            169.1008758544922,
                            -18.612410369253304
                        ]
                    ]
                ]
            }
        },
        {
            "type": "Feature",
            "properties": {},
            "geometry": {
                "type": "Polygon",
                "coordinates": [
                    [
                        [
                            169.35012817382812,
                            -19.30855128438781
                        ],
                        [
                            169.29725646972653,
                            -19.310495341247517
                        ],
                        [
                            169.24232482910156,
                            -19.335118060256896
                        ],
                        [
                            169.24095153808594,
                            -19.38240918011228
                        ],
                        [
                            169.20730590820312,
                            -19.44652177370613
                        ],
                        [
                            169.25056457519528,
                            -19.54749626886281
                        ],
                        [
                            169.2766571044922,
                            -19.588903452311378
                        ],
                        [
                            169.31922912597656,
                            -19.6180115047009
                        ],
                        [
                            169.3933868408203,
                            -19.6652200224408
                        ],
                        [
                            169.44419860839844,
                            -19.662633613954853
                        ],
                        [
                            169.4757843017578,
                            -19.629653250428266
                        ],
                        [
                            169.4744110107422,
                            -19.581140415802622
                        ],
                        [
                            169.51080322265625,
                            -19.552672748374007
                        ],
                        [
                            169.51766967773438,
                            -19.51384510609994
                        ],
                        [
                            169.48402404785153,
                            -19.50284224439602
                        ],
                        [
                            169.44351196289062,
                            -19.46982917028776
                        ],
                        [
                            169.40025329589844,
                            -19.46141299683288
                        ],
                        [
                            169.36798095703125,
                            -19.445874298215937
                        ],
                        [
                            169.35630798339844,
                            -19.353906585274697
                        ],
                        [
                            169.3769073486328,
                            -19.32539900916395
                        ],
                        [
                            169.35012817382812,
                            -19.30855128438781
                        ]
                    ]
                ]
            }
        },
        {
            "type": "Feature",
            "properties": {},
            "geometry": {
                "type": "Polygon",
                "coordinates": [
                    [
                        [
                            169.81910705566406,
                            -20.12751060165354
                        ],
                        [
                            169.74769592285156,
                            -20.14040429927461
                        ],
                        [
                            169.73052978515625,
                            -20.17907900554829
                        ],
                        [
                            169.7449493408203,
                            -20.219677123752682
                        ],
                        [
                            169.75868225097656,
                            -20.246092432506906
                        ],
                        [
                            169.7662353515625,
                            -20.25833215057469
                        ],
                        [
                            169.78958129882812,
                            -20.249313504474973
                        ],
                        [
                            169.83078002929688,
                            -20.261552968651124
                        ],
                        [
                            169.8767852783203,
                            -20.256399627651827
                        ],
                        [
                            169.9138641357422,
                            -20.213878040691284
                        ],
                        [
                            169.89051818847653,
                            -20.152652326442396
                        ],
                        [
                            169.81910705566406,
                            -20.12751060165354
                        ]
                    ]
                ]
            }
        },
        {
            "type": "Feature",
            "properties": {},
            "geometry": {
                "type": "Polygon",
                "coordinates": [
                    [
                        [
                            170.23693084716797,
                            -19.50478398026552
                        ],
                        [
                            170.22216796875,
                            -19.511579872240574
                        ],
                        [
                            170.1947021484375,
                            -19.509314606646335
                        ],
                        [
                            170.19195556640625,
                            -19.514815910895557
                        ],
                        [
                            170.1995086669922,
                            -19.519669847423703
                        ],
                        [
                            170.19126892089844,
                            -19.526788690637286
                        ],
                        [
                            170.19710540771484,
                            -19.53390722018251
                        ],
                        [
                            170.20088195800778,
                            -19.54587858495958
                        ],
                        [
                            170.21255493164062,
                            -19.551055116366932
                        ],
                        [
                            170.22972106933594,
                            -19.549437468141065
                        ],
                        [
                            170.2389907836914,
                            -19.5400547886543
                        ],
                        [
                            170.23555755615234,
                            -19.527112266967578
                        ],
                        [
                            170.24311065673828,
                            -19.507049309320273
                        ],
                        [
                            170.23693084716797,
                            -19.50478398026552
                        ]
                    ]
                ]
            }
        },
        {
            "type": "Feature",
            "properties": {},
            "geometry": {
                "type": "Polygon",
                "coordinates": [
                    [
                        [
                            169.6062469482422,
                            -19.2071043152269
                        ],
                        [
                            169.59766387939453,
                            -19.21974809294531
                        ],
                        [
                            169.59148406982422,
                            -19.239846455102022
                        ],
                        [
                            169.58358764648438,
                            -19.263507501734065
                        ],
                        [
                            169.59148406982422,
                            -19.28100799697701
                        ],
                        [
                            169.61071014404297,
                            -19.27809137757383
                        ],
                        [
                            169.61414337158203,
                            -19.247301673602554
                        ],
                        [
                            169.617919921875,
                            -19.220720650951197
                        ],
                        [
                            169.6062469482422,
                            -19.2071043152269
                        ]
                    ]
                ]
            }
        },
        {
            "type": "Feature",
            "properties": {},
            "geometry": {
                "type": "Polygon",
                "coordinates": [
                    [
                        [
                            168.03829193115234,
                            -14.437506318985632
                        ],
                        [
                            168.02764892578125,
                            -14.440581743986458
                        ],
                        [
                            168.0227565765381,
                            -14.446981816479811
                        ],
                        [
                            168.0179500579834,
                            -14.458451615396568
                        ],
                        [
                            168.02035331726074,
                            -14.460944971621641
                        ],
                        [
                            168.02112579345703,
                            -14.465599161704723
                        ],
                        [
                            168.02318572998047,
                            -14.477400420716002
                        ],
                        [
                            168.03271293640137,
                            -14.48246978297097
                        ],
                        [
                            168.04301261901853,
                            -14.482137369322693
                        ],
                        [
                            168.05734634399414,
                            -14.478979414821884
                        ],
                        [
                            168.06395530700684,
                            -14.467676893647536
                        ],
                        [
                            168.06275367736814,
                            -14.460944971621641
                        ],
                        [
                            168.06713104248047,
                            -14.457454265072593
                        ],
                        [
                            168.06747436523438,
                            -14.452799904381198
                        ],
                        [
                            168.06987762451172,
                            -14.44573506355318
                        ],
                        [
                            168.06987762451172,
                            -14.441246695154508
                        ],
                        [
                            168.06798934936523,
                            -14.440415505883932
                        ],
                        [
                            168.06601524353027,
                            -14.442825946213572
                        ],
                        [
                            168.05940628051758,
                            -14.443740244334228
                        ],
                        [
                            168.05142402648926,
                            -14.439750552231818
                        ],
                        [
                            168.03829193115234,
                            -14.437506318985632
                        ]
                    ]
                ]
            }
        }
    ]
}