{
    "type": "FeatureCollection",
    "features": [
        {
            "type": "Feature",
            "properties": {},
            "geometry": {
                "type": "Polygon",
                "coordinates": [
                    [
                        [
                            12.455492101301672,
                            41.9074839095973
                        ],
                        [
                            12.453839778900146,
                            41.90698820110995
                        ],
                        [
                            12.453818321228027,
                            41.906812536971195
                        ],
                        [
                            12.453067302703857,
                            41.906716719964486
                        ],
                        [
                            12.451479434967041,
                            41.90636538970964
                        ],
                        [
                            12.451286315917969,
                            41.90657299418483
                        ],
                        [
                            12.450470924377441,
                            41.90649314638965
                        ],
                        [
                            12.450342178344727,
                            41.906014057521375
                        ],
                        [
                            12.450535297393799,
                            41.905870330159836
                        ],
                        [
                            12.44922637939453,
                            41.905199598194436
                        ],
                        [
                            12.44899034500122,
                            41.90511974868156
                        ],
                        [
                            12.448861598968506,
                            41.904768409638564
                        ],
                        [
                            12.44901180267334,
                            41.904672589563994
                        ],
                        [
                            12.448668479919434,
                            41.903650499820955
                        ],
                        [
                            12.448325157165526,
                            41.90371438090925
                        ],
                        [
                            12.447617053985596,
                            41.903107507989986
                        ],
                        [
                            12.44776725769043,
                            41.903011685422804
                        ],
                        [
                            12.446801662445067,
                            41.902213158437355
                        ],
                        [
                            12.446587085723877,
                            41.902356894031726
                        ],
                        [
                            12.44577169418335,
                            41.90195762769289
                        ],
                        [
                            12.446565628051758,
                            41.90163821282425
                        ],
                        [
                            12.446715831756592,
                            41.901765978963454
                        ],
                        [
                            12.447960376739502,
                            41.90099937829354
                        ],
                        [
                            12.44776725769043,
                            41.90082369767715
                        ],
                        [
                            12.44802474975586,
                            41.900663987606414
                        ],
                        [
                            12.44873285293579,
                            41.90080772668804
                        ],
                        [
                            12.448797225952148,
                            41.900983407348406
                        ],
                        [
                            12.450792789459227,
                            41.90082369767715
                        ],
                        [
                            12.450792789459227,
                            41.900616074507326
                        ],
                        [
                            12.451672554016113,
                            41.900376508472526
                        ],
                        [
                            12.452852725982666,
                            41.900296652927864
                        ],
                        [
                            12.452874183654785,
                            41.900472334994284
                        ],
                        [
                            12.454526424407959,
                            41.90020082614245
                        ],
                        [
                            12.454547882080078,
                            41.90034456626665
                        ],
                        [
                            12.456545704171958,
                            41.900395437225995
                        ],
                        [
                            12.45650385026593,
                            41.90127709189349
                        ],
                        [
                            12.456929683685303,
                            41.90119102932384
                        ],
                        [
                            12.457423210144043,
                            41.90115908752542
                        ],
                        [
                            12.457981109619139,
                            41.90131879635783
                        ],
                        [
                            12.458345890045166,
                            41.90171806669123
                        ],
                        [
                            12.458367347717285,
                            41.902388835231
                        ],
                        [
                            12.458131313323975,
                            41.90296377408531
                        ],
                        [
                            12.45750904083252,
                            41.90323527118919
                        ],
                        [
                            12.457637786865234,
                            41.90582242096741
                        ],
                        [
                            12.455812632969327,
                            41.90641741939114
                        ],
                        [
                            12.455492101301672,
                            41.9074839095973
                        ]
                    ]
                ]
            }
        }
    ]
}