{
    "type": "FeatureCollection",
    "features": [
        {
            "type": "Feature",
            "properties": {},
            "geometry": {
                "coordinates": [
                    [
                        [
                            -13.194383335185334,
                            27.683146876795224
                        ],
                        [
                            -13.442513367274131,
                            27.284735859142913
                        ],
                        [
                            -13.634158356335746,
                            26.77259830382937
                        ],
                        [
                            -14.10728192308099,
                            26.579946920897385
                        ],
                        [
                            -14.632772342967343,
                            26.252511018943437
                        ],
                        [
                            -14.644750154784134,
                            25.97825916288508
                        ],
                        [
                            -14.923234279514219,
                            25.39267492766794
                        ],
                        [
                            -15.020198142299904,
                            24.72011561645232
                        ],
                        [
                            -15.29868226702996,
                            24.55952962624943
                        ],
                        [
                            -15.860351599826032,
                            24.010138706824492
                        ],
                        [
                            -16.09391893024508,
                            23.662281440241813
                        ],
                        [
                            -16.072957759565924,
                            23.525074618364854
                        ],
                        [
                            -16.29711744376644,
                            23.148904919987984
                        ],
                        [
                            -16.57107256600534,
                            22.413108063174548
                        ],
                        [
                            -16.82472640686035,
                            22.24113362820698
                        ],
                        [
                            -17.022864734864726,
                            21.759068038389017
                        ],
                        [
                            -17.14055594561802,
                            20.838832056867403
                        ],
                        [
                            -17.046700948141734,
                            20.755270374342658
                        ],
                        [
                            -17.076496185435474,
                            20.922347377070665
                        ],
                        [
                            -17.0034978540655,
                            21.108696760062415
                        ],
                        [
                            -16.943848291347706,
                            21.328134030391823
                        ],
                        [
                            -13.001722990946348,
                            21.330710909265946
                        ],
                        [
                            -13.151251166882304,
                            22.71817695742294
                        ],
                        [
                            -13.123625741685913,
                            22.883710333429377
                        ],
                        [
                            -12.977210988143952,
                            23.06429328772643
                        ],
                        [
                            -12.584929950352631,
                            23.29031582636111
                        ],
                        [
                            -12.355638921220589,
                            23.320761524329086
                        ],
                        [
                            -12.001444570329085,
                            23.454570988787907
                        ],
                        [
                            -12.004201292273564,
                            25.997226270838212
                        ],
                        [
                            -8.671229072043218,
                            25.997003276748075
                        ],
                        [
                            -8.668212890625,
                            27.311842881699175
                        ],
                        [
                            -8.66622274925399,
                            27.670523634092575
                        ],
                        [
                            -13.194383335185334,
                            27.683146876795224
                        ]
                    ]
                ],
                "type": "Polygon"
            }
        }
    ]
}