{
    "type": "FeatureCollection",
    "features": [
        {
            "type": "Feature",
            "geometry": {
                "type": "Polygon",
                "coordinates": [
                    [
                        [
                            29.81964111328125,
                            -15.609810865724066
                        ],
                        [
                            29.761276245117188,
                            -15.627665717908313
                        ],
                        [
                            29.69741821289062,
                            -15.637584407873959
                        ],
                        [
                            29.637680053710938,
                            -15.665354182093274
                        ],
                        [
                            29.586868286132812,
                            -15.658081510515489
                        ],
                        [
                            29.560089111328125,
                            -15.672626594800882
                        ],
                        [
                            29.514083862304684,
                            -15.687170643173774
                        ],
                        [
                            29.497604370117188,
                            -15.68386526864267
                        ],
                        [
                            29.488677978515625,
                            -15.690475964152416
                        ],
                        [
                            29.450912475585938,
                            -15.682543103837803
                        ],
                        [
                            29.414520263671875,
                            -15.687170643173774
                        ],
                        [
                            29.371261596679688,
                            -15.712950725807463
                        ],
                        [
                            29.341049194335938,
                            -15.720221441427375
                        ],
                        [
                            29.262084960937504,
                            -15.759214481640653
                        ],
                        [
                            29.216766357421875,
                            -15.769126773335373
                        ],
                        [
                            29.12818908691406,
                            -15.835856916601784
                        ],
                        [
                            29.117889404296875,
                            -15.841141531704206
                        ],
                        [
                            29.107589721679688,
                            -15.858976086385356
                        ],
                        [
                            29.095230102539062,
                            -15.871525383375822
                        ],
                        [
                            29.069137573242188,
                            -15.877469514500097
                        ],
                        [
                            29.04510498046875,
                            -15.90256502263885
                        ],
                        [
                            29.029998779296875,
                            -15.92765739953591
                        ],
                        [
                            29.020385742187504,
                            -15.945484288404524
                        ],
                        [
                            28.99154663085937,
                            -15.940202412387029
                        ],
                        [
                            28.96064758300781,
                            -15.942183132193618
                        ],
                        [
                            28.923568725585938,
                            -15.940202412387029
                        ],
                        [
                            28.90777587890625,
                            -15.95934855095678
                        ],
                        [
                            28.883743286132816,
                            -15.9745321186987
                        ],
                        [
                            28.883056640624996,
                            -16.01017596695305
                        ],
                        [
                            28.872070312500004,
                            -16.027335551764526
                        ],
                        [
                            28.846664428710938,
                            -16.04185404753606
                        ],
                        [
                            28.844604492187496,
                            -16.055711624974116
                        ],
                        [
                            28.855590820312496,
                            -16.070887864986513
                        ],
                        [
                            28.863830566406246,
                            -16.080125009420794
                        ],
                        [
                            28.87069702148437,
                            -16.11113228213356
                        ],
                        [
                            28.85971069335937,
                            -16.132240844227763
                        ],
                        [
                            28.847351074218746,
                            -16.15070899116268
                        ],
                        [
                            28.838424682617188,
                            -16.17181333399056
                        ],
                        [
                            28.842544555664062,
                            -16.196212420361412
                        ],
                        [
                            28.837051391601566,
                            -16.21599324835452
                        ],
                        [
                            28.842544555664062,
                            -16.236431350938577
                        ],
                        [
                            28.85833740234375,
                            -16.242364596100312
                        ],
                        [
                            28.84803771972656,
                            -16.26477746199319
                        ],
                        [
                            28.825378417968754,
                            -16.29246041192338
                        ],
                        [
                            28.819198608398438,
                            -16.308277485891185
                        ],
                        [
                            28.82400512695312,
                            -16.32409328243462
                        ],
                        [
                            28.842544555664062,
                            -16.330023876577528
                        ],
                        [
                            28.839111328125,
                            -16.351108976559665
                        ],
                        [
                            28.85284423828125,
                            -16.374168198186904
                        ],
                        [
                            28.843231201171875,
                            -16.385367407993424
                        ],
                        [
                            28.842544555664062,
                            -16.398542124897542
                        ],
                        [
                            28.84048461914062,
                            -16.412374618197692
                        ],
                        [
                            28.82400512695312,
                            -16.427523363238933
                        ],
                        [
                            28.816452026367184,
                            -16.446622271646618
                        ],
                        [
                            28.82400512695312,
                            -16.463085339670762
                        ],
                        [
                            28.816452026367184,
                            -16.482839176122972
                        ],
                        [
                            28.800659179687496,
                            -16.500615906214104
                        ],
                        [
                            28.77388000488281,
                            -16.51378280126173
                        ],
                        [
                            28.757400512695312,
                            -16.52760707563096
                        ],
                        [
                            28.734741210937496,
                            -16.555252654535092
                        ],
                        [
                            28.687362670898434,
                            -16.564466966755244
                        ],
                        [
                            28.655776977539062,
                            -16.574997069603082
                        ],
                        [
                            28.64479064941406,
                            -16.57104834851532
                        ],
                        [
                            28.267822265625,
                            -16.715124064986032
                        ],
                        [
                            28.1304931640625,
                            -16.822945238563165
                        ],
                        [
                            27.83111572265625,
                            -16.962232921140096
                        ],
                        [
                            27.625122070312496,
                            -17.243121088259358
                        ],
                        [
                            27.624435424804688,
                            -17.310654529984955
                        ],
                        [
                            27.6361083984375,
                            -17.31327668821106
                        ],
                        [
                            27.620315551757812,
                            -17.321798444078027
                        ],
                        [
                            27.61688232421875,
                            -17.33949621226857
                        ],
                        [
                            27.58392333984375,
                            -17.376852561045375
                        ],
                        [
                            27.5372314453125,
                            -17.42861454692302
                        ],
                        [
                            27.309951782226562,
                            -17.59624856025212
                        ],
                        [
                            27.14790344238281,
                            -17.800996047666967
                        ],
                        [
                            27.143096923828125,
                            -17.814071002942754
                        ],
                        [
                            26.932296752929688,
                            -17.973508079068786
                        ],
                        [
                            26.89178466796875,
                            -17.99114188995226
                        ],
                        [
                            26.875991821289062,
                            -17.983957957423023
                        ],
                        [
                            26.86981201171875,
                            -17.993101093517517
                        ],
                        [
                            26.83135986328125,
                            -17.99114188995226
                        ],
                        [
                            26.82586669921875,
                            -18.001590724175333
                        ],
                        [
                            26.829299926757812,
                            -18.010732946224707
                        ],
                        [
                            26.807327270507812,
                            -18.01399791060483
                        ],
                        [
                            26.800460815429688,
                            -18.0224865348244
                        ],
                        [
                            26.76956176757812,
                            -18.017915787998707
                        ],
                        [
                            26.739349365234375,
                            -18.02640422339869
                        ],
                        [
                            26.698837280273438,
                            -18.062312304546715
                        ],
                        [
                            26.696090698242188,
                            -18.076673483184784
                        ],
                        [
                            26.646652221679688,
                            -18.053825601645894
                        ],
                        [
                            26.625366210937496,
                            -18.057742592374353
                        ],
                        [
                            26.599960327148434,
                            -18.0499085236294
                        ],
                        [
                            26.602706909179688,
                            -18.03946255563516
                        ],
                        [
                            26.575927734375,
                            -18.016609838548586
                        ],
                        [
                            26.567001342773434,
                            -17.989835742155016
                        ],
                        [
                            26.545028686523438,
                            -17.984611054282695
                        ],
                        [
                            26.51275634765625,
                            -17.9904888172623
                        ],
                        [
                            26.483917236328125,
                            -17.983304858146806
                        ],
                        [
                            26.461944580078125,
                            -17.962404405822205
                        ],
                        [
                            26.450958251953125,
                            -17.962404405822205
                        ],
                        [
                            26.445465087890625,
                            -17.95260646769184
                        ],
                        [
                            26.426925659179688,
                            -17.95456609875844
                        ],
                        [
                            26.406326293945312,
                            -17.935622089001583
                        ],
                        [
                            26.380233764648438,
                            -17.936275364481013
                        ],
                        [
                            26.34658813476562,
                            -17.929742501203958
                        ],
                        [
                            26.308822631835938,
                            -17.936275364481013
                        ],
                        [
                            26.285476684570312,
                            -17.91863608052211
                        ],
                        [
                            26.242904663085938,
                            -17.917329397017486
                        ],
                        [
                            26.22779846191406,
                            -17.897727988564334
                        ],
                        [
                            26.22711181640625,
                            -17.887926472009326
                        ],
                        [
                            26.216812133789062,
                            -17.88465917954279
                        ],
                        [
                            26.148147583007812,
                            -17.919942754390924
                        ],
                        [
                            26.115188598632812,
                            -17.921902747125646
                        ],
                        [
                            26.089096069335938,
                            -17.936928637549432
                        ],
                        [
                            26.092529296875,
                            -17.947380678685203
                        ],
                        [
                            26.10626220703125,
                            -17.949340367657033
                        ],
                        [
                            26.098709106445312,
                            -17.964363928277226
                        ],
                        [
                            26.091156005859375,
                            -17.980692436877902
                        ],
                        [
                            26.05133056640625,
                            -17.981345545819583
                        ],
                        [
                            26.04583740234375,
                            -17.972201800792046
                        ],
                        [
                            26.034851074218746,
                            -17.98003932552008
                        ],
                        [
                            26.004638671875,
                            -17.976120606637604
                        ],
                        [
                            25.987472534179688,
                            -17.98526414872573
                        ],
                        [
                            25.988845825195312,
                            -17.997672483883044
                        ],
                        [
                            25.969619750976562,
                            -18.002243755759373
                        ],
                        [
                            25.946273803710938,
                            -17.995713331090904
                        ],
                        [
                            25.91949462890625,
                            -17.994407217139745
                        ],
                        [
                            25.909194946289062,
                            -17.983957957423023
                        ],
                        [
                            25.885162353515625,
                            -17.980692436877902
                        ],
                        [
                            25.85906982421875,
                            -17.97546747836867
                        ],
                        [
                            25.86318969726562,
                            -17.96958921525693
                        ],
                        [
                            25.85906982421875,
                            -17.964363928277226
                        ],
                        [
                            25.861129760742188,
                            -17.953259680460388
                        ],
                        [
                            25.84808349609375,
                            -17.9415014815138
                        ],
                        [
                            25.859756469726562,
                            -17.932355675441997
                        ],
                        [
                            25.850830078125,
                            -17.929742501203958
                        ],
                        [
                            25.859756469726562,
                            -17.926475979176438
                        ],
                        [
                            25.853576660156246,
                            -17.922556073218654
                        ],
                        [
                            25.861129760742188,
                            -17.912755928878063
                        ],
                        [
                            25.849456787109375,
                            -17.90818234273346
                        ],
                        [
                            25.841903686523434,
                            -17.897727988564334
                        ],
                        [
                            25.82061767578125,
                            -17.895767728562447
                        ],
                        [
                            25.794525146484375,
                            -17.874856941431894
                        ],
                        [
                            25.778045654296875,
                            -17.85721155002015
                        ],
                        [
                            25.739593505859375,
                            -17.843486146117776
                        ],
                        [
                            25.7244873046875,
                            -17.83956440769896
                        ],
                        [
                            25.701828002929688,
                            -17.83694986742397
                        ],
                        [
                            25.69976806640625,
                            -17.81603216356073
                        ],
                        [
                            25.684661865234375,
                            -17.8068798961418
                        ],
                        [
                            25.663375854492188,
                            -17.814724725545616
                        ],
                        [
                            25.648269653320312,
                            -17.833681638093566
                        ],
                        [
                            25.615997314453125,
                            -17.838910776229625
                        ],
                        [
                            25.548019409179688,
                            -17.84087166343833
                        ],
                        [
                            25.52810668945312,
                            -17.86243999674623
                        ],
                        [
                            25.509567260742188,
                            -17.86374708440522
                        ],
                        [
                            25.479354858398434,
                            -17.851329363717838
                        ],
                        [
                            25.449142456054688,
                            -17.84544698292557
                        ],
                        [
                            25.429916381835938,
                            -17.8519829495791
                        ],
                        [
                            25.412063598632812,
                            -17.84871499626241
                        ],
                        [
                            25.38185119628906,
                            -17.851329363717838
                        ],
                        [
                            25.363311767578125,
                            -17.837603506092048
                        ],
                        [
                            25.3399658203125,
                            -17.838257142360636
                        ],
                        [
                            25.309753417968746,
                            -17.82387659028275
                        ],
                        [
                            25.292587280273438,
                            -17.803611115389216
                        ],
                        [
                            25.268829307056226,
                            -17.794868805896062
                        ],
                        [
                            25.26185989379903,
                            -17.818973864037993
                        ],
                        [
                            25.24400711059591,
                            -17.855577628893037
                        ],
                        [
                            25.2371406555178,
                            -17.88041160945121
                        ],
                        [
                            25.245380401611538,
                            -17.905242117910333
                        ],
                        [
                            25.23439407348653,
                            -17.915696029087556
                        ],
                        [
                            25.252246856689673,
                            -17.94836052588526
                        ],
                        [
                            25.26872634887716,
                            -17.954892701824956
                        ],
                        [
                            25.27559280395528,
                            -17.992774561101182
                        ],
                        [
                            25.281085968017784,
                            -18.024118915656857
                        ],
                        [
                            25.31816482543966,
                            -18.084179995416665
                        ],
                        [
                            25.363483428955277,
                            -18.101150056542284
                        ],
                        [
                            25.37034988403341,
                            -18.12203403029592
                        ],
                        [
                            25.395069122314645,
                            -18.128559761369594
                        ],
                        [
                            25.46098709106467,
                            -18.243372731129025
                        ],
                        [
                            25.509052276611534,
                            -18.34768240426337
                        ],
                        [
                            25.52553176879904,
                            -18.386782321218796
                        ],
                        [
                            25.579090118408413,
                            -18.446718299381562
                        ],
                        [
                            25.61067581176778,
                            -18.489702973601158
                        ],
                        [
                            25.645008087158416,
                            -18.505331092399
                        ],
                        [
                            25.690326690674034,
                            -18.582148573322865
                        ],
                        [
                            25.73564529418968,
                            -18.600371374249832
                        ],
                        [
                            25.769977569580288,
                            -18.61859222486751
                        ],
                        [
                            25.786457061767777,
                            -18.64071491914931
                        ],
                        [
                            25.80293655395529,
                            -18.687553463601507
                        ],
                        [
                            25.786457061767777,
                            -18.701862659833004
                        ],
                        [
                            25.800189971924052,
                            -18.77469070606268
                        ],
                        [
                            25.8194160461428,
                            -18.82409182995692
                        ],
                        [
                            25.82353591918967,
                            -18.84618763508472
                        ],
                        [
                            25.889453887939656,
                            -18.878676182424496
                        ],
                        [
                            25.932025909424034,
                            -18.908560083449995
                        ],
                        [
                            25.945758819580284,
                            -18.915055877550337
                        ],
                        [
                            25.984210968017784,
                            -18.972207976095707
                        ],
                        [
                            25.995197296142774,
                            -19.041024258980205
                        ],
                        [
                            25.97322463989278,
                            -19.061793386528944
                        ],
                        [
                            25.9581184387209,
                            -19.09294220010909
                        ],
                        [
                            25.97597122192402,
                            -19.143546519240672
                        ],
                        [
                            26.044635772705284,
                            -19.21747876855048
                        ],
                        [
                            26.044635772705284,
                            -19.242115470493236
                        ],
                        [
                            26.072101593017788,
                            -19.282304255596802
                        ],
                        [
                            26.125659942627173,
                            -19.43260048148351
                        ],
                        [
                            26.142139434814656,
                            -19.441665644565926
                        ],
                        [
                            26.169605255127163,
                            -19.55558444511206
                        ],
                        [
                            26.219043731689652,
                            -19.571112606555225
                        ],
                        [
                            26.246509552002173,
                            -19.58922690404442
                        ],
                        [
                            26.313800811767788,
                            -19.578876126335093
                        ],
                        [
                            26.354999542236534,
                            -19.62156879426344
                        ],
                        [
                            26.33302688598654,
                            -19.664250124147948
                        ],
                        [
                            26.353626251220902,
                            -19.677181618886703
                        ],
                        [
                            26.387958526611538,
                            -19.673302280018543
                        ],
                        [
                            26.423664093017805,
                            -19.741823426869203
                        ],
                        [
                            26.534900665283402,
                            -19.77671912954906
                        ],
                        [
                            26.55000686645528,
                            -19.790933707562022
                        ],
                        [
                            26.55961990356466,
                            -19.787057130274686
                        ],
                        [
                            26.589832305908395,
                            -19.82840241992252
                        ],
                        [
                            26.618671417236527,
                            -19.887817426306057
                        ],
                        [
                            26.639270782470913,
                            -19.878777448183634
                        ],
                        [
                            26.703815460205284,
                            -19.89556556834164
                        ],
                        [
                            26.729907989502177,
                            -19.942046453407297
                        ],
                        [
                            26.76973342895528,
                            -19.943337393989246
                        ],
                        [
                            26.92216873168966,
                            -19.994966356979933
                        ],
                        [
                            26.99357986450217,
                            -20.01690354396427
                        ],
                        [
                            27.010059356689656,
                            -20.013032497906238
                        ],
                        [
                            27.052631378174034,
                            -20.019484188405535
                        ],
                        [
                            27.081470489502166,
                            -20.033676975707582
                        ],
                        [
                            27.11168289184593,
                            -20.069798284743026
                        ],
                        [
                            27.151508331299034,
                            -20.08011713151852
                        ],
                        [
                            27.185840606689652,
                            -20.08269673708259
                        ],
                        [
                            27.218799591064656,
                            -20.095594127898647
                        ],
                        [
                            27.27510452270528,
                            -20.223220901430338
                        ],
                        [
                            27.294330596924034,
                            -20.27733401096518
                        ],
                        [
                            27.28334426879905,
                            -20.501315346753454
                        ],
                        [
                            27.365741729736545,
                            -20.470440739190508
                        ],
                        [
                            27.444019317627166,
                            -20.483305914365108
                        ],
                        [
                            27.475605010986534,
                            -20.475586938705437
                        ],
                        [
                            27.59096145629903,
                            -20.494883649487516
                        ],
                        [
                            27.621173858642795,
                            -20.485878819937135
                        ],
                        [
                            27.6870918273928,
                            -20.49102450158239
                        ],
                        [
                            27.726917266845913,
                            -20.524467221250045
                        ],
                        [
                            27.71867752075216,
                            -20.595187349322373
                        ],
                        [
                            27.703571319580288,
                            -20.606756614878673
                        ],
                        [
                            27.70906448364279,
                            -20.66972941930541
                        ],
                        [
                            27.732410430908416,
                            -20.715978524669627
                        ],
                        [
                            27.732410430908416,
                            -20.79816428987476
                        ],
                        [
                            27.720050811767802,
                            -20.805866913144797
                        ],
                        [
                            27.710437774658416,
                            -20.849507676250692
                        ],
                        [
                            27.69395828247091,
                            -20.873889650566465
                        ],
                        [
                            27.69121170043967,
                            -20.93931643130839
                        ],
                        [
                            27.70631790161155,
                            -20.96881328139074
                        ],
                        [
                            27.703571319580288,
                            -21.002150539916364
                        ],
                        [
                            27.702198028564677,
                            -21.045734181341327
                        ],
                        [
                            27.689838409424038,
                            -21.050860830555244
                        ],
                        [
                            27.69670486450215,
                            -21.10596115244034
                        ],
                        [
                            27.733783721924024,
                            -21.135425027677808
                        ],
                        [
                            27.77223587036153,
                            -21.17000558230385
                        ],
                        [
                            27.803821563720927,
                            -21.18793305959067
                        ],
                        [
                            27.864246368408427,
                            -21.263460665919546
                        ],
                        [
                            27.898578643799034,
                            -21.309526291377352
                        ],
                        [
                            27.917804718017788,
                            -21.341507813318824
                        ],
                        [
                            27.9287910461428,
                            -21.379876434011123
                        ],
                        [
                            27.95351028442403,
                            -21.410564090744515
                        ],
                        [
                            27.95351028442403,
                            -21.441245304008042
                        ],
                        [
                            27.974109649658416,
                            -21.456583492012484
                        ],
                        [
                            27.963123321533406,
                            -21.477031899056783
                        ],
                        [
                            27.98234939575216,
                            -21.492366320414526
                        ],
                        [
                            27.972736358642784,
                            -21.520475228912478
                        ],
                        [
                            27.99608230590841,
                            -21.519197669154753
                        ],
                        [
                            27.99745559692404,
                            -21.53835988583044
                        ],
                        [
                            28.01668167114279,
                            -21.57284550137092
                        ],
                        [
                            28.089466094970913,
                            -21.585615869997856
                        ],
                        [
                            28.158130645752156,
                            -21.600938825965457
                        ],
                        [
                            28.206195831299034,
                            -21.607322912176468
                        ],
                        [
                            28.28996658325216,
                            -21.595831354195457
                        ],
                        [
                            28.35863113403341,
                            -21.611153228676724
                        ],
                        [
                            28.414936065674038,
                            -21.632856439046567
                        ],
                        [
                            28.460254669189656,
                            -21.648174389699225
                        ],
                        [
                            28.491840362549052,
                            -21.66859579560837
                        ],
                        [
                            28.517932891845916,
                            -21.666043277952813
                        ],
                        [
                            28.5385322570803,
                            -21.64689795587357
                        ],
                        [
                            28.572864532470913,
                            -21.632856439046567
                        ],
                        [
                            28.59758377075217,
                            -21.64689795587357
                        ],
                        [
                            28.6511421203615,
                            -21.658385453952583
                        ],
                        [
                            28.673114776611502,
                            -21.682633835017285
                        ],
                        [
                            28.787097930908377,
                            -21.724739746086815
                        ],
                        [
                            28.804950714111502,
                            -21.738772311695023
                        ],
                        [
                            28.8269233703615,
                            -21.73622103802642
                        ],
                        [
                            28.86262893676775,
                            -21.75918087001011
                        ],
                        [
                            28.923053741455252,
                            -21.774485384980796
                        ],
                        [
                            28.972492218017752,
                            -21.780861784362862
                        ],
                        [
                            28.99446487426775,
                            -21.771934745851148
                        ],
                        [
                            29.008197784424002,
                            -21.792338588680597
                        ],
                        [
                            29.037036895752124,
                            -21.797439095614756
                        ],
                        [
                            29.0686225891115,
                            -21.810189568475742
                        ],
                        [
                            29.074115753174002,
                            -21.81528943974119
                        ],
                        [
                            29.05420303344744,
                            -21.843335482976272
                        ],
                        [
                            29.038410186767756,
                            -21.866278153521357
                        ],
                        [
                            29.021244049072436,
                            -21.913426507728975
                        ],
                        [
                            29.020557403564627,
                            -21.94017944554358
                        ],
                        [
                            29.028110504150565,
                            -21.98857673197685
                        ],
                        [
                            29.04184341430681,
                            -22.01595209951279
                        ],
                        [
                            29.064502716064624,
                            -22.040776348568304
                        ],
                        [
                            29.108448028564624,
                            -22.068141627969737
                        ],
                        [
                            29.151706695556815,
                            -22.08023157577585
                        ],
                        [
                            29.18329238891619,
                            -22.081504141673665
                        ],
                        [
                            29.21075820922869,
                            -22.0751411975329
                        ],
                        [
                            29.237537384033377,
                            -22.071323293481324
                        ],
                        [
                            29.248523712158374,
                            -22.06559624398697
                        ],
                        [
                            29.265003204345877,
                            -22.07705011087007
                        ],
                        [
                            29.280109405517756,
                            -22.11522295834485
                        ],
                        [
                            29.308948516845877,
                            -22.147661755655655
                        ],
                        [
                            29.325428009033374,
                            -22.15720115646971
                        ],
                        [
                            29.345340728759936,
                            -22.17945724294075
                        ],
                        [
                            29.362506866455252,
                            -22.195988054738894
                        ],
                        [
                            29.372806549072436,
                            -22.1978953309149
                        ],
                        [
                            29.4158935546875,
                            -22.177231792821342
                        ],
                        [
                            29.472198486328125,
                            -22.165786064257407
                        ],
                        [
                            29.529876708984375,
                            -22.179775161509696
                        ],
                        [
                            29.538116455078125,
                            -22.15688318686069
                        ],
                        [
                            29.579315185546875,
                            -22.141619800738763
                        ],
                        [
                            29.61639404296875,
                            -22.159426923610884
                        ],
                        [
                            29.647979736328125,
                            -22.12381042563998
                        ],
                        [
                            29.70428466796875,
                            -22.14034777719161
                        ],
                        [
                            29.78118896484375,
                            -22.149251700693384
                        ],
                        [
                            29.81964111328125,
                            -22.167057857886153
                        ],
                        [
                            29.855346679687557,
                            -22.179775161509696
                        ],
                        [
                            29.884185791015625,
                            -22.19121975096848
                        ],
                        [
                            29.91302490234375,
                            -22.19121975096848
                        ],
                        [
                            29.97344970703125,
                            -22.22554792331447
                        ],
                        [
                            30.010528564453125,
                            -22.228090416784486
                        ],
                        [
                            30.027008056640625,
                            -22.254783813781604
                        ],
                        [
                            30.05584716796875,
                            -22.257325776782604
                        ],
                        [
                            30.125885009765625,
                            -22.309425841200177
                        ],
                        [
                            30.180816650390625,
                            -22.30053208287367
                        ],
                        [
                            30.224761962890625,
                            -22.301802654450015
                        ],
                        [
                            30.271453857421875,
                            -22.343725030079085
                        ],
                        [
                            30.301666259765625,
                            -22.356426292761125
                        ],
                        [
                            30.35247802734375,
                            -22.350075806124853
                        ],
                        [
                            30.438995361328125,
                            -22.336103716894907
                        ],
                        [
                            30.480194091796932,
                            -22.314507734511825
                        ],
                        [
                            30.559844970703125,
                            -22.331022610018383
                        ],
                        [
                            30.5804443359375,
                            -22.32085984100592
                        ],
                        [
                            30.62164306640625,
                            -22.336103716894907
                        ],
                        [
                            30.6573486328125,
                            -22.314507734511825
                        ],
                        [
                            30.74249267578125,
                            -22.313237278525385
                        ],
                        [
                            30.834503173828125,
                            -22.292908410755047
                        ],
                        [
                            30.878448486328125,
                            -22.303073214469688
                        ],
                        [
                            30.915527343750057,
                            -22.294179051660386
                        ],
                        [
                            30.95672607421875,
                            -22.313237278525385
                        ],
                        [
                            30.988311767578125,
                            -22.328481987166477
                        ],
                        [
                            30.999298095703125,
                            -22.31958944283391
                        ],
                        [
                            31.089935302734375,
                            -22.348805674066394
                        ],
                        [
                            31.1407470703125,
                            -22.33356318659592
                        ],
                        [
                            31.169586181640625,
                            -22.332292904091716
                        ],
                        [
                            31.197052001953182,
                            -22.350075806124853
                        ],
                        [
                            31.216278076171875,
                            -22.37039634432004
                        ],
                        [
                            31.257476806640625,
                            -22.36785643918756
                        ],
                        [
                            31.284942626953125,
                            -22.39071391683855
                        ],
                        [
                            31.309370711790166,
                            -22.42214081377677
                        ],
                        [
                            31.312845916466568,
                            -22.418349913306848
                        ],
                        [
                            31.38084813724648,
                            -22.372148188559667
                        ],
                        [
                            31.506139499450896,
                            -22.259131608722214
                        ],
                        [
                            31.5152598763066,
                            -22.241428551639412
                        ],
                        [
                            32.41486266010554,
                            -21.31482456729806
                        ],
                        [
                            32.449269553672906,
                            -21.30927310108919
                        ],
                        [
                            32.47833251953125,
                            -21.322639558265294
                        ],
                        [
                            32.46972702566103,
                            -21.294229346432985
                        ],
                        [
                            32.43760824987157,
                            -21.269802383088958
                        ],
                        [
                            32.423603618754605,
                            -21.23290062943458
                        ],
                        [
                            32.391319214354425,
                            -21.189981262289322
                        ],
                        [
                            32.41439081997916,
                            -21.172895776381
                        ],
                        [
                            32.35899940475946,
                            -21.142723388794955
                        ],
                        [
                            32.448045499010775,
                            -21.041326249671023
                        ],
                        [
                            32.5221285956778,
                            -20.911991923494945
                        ],
                        [
                            32.513918478652926,
                            -20.851190042125893
                        ],
                        [
                            32.49608929175287,
                            -20.81235863904727
                        ],
                        [
                            32.497838411913385,
                            -20.719714275935445
                        ],
                        [
                            32.48423608356704,
                            -20.671347329047002
                        ],
                        [
                            32.49069817143902,
                            -20.61764008679527
                        ],
                        [
                            32.55143954713239,
                            -20.57027545020229
                        ],
                        [
                            32.58653006982462,
                            -20.558933947778478
                        ],
                        [
                            32.666939196032416,
                            -20.556222631838224
                        ],
                        [
                            32.75007223927102,
                            -20.432184299119267
                        ],
                        [
                            32.80114171625792,
                            -20.373240036499517
                        ],
                        [
                            32.80384062714707,
                            -20.34484487804579
                        ],
                        [
                            32.86114002339062,
                            -20.286750430777477
                        ],
                        [
                            32.86342110845189,
                            -20.24394305237258
                        ],
                        [
                            32.84003282469554,
                            -20.225039564971752
                        ],
                        [
                            32.84650572076737,
                            -20.20213319271519
                        ],
                        [
                            32.875715123069995,
                            -20.191703327355203
                        ],
                        [
                            32.85736083984375,
                            -20.148784632164155
                        ],
                        [
                            32.86837676943989,
                            -20.111346274068836
                        ],
                        [
                            32.88708654290167,
                            -20.107628557120748
                        ],
                        [
                            32.89892986128406,
                            -20.119122052679963
                        ],
                        [
                            32.91788298438789,
                            -20.11859861293905
                        ],
                        [
                            32.91946575585493,
                            -20.044000718087382
                        ],
                        [
                            32.95385623540082,
                            -20.035864826820664
                        ],
                        [
                            32.96229592771738,
                            -20.0417559054713
                        ],
                        [
                            32.99766080462365,
                            -20.028156821110386
                        ],
                        [
                            33.024924676821314,
                            -20.00031575836646
                        ],
                        [
                            33.02374933013312,
                            -19.962785473125976
                        ],
                        [
                            33.02993040242394,
                            -19.94051168664652
                        ],
                        [
                            33.02593999614763,
                            -19.925371829146407
                        ],
                        [
                            33.02933487114984,
                            -19.877722287386277
                        ],
                        [
                            33.044656386814616,
                            -19.85863982494652
                        ],
                        [
                            33.05254804304106,
                            -19.82048944738758
                        ],
                        [
                            33.03989213660802,
                            -19.771630030256873
                        ],
                        [
                            33.025003883184695,
                            -19.750392883507555
                        ],
                        [
                            33.0065607274006,
                            -19.75090249969127
                        ],
                        [
                            32.96611951347177,
                            -19.73117841054896
                        ],
                        [
                            32.95917905471333,
                            -19.72050597362584
                        ],
                        [
                            32.97834165826727,
                            -19.684027011530738
                        ],
                        [
                            32.96124425774454,
                            -19.657923963191628
                        ],
                        [
                            32.911367751826226,
                            -19.681362727309374
                        ],
                        [
                            32.84940457788015,
                            -19.686056186591827
                        ],
                        [
                            32.83141432033355,
                            -19.669333760193677
                        ],
                        [
                            32.844584585193324,
                            -19.648140623297984
                        ],
                        [
                            32.85704386958365,
                            -19.61958414940068
                        ],
                        [
                            32.84712439522977,
                            -19.609347089398334
                        ],
                        [
                            32.857857606823075,
                            -19.546686307211395
                        ],
                        [
                            32.84875186970863,
                            -19.541942859132806
                        ],
                        [
                            32.83978314161631,
                            -19.5123669783143
                        ],
                        [
                            32.84815196289915,
                            -19.486058781114007
                        ],
                        [
                            32.83919131052397,
                            -19.47635444419592
                        ],
                        [
                            32.81245614634528,
                            -19.47804494116604
                        ],
                        [
                            32.785292095458566,
                            -19.47338255068678
                        ],
                        [
                            32.77468929271804,
                            -19.458024980416077
                        ],
                        [
                            32.77978996470435,
                            -19.44607965643649
                        ],
                        [
                            32.77932660159479,
                            -19.410793140251446
                        ],
                        [
                            32.785983576223146,
                            -19.389347388029446
                        ],
                        [
                            32.77473696385886,
                            -19.37074986155782
                        ],
                        [
                            32.77770996093749,
                            -19.358859611085013
                        ],
                        [
                            32.818071836535836,
                            -19.332489636621737
                        ],
                        [
                            32.82359566899966,
                            -19.31819631590576
                        ],
                        [
                            32.84886294337022,
                            -19.292294921421608
                        ],
                        [
                            32.84995321557851,
                            -19.271074134814853
                        ],
                        [
                            32.84357819282903,
                            -19.249519442502553
                        ],
                        [
                            32.8713540342402,
                            -19.14331160777059
                        ],
                        [
                            32.8686053183485,
                            -19.092718641287178
                        ],
                        [
                            32.849829940361616,
                            -19.06336655194493
                        ],
                        [
                            32.84562966205408,
                            -19.030988402357437
                        ],
                        [
                            32.829408320244625,
                            -19.01730828876313
                        ],
                        [
                            32.77538233980742,
                            -19.01613196431015
                        ],
                        [
                            32.76027613863508,
                            -19.031297094816466
                        ],
                        [
                            32.72668444518974,
                            -19.029658993203924
                        ],
                        [
                            32.70998067181526,
                            -19.012266918143805
                        ],
                        [
                            32.71037003124178,
                            -18.979021397927177
                        ],
                        [
                            32.7008056640625,
                            -18.94006232819141
                        ],
                        [
                            32.73092072654964,
                            -18.930771352448968
                        ],
                        [
                            32.72190652931994,
                            -18.878184300901015
                        ],
                        [
                            32.7008056640625,
                            -18.83871437925802
                        ],
                        [
                            32.82730924802132,
                            -18.77536635256838
                        ],
                        [
                            32.87570985656126,
                            -18.801432573376964
                        ],
                        [
                            32.90811340447789,
                            -18.78711377103466
                        ],
                        [
                            32.92599578915218,
                            -18.767897473407235
                        ],
                        [
                            32.95294104098602,
                            -18.689378012258093
                        ],
                        [
                            32.915496092171935,
                            -18.638827324542895
                        ],
                        [
                            32.896892125865634,
                            -18.591982962227004
                        ],
                        [
                            32.88812341213884,
                            -18.576454798402214
                        ],
                        [
                            32.89587859280721,
                            -18.559116958222027
                        ],
                        [
                            32.883370830018634,
                            -18.515492716431623
                        ],
                        [
                            32.9052445800881,
                            -18.502504033986128
                        ],
                        [
                            32.925068711024736,
                            -18.503426246291355
                        ],
                        [
                            32.94844774432205,
                            -18.49423491315386
                        ],
                        [
                            32.96340053534059,
                            -18.48039371974686
                        ],
                        [
                            32.98477435171044,
                            -18.486425323386662
                        ],
                        [
                            33.01259139453768,
                            -18.474888765129062
                        ],
                        [
                            33.020555272494505,
                            -18.456743263203407
                        ],
                        [
                            33.01643248242511,
                            -18.42645890142918
                        ],
                        [
                            33.023117492202246,
                            -18.38882249303927
                        ],
                        [
                            33.028666726562136,
                            -18.40057110258467
                        ],
                        [
                            33.05114088283358,
                            -18.362683303306003
                        ],
                        [
                            33.034555583489706,
                            -18.329261962625417
                        ],
                        [
                            33.01157145989728,
                            -18.313725092097968
                        ],
                        [
                            33.000441255846795,
                            -18.289402170748826
                        ],
                        [
                            32.99884154978572,
                            -18.263387377285092
                        ],
                        [
                            33.00755106056872,
                            -18.229609507292366
                        ],
                        [
                            32.995108902306654,
                            -18.197167263763212
                        ],
                        [
                            32.995108902307464,
                            -18.16740594950884
                        ],
                        [
                            32.97594532758842,
                            -18.144340876920086
                        ],
                        [
                            32.97100136231052,
                            -18.094249494519346
                        ],
                        [
                            32.96040245128546,
                            -18.0866415278036
                        ],
                        [
                            32.94702541442967,
                            -18.053183089442236
                        ],
                        [
                            32.957242325264176,
                            -18.053182024598392
                        ],
                        [
                            32.94923692805068,
                            -18.029526589657745
                        ],
                        [
                            32.93607005551161,
                            -18.033592087575798
                        ],
                        [
                            32.93888650978869,
                            -18.014688093231594
                        ],
                        [
                            32.95617592270058,
                            -18.00052926484647
                        ],
                        [
                            32.93827180224148,
                            -17.986033057737373
                        ],
                        [
                            32.95009925295854,
                            -17.961774879289298
                        ],
                        [
                            32.967355330144045,
                            -17.96195052773255
                        ],
                        [
                            32.98095703125,
                            -17.916022703877665
                        ],
                        [
                            32.95403924702681,
                            -17.914177576760324
                        ],
                        [
                            32.95129479885602,
                            -17.882564916183423
                        ],
                        [
                            32.968648215899286,
                            -17.839072316547337
                        ],
                        [
                            32.96005084570839,
                            -17.81521111801054
                        ],
                        [
                            32.97485022657303,
                            -17.79794979870108
                        ],
                        [
                            33.01666259765625,
                            -17.806596832773515
                        ],
                        [
                            33.01226896052141,
                            -17.7866492437003
                        ],
                        [
                            33.02209493282598,
                            -17.78362609438254
                        ],
                        [
                            33.01828452185925,
                            -17.765393316030448
                        ],
                        [
                            33.03057115314108,
                            -17.75533249074007
                        ],
                        [
                            33.007508724076246,
                            -17.745368081349483
                        ],
                        [
                            33.010441518524146,
                            -17.721378292043912
                        ],
                        [
                            33.02830490288605,
                            -17.723123165465914
                        ],
                        [
                            33.016307107419834,
                            -17.70996865501202
                        ],
                        [
                            33.021153828604845,
                            -17.667232682363334
                        ],
                        [
                            33.03050924880061,
                            -17.6602596271099
                        ],
                        [
                            33.03133290333274,
                            -17.6498991869508
                        ],
                        [
                            33.04671418947859,
                            -17.636912594620732
                        ],
                        [
                            33.0455175766514,
                            -17.608736453117658
                        ],
                        [
                            33.05214174901512,
                            -17.6042778683226
                        ],
                        [
                            33.04276886075888,
                            -17.598803300818084
                        ],
                        [
                            33.04263871863929,
                            -17.588584794634954
                        ],
                        [
                            33.00888834853076,
                            -17.5681614232712
                        ],
                        [
                            32.982958763616494,
                            -17.559939940958696
                        ],
                        [
                            32.96305557811854,
                            -17.48845301751486
                        ],
                        [
                            32.99033468662109,
                            -17.454492806121642
                        ],
                        [
                            32.99912830284889,
                            -17.453086401984244
                        ],
                        [
                            32.99867917293844,
                            -17.44252421417962
                        ],
                        [
                            33.009605730583054,
                            -17.427892296828837
                        ],
                        [
                            33.006387250002334,
                            -17.397853995545915
                        ],
                        [
                            33.04260911716639,
                            -17.350670706581877
                        ],
                        [
                            32.99155399994669,
                            -17.308594940268197
                        ],
                        [
                            32.99235015279445,
                            -17.23470175820693
                        ],
                        [
                            32.98319257903127,
                            -17.21784552153101
                        ],
                        [
                            32.99402763086343,
                            -17.19432365652002
                        ],
                        [
                            32.933223999761594,
                            -17.058998214664534
                        ],
                        [
                            32.915009461027154,
                            -17.02830353381539
                        ],
                        [
                            32.83467720312257,
                            -16.921708904694373
                        ],
                        [
                            32.919660435569995,
                            -16.890668334437656
                        ],
                        [
                            32.96772775497642,
                            -16.757842012082875
                        ],
                        [
                            32.97633565818174,
                            -16.707045842318742
                        ],
                        [
                            32.92379510935156,
                            -16.695298734404126
                        ],
                        [
                            32.890592775334106,
                            -16.719728339440415
                        ],
                        [
                            32.83606102715217,
                            -16.699214567000574
                        ],
                        [
                            32.79668841779176,
                            -16.707897668959983
                        ],
                        [
                            32.75447188654333,
                            -16.70500418824966
                        ],
                        [
                            32.69421216009883,
                            -16.678447155677052
                        ],
                        [
                            32.705135017559115,
                            -16.610153759764593
                        ],
                        [
                            32.63527118662409,
                            -16.578503887836177
                        ],
                        [
                            32.62207111172307,
                            -16.56650241260479
                        ],
                        [
                            32.591096525018315,
                            -16.552456539966954
                        ],
                        [
                            32.56540735568906,
                            -16.546854015907766
                        ],
                        [
                            32.41714792815537,
                            -16.48150965775541
                        ],
                        [
                            32.322192036930346,
                            -16.456476943879014
                        ],
                        [
                            32.28125999228118,
                            -16.439247202411494
                        ],
                        [
                            32.03700460349418,
                            -16.44339951698188
                        ],
                        [
                            31.913958582039474,
                            -16.41153833574352
                        ],
                        [
                            31.8988037109375,
                            -16.337599017344345
                        ],
                        [
                            31.819152832031254,
                            -16.293778550184314
                        ],
                        [
                            31.7889404296875,
                            -16.241046112641833
                        ],
                        [
                            31.670837402343754,
                            -16.190937197772538
                        ],
                        [
                            31.42681476185936,
                            -16.158572402261836
                        ],
                        [
                            31.430484928092483,
                            -16.139165630686037
                        ],
                        [
                            31.404578224408795,
                            -16.13954457389803
                        ],
                        [
                            31.400299072265625,
                            -16.112906091184897
                        ],
                        [
                            31.36322021484375,
                            -16.088042220148807
                        ],
                        [
                            31.33741880624637,
                            -16.067408934252676
                        ],
                        [
                            31.34541953469862,
                            -16.049820801753473
                        ],
                        [
                            31.32489971001531,
                            -16.03984660086317
                        ],
                        [
                            31.31811200350657,
                            -16.02073556577215
                        ],
                        [
                            31.27890882322135,
                            -16.01058834411814
                        ],
                        [
                            31.239705642936134,
                            -16.006533081632444
                        ],
                        [
                            31.186650885152297,
                            -16.00552999338383
                        ],
                        [
                            31.18036330555772,
                            -15.99184713907949
                        ],
                        [
                            31.138211276449255,
                            -15.984789586877149
                        ],
                        [
                            31.040708802309894,
                            -16.016369993630935
                        ],
                        [
                            31.004474285532577,
                            -16.060229339068773
                        ],
                        [
                            30.96330319055427,
                            -16.049516102605025
                        ],
                        [
                            30.944314748012317,
                            -16.0154543789265
                        ],
                        [
                            30.91690103075649,
                            -15.998092756899197
                        ],
                        [
                            30.42441731854686,
                            -16.00022450191029
                        ],
                        [
                            30.425415515107915,
                            -15.622315677598117
                        ],
                        [
                            30.41704542881527,
                            -15.620984827421498
                        ],
                        [
                            30.417709350585938,
                            -15.623367469738145
                        ],
                        [
                            30.37445068359375,
                            -15.647172018003385
                        ],
                        [
                            30.350418090820312,
                            -15.655436838507416
                        ],
                        [
                            30.31059265136719,
                            -15.645519013825156
                        ],
                        [
                            30.28106689453125,
                            -15.647502617236178
                        ],
                        [
                            30.260467529296875,
                            -15.627665717908313
                        ],
                        [
                            30.213088989257816,
                            -15.669320984759295
                        ],
                        [
                            30.185623168945316,
                            -15.65014739186257
                        ],
                        [
                            30.17257690429687,
                            -15.6210529910646
                        ],
                        [
                            30.137557983398434,
                            -15.61973042008542
                        ],
                        [
                            30.073013305664062,
                            -15.628988237662076
                        ],
                        [
                            29.989929199218746,
                            -15.641551749306604
                        ],
                        [
                            29.96315002441406,
                            -15.642874179359655
                        ],
                        [
                            29.92950439453125,
                            -15.623698107414455
                        ],
                        [
                            29.896545410156246,
                            -15.622375553507819
                        ],
                        [
                            29.81964111328125,
                            -15.609810865724066
                        ]
                    ]
                ]
            },
            "properties": {}
        }
    ]
}